[2025-11-17 17:28:55,275][_client.py][line:1025][INFO] HTTP Request: HEAD https://huggingface.co/bert-base-multilingual-cased/resolve/main/tokenizer_config.json "HTTP/1.1 200 OK"
[2025-11-17 17:28:55,472][_client.py][line:1025][INFO] HTTP Request: GET https://huggingface.co/api/models/bert-base-multilingual-cased/tree/main/additional_chat_templates?recursive=false&expand=false "HTTP/1.1 307 Temporary Redirect"
[2025-11-17 17:28:55,667][_client.py][line:1025][INFO] HTTP Request: GET https://huggingface.co/api/models/google-bert/bert-base-multilingual-cased/tree/main/additional_chat_templates?recursive=false&expand=false "HTTP/1.1 404 Not Found"
[2025-11-17 17:28:56,611][run_task2&3_trainer_multilingual.py][line:967][INFO] initial optimizer......
[2025-11-17 17:28:56,611][run_task2&3_trainer_multilingual.py][line:985][INFO] New model and optimizer from epoch 1
[2025-11-17 17:28:56,611][run_task2&3_trainer_multilingual.py][line:994][INFO] begin training......
[2025-11-17 17:28:57,925][run_task2&3_trainer_multilingual.py][line:1124][INFO] Epoch:[1/1]	 Batch:[10/4840.0]	 Loss Sum:96.9471	forward Loss:18.1956;16.5278	 backward Loss:17.9422;20.0743	 Sentiment Loss:3.9518	Valence Loss:54.0649	 Arousal Loss:47.212	
[2025-11-17 17:28:59,052][run_task2&3_trainer_multilingual.py][line:1124][INFO] Epoch:[1/1]	 Batch:[20/4840.0]	 Loss Sum:47.0307	forward Loss:6.14;6.567	 backward Loss:6.1607;6.8958	 Sentiment Loss:3.9825	Valence Loss:47.1273	 Arousal Loss:39.2962	
[2025-11-17 17:29:00,181][run_task2&3_trainer_multilingual.py][line:1124][INFO] Epoch:[1/1]	 Batch:[30/4840.0]	 Loss Sum:66.4945	forward Loss:11.6358;13.1905	 backward Loss:13.0741;15.0319	 Sentiment Loss:3.7487	Valence Loss:22.9201	 Arousal Loss:26.1469	
[2025-11-17 17:29:01,309][run_task2&3_trainer_multilingual.py][line:1124][INFO] Epoch:[1/1]	 Batch:[40/4840.0]	 Loss Sum:73.1218	forward Loss:15.514;12.3803	 backward Loss:15.8045;13.4505	 Sentiment Loss:3.4669	Valence Loss:21.8111	 Arousal Loss:40.7169	
[2025-11-17 17:29:02,438][run_task2&3_trainer_multilingual.py][line:1124][INFO] Epoch:[1/1]	 Batch:[50/4840.0]	 Loss Sum:46.872	forward Loss:6.2524;7.8578	 backward Loss:6.2727;6.7445	 Sentiment Loss:3.5173	Valence Loss:40.8336	 Arousal Loss:40.3033	
[2025-11-17 17:29:03,565][run_task2&3_trainer_multilingual.py][line:1124][INFO] Epoch:[1/1]	 Batch:[60/4840.0]	 Loss Sum:54.2548	forward Loss:10.0135;10.958	 backward Loss:10.2347;10.5069	 Sentiment Loss:4.0976	Valence Loss:14.6064	 Arousal Loss:27.6146	
[2025-11-17 17:29:04,695][run_task2&3_trainer_multilingual.py][line:1124][INFO] Epoch:[1/1]	 Batch:[70/4840.0]	 Loss Sum:49.0181	forward Loss:8.062;10.1504	 backward Loss:7.6484;8.2047	 Sentiment Loss:2.429	Valence Loss:35.6214	 Arousal Loss:26.9965	
[2025-11-17 17:29:05,823][run_task2&3_trainer_multilingual.py][line:1124][INFO] Epoch:[1/1]	 Batch:[80/4840.0]	 Loss Sum:62.4461	forward Loss:12.0397;11.5136	 backward Loss:16.6904;13.0994	 Sentiment Loss:3.5548	Valence Loss:10.5723	 Arousal Loss:17.1688	
[2025-11-17 17:29:06,953][run_task2&3_trainer_multilingual.py][line:1124][INFO] Epoch:[1/1]	 Batch:[90/4840.0]	 Loss Sum:36.7759	forward Loss:5.5479;7.7783	 backward Loss:6.8338;7.4626	 Sentiment Loss:3.9346	Valence Loss:13.5704	 Arousal Loss:12.523	
[2025-11-17 17:29:08,083][run_task2&3_trainer_multilingual.py][line:1124][INFO] Epoch:[1/1]	 Batch:[100/4840.0]	 Loss Sum:30.2303	forward Loss:6.215;8.0104	 backward Loss:5.483;6.8847	 Sentiment Loss:2.8368	Valence Loss:2.6027	 Arousal Loss:1.3993	
[2025-11-17 17:29:09,214][run_task2&3_trainer_multilingual.py][line:1124][INFO] Epoch:[1/1]	 Batch:[110/4840.0]	 Loss Sum:45.1401	forward Loss:7.9497;11.0594	 backward Loss:9.9269;10.7831	 Sentiment Loss:4.297	Valence Loss:4.0884	 Arousal Loss:1.5317	
[2025-11-17 17:29:10,358][run_task2&3_trainer_multilingual.py][line:1124][INFO] Epoch:[1/1]	 Batch:[120/4840.0]	 Loss Sum:24.0429	forward Loss:4.562;6.2132	 backward Loss:6.0633;5.8905	 Sentiment Loss:0.4849	Valence Loss:3.779	 Arousal Loss:0.3657	
[2025-11-17 17:29:11,493][run_task2&3_trainer_multilingual.py][line:1124][INFO] Epoch:[1/1]	 Batch:[130/4840.0]	 Loss Sum:28.313	forward Loss:5.9038;7.2637	 backward Loss:5.7277;7.1045	 Sentiment Loss:2.1579	Valence Loss:0.3578	 Arousal Loss:0.4198	
[2025-11-17 17:29:12,621][run_task2&3_trainer_multilingual.py][line:1124][INFO] Epoch:[1/1]	 Batch:[140/4840.0]	 Loss Sum:47.8115	forward Loss:9.3513;11.8027	 backward Loss:14.6705;10.4301	 Sentiment Loss:0.4709	Valence Loss:4.3229	 Arousal Loss:1.1076	
[2025-11-17 17:29:13,749][run_task2&3_trainer_multilingual.py][line:1124][INFO] Epoch:[1/1]	 Batch:[150/4840.0]	 Loss Sum:21.4106	forward Loss:5.1141;4.8032	 backward Loss:5.0014;5.5556	 Sentiment Loss:0.209	Valence Loss:1.774	 Arousal Loss:1.8625	
[2025-11-17 17:29:14,880][run_task2&3_trainer_multilingual.py][line:1124][INFO] Epoch:[1/1]	 Batch:[160/4840.0]	 Loss Sum:24.927	forward Loss:4.6523;6.9504	 backward Loss:7.4693;5.2424	 Sentiment Loss:0.2187	Valence Loss:1.4474	 Arousal Loss:0.5221	
[2025-11-17 17:29:16,009][run_task2&3_trainer_multilingual.py][line:1124][INFO] Epoch:[1/1]	 Batch:[170/4840.0]	 Loss Sum:25.7294	forward Loss:7.3034;6.1764	 backward Loss:4.9931;6.9171	 Sentiment Loss:0.2848	Valence Loss:0.0509	 Arousal Loss:0.222	
[2025-11-17 17:29:17,140][run_task2&3_trainer_multilingual.py][line:1124][INFO] Epoch:[1/1]	 Batch:[180/4840.0]	 Loss Sum:34.3423	forward Loss:6.9257;9.8603	 backward Loss:7.1586;8.934	 Sentiment Loss:0.2638	Valence Loss:2.5087	 Arousal Loss:3.4908	
[2025-11-17 17:29:18,268][run_task2&3_trainer_multilingual.py][line:1124][INFO] Epoch:[1/1]	 Batch:[190/4840.0]	 Loss Sum:42.2013	forward Loss:12.0719;8.8853	 backward Loss:11.3355;9.5188	 Sentiment Loss:0.2954	Valence Loss:0.3306	 Arousal Loss:0.1423	
[2025-11-17 17:29:19,398][run_task2&3_trainer_multilingual.py][line:1124][INFO] Epoch:[1/1]	 Batch:[200/4840.0]	 Loss Sum:13.8178	forward Loss:1.9837;4.2831	 backward Loss:4.4116;2.2145	 Sentiment Loss:0.6932	Valence Loss:0.1838	 Arousal Loss:0.9749	
[2025-11-17 17:29:20,527][run_task2&3_trainer_multilingual.py][line:1124][INFO] Epoch:[1/1]	 Batch:[210/4840.0]	 Loss Sum:30.0903	forward Loss:4.0949;6.623	 backward Loss:13.5073;4.8104	 Sentiment Loss:0.8056	Valence Loss:0.1816	 Arousal Loss:1.0635	
[2025-11-17 17:29:21,658][run_task2&3_trainer_multilingual.py][line:1124][INFO] Epoch:[1/1]	 Batch:[220/4840.0]	 Loss Sum:17.6315	forward Loss:5.3417;2.1368	 backward Loss:2.3857;6.0296	 Sentiment Loss:1.6731	Valence Loss:0.2284	 Arousal Loss:0.0952	
[2025-11-17 17:29:22,787][run_task2&3_trainer_multilingual.py][line:1124][INFO] Epoch:[1/1]	 Batch:[230/4840.0]	 Loss Sum:5.2354	forward Loss:1.0244;1.1703	 backward Loss:0.8338;1.1592	 Sentiment Loss:0.4278	Valence Loss:2.9567	 Arousal Loss:0.1427	
[2025-11-17 17:29:23,919][run_task2&3_trainer_multilingual.py][line:1124][INFO] Epoch:[1/1]	 Batch:[240/4840.0]	 Loss Sum:19.1982	forward Loss:3.7526;4.4768	 backward Loss:7.1499;3.112	 Sentiment Loss:0.2238	Valence Loss:0.9291	 Arousal Loss:1.4862	
[2025-11-17 17:29:25,053][run_task2&3_trainer_multilingual.py][line:1124][INFO] Epoch:[1/1]	 Batch:[250/4840.0]	 Loss Sum:14.863	forward Loss:5.8341;1.8627	 backward Loss:1.4853;5.1899	 Sentiment Loss:0.1988	Valence Loss:1.1279	 Arousal Loss:0.3331	
[2025-11-17 17:29:26,186][run_task2&3_trainer_multilingual.py][line:1124][INFO] Epoch:[1/1]	 Batch:[260/4840.0]	 Loss Sum:6.3686	forward Loss:1.8372;1.317	 backward Loss:1.1474;1.6911	 Sentiment Loss:0.2571	Valence Loss:0.5715	 Arousal Loss:0.0225	
[2025-11-17 17:29:27,316][run_task2&3_trainer_multilingual.py][line:1124][INFO] Epoch:[1/1]	 Batch:[270/4840.0]	 Loss Sum:23.0452	forward Loss:4.0881;5.2855	 backward Loss:7.2172;4.8277	 Sentiment Loss:0.4262	Valence Loss:4.4761	 Arousal Loss:1.5263	
[2025-11-17 17:29:28,446][run_task2&3_trainer_multilingual.py][line:1124][INFO] Epoch:[1/1]	 Batch:[280/4840.0]	 Loss Sum:16.9297	forward Loss:4.3453;2.0789	 backward Loss:2.2416;5.0901	 Sentiment Loss:2.4309	Valence Loss:3.5064	 Arousal Loss:0.2088	
[2025-11-17 17:29:29,578][run_task2&3_trainer_multilingual.py][line:1124][INFO] Epoch:[1/1]	 Batch:[290/4840.0]	 Loss Sum:10.6137	forward Loss:3.4709;1.2345	 backward Loss:1.3108;3.7338	 Sentiment Loss:0.5274	Valence Loss:1.5313	 Arousal Loss:0.1499	
[2025-11-17 17:29:30,709][run_task2&3_trainer_multilingual.py][line:1124][INFO] Epoch:[1/1]	 Batch:[300/4840.0]	 Loss Sum:7.6392	forward Loss:3.1706;0.5432	 backward Loss:0.5963;2.7979	 Sentiment Loss:0.4698	Valence Loss:0.1478	 Arousal Loss:0.1584	
[2025-11-17 17:29:31,841][run_task2&3_trainer_multilingual.py][line:1124][INFO] Epoch:[1/1]	 Batch:[310/4840.0]	 Loss Sum:6.7609	forward Loss:1.3497;0.859	 backward Loss:1.7068;1.0325	 Sentiment Loss:0.4098	Valence Loss:2.9456	 Arousal Loss:4.0697	
[2025-11-17 17:29:32,973][run_task2&3_trainer_multilingual.py][line:1124][INFO] Epoch:[1/1]	 Batch:[320/4840.0]	 Loss Sum:7.0642	forward Loss:1.8591;2.0965	 backward Loss:1.1797;1.5894	 Sentiment Loss:0.2514	Valence Loss:0.1172	 Arousal Loss:0.3232	
[2025-11-17 17:29:34,103][run_task2&3_trainer_multilingual.py][line:1124][INFO] Epoch:[1/1]	 Batch:[330/4840.0]	 Loss Sum:8.1164	forward Loss:1.6676;1.8513	 backward Loss:2.3509;1.0237	 Sentiment Loss:0.1845	Valence Loss:3.0816	 Arousal Loss:2.1105	
[2025-11-17 17:29:35,234][run_task2&3_trainer_multilingual.py][line:1124][INFO] Epoch:[1/1]	 Batch:[340/4840.0]	 Loss Sum:8.2735	forward Loss:0.4956;0.8361	 backward Loss:0.6361;0.5276	 Sentiment Loss:5.5787	Valence Loss:0.5048	 Arousal Loss:0.4928	
[2025-11-17 17:29:36,366][run_task2&3_trainer_multilingual.py][line:1124][INFO] Epoch:[1/1]	 Batch:[350/4840.0]	 Loss Sum:7.8576	forward Loss:2.1341;0.4381	 backward Loss:0.8365;2.8921	 Sentiment Loss:0.9798	Valence Loss:1.2842	 Arousal Loss:1.6011	
[2025-11-17 17:29:37,496][run_task2&3_trainer_multilingual.py][line:1124][INFO] Epoch:[1/1]	 Batch:[360/4840.0]	 Loss Sum:13.5357	forward Loss:3.8882;0.6648	 backward Loss:0.9731;3.9636	 Sentiment Loss:3.3487	Valence Loss:1.8146	 Arousal Loss:1.6723	
[2025-11-17 17:29:38,628][run_task2&3_trainer_multilingual.py][line:1124][INFO] Epoch:[1/1]	 Batch:[370/4840.0]	 Loss Sum:19.0946	forward Loss:4.0684;6.6504	 backward Loss:5.287;1.5945	 Sentiment Loss:0.5192	Valence Loss:1.9974	 Arousal Loss:2.8784	
[2025-11-17 17:29:39,759][run_task2&3_trainer_multilingual.py][line:1124][INFO] Epoch:[1/1]	 Batch:[380/4840.0]	 Loss Sum:12.951	forward Loss:2.1252;3.0958	 backward Loss:2.7683;4.451	 Sentiment Loss:0.3615	Valence Loss:0.3408	 Arousal Loss:0.405	
[2025-11-17 17:29:40,888][run_task2&3_trainer_multilingual.py][line:1124][INFO] Epoch:[1/1]	 Batch:[390/4840.0]	 Loss Sum:40.1237	forward Loss:12.438;1.7853	 backward Loss:1.5751;17.6428	 Sentiment Loss:6.0859	Valence Loss:1.6172	 Arousal Loss:1.3661	
[2025-11-17 17:29:42,019][run_task2&3_trainer_multilingual.py][line:1124][INFO] Epoch:[1/1]	 Batch:[400/4840.0]	 Loss Sum:18.6454	forward Loss:1.126;5.637	 backward Loss:6.9288;1.5063	 Sentiment Loss:3.3901	Valence Loss:0.1578	 Arousal Loss:0.128	
[2025-11-17 17:29:43,155][run_task2&3_trainer_multilingual.py][line:1124][INFO] Epoch:[1/1]	 Batch:[410/4840.0]	 Loss Sum:21.9658	forward Loss:5.8247;6.0674	 backward Loss:4.9516;4.3631	 Sentiment Loss:0.3948	Valence Loss:1.7045	 Arousal Loss:0.1158	
[2025-11-17 17:29:44,287][run_task2&3_trainer_multilingual.py][line:1124][INFO] Epoch:[1/1]	 Batch:[420/4840.0]	 Loss Sum:10.5411	forward Loss:1.4213;3.8686	 backward Loss:2.2196;2.5667	 Sentiment Loss:0.2341	Valence Loss:0.1681	 Arousal Loss:0.9857	
[2025-11-17 17:29:45,417][run_task2&3_trainer_multilingual.py][line:1124][INFO] Epoch:[1/1]	 Batch:[430/4840.0]	 Loss Sum:13.6241	forward Loss:3.6951;0.4905	 backward Loss:0.7034;4.5237	 Sentiment Loss:3.4297	Valence Loss:1.7991	 Arousal Loss:2.1095	
[2025-11-17 17:29:46,548][run_task2&3_trainer_multilingual.py][line:1124][INFO] Epoch:[1/1]	 Batch:[440/4840.0]	 Loss Sum:36.6914	forward Loss:9.0994;6.6205	 backward Loss:6.3686;9.1998	 Sentiment Loss:5.1893	Valence Loss:0.1251	 Arousal Loss:0.944	
[2025-11-17 17:29:47,678][run_task2&3_trainer_multilingual.py][line:1124][INFO] Epoch:[1/1]	 Batch:[450/4840.0]	 Loss Sum:9.6758	forward Loss:2.5443;1.9281	 backward Loss:0.7907;3.6432	 Sentiment Loss:0.1935	Valence Loss:2.8187	 Arousal Loss:0.0608	
[2025-11-17 17:29:48,809][run_task2&3_trainer_multilingual.py][line:1124][INFO] Epoch:[1/1]	 Batch:[460/4840.0]	 Loss Sum:5.8065	forward Loss:0.8164;0.2058	 backward Loss:0.2742;0.8701	 Sentiment Loss:3.5186	Valence Loss:0.5448	 Arousal Loss:0.0626	
[2025-11-17 17:29:49,939][run_task2&3_trainer_multilingual.py][line:1124][INFO] Epoch:[1/1]	 Batch:[470/4840.0]	 Loss Sum:4.9151	forward Loss:0.9826;0.7731	 backward Loss:0.6266;1.7847	 Sentiment Loss:0.4275	Valence Loss:0.5665	 Arousal Loss:1.0362	
[2025-11-17 17:29:51,073][run_task2&3_trainer_multilingual.py][line:1124][INFO] Epoch:[1/1]	 Batch:[480/4840.0]	 Loss Sum:9.6642	forward Loss:0.8787;0.258	 backward Loss:0.3018;0.958	 Sentiment Loss:6.8603	Valence Loss:0.102	 Arousal Loss:1.9346	
[2025-11-17 17:29:52,204][run_task2&3_trainer_multilingual.py][line:1124][INFO] Epoch:[1/1]	 Batch:[490/4840.0]	 Loss Sum:2.5426	forward Loss:0.358;0.8576	 backward Loss:0.33;0.6312	 Sentiment Loss:0.3115	Valence Loss:0.1646	 Arousal Loss:0.1067	
[2025-11-17 17:29:53,336][run_task2&3_trainer_multilingual.py][line:1124][INFO] Epoch:[1/1]	 Batch:[500/4840.0]	 Loss Sum:18.3425	forward Loss:4.9276;2.7331	 backward Loss:9.2974;0.7769	 Sentiment Loss:0.1811	Valence Loss:0.5724	 Arousal Loss:1.5594	
[2025-11-17 17:29:54,466][run_task2&3_trainer_multilingual.py][line:1124][INFO] Epoch:[1/1]	 Batch:[510/4840.0]	 Loss Sum:6.7072	forward Loss:2.1166;0.7107	 backward Loss:0.5383;2.6103	 Sentiment Loss:0.4536	Valence Loss:0.3724	 Arousal Loss:1.0159	
[2025-11-17 17:29:55,596][run_task2&3_trainer_multilingual.py][line:1124][INFO] Epoch:[1/1]	 Batch:[520/4840.0]	 Loss Sum:14.0844	forward Loss:2.4744;2.9167	 backward Loss:1.3573;2.7774	 Sentiment Loss:3.4307	Valence Loss:4.6057	 Arousal Loss:1.0336	
[2025-11-17 17:29:56,729][run_task2&3_trainer_multilingual.py][line:1124][INFO] Epoch:[1/1]	 Batch:[530/4840.0]	 Loss Sum:6.4771	forward Loss:0.3725;2.9174	 backward Loss:1.4238;0.7015	 Sentiment Loss:0.6822	Valence Loss:1.7476	 Arousal Loss:0.1508	
[2025-11-17 17:29:57,861][run_task2&3_trainer_multilingual.py][line:1124][INFO] Epoch:[1/1]	 Batch:[540/4840.0]	 Loss Sum:8.3085	forward Loss:0.7592;0.4858	 backward Loss:0.3048;0.771	 Sentiment Loss:5.973	Valence Loss:0.0429	 Arousal Loss:0.0309	
[2025-11-17 17:29:58,993][run_task2&3_trainer_multilingual.py][line:1124][INFO] Epoch:[1/1]	 Batch:[550/4840.0]	 Loss Sum:3.6363	forward Loss:1.0148;0.2628	 backward Loss:0.2671;1.0239	 Sentiment Loss:0.9673	Valence Loss:0.2819	 Arousal Loss:0.2198	
[2025-11-17 17:30:00,122][run_task2&3_trainer_multilingual.py][line:1124][INFO] Epoch:[1/1]	 Batch:[560/4840.0]	 Loss Sum:13.3086	forward Loss:1.4729;0.3989	 backward Loss:0.333;7.0363	 Sentiment Loss:3.8196	Valence Loss:0.9822	 Arousal Loss:0.2579	
[2025-11-17 17:30:01,253][run_task2&3_trainer_multilingual.py][line:1124][INFO] Epoch:[1/1]	 Batch:[570/4840.0]	 Loss Sum:24.1153	forward Loss:7.3688;4.5183	 backward Loss:9.5117;2.2268	 Sentiment Loss:0.2066	Valence Loss:1.3179	 Arousal Loss:0.098	
[2025-11-17 17:30:02,384][run_task2&3_trainer_multilingual.py][line:1124][INFO] Epoch:[1/1]	 Batch:[580/4840.0]	 Loss Sum:5.7402	forward Loss:0.1326;2.2507	 backward Loss:2.3384;0.2379	 Sentiment Loss:0.5027	Valence Loss:1.0739	 Arousal Loss:0.3154	
[2025-11-17 17:30:03,517][run_task2&3_trainer_multilingual.py][line:1124][INFO] Epoch:[1/1]	 Batch:[590/4840.0]	 Loss Sum:6.603	forward Loss:1.6668;1.6359	 backward Loss:2.0481;0.5361	 Sentiment Loss:0.4007	Valence Loss:0.7046	 Arousal Loss:0.8719	
[2025-11-17 17:30:04,648][run_task2&3_trainer_multilingual.py][line:1124][INFO] Epoch:[1/1]	 Batch:[600/4840.0]	 Loss Sum:31.1089	forward Loss:12.0867;4.9307	 backward Loss:0.9997;12.1894	 Sentiment Loss:0.1966	Valence Loss:1.4764	 Arousal Loss:2.0529	
[2025-11-17 17:30:05,780][run_task2&3_trainer_multilingual.py][line:1124][INFO] Epoch:[1/1]	 Batch:[610/4840.0]	 Loss Sum:3.2672	forward Loss:1.2724;0.3676	 backward Loss:0.3294;0.8479	 Sentiment Loss:0.2203	Valence Loss:0.3653	 Arousal Loss:0.7821	
[2025-11-17 17:30:06,910][run_task2&3_trainer_multilingual.py][line:1124][INFO] Epoch:[1/1]	 Batch:[620/4840.0]	 Loss Sum:9.1519	forward Loss:0.2377;1.3387	 backward Loss:0.8925;1.6414	 Sentiment Loss:3.6332	Valence Loss:5.8775	 Arousal Loss:1.1647	
[2025-11-17 17:30:08,043][run_task2&3_trainer_multilingual.py][line:1124][INFO] Epoch:[1/1]	 Batch:[630/4840.0]	 Loss Sum:2.3467	forward Loss:0.1727;0.6197	 backward Loss:0.5094;0.3338	 Sentiment Loss:0.64	Valence Loss:0.283	 Arousal Loss:0.072	
[2025-11-17 17:30:09,175][run_task2&3_trainer_multilingual.py][line:1124][INFO] Epoch:[1/1]	 Batch:[640/4840.0]	 Loss Sum:10.1614	forward Loss:0.187;4.3726	 backward Loss:1.03;0.2836	 Sentiment Loss:4.1963	Valence Loss:0.1492	 Arousal Loss:0.3099	
[2025-11-17 17:30:10,303][run_task2&3_trainer_multilingual.py][line:1124][INFO] Epoch:[1/1]	 Batch:[650/4840.0]	 Loss Sum:2.06	forward Loss:0.2015;0.6533	 backward Loss:0.3668;0.2992	 Sentiment Loss:0.3845	Valence Loss:0.585	 Arousal Loss:0.1875	
[2025-11-17 17:30:11,433][run_task2&3_trainer_multilingual.py][line:1124][INFO] Epoch:[1/1]	 Batch:[660/4840.0]	 Loss Sum:6.6609	forward Loss:1.1674;2.0121	 backward Loss:1.5977;1.3418	 Sentiment Loss:0.1162	Valence Loss:0.8374	 Arousal Loss:1.2913	
[2025-11-17 17:30:12,561][run_task2&3_trainer_multilingual.py][line:1124][INFO] Epoch:[1/1]	 Batch:[670/4840.0]	 Loss Sum:39.1261	forward Loss:16.3409;1.7251	 backward Loss:0.3825;17.0189	 Sentiment Loss:3.2871	Valence Loss:0.2505	 Arousal Loss:1.6074	
[2025-11-17 17:30:13,691][run_task2&3_trainer_multilingual.py][line:1124][INFO] Epoch:[1/1]	 Batch:[680/4840.0]	 Loss Sum:5.6387	forward Loss:2.8327;0.1964	 backward Loss:0.6847;1.3239	 Sentiment Loss:0.3492	Valence Loss:0.259	 Arousal Loss:0.9999	
[2025-11-17 17:30:14,820][run_task2&3_trainer_multilingual.py][line:1124][INFO] Epoch:[1/1]	 Batch:[690/4840.0]	 Loss Sum:3.4834	forward Loss:0.6512;0.3028	 backward Loss:0.4281;0.6627	 Sentiment Loss:1.3266	Valence Loss:0.4232	 Arousal Loss:0.1368	
[2025-11-17 17:30:15,956][run_task2&3_trainer_multilingual.py][line:1124][INFO] Epoch:[1/1]	 Batch:[700/4840.0]	 Loss Sum:4.2812	forward Loss:0.4979;0.1756	 backward Loss:0.1258;0.8884	 Sentiment Loss:1.9085	Valence Loss:2.1377	 Arousal Loss:1.2876	
[2025-11-17 17:30:17,085][run_task2&3_trainer_multilingual.py][line:1124][INFO] Epoch:[1/1]	 Batch:[710/4840.0]	 Loss Sum:3.2818	forward Loss:0.8238;0.8097	 backward Loss:0.3587;1.1142	 Sentiment Loss:0.0373	Valence Loss:0.596	 Arousal Loss:0.0944	
[2025-11-17 17:30:18,215][run_task2&3_trainer_multilingual.py][line:1124][INFO] Epoch:[1/1]	 Batch:[720/4840.0]	 Loss Sum:3.7268	forward Loss:0.1886;0.4202	 backward Loss:0.2321;0.1633	 Sentiment Loss:2.7069	Valence Loss:0.0326	 Arousal Loss:0.0462	
[2025-11-17 17:30:19,344][run_task2&3_trainer_multilingual.py][line:1124][INFO] Epoch:[1/1]	 Batch:[730/4840.0]	 Loss Sum:17.116	forward Loss:1.2401;6.9979	 backward Loss:5.4637;1.7444	 Sentiment Loss:1.6125	Valence Loss:0.2486	 Arousal Loss:0.0379	
[2025-11-17 17:30:20,475][run_task2&3_trainer_multilingual.py][line:1124][INFO] Epoch:[1/1]	 Batch:[740/4840.0]	 Loss Sum:28.5828	forward Loss:6.366;1.3527	 backward Loss:0.8898;8.0265	 Sentiment Loss:9.3594	Valence Loss:8.4531	 Arousal Loss:4.4894	
[2025-11-17 17:30:21,605][run_task2&3_trainer_multilingual.py][line:1124][INFO] Epoch:[1/1]	 Batch:[750/4840.0]	 Loss Sum:9.5482	forward Loss:0.9949;2.2539	 backward Loss:1.7446;1.14	 Sentiment Loss:3.0775	Valence Loss:1.5693	 Arousal Loss:0.117	
[2025-11-17 17:30:22,736][run_task2&3_trainer_multilingual.py][line:1124][INFO] Epoch:[1/1]	 Batch:[760/4840.0]	 Loss Sum:24.6999	forward Loss:3.6408;6.702	 backward Loss:8.7198;1.8809	 Sentiment Loss:2.8334	Valence Loss:3.471	 Arousal Loss:1.1439	
[2025-11-17 17:30:23,866][run_task2&3_trainer_multilingual.py][line:1124][INFO] Epoch:[1/1]	 Batch:[770/4840.0]	 Loss Sum:6.7563	forward Loss:0.6656;2.0972	 backward Loss:2.1938;0.7153	 Sentiment Loss:0.7554	Valence Loss:1.3439	 Arousal Loss:0.3013	
[2025-11-17 17:30:24,994][run_task2&3_trainer_multilingual.py][line:1124][INFO] Epoch:[1/1]	 Batch:[780/4840.0]	 Loss Sum:1.5217	forward Loss:0.3301;0.3135	 backward Loss:0.3282;0.2777	 Sentiment Loss:0.1078	Valence Loss:0.4206	 Arousal Loss:0.4021	
[2025-11-17 17:30:26,124][run_task2&3_trainer_multilingual.py][line:1124][INFO] Epoch:[1/1]	 Batch:[790/4840.0]	 Loss Sum:2.7241	forward Loss:0.6852;0.3142	 backward Loss:0.5587;0.866	 Sentiment Loss:0.0844	Valence Loss:0.8776	 Arousal Loss:0.2008	
[2025-11-17 17:30:27,255][run_task2&3_trainer_multilingual.py][line:1124][INFO] Epoch:[1/1]	 Batch:[800/4840.0]	 Loss Sum:6.7744	forward Loss:0.6803;2.9656	 backward Loss:2.0154;0.7662	 Sentiment Loss:0.1055	Valence Loss:0.9839	 Arousal Loss:0.2237	
[2025-11-17 17:30:28,387][run_task2&3_trainer_multilingual.py][line:1124][INFO] Epoch:[1/1]	 Batch:[810/4840.0]	 Loss Sum:6.3866	forward Loss:0.3185;0.5175	 backward Loss:0.2517;0.3822	 Sentiment Loss:4.7129	Valence Loss:0.1943	 Arousal Loss:0.8248	
[2025-11-17 17:30:29,517][run_task2&3_trainer_multilingual.py][line:1124][INFO] Epoch:[1/1]	 Batch:[820/4840.0]	 Loss Sum:7.8018	forward Loss:2.3357;3.3629	 backward Loss:0.31;1.1563	 Sentiment Loss:0.1511	Valence Loss:1.7417	 Arousal Loss:0.6868	
[2025-11-17 17:30:30,647][run_task2&3_trainer_multilingual.py][line:1124][INFO] Epoch:[1/1]	 Batch:[830/4840.0]	 Loss Sum:3.2791	forward Loss:0.5715;0.6722	 backward Loss:0.8327;0.6703	 Sentiment Loss:0.2772	Valence Loss:0.7239	 Arousal Loss:0.5522	
[2025-11-17 17:30:31,776][run_task2&3_trainer_multilingual.py][line:1124][INFO] Epoch:[1/1]	 Batch:[840/4840.0]	 Loss Sum:8.3101	forward Loss:0.2148;0.6417	 backward Loss:0.9416;0.343	 Sentiment Loss:5.9095	Valence Loss:0.0937	 Arousal Loss:1.2032	
[2025-11-17 17:30:32,906][run_task2&3_trainer_multilingual.py][line:1124][INFO] Epoch:[1/1]	 Batch:[850/4840.0]	 Loss Sum:16.6901	forward Loss:8.7926;2.5619	 backward Loss:1.1945;3.8706	 Sentiment Loss:0.1085	Valence Loss:0.341	 Arousal Loss:0.4692	
[2025-11-17 17:30:34,036][run_task2&3_trainer_multilingual.py][line:1124][INFO] Epoch:[1/1]	 Batch:[860/4840.0]	 Loss Sum:1.5316	forward Loss:0.4825;0.2177	 backward Loss:0.108;0.5838	 Sentiment Loss:0.0964	Valence Loss:0.1045	 Arousal Loss:0.1116	
[2025-11-17 17:30:35,167][run_task2&3_trainer_multilingual.py][line:1124][INFO] Epoch:[1/1]	 Batch:[870/4840.0]	 Loss Sum:2.6323	forward Loss:0.3264;0.6406	 backward Loss:0.7147;0.2178	 Sentiment Loss:0.15	Valence Loss:0.9636	 Arousal Loss:1.9502	
[2025-11-17 17:30:36,298][run_task2&3_trainer_multilingual.py][line:1124][INFO] Epoch:[1/1]	 Batch:[880/4840.0]	 Loss Sum:7.1677	forward Loss:1.0205;1.1262	 backward Loss:0.77;3.7609	 Sentiment Loss:0.3834	Valence Loss:0.3902	 Arousal Loss:0.1436	
[2025-11-17 17:30:37,428][run_task2&3_trainer_multilingual.py][line:1124][INFO] Epoch:[1/1]	 Batch:[890/4840.0]	 Loss Sum:25.9216	forward Loss:11.5693;2.2131	 backward Loss:2.1128;3.8869	 Sentiment Loss:5.8576	Valence Loss:0.8301	 Arousal Loss:0.5797	
[2025-11-17 17:30:38,561][run_task2&3_trainer_multilingual.py][line:1124][INFO] Epoch:[1/1]	 Batch:[900/4840.0]	 Loss Sum:1.5682	forward Loss:0.4632;0.3032	 backward Loss:0.3917;0.2814	 Sentiment Loss:0.0723	Valence Loss:0.0992	 Arousal Loss:0.1827	
[2025-11-17 17:30:39,934][run_task2&3_trainer_multilingual.py][line:1124][INFO] Epoch:[1/1]	 Batch:[910/4840.0]	 Loss Sum:6.4953	forward Loss:1.3035;1.1064	 backward Loss:0.7243;2.8244	 Sentiment Loss:0.3322	Valence Loss:0.6482	 Arousal Loss:0.3743	
[2025-11-17 17:30:41,067][run_task2&3_trainer_multilingual.py][line:1124][INFO] Epoch:[1/1]	 Batch:[920/4840.0]	 Loss Sum:9.5325	forward Loss:1.5554;3.2201	 backward Loss:1.4199;2.8557	 Sentiment Loss:0.4482	Valence Loss:0.0758	 Arousal Loss:0.0897	
[2025-11-17 17:30:42,198][run_task2&3_trainer_multilingual.py][line:1124][INFO] Epoch:[1/1]	 Batch:[930/4840.0]	 Loss Sum:19.8679	forward Loss:4.1757;5.7905	 backward Loss:5.7575;3.486	 Sentiment Loss:0.3299	Valence Loss:1.3814	 Arousal Loss:0.2606	
[2025-11-17 17:30:43,330][run_task2&3_trainer_multilingual.py][line:1124][INFO] Epoch:[1/1]	 Batch:[940/4840.0]	 Loss Sum:9.2302	forward Loss:0.4942;3.0736	 backward Loss:2.8218;2.0704	 Sentiment Loss:0.2644	Valence Loss:1.9923	 Arousal Loss:0.537	
[2025-11-17 17:30:44,463][run_task2&3_trainer_multilingual.py][line:1124][INFO] Epoch:[1/1]	 Batch:[950/4840.0]	 Loss Sum:6.1834	forward Loss:1.0456;0.3573	 backward Loss:3.5652;0.8942	 Sentiment Loss:0.2633	Valence Loss:0.1299	 Arousal Loss:0.1587	
[2025-11-17 17:30:45,597][run_task2&3_trainer_multilingual.py][line:1124][INFO] Epoch:[1/1]	 Batch:[960/4840.0]	 Loss Sum:3.123	forward Loss:0.383;0.7043	 backward Loss:0.424;1.0144	 Sentiment Loss:0.4015	Valence Loss:0.3137	 Arousal Loss:0.6654	
[2025-11-17 17:30:46,727][run_task2&3_trainer_multilingual.py][line:1124][INFO] Epoch:[1/1]	 Batch:[970/4840.0]	 Loss Sum:6.686	forward Loss:0.6838;1.4338	 backward Loss:2.1517;1.7761	 Sentiment Loss:0.0442	Valence Loss:2.0286	 Arousal Loss:0.9529	
[2025-11-17 17:30:47,858][run_task2&3_trainer_multilingual.py][line:1124][INFO] Epoch:[1/1]	 Batch:[980/4840.0]	 Loss Sum:12.2252	forward Loss:3.0919;1.6531	 backward Loss:1.3802;5.8841	 Sentiment Loss:0.1993	Valence Loss:0.0516	 Arousal Loss:0.0319	
[2025-11-17 17:30:48,997][run_task2&3_trainer_multilingual.py][line:1124][INFO] Epoch:[1/1]	 Batch:[990/4840.0]	 Loss Sum:16.516	forward Loss:0.3693;6.3781	 backward Loss:9.1984;0.3643	 Sentiment Loss:0.1074	Valence Loss:0.3908	 Arousal Loss:0.1013	
[2025-11-17 17:30:50,131][run_task2&3_trainer_multilingual.py][line:1124][INFO] Epoch:[1/1]	 Batch:[1000/4840.0]	 Loss Sum:2.4869	forward Loss:0.7419;0.2654	 backward Loss:0.2812;0.6756	 Sentiment Loss:0.3772	Valence Loss:0.6549	 Arousal Loss:0.0729	
[2025-11-17 17:30:51,265][run_task2&3_trainer_multilingual.py][line:1124][INFO] Epoch:[1/1]	 Batch:[1010/4840.0]	 Loss Sum:2.4585	forward Loss:0.3075;0.6395	 backward Loss:0.833;0.404	 Sentiment Loss:0.176	Valence Loss:0.2756	 Arousal Loss:0.2165	
[2025-11-17 17:30:52,395][run_task2&3_trainer_multilingual.py][line:1124][INFO] Epoch:[1/1]	 Batch:[1020/4840.0]	 Loss Sum:15.5595	forward Loss:4.9182;0.911	 backward Loss:2.1172;5.5685	 Sentiment Loss:0.33	Valence Loss:3.2391	 Arousal Loss:5.3339	
[2025-11-17 17:30:53,527][run_task2&3_trainer_multilingual.py][line:1124][INFO] Epoch:[1/1]	 Batch:[1030/4840.0]	 Loss Sum:6.5375	forward Loss:1.4405;1.4538	 backward Loss:0.6437;0.9848	 Sentiment Loss:1.1793	Valence Loss:1.7618	 Arousal Loss:2.4152	
[2025-11-17 17:30:54,658][run_task2&3_trainer_multilingual.py][line:1124][INFO] Epoch:[1/1]	 Batch:[1040/4840.0]	 Loss Sum:7.8593	forward Loss:0.8247;1.669	 backward Loss:1.0475;0.9265	 Sentiment Loss:2.9491	Valence Loss:1.7945	 Arousal Loss:0.4176	
[2025-11-17 17:30:55,790][run_task2&3_trainer_multilingual.py][line:1124][INFO] Epoch:[1/1]	 Batch:[1050/4840.0]	 Loss Sum:20.2368	forward Loss:8.7347;1.7379	 backward Loss:2.6755;5.0773	 Sentiment Loss:1.3293	Valence Loss:3.0113	 Arousal Loss:0.3992	
[2025-11-17 17:30:56,921][run_task2&3_trainer_multilingual.py][line:1124][INFO] Epoch:[1/1]	 Batch:[1060/4840.0]	 Loss Sum:11.5411	forward Loss:3.3913;2.2378	 backward Loss:2.5601;3.1408	 Sentiment Loss:0.1366	Valence Loss:0.3328	 Arousal Loss:0.0394	
[2025-11-17 17:30:58,055][run_task2&3_trainer_multilingual.py][line:1124][INFO] Epoch:[1/1]	 Batch:[1070/4840.0]	 Loss Sum:28.6938	forward Loss:4.1255;9.2018	 backward Loss:9.3269;5.6739	 Sentiment Loss:0.2065	Valence Loss:0.1572	 Arousal Loss:0.6387	
[2025-11-17 17:30:59,187][run_task2&3_trainer_multilingual.py][line:1124][INFO] Epoch:[1/1]	 Batch:[1080/4840.0]	 Loss Sum:12.5966	forward Loss:0.7582;3.5001	 backward Loss:3.5523;0.4273	 Sentiment Loss:4.2622	Valence Loss:0.2165	 Arousal Loss:0.2658	
[2025-11-17 17:31:00,319][run_task2&3_trainer_multilingual.py][line:1124][INFO] Epoch:[1/1]	 Batch:[1090/4840.0]	 Loss Sum:8.068	forward Loss:0.2081;4.4102	 backward Loss:1.5771;0.3763	 Sentiment Loss:1.3769	Valence Loss:0.3136	 Arousal Loss:0.284	
[2025-11-17 17:31:01,448][run_task2&3_trainer_multilingual.py][line:1124][INFO] Epoch:[1/1]	 Batch:[1100/4840.0]	 Loss Sum:11.0126	forward Loss:0.2215;7.3172	 backward Loss:2.7915;0.3135	 Sentiment Loss:0.3396	Valence Loss:0.1	 Arousal Loss:0.0466	
[2025-11-17 17:31:02,581][run_task2&3_trainer_multilingual.py][line:1124][INFO] Epoch:[1/1]	 Batch:[1110/4840.0]	 Loss Sum:12.7572	forward Loss:0.5994;6.7989	 backward Loss:4.4525;0.6394	 Sentiment Loss:0.2041	Valence Loss:0.0477	 Arousal Loss:0.2661	
[2025-11-17 17:31:03,711][run_task2&3_trainer_multilingual.py][line:1124][INFO] Epoch:[1/1]	 Batch:[1120/4840.0]	 Loss Sum:15.9805	forward Loss:3.7634;2.8604	 backward Loss:1.4686;7.4701	 Sentiment Loss:0.3192	Valence Loss:0.0517	 Arousal Loss:0.4428	
[2025-11-17 17:31:04,841][run_task2&3_trainer_multilingual.py][line:1124][INFO] Epoch:[1/1]	 Batch:[1130/4840.0]	 Loss Sum:13.7656	forward Loss:5.9666;0.788	 backward Loss:0.9997;5.7496	 Sentiment Loss:0.1686	Valence Loss:0.2364	 Arousal Loss:0.2292	
[2025-11-17 17:31:05,972][run_task2&3_trainer_multilingual.py][line:1124][INFO] Epoch:[1/1]	 Batch:[1140/4840.0]	 Loss Sum:8.3461	forward Loss:1.0477;3.736	 backward Loss:2.612;0.6795	 Sentiment Loss:0.0599	Valence Loss:1.0278	 Arousal Loss:0.0267	
[2025-11-17 17:31:07,102][run_task2&3_trainer_multilingual.py][line:1124][INFO] Epoch:[1/1]	 Batch:[1150/4840.0]	 Loss Sum:3.799	forward Loss:0.6115;1.4161	 backward Loss:0.6993;0.4005	 Sentiment Loss:0.0239	Valence Loss:2.3088	 Arousal Loss:0.9293	
[2025-11-17 17:31:08,233][run_task2&3_trainer_multilingual.py][line:1124][INFO] Epoch:[1/1]	 Batch:[1160/4840.0]	 Loss Sum:6.5828	forward Loss:0.9058;1.961	 backward Loss:2.9837;0.3233	 Sentiment Loss:0.056	Valence Loss:1.4057	 Arousal Loss:0.3591	
[2025-11-17 17:31:09,362][run_task2&3_trainer_multilingual.py][line:1124][INFO] Epoch:[1/1]	 Batch:[1170/4840.0]	 Loss Sum:6.9996	forward Loss:0.3049;3.0348	 backward Loss:1.5084;0.4289	 Sentiment Loss:0.0769	Valence Loss:2.9194	 Arousal Loss:5.3086	
[2025-11-17 17:31:10,493][run_task2&3_trainer_multilingual.py][line:1124][INFO] Epoch:[1/1]	 Batch:[1180/4840.0]	 Loss Sum:11.2395	forward Loss:1.31;2.3241	 backward Loss:3.1066;0.4516	 Sentiment Loss:3.2369	Valence Loss:3.9449	 Arousal Loss:0.1064	
[2025-11-17 17:31:11,623][run_task2&3_trainer_multilingual.py][line:1124][INFO] Epoch:[1/1]	 Batch:[1190/4840.0]	 Loss Sum:1.0167	forward Loss:0.0752;0.2398	 backward Loss:0.1523;0.1332	 Sentiment Loss:0.27	Valence Loss:0.0267	 Arousal Loss:0.7042	
[2025-11-17 17:31:12,756][run_task2&3_trainer_multilingual.py][line:1124][INFO] Epoch:[1/1]	 Batch:[1200/4840.0]	 Loss Sum:2.2134	forward Loss:0.8885;0.1423	 backward Loss:0.1205;0.3594	 Sentiment Loss:0.0672	Valence Loss:1.8897	 Arousal Loss:1.2878	
[2025-11-17 17:31:13,886][run_task2&3_trainer_multilingual.py][line:1124][INFO] Epoch:[1/1]	 Batch:[1210/4840.0]	 Loss Sum:1.9736	forward Loss:0.462;0.0794	 backward Loss:0.066;0.562	 Sentiment Loss:0.2704	Valence Loss:2.5481	 Arousal Loss:0.1212	
[2025-11-17 17:31:15,020][run_task2&3_trainer_multilingual.py][line:1124][INFO] Epoch:[1/1]	 Batch:[1220/4840.0]	 Loss Sum:9.6022	forward Loss:0.9023;3.1392	 backward Loss:3.0253;2.2631	 Sentiment Loss:0.1491	Valence Loss:0.3008	 Arousal Loss:0.3152	
[2025-11-17 17:31:16,153][run_task2&3_trainer_multilingual.py][line:1124][INFO] Epoch:[1/1]	 Batch:[1230/4840.0]	 Loss Sum:12.2923	forward Loss:5.1655;2.7401	 backward Loss:2.2518;1.9033	 Sentiment Loss:0.074	Valence Loss:0.5499	 Arousal Loss:0.2382	
[2025-11-17 17:31:17,282][run_task2&3_trainer_multilingual.py][line:1124][INFO] Epoch:[1/1]	 Batch:[1240/4840.0]	 Loss Sum:30.4652	forward Loss:2.6405;9.081	 backward Loss:14.5193;3.3188	 Sentiment Loss:0.1358	Valence Loss:1.429	 Arousal Loss:2.4193	
[2025-11-17 17:31:18,414][run_task2&3_trainer_multilingual.py][line:1124][INFO] Epoch:[1/1]	 Batch:[1250/4840.0]	 Loss Sum:2.8638	forward Loss:0.7705;0.6206	 backward Loss:0.8547;0.3072	 Sentiment Loss:0.1378	Valence Loss:0.1683	 Arousal Loss:0.6964	
[2025-11-17 17:31:19,544][run_task2&3_trainer_multilingual.py][line:1124][INFO] Epoch:[1/1]	 Batch:[1260/4840.0]	 Loss Sum:3.999	forward Loss:0.6356;0.9077	 backward Loss:0.8599;1.2014	 Sentiment Loss:0.1152	Valence Loss:1.0308	 Arousal Loss:0.3659	
[2025-11-17 17:31:20,679][run_task2&3_trainer_multilingual.py][line:1124][INFO] Epoch:[1/1]	 Batch:[1270/4840.0]	 Loss Sum:35.7042	forward Loss:5.688;12.0563	 backward Loss:10.687;6.6133	 Sentiment Loss:0.068	Valence Loss:2.4317	 Arousal Loss:0.5264	
[2025-11-17 17:31:21,813][run_task2&3_trainer_multilingual.py][line:1124][INFO] Epoch:[1/1]	 Batch:[1280/4840.0]	 Loss Sum:21.2118	forward Loss:11.3939;1.9197	 backward Loss:2.5343;4.6187	 Sentiment Loss:0.2628	Valence Loss:1.4319	 Arousal Loss:0.9805	
[2025-11-17 17:31:22,958][run_task2&3_trainer_multilingual.py][line:1124][INFO] Epoch:[1/1]	 Batch:[1290/4840.0]	 Loss Sum:7.2596	forward Loss:1.1218;1.4456	 backward Loss:0.8752;0.8964	 Sentiment Loss:2.5827	Valence Loss:1.651	 Arousal Loss:0.0374	
[2025-11-17 17:31:24,089][run_task2&3_trainer_multilingual.py][line:1124][INFO] Epoch:[1/1]	 Batch:[1300/4840.0]	 Loss Sum:31.4193	forward Loss:14.635;2.2122	 backward Loss:4.536;9.4797	 Sentiment Loss:0.3909	Valence Loss:0.7652	 Arousal Loss:0.0622	
[2025-11-17 17:31:25,221][run_task2&3_trainer_multilingual.py][line:1124][INFO] Epoch:[1/1]	 Batch:[1310/4840.0]	 Loss Sum:1.3489	forward Loss:0.1051;0.1741	 backward Loss:0.3137;0.1198	 Sentiment Loss:0.1432	Valence Loss:1.7341	 Arousal Loss:0.7305	
[2025-11-17 17:31:26,350][run_task2&3_trainer_multilingual.py][line:1124][INFO] Epoch:[1/1]	 Batch:[1320/4840.0]	 Loss Sum:1.3061	forward Loss:0.3044;0.2474	 backward Loss:0.4282;0.2592	 Sentiment Loss:0.0566	Valence Loss:0.0291	 Arousal Loss:0.0225	
[2025-11-17 17:31:27,482][run_task2&3_trainer_multilingual.py][line:1124][INFO] Epoch:[1/1]	 Batch:[1330/4840.0]	 Loss Sum:21.4153	forward Loss:8.1681;0.2876	 backward Loss:0.1626;12.2136	 Sentiment Loss:0.1046	Valence Loss:2.3749	 Arousal Loss:0.0192	
[2025-11-17 17:31:28,614][run_task2&3_trainer_multilingual.py][line:1124][INFO] Epoch:[1/1]	 Batch:[1340/4840.0]	 Loss Sum:10.8113	forward Loss:2.7842;0.7291	 backward Loss:3.5271;1.1785	 Sentiment Loss:2.5283	Valence Loss:0.2424	 Arousal Loss:0.0779	
[2025-11-17 17:31:29,749][run_task2&3_trainer_multilingual.py][line:1124][INFO] Epoch:[1/1]	 Batch:[1350/4840.0]	 Loss Sum:17.6964	forward Loss:6.9949;0.2375	 backward Loss:0.1209;7.7114	 Sentiment Loss:2.5487	Valence Loss:0.2756	 Arousal Loss:0.1393	
[2025-11-17 17:31:30,879][run_task2&3_trainer_multilingual.py][line:1124][INFO] Epoch:[1/1]	 Batch:[1360/4840.0]	 Loss Sum:5.1085	forward Loss:0.2611;4.2525	 backward Loss:0.3984;0.0947	 Sentiment Loss:0.0203	Valence Loss:0.2189	 Arousal Loss:0.1894	
[2025-11-17 17:31:32,010][run_task2&3_trainer_multilingual.py][line:1124][INFO] Epoch:[1/1]	 Batch:[1370/4840.0]	 Loss Sum:11.6248	forward Loss:3.2294;1.7275	 backward Loss:3.0913;3.4874	 Sentiment Loss:0.0592	Valence Loss:0.0795	 Arousal Loss:0.0705	
[2025-11-17 17:31:33,140][run_task2&3_trainer_multilingual.py][line:1124][INFO] Epoch:[1/1]	 Batch:[1380/4840.0]	 Loss Sum:18.4889	forward Loss:7.799;0.9412	 backward Loss:0.5337;9.1647	 Sentiment Loss:0.0239	Valence Loss:0.0418	 Arousal Loss:0.0907	
[2025-11-17 17:31:34,272][run_task2&3_trainer_multilingual.py][line:1124][INFO] Epoch:[1/1]	 Batch:[1390/4840.0]	 Loss Sum:1.4103	forward Loss:0.0662;0.3065	 backward Loss:0.3722;0.0976	 Sentiment Loss:0.2462	Valence Loss:1.1598	 Arousal Loss:0.448	
[2025-11-17 17:31:35,406][run_task2&3_trainer_multilingual.py][line:1124][INFO] Epoch:[1/1]	 Batch:[1400/4840.0]	 Loss Sum:5.3615	forward Loss:0.6712;0.8811	 backward Loss:1.1585;0.6664	 Sentiment Loss:1.2749	Valence Loss:3.4614	 Arousal Loss:0.0859	
[2025-11-17 17:31:36,538][run_task2&3_trainer_multilingual.py][line:1124][INFO] Epoch:[1/1]	 Batch:[1410/4840.0]	 Loss Sum:8.5993	forward Loss:0.5079;3.2639	 backward Loss:2.6756;0.9764	 Sentiment Loss:0.9552	Valence Loss:0.5679	 Arousal Loss:0.5334	
[2025-11-17 17:31:37,668][run_task2&3_trainer_multilingual.py][line:1124][INFO] Epoch:[1/1]	 Batch:[1420/4840.0]	 Loss Sum:25.3285	forward Loss:8.7245;3.7353	 backward Loss:11.2074;1.0649	 Sentiment Loss:0.1426	Valence Loss:1.6162	 Arousal Loss:0.6522	
[2025-11-17 17:31:38,799][run_task2&3_trainer_multilingual.py][line:1124][INFO] Epoch:[1/1]	 Batch:[1430/4840.0]	 Loss Sum:3.6641	forward Loss:0.1435;1.0651	 backward Loss:1.3612;0.1436	 Sentiment Loss:0.2182	Valence Loss:3.3401	 Arousal Loss:0.3228	
[2025-11-17 17:31:39,930][run_task2&3_trainer_multilingual.py][line:1124][INFO] Epoch:[1/1]	 Batch:[1440/4840.0]	 Loss Sum:11.2368	forward Loss:0.6648;5.4583	 backward Loss:0.207;0.7442	 Sentiment Loss:2.6236	Valence Loss:5.5671	 Arousal Loss:2.128	
[2025-11-17 17:31:41,062][run_task2&3_trainer_multilingual.py][line:1124][INFO] Epoch:[1/1]	 Batch:[1450/4840.0]	 Loss Sum:6.299	forward Loss:0.2094;2.3454	 backward Loss:3.4288;0.174	 Sentiment Loss:0.0924	Valence Loss:0.133	 Arousal Loss:0.1125	
[2025-11-17 17:31:42,192][run_task2&3_trainer_multilingual.py][line:1124][INFO] Epoch:[1/1]	 Batch:[1460/4840.0]	 Loss Sum:5.8388	forward Loss:2.0568;0.2228	 backward Loss:0.0726;3.1355	 Sentiment Loss:0.1651	Valence Loss:0.1123	 Arousal Loss:0.8179	
[2025-11-17 17:31:43,322][run_task2&3_trainer_multilingual.py][line:1124][INFO] Epoch:[1/1]	 Batch:[1470/4840.0]	 Loss Sum:5.1013	forward Loss:0.2314;0.1661	 backward Loss:2.1936;0.2886	 Sentiment Loss:2.1886	Valence Loss:0.1166	 Arousal Loss:0.0483	
[2025-11-17 17:31:44,453][run_task2&3_trainer_multilingual.py][line:1124][INFO] Epoch:[1/1]	 Batch:[1480/4840.0]	 Loss Sum:23.2555	forward Loss:0.1541;8.8113	 backward Loss:12.6743;0.2485	 Sentiment Loss:0.0821	Valence Loss:5.1222	 Arousal Loss:1.3034	
[2025-11-17 17:31:45,589][run_task2&3_trainer_multilingual.py][line:1124][INFO] Epoch:[1/1]	 Batch:[1490/4840.0]	 Loss Sum:6.6818	forward Loss:0.453;3.6816	 backward Loss:1.7501;0.1555	 Sentiment Loss:0.5916	Valence Loss:0.127	 Arousal Loss:0.123	
[2025-11-17 17:31:46,722][run_task2&3_trainer_multilingual.py][line:1124][INFO] Epoch:[1/1]	 Batch:[1500/4840.0]	 Loss Sum:9.532	forward Loss:1.3898;2.6375	 backward Loss:3.7333;1.3495	 Sentiment Loss:0.3347	Valence Loss:0.2091	 Arousal Loss:0.2265	
[2025-11-17 17:31:47,857][run_task2&3_trainer_multilingual.py][line:1124][INFO] Epoch:[1/1]	 Batch:[1510/4840.0]	 Loss Sum:0.6617	forward Loss:0.1983;0.0594	 backward Loss:0.0523;0.2591	 Sentiment Loss:0.0411	Valence Loss:0.0841	 Arousal Loss:0.1737	
[2025-11-17 17:31:48,990][run_task2&3_trainer_multilingual.py][line:1124][INFO] Epoch:[1/1]	 Batch:[1520/4840.0]	 Loss Sum:2.3855	forward Loss:0.2911;0.2248	 backward Loss:0.1166;0.335	 Sentiment Loss:1.2395	Valence Loss:0.6375	 Arousal Loss:0.2545	
[2025-11-17 17:31:50,124][run_task2&3_trainer_multilingual.py][line:1124][INFO] Epoch:[1/1]	 Batch:[1530/4840.0]	 Loss Sum:17.2939	forward Loss:5.9388;0.7825	 backward Loss:0.7026;9.5106	 Sentiment Loss:0.1156	Valence Loss:0.8186	 Arousal Loss:0.4003	
[2025-11-17 17:31:51,254][run_task2&3_trainer_multilingual.py][line:1124][INFO] Epoch:[1/1]	 Batch:[1540/4840.0]	 Loss Sum:6.839	forward Loss:0.5408;0.284	 backward Loss:0.1663;1.0058	 Sentiment Loss:4.5731	Valence Loss:0.9203	 Arousal Loss:0.4246	
[2025-11-17 17:31:52,386][run_task2&3_trainer_multilingual.py][line:1124][INFO] Epoch:[1/1]	 Batch:[1550/4840.0]	 Loss Sum:10.376	forward Loss:1.8114;0.9	 backward Loss:1.6884;4.0144	 Sentiment Loss:1.8934	Valence Loss:0.2076	 Arousal Loss:0.1345	
[2025-11-17 17:31:53,516][run_task2&3_trainer_multilingual.py][line:1124][INFO] Epoch:[1/1]	 Batch:[1560/4840.0]	 Loss Sum:8.3034	forward Loss:1.762;2.8243	 backward Loss:2.1791;1.2386	 Sentiment Loss:0.2326	Valence Loss:0.1487	 Arousal Loss:0.1852	
[2025-11-17 17:31:54,655][run_task2&3_trainer_multilingual.py][line:1124][INFO] Epoch:[1/1]	 Batch:[1570/4840.0]	 Loss Sum:9.5735	forward Loss:0.4585;1.9882	 backward Loss:1.6325;0.2678	 Sentiment Loss:5.169	Valence Loss:0.1231	 Arousal Loss:0.1648	
[2025-11-17 17:31:55,788][run_task2&3_trainer_multilingual.py][line:1124][INFO] Epoch:[1/1]	 Batch:[1580/4840.0]	 Loss Sum:3.8004	forward Loss:0.7057;0.1151	 backward Loss:0.2155;0.4103	 Sentiment Loss:2.3218	Valence Loss:0.1102	 Arousal Loss:0.05	
[2025-11-17 17:31:56,919][run_task2&3_trainer_multilingual.py][line:1124][INFO] Epoch:[1/1]	 Batch:[1590/4840.0]	 Loss Sum:6.6838	forward Loss:3.2756;0.4317	 backward Loss:1.5418;1.2043	 Sentiment Loss:0.0623	Valence Loss:0.1119	 Arousal Loss:0.7288	
[2025-11-17 17:31:58,043][run_task2&3_trainer_multilingual.py][line:1124][INFO] Epoch:[1/1]	 Batch:[1600/4840.0]	 Loss Sum:5.4308	forward Loss:0.5489;1.1176	 backward Loss:1.6849;0.9825	 Sentiment Loss:0.9455	Valence Loss:0.5486	 Arousal Loss:0.2083	
[2025-11-17 17:31:59,167][run_task2&3_trainer_multilingual.py][line:1124][INFO] Epoch:[1/1]	 Batch:[1610/4840.0]	 Loss Sum:22.5928	forward Loss:4.6579;1.7837	 backward Loss:1.2274;3.7135	 Sentiment Loss:10.9426	Valence Loss:1.2429	 Arousal Loss:0.0959	
[2025-11-17 17:32:00,289][run_task2&3_trainer_multilingual.py][line:1124][INFO] Epoch:[1/1]	 Batch:[1620/4840.0]	 Loss Sum:2.7565	forward Loss:0.8835;0.0789	 backward Loss:0.1371;1.4033	 Sentiment Loss:0.165	Valence Loss:0.2402	 Arousal Loss:0.2036	
[2025-11-17 17:32:01,411][run_task2&3_trainer_multilingual.py][line:1124][INFO] Epoch:[1/1]	 Batch:[1630/4840.0]	 Loss Sum:1.5778	forward Loss:0.5;0.3748	 backward Loss:0.0715;0.2543	 Sentiment Loss:0.1517	Valence Loss:0.9791	 Arousal Loss:0.1485	
[2025-11-17 17:32:02,534][run_task2&3_trainer_multilingual.py][line:1124][INFO] Epoch:[1/1]	 Batch:[1640/4840.0]	 Loss Sum:17.7693	forward Loss:1.345;4.0322	 backward Loss:7.0681;5.1611	 Sentiment Loss:0.1141	Valence Loss:0.1999	 Arousal Loss:0.0436	
[2025-11-17 17:32:03,655][run_task2&3_trainer_multilingual.py][line:1124][INFO] Epoch:[1/1]	 Batch:[1650/4840.0]	 Loss Sum:0.5634	forward Loss:0.1312;0.0727	 backward Loss:0.0887;0.1624	 Sentiment Loss:0.0484	Valence Loss:0.0613	 Arousal Loss:0.2388	
[2025-11-17 17:32:04,778][run_task2&3_trainer_multilingual.py][line:1124][INFO] Epoch:[1/1]	 Batch:[1660/4840.0]	 Loss Sum:0.6758	forward Loss:0.0567;0.0752	 backward Loss:0.0541;0.0673	 Sentiment Loss:0.2396	Valence Loss:0.8177	 Arousal Loss:0.0968	
[2025-11-17 17:32:05,898][run_task2&3_trainer_multilingual.py][line:1124][INFO] Epoch:[1/1]	 Batch:[1670/4840.0]	 Loss Sum:0.7264	forward Loss:0.0476;0.1546	 backward Loss:0.0776;0.0579	 Sentiment Loss:0.369	Valence Loss:0.0606	 Arousal Loss:0.0377	
[2025-11-17 17:32:07,020][run_task2&3_trainer_multilingual.py][line:1124][INFO] Epoch:[1/1]	 Batch:[1680/4840.0]	 Loss Sum:2.4904	forward Loss:0.258;0.6337	 backward Loss:0.8677;0.3967	 Sentiment Loss:0.0509	Valence Loss:0.6883	 Arousal Loss:0.7286	
[2025-11-17 17:32:08,140][run_task2&3_trainer_multilingual.py][line:1124][INFO] Epoch:[1/1]	 Batch:[1690/4840.0]	 Loss Sum:3.1064	forward Loss:1.3993;0.0911	 backward Loss:0.132;0.705	 Sentiment Loss:0.281	Valence Loss:1.481	 Arousal Loss:1.0091	
[2025-11-17 17:32:09,263][run_task2&3_trainer_multilingual.py][line:1124][INFO] Epoch:[1/1]	 Batch:[1700/4840.0]	 Loss Sum:23.6937	forward Loss:10.6083;1.7086	 backward Loss:2.1249;7.1435	 Sentiment Loss:1.6673	Valence Loss:1.8522	 Arousal Loss:0.3535	
[2025-11-17 17:32:10,386][run_task2&3_trainer_multilingual.py][line:1124][INFO] Epoch:[1/1]	 Batch:[1710/4840.0]	 Loss Sum:4.87	forward Loss:0.2726;1.3156	 backward Loss:2.7468;0.2037	 Sentiment Loss:0.1297	Valence Loss:0.958	 Arousal Loss:0.0503	
[2025-11-17 17:32:11,509][run_task2&3_trainer_multilingual.py][line:1124][INFO] Epoch:[1/1]	 Batch:[1720/4840.0]	 Loss Sum:32.0868	forward Loss:10.6676;9.9749	 backward Loss:4.4135;6.5373	 Sentiment Loss:0.1056	Valence Loss:1.2596	 Arousal Loss:0.6799	
[2025-11-17 17:32:12,630][run_task2&3_trainer_multilingual.py][line:1124][INFO] Epoch:[1/1]	 Batch:[1730/4840.0]	 Loss Sum:19.0588	forward Loss:2.5824;5.4977	 backward Loss:9.3764;1.3381	 Sentiment Loss:0.2335	Valence Loss:0.0844	 Arousal Loss:0.0694	
[2025-11-17 17:32:13,755][run_task2&3_trainer_multilingual.py][line:1124][INFO] Epoch:[1/1]	 Batch:[1740/4840.0]	 Loss Sum:3.5256	forward Loss:0.4818;0.8727	 backward Loss:0.5734;0.6498	 Sentiment Loss:0.3166	Valence Loss:2.3623	 Arousal Loss:0.7944	
[2025-11-17 17:32:14,879][run_task2&3_trainer_multilingual.py][line:1124][INFO] Epoch:[1/1]	 Batch:[1750/4840.0]	 Loss Sum:1.8763	forward Loss:0.388;0.369	 backward Loss:0.2357;0.3064	 Sentiment Loss:0.2257	Valence Loss:1.4363	 Arousal Loss:0.3212	
[2025-11-17 17:32:15,999][run_task2&3_trainer_multilingual.py][line:1124][INFO] Epoch:[1/1]	 Batch:[1760/4840.0]	 Loss Sum:5.2652	forward Loss:0.8849;1.8237	 backward Loss:0.4226;1.6089	 Sentiment Loss:0.3018	Valence Loss:0.2018	 Arousal Loss:0.9145	
[2025-11-17 17:32:17,124][run_task2&3_trainer_multilingual.py][line:1124][INFO] Epoch:[1/1]	 Batch:[1770/4840.0]	 Loss Sum:1.2331	forward Loss:0.0619;0.4724	 backward Loss:0.5094;0.0933	 Sentiment Loss:0.064	Valence Loss:0.0834	 Arousal Loss:0.0773	
[2025-11-17 17:32:18,245][run_task2&3_trainer_multilingual.py][line:1124][INFO] Epoch:[1/1]	 Batch:[1780/4840.0]	 Loss Sum:28.883	forward Loss:5.9078;7.4857	 backward Loss:11.1267;4.134	 Sentiment Loss:0.0822	Valence Loss:0.6675	 Arousal Loss:0.0658	
[2025-11-17 17:32:19,367][run_task2&3_trainer_multilingual.py][line:1124][INFO] Epoch:[1/1]	 Batch:[1790/4840.0]	 Loss Sum:14.5616	forward Loss:0.862;5.173	 backward Loss:5.8647;1.1226	 Sentiment Loss:0.0745	Valence Loss:4.6695	 Arousal Loss:2.6547	
[2025-11-17 17:32:20,488][run_task2&3_trainer_multilingual.py][line:1124][INFO] Epoch:[1/1]	 Batch:[1800/4840.0]	 Loss Sum:3.7358	forward Loss:0.5545;1.0519	 backward Loss:0.9126;1.1377	 Sentiment Loss:0.0122	Valence Loss:0.2987	 Arousal Loss:0.0352	
[2025-11-17 17:32:21,610][run_task2&3_trainer_multilingual.py][line:1124][INFO] Epoch:[1/1]	 Batch:[1810/4840.0]	 Loss Sum:37.5581	forward Loss:14.1389;1.174	 backward Loss:0.3215;19.0468	 Sentiment Loss:2.3665	Valence Loss:1.4341	 Arousal Loss:1.1181	
[2025-11-17 17:32:22,730][run_task2&3_trainer_multilingual.py][line:1124][INFO] Epoch:[1/1]	 Batch:[1820/4840.0]	 Loss Sum:5.7818	forward Loss:1.2507;0.7784	 backward Loss:1.1569;1.4755	 Sentiment Loss:0.7068	Valence Loss:1.4903	 Arousal Loss:0.5767	
[2025-11-17 17:32:23,853][run_task2&3_trainer_multilingual.py][line:1124][INFO] Epoch:[1/1]	 Batch:[1830/4840.0]	 Loss Sum:14.0657	forward Loss:1.4175;3.7697	 backward Loss:5.1318;2.4151	 Sentiment Loss:0.6706	Valence Loss:0.8482	 Arousal Loss:2.4571	
[2025-11-17 17:32:24,974][run_task2&3_trainer_multilingual.py][line:1124][INFO] Epoch:[1/1]	 Batch:[1840/4840.0]	 Loss Sum:7.9868	forward Loss:2.8894;0.7957	 backward Loss:1.9833;1.9702	 Sentiment Loss:0.3108	Valence Loss:0.1562	 Arousal Loss:0.0308	
[2025-11-17 17:32:26,096][run_task2&3_trainer_multilingual.py][line:1124][INFO] Epoch:[1/1]	 Batch:[1850/4840.0]	 Loss Sum:0.7715	forward Loss:0.1692;0.1474	 backward Loss:0.0763;0.1177	 Sentiment Loss:0.0536	Valence Loss:0.5671	 Arousal Loss:0.4699	
[2025-11-17 17:32:27,224][run_task2&3_trainer_multilingual.py][line:1124][INFO] Epoch:[1/1]	 Batch:[1860/4840.0]	 Loss Sum:1.8361	forward Loss:0.4396;0.5161	 backward Loss:0.26;0.4181	 Sentiment Loss:0.1174	Valence Loss:0.3658	 Arousal Loss:0.0593	
[2025-11-17 17:32:28,346][run_task2&3_trainer_multilingual.py][line:1124][INFO] Epoch:[1/1]	 Batch:[1870/4840.0]	 Loss Sum:16.4877	forward Loss:7.2729;3.8814	 backward Loss:1.3438;3.3633	 Sentiment Loss:0.4136	Valence Loss:0.415	 Arousal Loss:0.6483	
[2025-11-17 17:32:29,471][run_task2&3_trainer_multilingual.py][line:1124][INFO] Epoch:[1/1]	 Batch:[1880/4840.0]	 Loss Sum:4.8868	forward Loss:0.3026;1.6109	 backward Loss:1.2814;0.3553	 Sentiment Loss:0.2489	Valence Loss:3.1019	 Arousal Loss:2.3369	
[2025-11-17 17:32:30,594][run_task2&3_trainer_multilingual.py][line:1124][INFO] Epoch:[1/1]	 Batch:[1890/4840.0]	 Loss Sum:1.1241	forward Loss:0.4817;0.1214	 backward Loss:0.1839;0.2055	 Sentiment Loss:0.0894	Valence Loss:0.1067	 Arousal Loss:0.1044	
[2025-11-17 17:32:31,717][run_task2&3_trainer_multilingual.py][line:1124][INFO] Epoch:[1/1]	 Batch:[1900/4840.0]	 Loss Sum:6.5891	forward Loss:0.4124;3.9176	 backward Loss:0.4801;0.4362	 Sentiment Loss:0.9143	Valence Loss:1.471	 Arousal Loss:0.6712	
[2025-11-17 17:32:32,838][run_task2&3_trainer_multilingual.py][line:1124][INFO] Epoch:[1/1]	 Batch:[1910/4840.0]	 Loss Sum:0.6701	forward Loss:0.1008;0.0806	 backward Loss:0.1049;0.0938	 Sentiment Loss:0.1589	Valence Loss:0.1354	 Arousal Loss:0.5205	
[2025-11-17 17:32:33,967][run_task2&3_trainer_multilingual.py][line:1124][INFO] Epoch:[1/1]	 Batch:[1920/4840.0]	 Loss Sum:10.5175	forward Loss:2.8878;0.8379	 backward Loss:6.4597;0.2429	 Sentiment Loss:0.0386	Valence Loss:0.0692	 Arousal Loss:0.1832	
[2025-11-17 17:32:35,090][run_task2&3_trainer_multilingual.py][line:1124][INFO] Epoch:[1/1]	 Batch:[1930/4840.0]	 Loss Sum:5.7292	forward Loss:1.5702;0.0695	 backward Loss:0.0989;2.1977	 Sentiment Loss:1.7569	Valence Loss:0.1458	 Arousal Loss:0.0342	
[2025-11-17 17:32:36,228][run_task2&3_trainer_multilingual.py][line:1124][INFO] Epoch:[1/1]	 Batch:[1940/4840.0]	 Loss Sum:3.8982	forward Loss:0.3559;0.596	 backward Loss:1.2179;1.2235	 Sentiment Loss:0.1119	Valence Loss:0.7716	 Arousal Loss:1.1931	
[2025-11-17 17:32:37,351][run_task2&3_trainer_multilingual.py][line:1124][INFO] Epoch:[1/1]	 Batch:[1950/4840.0]	 Loss Sum:8.7595	forward Loss:0.5681;3.3658	 backward Loss:1.5864;0.8014	 Sentiment Loss:2.1321	Valence Loss:1.3297	 Arousal Loss:0.1986	
[2025-11-17 17:32:38,473][run_task2&3_trainer_multilingual.py][line:1124][INFO] Epoch:[1/1]	 Batch:[1960/4840.0]	 Loss Sum:1.0811	forward Loss:0.1814;0.1143	 backward Loss:0.0635;0.3479	 Sentiment Loss:0.2085	Valence Loss:0.8022	 Arousal Loss:0.0246	
[2025-11-17 17:32:39,593][run_task2&3_trainer_multilingual.py][line:1124][INFO] Epoch:[1/1]	 Batch:[1970/4840.0]	 Loss Sum:11.8177	forward Loss:2.3816;2.0496	 backward Loss:0.1788;3.8279	 Sentiment Loss:3.3413	Valence Loss:0.1002	 Arousal Loss:0.0924	
[2025-11-17 17:32:40,716][run_task2&3_trainer_multilingual.py][line:1124][INFO] Epoch:[1/1]	 Batch:[1980/4840.0]	 Loss Sum:23.761	forward Loss:2.5768;8.6688	 backward Loss:7.2266;3.8346	 Sentiment Loss:1.1998	Valence Loss:0.8254	 Arousal Loss:0.4461	
[2025-11-17 17:32:41,836][run_task2&3_trainer_multilingual.py][line:1124][INFO] Epoch:[1/1]	 Batch:[1990/4840.0]	 Loss Sum:7.4922	forward Loss:0.9078;1.226	 backward Loss:0.7769;1.0487	 Sentiment Loss:3.0771	Valence Loss:2.0908	 Arousal Loss:0.1878	
[2025-11-17 17:32:42,959][run_task2&3_trainer_multilingual.py][line:1124][INFO] Epoch:[1/1]	 Batch:[2000/4840.0]	 Loss Sum:12.178	forward Loss:1.4774;2.9956	 backward Loss:1.8321;1.4606	 Sentiment Loss:2.7716	Valence Loss:7.1015	 Arousal Loss:1.1016	
[2025-11-17 17:32:44,082][run_task2&3_trainer_multilingual.py][line:1124][INFO] Epoch:[1/1]	 Batch:[2010/4840.0]	 Loss Sum:9.8679	forward Loss:1.8602;2.5637	 backward Loss:3.8122;0.6884	 Sentiment Loss:0.1524	Valence Loss:2.5146	 Arousal Loss:1.4407	
[2025-11-17 17:32:45,204][run_task2&3_trainer_multilingual.py][line:1124][INFO] Epoch:[1/1]	 Batch:[2020/4840.0]	 Loss Sum:13.6228	forward Loss:2.4113;3.5891	 backward Loss:1.6119;5.6936	 Sentiment Loss:0.1949	Valence Loss:0.239	 Arousal Loss:0.3704	
[2025-11-17 17:32:46,327][run_task2&3_trainer_multilingual.py][line:1124][INFO] Epoch:[1/1]	 Batch:[2030/4840.0]	 Loss Sum:2.2662	forward Loss:0.7993;0.1316	 backward Loss:0.0968;0.3571	 Sentiment Loss:0.4962	Valence Loss:1.2405	 Arousal Loss:0.6856	
[2025-11-17 17:32:47,447][run_task2&3_trainer_multilingual.py][line:1124][INFO] Epoch:[1/1]	 Batch:[2040/4840.0]	 Loss Sum:4.3639	forward Loss:1.0158;1.4997	 backward Loss:0.8982;0.8116	 Sentiment Loss:0.1014	Valence Loss:0.0995	 Arousal Loss:0.0865	
[2025-11-17 17:32:48,570][run_task2&3_trainer_multilingual.py][line:1124][INFO] Epoch:[1/1]	 Batch:[2050/4840.0]	 Loss Sum:14.6523	forward Loss:1.5387;5.5805	 backward Loss:5.7016;0.6073	 Sentiment Loss:1.1474	Valence Loss:0.1946	 Arousal Loss:0.1891	
[2025-11-17 17:32:49,691][run_task2&3_trainer_multilingual.py][line:1124][INFO] Epoch:[1/1]	 Batch:[2060/4840.0]	 Loss Sum:6.138	forward Loss:1.5331;1.4445	 backward Loss:2.0889;0.8709	 Sentiment Loss:0.038	Valence Loss:0.7946	 Arousal Loss:0.018	
[2025-11-17 17:32:50,813][run_task2&3_trainer_multilingual.py][line:1124][INFO] Epoch:[1/1]	 Batch:[2070/4840.0]	 Loss Sum:3.9911	forward Loss:0.1122;2.4616	 backward Loss:0.7948;0.4555	 Sentiment Loss:0.0505	Valence Loss:0.5574	 Arousal Loss:0.0252	
[2025-11-17 17:32:51,935][run_task2&3_trainer_multilingual.py][line:1124][INFO] Epoch:[1/1]	 Batch:[2080/4840.0]	 Loss Sum:6.2031	forward Loss:2.9713;0.1198	 backward Loss:0.839;0.9514	 Sentiment Loss:0.9743	Valence Loss:1.6479	 Arousal Loss:0.0883	
[2025-11-17 17:32:53,059][run_task2&3_trainer_multilingual.py][line:1124][INFO] Epoch:[1/1]	 Batch:[2090/4840.0]	 Loss Sum:11.4061	forward Loss:1.317;2.1721	 backward Loss:1.3116;1.2365	 Sentiment Loss:5.1162	Valence Loss:0.0915	 Arousal Loss:1.1723	
[2025-11-17 17:32:54,181][run_task2&3_trainer_multilingual.py][line:1124][INFO] Epoch:[1/1]	 Batch:[2100/4840.0]	 Loss Sum:17.695	forward Loss:6.9602;0.0559	 backward Loss:0.0888;7.1062	 Sentiment Loss:3.4539	Valence Loss:0.0532	 Arousal Loss:0.0962	
[2025-11-17 17:32:55,305][run_task2&3_trainer_multilingual.py][line:1124][INFO] Epoch:[1/1]	 Batch:[2110/4840.0]	 Loss Sum:31.767	forward Loss:10.7602;8.5719	 backward Loss:5.8304;6.231	 Sentiment Loss:0.1246	Valence Loss:0.7559	 Arousal Loss:0.4883	
[2025-11-17 17:32:56,427][run_task2&3_trainer_multilingual.py][line:1124][INFO] Epoch:[1/1]	 Batch:[2120/4840.0]	 Loss Sum:5.8394	forward Loss:0.2572;2.9694	 backward Loss:1.7513;0.5982	 Sentiment Loss:0.1097	Valence Loss:0.3157	 Arousal Loss:0.4522	
[2025-11-17 17:32:57,553][run_task2&3_trainer_multilingual.py][line:1124][INFO] Epoch:[1/1]	 Batch:[2130/4840.0]	 Loss Sum:4.7889	forward Loss:0.0427;0.1718	 backward Loss:0.0945;0.0388	 Sentiment Loss:3.7603	Valence Loss:1.3913	 Arousal Loss:2.0123	
[2025-11-17 17:32:58,675][run_task2&3_trainer_multilingual.py][line:1124][INFO] Epoch:[1/1]	 Batch:[2140/4840.0]	 Loss Sum:9.7876	forward Loss:4.2105;0.4983	 backward Loss:1.6369;3.3171	 Sentiment Loss:0.1013	Valence Loss:0.0865	 Arousal Loss:0.0307	
[2025-11-17 17:32:59,802][run_task2&3_trainer_multilingual.py][line:1124][INFO] Epoch:[1/1]	 Batch:[2150/4840.0]	 Loss Sum:2.3219	forward Loss:0.3888;0.8234	 backward Loss:0.9736;0.0989	 Sentiment Loss:0.0232	Valence Loss:0.0351	 Arousal Loss:0.036	
[2025-11-17 17:33:00,925][run_task2&3_trainer_multilingual.py][line:1124][INFO] Epoch:[1/1]	 Batch:[2160/4840.0]	 Loss Sum:7.2766	forward Loss:0.769;3.1371	 backward Loss:1.3819;0.5335	 Sentiment Loss:1.2101	Valence Loss:1.1824	 Arousal Loss:0.0426	
[2025-11-17 17:33:02,048][run_task2&3_trainer_multilingual.py][line:1124][INFO] Epoch:[1/1]	 Batch:[2170/4840.0]	 Loss Sum:0.9509	forward Loss:0.1606;0.1442	 backward Loss:0.1244;0.1628	 Sentiment Loss:0.2072	Valence Loss:0.4275	 Arousal Loss:0.3314	
[2025-11-17 17:33:03,171][run_task2&3_trainer_multilingual.py][line:1124][INFO] Epoch:[1/1]	 Batch:[2180/4840.0]	 Loss Sum:34.4618	forward Loss:10.7742;3.9329	 backward Loss:1.2393;14.2519	 Sentiment Loss:4.1265	Valence Loss:0.4449	 Arousal Loss:0.2404	
[2025-11-17 17:33:04,293][run_task2&3_trainer_multilingual.py][line:1124][INFO] Epoch:[1/1]	 Batch:[2190/4840.0]	 Loss Sum:6.5183	forward Loss:0.8376;1.3953	 backward Loss:1.8618;1.9255	 Sentiment Loss:0.2978	Valence Loss:0.8403	 Arousal Loss:0.1608	
[2025-11-17 17:33:05,418][run_task2&3_trainer_multilingual.py][line:1124][INFO] Epoch:[1/1]	 Batch:[2200/4840.0]	 Loss Sum:3.4009	forward Loss:0.1461;2.6559	 backward Loss:0.3005;0.1337	 Sentiment Loss:0.0399	Valence Loss:0.2039	 Arousal Loss:0.42	
[2025-11-17 17:33:06,543][run_task2&3_trainer_multilingual.py][line:1124][INFO] Epoch:[1/1]	 Batch:[2210/4840.0]	 Loss Sum:0.352	forward Loss:0.0211;0.1433	 backward Loss:0.0663;0.0391	 Sentiment Loss:0.0587	Valence Loss:0.0336	 Arousal Loss:0.0828	
[2025-11-17 17:33:07,669][run_task2&3_trainer_multilingual.py][line:1124][INFO] Epoch:[1/1]	 Batch:[2220/4840.0]	 Loss Sum:0.4908	forward Loss:0.0957;0.0459	 backward Loss:0.0292;0.065	 Sentiment Loss:0.0718	Valence Loss:0.8006	 Arousal Loss:0.1153	
[2025-11-17 17:33:08,791][run_task2&3_trainer_multilingual.py][line:1124][INFO] Epoch:[1/1]	 Batch:[2230/4840.0]	 Loss Sum:7.4857	forward Loss:0.0687;4.4449	 backward Loss:1.9475;0.0893	 Sentiment Loss:0.2423	Valence Loss:3.3302	 Arousal Loss:0.1342	
[2025-11-17 17:33:09,915][run_task2&3_trainer_multilingual.py][line:1124][INFO] Epoch:[1/1]	 Batch:[2240/4840.0]	 Loss Sum:10.3928	forward Loss:1.1228;4.4895	 backward Loss:2.292;2.2992	 Sentiment Loss:0.0132	Valence Loss:0.4413	 Arousal Loss:0.4393	
[2025-11-17 17:33:11,036][run_task2&3_trainer_multilingual.py][line:1124][INFO] Epoch:[1/1]	 Batch:[2250/4840.0]	 Loss Sum:0.6741	forward Loss:0.1253;0.0976	 backward Loss:0.086;0.1736	 Sentiment Loss:0.0102	Valence Loss:0.3057	 Arousal Loss:0.601	
[2025-11-17 17:33:12,161][run_task2&3_trainer_multilingual.py][line:1124][INFO] Epoch:[1/1]	 Batch:[2260/4840.0]	 Loss Sum:10.8129	forward Loss:3.5546;1.6466	 backward Loss:2.107;2.8701	 Sentiment Loss:0.3744	Valence Loss:0.7481	 Arousal Loss:0.5529	
[2025-11-17 17:33:13,281][run_task2&3_trainer_multilingual.py][line:1124][INFO] Epoch:[1/1]	 Batch:[2270/4840.0]	 Loss Sum:20.4213	forward Loss:1.5797;9.8382	 backward Loss:6.6467;1.8249	 Sentiment Loss:0.1395	Valence Loss:0.8393	 Arousal Loss:1.1218	
[2025-11-17 17:33:14,407][run_task2&3_trainer_multilingual.py][line:1124][INFO] Epoch:[1/1]	 Batch:[2280/4840.0]	 Loss Sum:2.9585	forward Loss:0.2482;0.1335	 backward Loss:0.0277;2.0517	 Sentiment Loss:0.0651	Valence Loss:1.7037	 Arousal Loss:0.458	
[2025-11-17 17:33:15,529][run_task2&3_trainer_multilingual.py][line:1124][INFO] Epoch:[1/1]	 Batch:[2290/4840.0]	 Loss Sum:8.8057	forward Loss:2.6553;2.9259	 backward Loss:1.7954;1.0651	 Sentiment Loss:0.3309	Valence Loss:0.0419	 Arousal Loss:0.1236	
[2025-11-17 17:33:16,655][run_task2&3_trainer_multilingual.py][line:1124][INFO] Epoch:[1/1]	 Batch:[2300/4840.0]	 Loss Sum:1.373	forward Loss:0.3488;0.1397	 backward Loss:0.0359;0.0848	 Sentiment Loss:0.0698	Valence Loss:3.2046	 Arousal Loss:0.265	
[2025-11-17 17:33:17,794][run_task2&3_trainer_multilingual.py][line:1124][INFO] Epoch:[1/1]	 Batch:[2310/4840.0]	 Loss Sum:20.0593	forward Loss:3.0307;5.5644	 backward Loss:6.5959;2.7699	 Sentiment Loss:1.3238	Valence Loss:2.8435	 Arousal Loss:1.0299	
[2025-11-17 17:33:18,918][run_task2&3_trainer_multilingual.py][line:1124][INFO] Epoch:[1/1]	 Batch:[2320/4840.0]	 Loss Sum:35.0121	forward Loss:8.6395;1.176	 backward Loss:7.4246;13.8753	 Sentiment Loss:3.7572	Valence Loss:0.6087	 Arousal Loss:0.0894	
[2025-11-17 17:33:20,041][run_task2&3_trainer_multilingual.py][line:1124][INFO] Epoch:[1/1]	 Batch:[2330/4840.0]	 Loss Sum:5.2377	forward Loss:0.6035;1.9134	 backward Loss:1.6154;1.0087	 Sentiment Loss:0.0392	Valence Loss:0.0506	 Arousal Loss:0.2364	
[2025-11-17 17:33:21,163][run_task2&3_trainer_multilingual.py][line:1124][INFO] Epoch:[1/1]	 Batch:[2340/4840.0]	 Loss Sum:4.111	forward Loss:0.8431;0.2903	 backward Loss:2.2372;0.5422	 Sentiment Loss:0.0991	Valence Loss:0.3482	 Arousal Loss:0.1467	
[2025-11-17 17:33:22,287][run_task2&3_trainer_multilingual.py][line:1124][INFO] Epoch:[1/1]	 Batch:[2350/4840.0]	 Loss Sum:14.923	forward Loss:4.764;2.2461	 backward Loss:1.7114;5.4359	 Sentiment Loss:0.0396	Valence Loss:0.9548	 Arousal Loss:2.6749	
[2025-11-17 17:33:23,408][run_task2&3_trainer_multilingual.py][line:1124][INFO] Epoch:[1/1]	 Batch:[2360/4840.0]	 Loss Sum:5.0514	forward Loss:1.3343;0.4106	 backward Loss:0.3965;1.6831	 Sentiment Loss:1.1476	Valence Loss:0.2476	 Arousal Loss:0.1492	
[2025-11-17 17:33:24,531][run_task2&3_trainer_multilingual.py][line:1124][INFO] Epoch:[1/1]	 Batch:[2370/4840.0]	 Loss Sum:14.2595	forward Loss:5.929;0.7258	 backward Loss:0.5983;6.5079	 Sentiment Loss:0.1207	Valence Loss:1.4066	 Arousal Loss:0.4823	
[2025-11-17 17:33:25,652][run_task2&3_trainer_multilingual.py][line:1124][INFO] Epoch:[1/1]	 Batch:[2380/4840.0]	 Loss Sum:5.9879	forward Loss:0.153;1.0874	 backward Loss:3.3322;0.172	 Sentiment Loss:0.0559	Valence Loss:5.8864	 Arousal Loss:0.0506	
[2025-11-17 17:33:26,776][run_task2&3_trainer_multilingual.py][line:1124][INFO] Epoch:[1/1]	 Batch:[2390/4840.0]	 Loss Sum:8.4262	forward Loss:0.2983;5.3273	 backward Loss:1.7064;0.3563	 Sentiment Loss:0.0781	Valence Loss:1.9782	 Arousal Loss:1.3206	
[2025-11-17 17:33:27,899][run_task2&3_trainer_multilingual.py][line:1124][INFO] Epoch:[1/1]	 Batch:[2400/4840.0]	 Loss Sum:13.3888	forward Loss:4.5681;2.1704	 backward Loss:2.2017;2.8733	 Sentiment Loss:1.2126	Valence Loss:1.7701	 Arousal Loss:0.0429	
[2025-11-17 17:33:29,025][run_task2&3_trainer_multilingual.py][line:1124][INFO] Epoch:[1/1]	 Batch:[2410/4840.0]	 Loss Sum:1.4453	forward Loss:0.2921;0.2109	 backward Loss:0.4035;0.2188	 Sentiment Loss:0.2887	Valence Loss:0.1237	 Arousal Loss:0.0329	
[2025-11-17 17:33:30,146][run_task2&3_trainer_multilingual.py][line:1124][INFO] Epoch:[1/1]	 Batch:[2420/4840.0]	 Loss Sum:3.7514	forward Loss:0.6159;1.5758	 backward Loss:0.3335;1.0886	 Sentiment Loss:0.0594	Valence Loss:0.165	 Arousal Loss:0.2261	
[2025-11-17 17:33:31,269][run_task2&3_trainer_multilingual.py][line:1124][INFO] Epoch:[1/1]	 Batch:[2430/4840.0]	 Loss Sum:10.0594	forward Loss:0.7685;6.1656	 backward Loss:1.9951;0.5162	 Sentiment Loss:0.5265	Valence Loss:0.264	 Arousal Loss:0.1734	
[2025-11-17 17:33:32,396][run_task2&3_trainer_multilingual.py][line:1124][INFO] Epoch:[1/1]	 Batch:[2440/4840.0]	 Loss Sum:0.4771	forward Loss:0.1285;0.0967	 backward Loss:0.0411;0.1363	 Sentiment Loss:0.0321	Valence Loss:0.0481	 Arousal Loss:0.1641	
[2025-11-17 17:33:33,518][run_task2&3_trainer_multilingual.py][line:1124][INFO] Epoch:[1/1]	 Batch:[2450/4840.0]	 Loss Sum:5.2556	forward Loss:1.2226;2.3296	 backward Loss:0.5311;1.0225	 Sentiment Loss:0.0733	Valence Loss:0.2714	 Arousal Loss:0.111	
[2025-11-17 17:33:34,640][run_task2&3_trainer_multilingual.py][line:1124][INFO] Epoch:[1/1]	 Batch:[2460/4840.0]	 Loss Sum:1.7599	forward Loss:0.0812;0.4402	 backward Loss:0.2401;0.0573	 Sentiment Loss:0.4535	Valence Loss:1.5853	 Arousal Loss:0.8527	
[2025-11-17 17:33:35,760][run_task2&3_trainer_multilingual.py][line:1124][INFO] Epoch:[1/1]	 Batch:[2470/4840.0]	 Loss Sum:1.6433	forward Loss:0.4567;0.0857	 backward Loss:0.0725;0.8634	 Sentiment Loss:0.1338	Valence Loss:0.0721	 Arousal Loss:0.0836	
[2025-11-17 17:33:36,884][run_task2&3_trainer_multilingual.py][line:1124][INFO] Epoch:[1/1]	 Batch:[2480/4840.0]	 Loss Sum:0.2206	forward Loss:0.0417;0.0537	 backward Loss:0.046;0.0266	 Sentiment Loss:0.0337	Valence Loss:0.054	 Arousal Loss:0.0406	
[2025-11-17 17:33:38,004][run_task2&3_trainer_multilingual.py][line:1124][INFO] Epoch:[1/1]	 Batch:[2490/4840.0]	 Loss Sum:2.4556	forward Loss:0.0219;1.2165	 backward Loss:0.9372;0.0538	 Sentiment Loss:0.0517	Valence Loss:0.8098	 Arousal Loss:0.0628	
[2025-11-17 17:33:39,128][run_task2&3_trainer_multilingual.py][line:1124][INFO] Epoch:[1/1]	 Batch:[2500/4840.0]	 Loss Sum:12.7084	forward Loss:6.8637;0.4364	 backward Loss:0.3264;4.8168	 Sentiment Loss:0.1756	Valence Loss:0.3068	 Arousal Loss:0.1406	
[2025-11-17 17:33:40,247][run_task2&3_trainer_multilingual.py][line:1124][INFO] Epoch:[1/1]	 Batch:[2510/4840.0]	 Loss Sum:0.4686	forward Loss:0.0321;0.0425	 backward Loss:0.0196;0.0446	 Sentiment Loss:0.2232	Valence Loss:0.1236	 Arousal Loss:0.4099	
[2025-11-17 17:33:41,368][run_task2&3_trainer_multilingual.py][line:1124][INFO] Epoch:[1/1]	 Batch:[2520/4840.0]	 Loss Sum:1.2721	forward Loss:0.5617;0.0786	 backward Loss:0.0216;0.341	 Sentiment Loss:0.0328	Valence Loss:0.7562	 Arousal Loss:0.4255	
[2025-11-17 17:33:42,488][run_task2&3_trainer_multilingual.py][line:1124][INFO] Epoch:[1/1]	 Batch:[2530/4840.0]	 Loss Sum:3.9568	forward Loss:0.0754;3.0279	 backward Loss:0.6053;0.0385	 Sentiment Loss:0.037	Valence Loss:0.6302	 Arousal Loss:0.2339	
[2025-11-17 17:33:43,610][run_task2&3_trainer_multilingual.py][line:1124][INFO] Epoch:[1/1]	 Batch:[2540/4840.0]	 Loss Sum:8.6355	forward Loss:0.1549;2.0617	 backward Loss:1.0615;0.0817	 Sentiment Loss:4.5202	Valence Loss:2.2415	 Arousal Loss:1.5357	
[2025-11-17 17:33:44,729][run_task2&3_trainer_multilingual.py][line:1124][INFO] Epoch:[1/1]	 Batch:[2550/4840.0]	 Loss Sum:2.0588	forward Loss:0.1508;0.8928	 backward Loss:0.7792;0.068	 Sentiment Loss:0.0277	Valence Loss:0.3181	 Arousal Loss:0.384	
[2025-11-17 17:33:45,851][run_task2&3_trainer_multilingual.py][line:1124][INFO] Epoch:[1/1]	 Batch:[2560/4840.0]	 Loss Sum:8.9456	forward Loss:3.3081;1.694	 backward Loss:0.2911;0.7546	 Sentiment Loss:1.9338	Valence Loss:2.8458	 Arousal Loss:1.974	
[2025-11-17 17:33:46,971][run_task2&3_trainer_multilingual.py][line:1124][INFO] Epoch:[1/1]	 Batch:[2570/4840.0]	 Loss Sum:7.9129	forward Loss:0.6738;2.3368	 backward Loss:3.6004;0.3557	 Sentiment Loss:0.3609	Valence Loss:2.0582	 Arousal Loss:0.8682	
[2025-11-17 17:33:48,093][run_task2&3_trainer_multilingual.py][line:1124][INFO] Epoch:[1/1]	 Batch:[2580/4840.0]	 Loss Sum:0.9674	forward Loss:0.0351;0.1439	 backward Loss:0.0753;0.0421	 Sentiment Loss:0.6166	Valence Loss:0.2174	 Arousal Loss:0.054	
[2025-11-17 17:33:49,216][run_task2&3_trainer_multilingual.py][line:1124][INFO] Epoch:[1/1]	 Batch:[2590/4840.0]	 Loss Sum:9.6344	forward Loss:0.6292;5.4414	 backward Loss:2.9675;0.2823	 Sentiment Loss:0.0586	Valence Loss:0.9492	 Arousal Loss:0.3278	
[2025-11-17 17:33:50,335][run_task2&3_trainer_multilingual.py][line:1124][INFO] Epoch:[1/1]	 Batch:[2600/4840.0]	 Loss Sum:7.6301	forward Loss:3.0882;2.3292	 backward Loss:0.3132;1.4345	 Sentiment Loss:0.3416	Valence Loss:0.3557	 Arousal Loss:0.2611	
[2025-11-17 17:33:51,456][run_task2&3_trainer_multilingual.py][line:1124][INFO] Epoch:[1/1]	 Batch:[2610/4840.0]	 Loss Sum:10.1997	forward Loss:3.7128;2.9899	 backward Loss:0.5742;2.6601	 Sentiment Loss:0.0795	Valence Loss:0.1637	 Arousal Loss:0.7526	
[2025-11-17 17:33:52,575][run_task2&3_trainer_multilingual.py][line:1124][INFO] Epoch:[1/1]	 Batch:[2620/4840.0]	 Loss Sum:5.2541	forward Loss:0.8228;0.8524	 backward Loss:2.2748;0.3787	 Sentiment Loss:0.0935	Valence Loss:2.9824	 Arousal Loss:1.1773	
[2025-11-17 17:33:53,695][run_task2&3_trainer_multilingual.py][line:1124][INFO] Epoch:[1/1]	 Batch:[2630/4840.0]	 Loss Sum:17.3474	forward Loss:2.8166;5.1389	 backward Loss:6.8889;1.639	 Sentiment Loss:0.7754	Valence Loss:0.0709	 Arousal Loss:0.3719	
[2025-11-17 17:33:54,814][run_task2&3_trainer_multilingual.py][line:1124][INFO] Epoch:[1/1]	 Batch:[2640/4840.0]	 Loss Sum:1.3041	forward Loss:0.2317;0.3322	 backward Loss:0.4119;0.122	 Sentiment Loss:0.0651	Valence Loss:0.5804	 Arousal Loss:0.1256	
[2025-11-17 17:33:55,936][run_task2&3_trainer_multilingual.py][line:1124][INFO] Epoch:[1/1]	 Batch:[2650/4840.0]	 Loss Sum:11.5612	forward Loss:4.2784;0.2685	 backward Loss:0.5133;3.9599	 Sentiment Loss:2.3011	Valence Loss:1.0983	 Arousal Loss:0.101	
[2025-11-17 17:33:57,055][run_task2&3_trainer_multilingual.py][line:1124][INFO] Epoch:[1/1]	 Batch:[2660/4840.0]	 Loss Sum:7.8673	forward Loss:0.6932;0.3648	 backward Loss:0.9193;0.5943	 Sentiment Loss:5.2196	Valence Loss:0.2051	 Arousal Loss:0.1758	
[2025-11-17 17:33:58,182][run_task2&3_trainer_multilingual.py][line:1124][INFO] Epoch:[1/1]	 Batch:[2670/4840.0]	 Loss Sum:1.2534	forward Loss:0.0406;0.3624	 backward Loss:0.6352;0.0201	 Sentiment Loss:0.0277	Valence Loss:0.167	 Arousal Loss:0.6704	
[2025-11-17 17:33:59,302][run_task2&3_trainer_multilingual.py][line:1124][INFO] Epoch:[1/1]	 Batch:[2680/4840.0]	 Loss Sum:2.1278	forward Loss:0.5281;0.0578	 backward Loss:0.0317;0.5357	 Sentiment Loss:0.6738	Valence Loss:1.1712	 Arousal Loss:0.3319	
[2025-11-17 17:34:00,424][run_task2&3_trainer_multilingual.py][line:1124][INFO] Epoch:[1/1]	 Batch:[2690/4840.0]	 Loss Sum:5.9586	forward Loss:0.0364;4.4686	 backward Loss:0.8347;0.0469	 Sentiment Loss:0.0334	Valence Loss:2.2873	 Arousal Loss:0.4058	
[2025-11-17 17:34:01,544][run_task2&3_trainer_multilingual.py][line:1124][INFO] Epoch:[1/1]	 Batch:[2700/4840.0]	 Loss Sum:10.1947	forward Loss:0.0887;3.6969	 backward Loss:4.5419;0.0556	 Sentiment Loss:1.2492	Valence Loss:1.9331	 Arousal Loss:0.8787	
[2025-11-17 17:34:02,666][run_task2&3_trainer_multilingual.py][line:1124][INFO] Epoch:[1/1]	 Batch:[2710/4840.0]	 Loss Sum:1.4227	forward Loss:0.3593;0.0657	 backward Loss:0.0545;0.342	 Sentiment Loss:0.4605	Valence Loss:0.5257	 Arousal Loss:0.1777	
[2025-11-17 17:34:03,787][run_task2&3_trainer_multilingual.py][line:1124][INFO] Epoch:[1/1]	 Batch:[2720/4840.0]	 Loss Sum:5.9721	forward Loss:0.2951;1.4446	 backward Loss:1.1331;0.1374	 Sentiment Loss:2.7426	Valence Loss:0.9343	 Arousal Loss:0.1618	
[2025-11-17 17:34:04,908][run_task2&3_trainer_multilingual.py][line:1124][INFO] Epoch:[1/1]	 Batch:[2730/4840.0]	 Loss Sum:3.9852	forward Loss:0.0736;1.6892	 backward Loss:0.423;0.0755	 Sentiment Loss:0.8438	Valence Loss:2.9585	 Arousal Loss:1.4419	
[2025-11-17 17:34:06,034][run_task2&3_trainer_multilingual.py][line:1124][INFO] Epoch:[1/1]	 Batch:[2740/4840.0]	 Loss Sum:18.1747	forward Loss:5.164;2.8606	 backward Loss:6.3238;0.9462	 Sentiment Loss:2.864	Valence Loss:0.0371	 Arousal Loss:0.0433	
[2025-11-17 17:34:07,171][run_task2&3_trainer_multilingual.py][line:1124][INFO] Epoch:[1/1]	 Batch:[2750/4840.0]	 Loss Sum:22.8391	forward Loss:0.2072;9.9753	 backward Loss:11.04;0.0705	 Sentiment Loss:1.1344	Valence Loss:1.1055	 Arousal Loss:0.9536	
[2025-11-17 17:34:08,310][run_task2&3_trainer_multilingual.py][line:1124][INFO] Epoch:[1/1]	 Batch:[2760/4840.0]	 Loss Sum:12.8695	forward Loss:2.5947;0.7517	 backward Loss:0.6003;2.1417	 Sentiment Loss:6.5242	Valence Loss:1.257	 Arousal Loss:0.0276	
[2025-11-17 17:34:09,446][run_task2&3_trainer_multilingual.py][line:1124][INFO] Epoch:[1/1]	 Batch:[2770/4840.0]	 Loss Sum:5.1926	forward Loss:1.4753;1.5685	 backward Loss:1.5611;0.1162	 Sentiment Loss:0.1138	Valence Loss:1.0022	 Arousal Loss:0.7866	
[2025-11-17 17:34:10,587][run_task2&3_trainer_multilingual.py][line:1124][INFO] Epoch:[1/1]	 Batch:[2780/4840.0]	 Loss Sum:7.1686	forward Loss:0.319;2.0879	 backward Loss:1.4508;0.8205	 Sentiment Loss:1.9755	Valence Loss:0.6616	 Arousal Loss:1.9125	
[2025-11-17 17:34:11,725][run_task2&3_trainer_multilingual.py][line:1124][INFO] Epoch:[1/1]	 Batch:[2790/4840.0]	 Loss Sum:3.3762	forward Loss:0.0329;1.1277	 backward Loss:0.9098;0.0469	 Sentiment Loss:0.042	Valence Loss:5.6642	 Arousal Loss:0.4197	
[2025-11-17 17:34:12,865][run_task2&3_trainer_multilingual.py][line:1124][INFO] Epoch:[1/1]	 Batch:[2800/4840.0]	 Loss Sum:6.9861	forward Loss:1.2454;0.9626	 backward Loss:2.3357;1.0657	 Sentiment Loss:1.251	Valence Loss:0.4112	 Arousal Loss:0.2175	
[2025-11-17 17:34:14,000][run_task2&3_trainer_multilingual.py][line:1124][INFO] Epoch:[1/1]	 Batch:[2810/4840.0]	 Loss Sum:1.012	forward Loss:0.0566;0.3057	 backward Loss:0.2914;0.2821	 Sentiment Loss:0.0254	Valence Loss:0.1636	 Arousal Loss:0.0906	
[2025-11-17 17:34:15,144][run_task2&3_trainer_multilingual.py][line:1124][INFO] Epoch:[1/1]	 Batch:[2820/4840.0]	 Loss Sum:6.7173	forward Loss:1.5802;1.4981	 backward Loss:1.6427;1.7474	 Sentiment Loss:0.0922	Valence Loss:0.4698	 Arousal Loss:0.314	
[2025-11-17 17:34:16,280][run_task2&3_trainer_multilingual.py][line:1124][INFO] Epoch:[1/1]	 Batch:[2830/4840.0]	 Loss Sum:9.5792	forward Loss:0.2194;3.7992	 backward Loss:5.0101;0.2319	 Sentiment Loss:0.1915	Valence Loss:0.2677	 Arousal Loss:0.3672	
[2025-11-17 17:34:17,418][run_task2&3_trainer_multilingual.py][line:1124][INFO] Epoch:[1/1]	 Batch:[2840/4840.0]	 Loss Sum:42.0519	forward Loss:5.7897;7.4007	 backward Loss:18.9494;7.2012	 Sentiment Loss:1.1694	Valence Loss:6.2101	 Arousal Loss:1.4982	
[2025-11-17 17:34:18,558][run_task2&3_trainer_multilingual.py][line:1124][INFO] Epoch:[1/1]	 Batch:[2850/4840.0]	 Loss Sum:1.5354	forward Loss:0.0665;0.4494	 backward Loss:0.7198;0.1104	 Sentiment Loss:0.1443	Valence Loss:0.0953	 Arousal Loss:0.1293	
[2025-11-17 17:34:19,697][run_task2&3_trainer_multilingual.py][line:1124][INFO] Epoch:[1/1]	 Batch:[2860/4840.0]	 Loss Sum:3.7169	forward Loss:0.2788;2.0979	 backward Loss:0.3137;0.4583	 Sentiment Loss:0.0878	Valence Loss:0.1936	 Arousal Loss:2.208	
[2025-11-17 17:34:20,834][run_task2&3_trainer_multilingual.py][line:1124][INFO] Epoch:[1/1]	 Batch:[2870/4840.0]	 Loss Sum:12.5907	forward Loss:5.3826;1.5762	 backward Loss:2.5367;2.7072	 Sentiment Loss:0.1515	Valence Loss:0.1864	 Arousal Loss:0.9961	
[2025-11-17 17:34:21,972][run_task2&3_trainer_multilingual.py][line:1124][INFO] Epoch:[1/1]	 Batch:[2880/4840.0]	 Loss Sum:1.021	forward Loss:0.3776;0.2077	 backward Loss:0.0548;0.2874	 Sentiment Loss:0.0718	Valence Loss:0.0572	 Arousal Loss:0.0513	
[2025-11-17 17:34:23,112][run_task2&3_trainer_multilingual.py][line:1124][INFO] Epoch:[1/1]	 Batch:[2890/4840.0]	 Loss Sum:2.4053	forward Loss:0.164;1.06	 backward Loss:0.3839;0.4933	 Sentiment Loss:0.2819	Valence Loss:0.0413	 Arousal Loss:0.0697	
[2025-11-17 17:34:24,246][run_task2&3_trainer_multilingual.py][line:1124][INFO] Epoch:[1/1]	 Batch:[2900/4840.0]	 Loss Sum:3.3299	forward Loss:1.7431;0.1009	 backward Loss:0.074;0.6624	 Sentiment Loss:0.3698	Valence Loss:1.5	 Arousal Loss:0.399	
[2025-11-17 17:34:25,385][run_task2&3_trainer_multilingual.py][line:1124][INFO] Epoch:[1/1]	 Batch:[2910/4840.0]	 Loss Sum:7.4219	forward Loss:0.0806;2.7955	 backward Loss:4.3125;0.0686	 Sentiment Loss:0.0451	Valence Loss:0.1486	 Arousal Loss:0.4488	
[2025-11-17 17:34:26,521][run_task2&3_trainer_multilingual.py][line:1124][INFO] Epoch:[1/1]	 Batch:[2920/4840.0]	 Loss Sum:2.5698	forward Loss:0.3988;0.4207	 backward Loss:0.6839;0.4335	 Sentiment Loss:0.163	Valence Loss:0.7644	 Arousal Loss:1.5856	
[2025-11-17 17:34:27,659][run_task2&3_trainer_multilingual.py][line:1124][INFO] Epoch:[1/1]	 Batch:[2930/4840.0]	 Loss Sum:11.9065	forward Loss:4.1531;0.8041	 backward Loss:0.2165;6.357	 Sentiment Loss:0.1145	Valence Loss:0.7843	 Arousal Loss:0.5226	
[2025-11-17 17:34:28,797][run_task2&3_trainer_multilingual.py][line:1124][INFO] Epoch:[1/1]	 Batch:[2940/4840.0]	 Loss Sum:3.9142	forward Loss:0.0857;0.1195	 backward Loss:0.0639;0.0353	 Sentiment Loss:3.0899	Valence Loss:1.8342	 Arousal Loss:0.7654	
[2025-11-17 17:34:29,936][run_task2&3_trainer_multilingual.py][line:1124][INFO] Epoch:[1/1]	 Batch:[2950/4840.0]	 Loss Sum:12.7275	forward Loss:3.2114;0.1869	 backward Loss:0.0855;7.9622	 Sentiment Loss:0.3868	Valence Loss:3.4224	 Arousal Loss:1.0512	
[2025-11-17 17:34:31,074][run_task2&3_trainer_multilingual.py][line:1124][INFO] Epoch:[1/1]	 Batch:[2960/4840.0]	 Loss Sum:3.5621	forward Loss:0.5864;0.7467	 backward Loss:1.2501;0.1014	 Sentiment Loss:0.0494	Valence Loss:3.7509	 Arousal Loss:0.3895	
[2025-11-17 17:34:32,212][run_task2&3_trainer_multilingual.py][line:1124][INFO] Epoch:[1/1]	 Batch:[2970/4840.0]	 Loss Sum:8.6553	forward Loss:0.5721;3.8182	 backward Loss:1.9423;0.9855	 Sentiment Loss:1.0859	Valence Loss:0.9852	 Arousal Loss:0.2712	
[2025-11-17 17:34:33,356][run_task2&3_trainer_multilingual.py][line:1124][INFO] Epoch:[1/1]	 Batch:[2980/4840.0]	 Loss Sum:0.5191	forward Loss:0.0677;0.1145	 backward Loss:0.1507;0.0713	 Sentiment Loss:0.0222	Valence Loss:0.2378	 Arousal Loss:0.2257	
[2025-11-17 17:34:34,477][run_task2&3_trainer_multilingual.py][line:1124][INFO] Epoch:[1/1]	 Batch:[2990/4840.0]	 Loss Sum:8.9013	forward Loss:1.0007;2.7063	 backward Loss:3.9013;0.8301	 Sentiment Loss:0.1444	Valence Loss:1.3379	 Arousal Loss:0.254	
[2025-11-17 17:34:35,603][run_task2&3_trainer_multilingual.py][line:1124][INFO] Epoch:[1/1]	 Batch:[3000/4840.0]	 Loss Sum:9.9222	forward Loss:3.6024;4.0175	 backward Loss:0.2799;1.5578	 Sentiment Loss:0.2291	Valence Loss:0.0489	 Arousal Loss:1.1283	
[2025-11-17 17:34:36,723][run_task2&3_trainer_multilingual.py][line:1124][INFO] Epoch:[1/1]	 Batch:[3010/4840.0]	 Loss Sum:1.4057	forward Loss:0.1444;0.0742	 backward Loss:0.1377;0.1023	 Sentiment Loss:0.3124	Valence Loss:2.12	 Arousal Loss:1.0542	
[2025-11-17 17:34:37,850][run_task2&3_trainer_multilingual.py][line:1124][INFO] Epoch:[1/1]	 Batch:[3020/4840.0]	 Loss Sum:10.7141	forward Loss:3.5056;0.1322	 backward Loss:0.2819;3.8178	 Sentiment Loss:2.3424	Valence Loss:2.5001	 Arousal Loss:0.6702	
[2025-11-17 17:34:38,972][run_task2&3_trainer_multilingual.py][line:1124][INFO] Epoch:[1/1]	 Batch:[3030/4840.0]	 Loss Sum:1.6273	forward Loss:0.3115;0.2375	 backward Loss:0.1686;0.2311	 Sentiment Loss:0.4777	Valence Loss:0.9584	 Arousal Loss:0.0459	
[2025-11-17 17:34:40,095][run_task2&3_trainer_multilingual.py][line:1124][INFO] Epoch:[1/1]	 Batch:[3040/4840.0]	 Loss Sum:2.9262	forward Loss:0.6704;0.7487	 backward Loss:1.0822;0.3379	 Sentiment Loss:0.0559	Valence Loss:0.0576	 Arousal Loss:0.0982	
[2025-11-17 17:34:41,215][run_task2&3_trainer_multilingual.py][line:1124][INFO] Epoch:[1/1]	 Batch:[3050/4840.0]	 Loss Sum:4.6883	forward Loss:1.3197;1.989	 backward Loss:0.3148;0.8327	 Sentiment Loss:0.183	Valence Loss:0.1099	 Arousal Loss:0.1355	
[2025-11-17 17:34:42,338][run_task2&3_trainer_multilingual.py][line:1124][INFO] Epoch:[1/1]	 Batch:[3060/4840.0]	 Loss Sum:0.5786	forward Loss:0.1377;0.0489	 backward Loss:0.0505;0.0697	 Sentiment Loss:0.2423	Valence Loss:0.0868	 Arousal Loss:0.0609	
[2025-11-17 17:34:43,458][run_task2&3_trainer_multilingual.py][line:1124][INFO] Epoch:[1/1]	 Batch:[3070/4840.0]	 Loss Sum:3.3538	forward Loss:0.5559;0.1944	 backward Loss:0.251;0.8631	 Sentiment Loss:0.0377	Valence Loss:6.5007	 Arousal Loss:0.7571	
[2025-11-17 17:34:44,580][run_task2&3_trainer_multilingual.py][line:1124][INFO] Epoch:[1/1]	 Batch:[3080/4840.0]	 Loss Sum:0.4059	forward Loss:0.1371;0.0272	 backward Loss:0.0246;0.0878	 Sentiment Loss:0.109	Valence Loss:0.0617	 Arousal Loss:0.0391	
[2025-11-17 17:34:45,701][run_task2&3_trainer_multilingual.py][line:1124][INFO] Epoch:[1/1]	 Batch:[3090/4840.0]	 Loss Sum:0.2603	forward Loss:0.0253;0.0947	 backward Loss:0.0266;0.0202	 Sentiment Loss:0.0443	Valence Loss:0.112	 Arousal Loss:0.1338	
[2025-11-17 17:34:46,821][run_task2&3_trainer_multilingual.py][line:1124][INFO] Epoch:[1/1]	 Batch:[3100/4840.0]	 Loss Sum:0.3575	forward Loss:0.0292;0.0579	 backward Loss:0.0192;0.0464	 Sentiment Loss:0.0302	Valence Loss:0.8205	 Arousal Loss:0.0531	
[2025-11-17 17:34:47,942][run_task2&3_trainer_multilingual.py][line:1124][INFO] Epoch:[1/1]	 Batch:[3110/4840.0]	 Loss Sum:8.1422	forward Loss:0.2925;3.1217	 backward Loss:2.8729;0.2783	 Sentiment Loss:0.1966	Valence Loss:3.7934	 Arousal Loss:3.1074	
[2025-11-17 17:34:49,063][run_task2&3_trainer_multilingual.py][line:1124][INFO] Epoch:[1/1]	 Batch:[3120/4840.0]	 Loss Sum:0.8547	forward Loss:0.0915;0.3492	 backward Loss:0.2404;0.0656	 Sentiment Loss:0.0489	Valence Loss:0.2694	 Arousal Loss:0.0266	
[2025-11-17 17:34:50,186][run_task2&3_trainer_multilingual.py][line:1124][INFO] Epoch:[1/1]	 Batch:[3130/4840.0]	 Loss Sum:5.5038	forward Loss:0.9694;0.5961	 backward Loss:0.9636;2.3533	 Sentiment Loss:0.3972	Valence Loss:1.0296	 Arousal Loss:0.0912	
[2025-11-17 17:34:51,305][run_task2&3_trainer_multilingual.py][line:1124][INFO] Epoch:[1/1]	 Batch:[3140/4840.0]	 Loss Sum:0.4819	forward Loss:0.0886;0.1445	 backward Loss:0.1067;0.0485	 Sentiment Loss:0.0142	Valence Loss:0.2027	 Arousal Loss:0.1945	
[2025-11-17 17:34:52,427][run_task2&3_trainer_multilingual.py][line:1124][INFO] Epoch:[1/1]	 Batch:[3150/4840.0]	 Loss Sum:2.4408	forward Loss:0.5982;0.0617	 backward Loss:0.0828;0.2254	 Sentiment Loss:1.342	Valence Loss:0.301	 Arousal Loss:0.3525	
[2025-11-17 17:34:53,547][run_task2&3_trainer_multilingual.py][line:1124][INFO] Epoch:[1/1]	 Batch:[3160/4840.0]	 Loss Sum:7.6941	forward Loss:0.0576;0.4036	 backward Loss:0.384;0.0343	 Sentiment Loss:4.3048	Valence Loss:12.0335	 Arousal Loss:0.5156	
[2025-11-17 17:34:54,671][run_task2&3_trainer_multilingual.py][line:1124][INFO] Epoch:[1/1]	 Batch:[3170/4840.0]	 Loss Sum:7.5666	forward Loss:0.1505;3.0329	 backward Loss:3.1679;0.2943	 Sentiment Loss:0.4247	Valence Loss:1.9747	 Arousal Loss:0.5066	
[2025-11-17 17:34:55,791][run_task2&3_trainer_multilingual.py][line:1124][INFO] Epoch:[1/1]	 Batch:[3180/4840.0]	 Loss Sum:6.052	forward Loss:0.1075;2.8263	 backward Loss:2.4378;0.1635	 Sentiment Loss:0.0628	Valence Loss:1.9641	 Arousal Loss:0.3064	
[2025-11-17 17:34:56,916][run_task2&3_trainer_multilingual.py][line:1124][INFO] Epoch:[1/1]	 Batch:[3190/4840.0]	 Loss Sum:2.2229	forward Loss:0.0311;1.3024	 backward Loss:0.7095;0.0238	 Sentiment Loss:0.0299	Valence Loss:0.1917	 Arousal Loss:0.4389	
[2025-11-17 17:34:58,039][run_task2&3_trainer_multilingual.py][line:1124][INFO] Epoch:[1/1]	 Batch:[3200/4840.0]	 Loss Sum:17.6057	forward Loss:0.1108;6.201	 backward Loss:6.6093;0.0295	 Sentiment Loss:3.9918	Valence Loss:2.8204	 Arousal Loss:0.4961	
[2025-11-17 17:34:59,161][run_task2&3_trainer_multilingual.py][line:1124][INFO] Epoch:[1/1]	 Batch:[3210/4840.0]	 Loss Sum:4.6898	forward Loss:0.057;2.5355	 backward Loss:1.8207;0.0469	 Sentiment Loss:0.0298	Valence Loss:0.1388	 Arousal Loss:0.8606	
[2025-11-17 17:35:00,281][run_task2&3_trainer_multilingual.py][line:1124][INFO] Epoch:[1/1]	 Batch:[3220/4840.0]	 Loss Sum:8.596	forward Loss:0.8648;1.2252	 backward Loss:3.722;1.6449	 Sentiment Loss:0.124	Valence Loss:1.2569	 Arousal Loss:3.8182	
[2025-11-17 17:35:01,404][run_task2&3_trainer_multilingual.py][line:1124][INFO] Epoch:[1/1]	 Batch:[3230/4840.0]	 Loss Sum:12.4852	forward Loss:3.8876;2.6024	 backward Loss:4.8278;0.6222	 Sentiment Loss:0.3529	Valence Loss:0.8587	 Arousal Loss:0.1028	
[2025-11-17 17:35:02,525][run_task2&3_trainer_multilingual.py][line:1124][INFO] Epoch:[1/1]	 Batch:[3240/4840.0]	 Loss Sum:1.3098	forward Loss:0.2648;0.1925	 backward Loss:0.1096;0.0819	 Sentiment Loss:0.6298	Valence Loss:0.0783	 Arousal Loss:0.0778	
[2025-11-17 17:35:03,645][run_task2&3_trainer_multilingual.py][line:1124][INFO] Epoch:[1/1]	 Batch:[3250/4840.0]	 Loss Sum:6.1744	forward Loss:0.4835;2.7956	 backward Loss:2.1137;0.2348	 Sentiment Loss:0.5177	Valence Loss:0.0884	 Arousal Loss:0.0577	
[2025-11-17 17:35:04,766][run_task2&3_trainer_multilingual.py][line:1124][INFO] Epoch:[1/1]	 Batch:[3260/4840.0]	 Loss Sum:3.2001	forward Loss:0.2908;2.4905	 backward Loss:0.1655;0.1215	 Sentiment Loss:0.0319	Valence Loss:0.1423	 Arousal Loss:0.357	
[2025-11-17 17:35:05,887][run_task2&3_trainer_multilingual.py][line:1124][INFO] Epoch:[1/1]	 Batch:[3270/4840.0]	 Loss Sum:3.9957	forward Loss:0.304;0.5525	 backward Loss:0.3532;2.4778	 Sentiment Loss:0.1658	Valence Loss:0.0937	 Arousal Loss:0.6189	
[2025-11-17 17:35:07,010][run_task2&3_trainer_multilingual.py][line:1124][INFO] Epoch:[1/1]	 Batch:[3280/4840.0]	 Loss Sum:8.053	forward Loss:2.9418;0.5085	 backward Loss:1.4239;3.0294	 Sentiment Loss:0.0849	Valence Loss:0.0835	 Arousal Loss:0.2389	
[2025-11-17 17:35:08,131][run_task2&3_trainer_multilingual.py][line:1124][INFO] Epoch:[1/1]	 Batch:[3290/4840.0]	 Loss Sum:24.1904	forward Loss:2.5185;8.9838	 backward Loss:10.5022;2.001	 Sentiment Loss:0.1064	Valence Loss:0.3437	 Arousal Loss:0.0491	
[2025-11-17 17:35:09,253][run_task2&3_trainer_multilingual.py][line:1124][INFO] Epoch:[1/1]	 Batch:[3300/4840.0]	 Loss Sum:10.6068	forward Loss:0.9473;3.7487	 backward Loss:3.1544;0.4764	 Sentiment Loss:2.0377	Valence Loss:0.783	 Arousal Loss:0.4284	
[2025-11-17 17:35:10,372][run_task2&3_trainer_multilingual.py][line:1124][INFO] Epoch:[1/1]	 Batch:[3310/4840.0]	 Loss Sum:5.4799	forward Loss:0.9858;0.8588	 backward Loss:3.3584;0.0544	 Sentiment Loss:0.0584	Valence Loss:0.7883	 Arousal Loss:0.0325	
[2025-11-17 17:35:11,498][run_task2&3_trainer_multilingual.py][line:1124][INFO] Epoch:[1/1]	 Batch:[3320/4840.0]	 Loss Sum:5.7309	forward Loss:0.4936;2.0724	 backward Loss:2.635;0.2415	 Sentiment Loss:0.1465	Valence Loss:0.4347	 Arousal Loss:0.2748	
[2025-11-17 17:35:12,617][run_task2&3_trainer_multilingual.py][line:1124][INFO] Epoch:[1/1]	 Batch:[3330/4840.0]	 Loss Sum:6.5444	forward Loss:0.6047;3.0428	 backward Loss:1.4998;0.2888	 Sentiment Loss:0.7332	Valence Loss:0.8545	 Arousal Loss:1.0209	
[2025-11-17 17:35:13,738][run_task2&3_trainer_multilingual.py][line:1124][INFO] Epoch:[1/1]	 Batch:[3340/4840.0]	 Loss Sum:3.6427	forward Loss:1.092;0.1237	 backward Loss:0.2448;0.1266	 Sentiment Loss:2.002	Valence Loss:0.1042	 Arousal Loss:0.1641	
[2025-11-17 17:35:14,858][run_task2&3_trainer_multilingual.py][line:1124][INFO] Epoch:[1/1]	 Batch:[3350/4840.0]	 Loss Sum:20.3292	forward Loss:2.247;7.4418	 backward Loss:7.1331;3.2518	 Sentiment Loss:0.1193	Valence Loss:0.6552	 Arousal Loss:0.0254	
[2025-11-17 17:35:15,979][run_task2&3_trainer_multilingual.py][line:1124][INFO] Epoch:[1/1]	 Batch:[3360/4840.0]	 Loss Sum:17.784	forward Loss:5.116;3.3479	 backward Loss:3.2371;5.5772	 Sentiment Loss:0.303	Valence Loss:0.8319	 Arousal Loss:0.1821	
[2025-11-17 17:35:17,099][run_task2&3_trainer_multilingual.py][line:1124][INFO] Epoch:[1/1]	 Batch:[3370/4840.0]	 Loss Sum:4.1236	forward Loss:0.5147;1.105	 backward Loss:1.2063;0.5092	 Sentiment Loss:0.7536	Valence Loss:0.1361	 Arousal Loss:0.0378	
[2025-11-17 17:35:18,232][run_task2&3_trainer_multilingual.py][line:1124][INFO] Epoch:[1/1]	 Batch:[3380/4840.0]	 Loss Sum:11.2742	forward Loss:1.5224;2.6502	 backward Loss:2.7544;2.37	 Sentiment Loss:0.0545	Valence Loss:9.3926	 Arousal Loss:0.2212	
[2025-11-17 17:35:19,374][run_task2&3_trainer_multilingual.py][line:1124][INFO] Epoch:[1/1]	 Batch:[3390/4840.0]	 Loss Sum:5.7317	forward Loss:0.9166;2.4381	 backward Loss:1.8926;0.3833	 Sentiment Loss:0.0518	Valence Loss:0.0961	 Arousal Loss:0.15	
[2025-11-17 17:35:20,512][run_task2&3_trainer_multilingual.py][line:1124][INFO] Epoch:[1/1]	 Batch:[3400/4840.0]	 Loss Sum:3.8933	forward Loss:0.1783;1.0312	 backward Loss:0.584;0.2443	 Sentiment Loss:0.0482	Valence Loss:4.4336	 Arousal Loss:4.6027	
[2025-11-17 17:35:21,647][run_task2&3_trainer_multilingual.py][line:1124][INFO] Epoch:[1/1]	 Batch:[3410/4840.0]	 Loss Sum:1.2854	forward Loss:0.0423;0.4994	 backward Loss:0.4694;0.0524	 Sentiment Loss:0.0543	Valence Loss:0.1535	 Arousal Loss:0.6856	
[2025-11-17 17:35:22,782][run_task2&3_trainer_multilingual.py][line:1124][INFO] Epoch:[1/1]	 Batch:[3420/4840.0]	 Loss Sum:19.8811	forward Loss:6.1565;2.562	 backward Loss:1.7106;9.137	 Sentiment Loss:0.1749	Valence Loss:0.2093	 Arousal Loss:0.4919	
[2025-11-17 17:35:23,922][run_task2&3_trainer_multilingual.py][line:1124][INFO] Epoch:[1/1]	 Batch:[3430/4840.0]	 Loss Sum:23.775	forward Loss:9.4696;0.4529	 backward Loss:0.5141;11.7659	 Sentiment Loss:1.5388	Valence Loss:0.0399	 Arousal Loss:0.1286	
[2025-11-17 17:35:25,060][run_task2&3_trainer_multilingual.py][line:1124][INFO] Epoch:[1/1]	 Batch:[3440/4840.0]	 Loss Sum:3.5581	forward Loss:1.9747;0.1143	 backward Loss:0.5563;0.5976	 Sentiment Loss:0.2052	Valence Loss:0.0977	 Arousal Loss:0.4526	
[2025-11-17 17:35:26,196][run_task2&3_trainer_multilingual.py][line:1124][INFO] Epoch:[1/1]	 Batch:[3450/4840.0]	 Loss Sum:0.6272	forward Loss:0.1094;0.0814	 backward Loss:0.0475;0.0437	 Sentiment Loss:0.0868	Valence Loss:0.6604	 Arousal Loss:0.6311	
[2025-11-17 17:35:27,332][run_task2&3_trainer_multilingual.py][line:1124][INFO] Epoch:[1/1]	 Batch:[3460/4840.0]	 Loss Sum:6.9954	forward Loss:0.5379;3.9913	 backward Loss:1.8492;0.4068	 Sentiment Loss:0.1291	Valence Loss:0.2912	 Arousal Loss:0.115	
[2025-11-17 17:35:28,469][run_task2&3_trainer_multilingual.py][line:1124][INFO] Epoch:[1/1]	 Batch:[3470/4840.0]	 Loss Sum:0.9596	forward Loss:0.2375;0.0365	 backward Loss:0.0401;0.4286	 Sentiment Loss:0.0316	Valence Loss:0.7598	 Arousal Loss:0.1668	
[2025-11-17 17:35:29,607][run_task2&3_trainer_multilingual.py][line:1124][INFO] Epoch:[1/1]	 Batch:[3480/4840.0]	 Loss Sum:0.3563	forward Loss:0.1195;0.063	 backward Loss:0.0322;0.0454	 Sentiment Loss:0.0285	Valence Loss:0.1553	 Arousal Loss:0.1838	
[2025-11-17 17:35:30,744][run_task2&3_trainer_multilingual.py][line:1124][INFO] Epoch:[1/1]	 Batch:[3490/4840.0]	 Loss Sum:1.3566	forward Loss:0.2634;0.1419	 backward Loss:0.1083;0.7819	 Sentiment Loss:0.0375	Valence Loss:0.0509	 Arousal Loss:0.0674	
[2025-11-17 17:35:31,879][run_task2&3_trainer_multilingual.py][line:1124][INFO] Epoch:[1/1]	 Batch:[3500/4840.0]	 Loss Sum:8.112	forward Loss:1.7981;3.6399	 backward Loss:1.3276;0.9596	 Sentiment Loss:0.0504	Valence Loss:0.3368	 Arousal Loss:1.3449	
[2025-11-17 17:35:33,022][run_task2&3_trainer_multilingual.py][line:1124][INFO] Epoch:[1/1]	 Batch:[3510/4840.0]	 Loss Sum:7.0927	forward Loss:0.0743;1.573	 backward Loss:1.8743;0.1668	 Sentiment Loss:3.2944	Valence Loss:0.114	 Arousal Loss:0.4356	
[2025-11-17 17:35:34,160][run_task2&3_trainer_multilingual.py][line:1124][INFO] Epoch:[1/1]	 Batch:[3520/4840.0]	 Loss Sum:4.1567	forward Loss:0.0797;1.9281	 backward Loss:1.7944;0.1323	 Sentiment Loss:0.0999	Valence Loss:0.2093	 Arousal Loss:0.4023	
[2025-11-17 17:35:35,296][run_task2&3_trainer_multilingual.py][line:1124][INFO] Epoch:[1/1]	 Batch:[3530/4840.0]	 Loss Sum:7.8179	forward Loss:3.6059;0.2607	 backward Loss:1.4444;2.414	 Sentiment Loss:0.0448	Valence Loss:0.2059	 Arousal Loss:0.0348	
[2025-11-17 17:35:36,434][run_task2&3_trainer_multilingual.py][line:1124][INFO] Epoch:[1/1]	 Batch:[3540/4840.0]	 Loss Sum:5.7554	forward Loss:2.8596;0.4505	 backward Loss:0.9147;0.9463	 Sentiment Loss:0.159	Valence Loss:1.4914	 Arousal Loss:0.635	
[2025-11-17 17:35:37,570][run_task2&3_trainer_multilingual.py][line:1124][INFO] Epoch:[1/1]	 Batch:[3550/4840.0]	 Loss Sum:6.6571	forward Loss:2.6022;0.552	 backward Loss:0.4106;2.9354	 Sentiment Loss:0.0334	Valence Loss:0.1212	 Arousal Loss:0.4963	
[2025-11-17 17:35:38,708][run_task2&3_trainer_multilingual.py][line:1124][INFO] Epoch:[1/1]	 Batch:[3560/4840.0]	 Loss Sum:0.4247	forward Loss:0.1399;0.0171	 backward Loss:0.0298;0.1292	 Sentiment Loss:0.0436	Valence Loss:0.0674	 Arousal Loss:0.2577	
[2025-11-17 17:35:39,843][run_task2&3_trainer_multilingual.py][line:1124][INFO] Epoch:[1/1]	 Batch:[3570/4840.0]	 Loss Sum:7.3332	forward Loss:3.2079;0.5263	 backward Loss:2.0964;1.2903	 Sentiment Loss:0.0823	Valence Loss:0.2843	 Arousal Loss:0.3656	
[2025-11-17 17:35:40,980][run_task2&3_trainer_multilingual.py][line:1124][INFO] Epoch:[1/1]	 Batch:[3580/4840.0]	 Loss Sum:0.1423	forward Loss:0.0146;0.0411	 backward Loss:0.0106;0.0251	 Sentiment Loss:0.0133	Valence Loss:0.0518	 Arousal Loss:0.1365	
[2025-11-17 17:35:42,123][run_task2&3_trainer_multilingual.py][line:1124][INFO] Epoch:[1/1]	 Batch:[3590/4840.0]	 Loss Sum:0.334	forward Loss:0.0747;0.0324	 backward Loss:0.0158;0.0644	 Sentiment Loss:0.0618	Valence Loss:0.0475	 Arousal Loss:0.3773	
[2025-11-17 17:35:43,264][run_task2&3_trainer_multilingual.py][line:1124][INFO] Epoch:[1/1]	 Batch:[3600/4840.0]	 Loss Sum:36.1178	forward Loss:16.2272;0.5753	 backward Loss:0.8865;18.0904	 Sentiment Loss:0.2989	Valence Loss:0.1525	 Arousal Loss:0.0444	
[2025-11-17 17:35:44,402][run_task2&3_trainer_multilingual.py][line:1124][INFO] Epoch:[1/1]	 Batch:[3610/4840.0]	 Loss Sum:1.4234	forward Loss:0.0592;0.2727	 backward Loss:0.7151;0.0778	 Sentiment Loss:0.0957	Valence Loss:0.4109	 Arousal Loss:0.6032	
[2025-11-17 17:35:45,539][run_task2&3_trainer_multilingual.py][line:1124][INFO] Epoch:[1/1]	 Batch:[3620/4840.0]	 Loss Sum:1.3222	forward Loss:0.126;0.2446	 backward Loss:0.1094;0.1508	 Sentiment Loss:0.2419	Valence Loss:2.1171	 Arousal Loss:0.1302	
[2025-11-17 17:35:46,676][run_task2&3_trainer_multilingual.py][line:1124][INFO] Epoch:[1/1]	 Batch:[3630/4840.0]	 Loss Sum:5.0889	forward Loss:1.6143;0.1692	 backward Loss:0.0857;1.57	 Sentiment Loss:1.4652	Valence Loss:0.8121	 Arousal Loss:0.1106	
[2025-11-17 17:35:47,813][run_task2&3_trainer_multilingual.py][line:1124][INFO] Epoch:[1/1]	 Batch:[3640/4840.0]	 Loss Sum:0.1743	forward Loss:0.0072;0.0518	 backward Loss:0.0169;0.0249	 Sentiment Loss:0.0157	Valence Loss:0.1867	 Arousal Loss:0.1026	
[2025-11-17 17:35:48,953][run_task2&3_trainer_multilingual.py][line:1124][INFO] Epoch:[1/1]	 Batch:[3650/4840.0]	 Loss Sum:1.8107	forward Loss:0.3985;0.5207	 backward Loss:0.4132;0.3313	 Sentiment Loss:0.0311	Valence Loss:0.1867	 Arousal Loss:0.3928	
[2025-11-17 17:35:50,088][run_task2&3_trainer_multilingual.py][line:1124][INFO] Epoch:[1/1]	 Batch:[3660/4840.0]	 Loss Sum:4.2838	forward Loss:1.3923;0.4534	 backward Loss:0.0694;2.1655	 Sentiment Loss:0.1254	Valence Loss:0.2697	 Arousal Loss:0.1187	
[2025-11-17 17:35:51,227][run_task2&3_trainer_multilingual.py][line:1124][INFO] Epoch:[1/1]	 Batch:[3670/4840.0]	 Loss Sum:24.1086	forward Loss:3.7339;5.5532	 backward Loss:9.6803;1.9497	 Sentiment Loss:3.1392	Valence Loss:0.1865	 Arousal Loss:0.0757	
[2025-11-17 17:35:52,365][run_task2&3_trainer_multilingual.py][line:1124][INFO] Epoch:[1/1]	 Batch:[3680/4840.0]	 Loss Sum:2.0383	forward Loss:0.2182;0.1678	 backward Loss:0.8438;0.1178	 Sentiment Loss:0.1168	Valence Loss:2.2806	 Arousal Loss:0.5891	
[2025-11-17 17:35:53,505][run_task2&3_trainer_multilingual.py][line:1124][INFO] Epoch:[1/1]	 Batch:[3690/4840.0]	 Loss Sum:40.0043	forward Loss:13.2011;3.9223	 backward Loss:4.6524;15.9082	 Sentiment Loss:2.265	Valence Loss:0.1816	 Arousal Loss:0.0943	
[2025-11-17 17:35:54,641][run_task2&3_trainer_multilingual.py][line:1124][INFO] Epoch:[1/1]	 Batch:[3700/4840.0]	 Loss Sum:6.7454	forward Loss:0.3057;3.6657	 backward Loss:2.086;0.4293	 Sentiment Loss:0.1009	Valence Loss:0.2393	 Arousal Loss:0.5494	
[2025-11-17 17:35:55,778][run_task2&3_trainer_multilingual.py][line:1124][INFO] Epoch:[1/1]	 Batch:[3710/4840.0]	 Loss Sum:3.991	forward Loss:0.9648;1.421	 backward Loss:0.5603;0.6902	 Sentiment Loss:0.0914	Valence Loss:1.2336	 Arousal Loss:0.0831	
[2025-11-17 17:35:56,918][run_task2&3_trainer_multilingual.py][line:1124][INFO] Epoch:[1/1]	 Batch:[3720/4840.0]	 Loss Sum:2.5714	forward Loss:0.3161;0.6203	 backward Loss:0.7168;0.5339	 Sentiment Loss:0.0849	Valence Loss:1.0542	 Arousal Loss:0.4431	
[2025-11-17 17:35:58,056][run_task2&3_trainer_multilingual.py][line:1124][INFO] Epoch:[1/1]	 Batch:[3730/4840.0]	 Loss Sum:11.9499	forward Loss:1.3361;3.4439	 backward Loss:2.1236;2.5106	 Sentiment Loss:2.0576	Valence Loss:2.3251	 Arousal Loss:0.0655	
[2025-11-17 17:35:59,192][run_task2&3_trainer_multilingual.py][line:1124][INFO] Epoch:[1/1]	 Batch:[3740/4840.0]	 Loss Sum:2.1224	forward Loss:0.5933;0.0808	 backward Loss:0.0728;1.24	 Sentiment Loss:0.0547	Valence Loss:0.1797	 Arousal Loss:0.2248	
[2025-11-17 17:36:00,327][run_task2&3_trainer_multilingual.py][line:1124][INFO] Epoch:[1/1]	 Batch:[3750/4840.0]	 Loss Sum:0.5564	forward Loss:0.0137;0.0755	 backward Loss:0.02;0.0398	 Sentiment Loss:0.0198	Valence Loss:0.9704	 Arousal Loss:0.9682	
[2025-11-17 17:36:01,468][run_task2&3_trainer_multilingual.py][line:1124][INFO] Epoch:[1/1]	 Batch:[3760/4840.0]	 Loss Sum:0.5609	forward Loss:0.0792;0.0464	 backward Loss:0.0347;0.1029	 Sentiment Loss:0.0756	Valence Loss:0.8273	 Arousal Loss:0.283	
[2025-11-17 17:36:02,606][run_task2&3_trainer_multilingual.py][line:1124][INFO] Epoch:[1/1]	 Batch:[3770/4840.0]	 Loss Sum:2.2123	forward Loss:1.0178;0.3514	 backward Loss:0.2704;0.1966	 Sentiment Loss:0.1908	Valence Loss:0.1652	 Arousal Loss:0.7611	
[2025-11-17 17:36:03,743][run_task2&3_trainer_multilingual.py][line:1124][INFO] Epoch:[1/1]	 Batch:[3780/4840.0]	 Loss Sum:2.9415	forward Loss:0.1477;1.1786	 backward Loss:1.3318;0.1745	 Sentiment Loss:0.0365	Valence Loss:0.1597	 Arousal Loss:0.2025	
[2025-11-17 17:36:04,881][run_task2&3_trainer_multilingual.py][line:1124][INFO] Epoch:[1/1]	 Batch:[3790/4840.0]	 Loss Sum:0.5992	forward Loss:0.1874;0.0508	 backward Loss:0.0575;0.1932	 Sentiment Loss:0.0187	Valence Loss:0.1276	 Arousal Loss:0.3309	
[2025-11-17 17:36:06,020][run_task2&3_trainer_multilingual.py][line:1124][INFO] Epoch:[1/1]	 Batch:[3800/4840.0]	 Loss Sum:1.4278	forward Loss:0.0734;0.5356	 backward Loss:0.5442;0.1756	 Sentiment Loss:0.0678	Valence Loss:0.0656	 Arousal Loss:0.0906	
[2025-11-17 17:36:07,156][run_task2&3_trainer_multilingual.py][line:1124][INFO] Epoch:[1/1]	 Batch:[3810/4840.0]	 Loss Sum:11.663	forward Loss:4.9638;1.5999	 backward Loss:1.2227;3.3098	 Sentiment Loss:0.0983	Valence Loss:1.4952	 Arousal Loss:0.8477	
[2025-11-17 17:36:08,295][run_task2&3_trainer_multilingual.py][line:1124][INFO] Epoch:[1/1]	 Batch:[3820/4840.0]	 Loss Sum:3.5449	forward Loss:1.3528;0.0799	 backward Loss:0.0325;1.5146	 Sentiment Loss:0.4115	Valence Loss:0.1646	 Arousal Loss:0.603	
[2025-11-17 17:36:09,430][run_task2&3_trainer_multilingual.py][line:1124][INFO] Epoch:[1/1]	 Batch:[3830/4840.0]	 Loss Sum:3.8555	forward Loss:0.087;0.066	 backward Loss:0.0133;0.0818	 Sentiment Loss:3.4993	Valence Loss:0.2656	 Arousal Loss:0.2749	
[2025-11-17 17:36:10,569][run_task2&3_trainer_multilingual.py][line:1124][INFO] Epoch:[1/1]	 Batch:[3840/4840.0]	 Loss Sum:5.9174	forward Loss:0.3441;1.2635	 backward Loss:0.9193;1.1655	 Sentiment Loss:2.1956	Valence Loss:0.1138	 Arousal Loss:0.0336	
[2025-11-17 17:36:11,706][run_task2&3_trainer_multilingual.py][line:1124][INFO] Epoch:[1/1]	 Batch:[3850/4840.0]	 Loss Sum:14.587	forward Loss:4.1802;2.9482	 backward Loss:2.0297;2.6968	 Sentiment Loss:2.6989	Valence Loss:0.0728	 Arousal Loss:0.0932	
[2025-11-17 17:36:12,842][run_task2&3_trainer_multilingual.py][line:1124][INFO] Epoch:[1/1]	 Batch:[3860/4840.0]	 Loss Sum:12.4416	forward Loss:5.4583;1.3349	 backward Loss:3.4295;1.5545	 Sentiment Loss:0.428	Valence Loss:0.4249	 Arousal Loss:0.7568	
[2025-11-17 17:36:13,980][run_task2&3_trainer_multilingual.py][line:1124][INFO] Epoch:[1/1]	 Batch:[3870/4840.0]	 Loss Sum:5.2517	forward Loss:0.3303;0.595	 backward Loss:0.3165;0.2469	 Sentiment Loss:0.1943	Valence Loss:17.7927	 Arousal Loss:0.0508	
[2025-11-17 17:36:15,118][run_task2&3_trainer_multilingual.py][line:1124][INFO] Epoch:[1/1]	 Batch:[3880/4840.0]	 Loss Sum:42.5398	forward Loss:9.3797;13.8464	 backward Loss:13.5338;4.4156	 Sentiment Loss:1.3097	Valence Loss:0.0757	 Arousal Loss:0.1974	
[2025-11-17 17:36:16,260][run_task2&3_trainer_multilingual.py][line:1124][INFO] Epoch:[1/1]	 Batch:[3890/4840.0]	 Loss Sum:0.732	forward Loss:0.0917;0.0448	 backward Loss:0.1125;0.1833	 Sentiment Loss:0.0645	Valence Loss:0.0197	 Arousal Loss:1.1562	
[2025-11-17 17:36:17,393][run_task2&3_trainer_multilingual.py][line:1124][INFO] Epoch:[1/1]	 Batch:[3900/4840.0]	 Loss Sum:13.505	forward Loss:2.7808;1.8851	 backward Loss:5.4043;2.2494	 Sentiment Loss:0.0538	Valence Loss:5.2747	 Arousal Loss:0.3828	
[2025-11-17 17:36:18,519][run_task2&3_trainer_multilingual.py][line:1124][INFO] Epoch:[1/1]	 Batch:[3910/4840.0]	 Loss Sum:5.7232	forward Loss:0.5202;2.2028	 backward Loss:0.665;2.1424	 Sentiment Loss:0.0897	Valence Loss:0.1714	 Arousal Loss:0.3447	
[2025-11-17 17:36:19,887][run_task2&3_trainer_multilingual.py][line:1124][INFO] Epoch:[1/1]	 Batch:[3920/4840.0]	 Loss Sum:1.6077	forward Loss:0.039;0.6332	 backward Loss:0.4985;0.0275	 Sentiment Loss:0.0212	Valence Loss:0.6596	 Arousal Loss:1.2815	
[2025-11-17 17:36:21,015][run_task2&3_trainer_multilingual.py][line:1124][INFO] Epoch:[1/1]	 Batch:[3930/4840.0]	 Loss Sum:2.9451	forward Loss:0.3757;0.1661	 backward Loss:0.4068;0.6936	 Sentiment Loss:1.1614	Valence Loss:0.3443	 Arousal Loss:0.3632	
[2025-11-17 17:36:22,141][run_task2&3_trainer_multilingual.py][line:1124][INFO] Epoch:[1/1]	 Batch:[3940/4840.0]	 Loss Sum:2.9481	forward Loss:0.4621;1.0972	 backward Loss:1.0923;0.1345	 Sentiment Loss:0.0952	Valence Loss:0.161	 Arousal Loss:0.1729	
[2025-11-17 17:36:23,268][run_task2&3_trainer_multilingual.py][line:1124][INFO] Epoch:[1/1]	 Batch:[3950/4840.0]	 Loss Sum:7.327	forward Loss:3.5492;0.3274	 backward Loss:0.4977;2.6021	 Sentiment Loss:0.0542	Valence Loss:0.8865	 Arousal Loss:0.5957	
[2025-11-17 17:36:24,394][run_task2&3_trainer_multilingual.py][line:1124][INFO] Epoch:[1/1]	 Batch:[3960/4840.0]	 Loss Sum:0.6214	forward Loss:0.0694;0.0756	 backward Loss:0.042;0.0415	 Sentiment Loss:0.2868	Valence Loss:0.4182	 Arousal Loss:0.112	
[2025-11-17 17:36:25,520][run_task2&3_trainer_multilingual.py][line:1124][INFO] Epoch:[1/1]	 Batch:[3970/4840.0]	 Loss Sum:2.586	forward Loss:0.0289;0.9457	 backward Loss:1.164;0.0829	 Sentiment Loss:0.0276	Valence Loss:0.2865	 Arousal Loss:1.3975	
[2025-11-17 17:36:26,670][run_task2&3_trainer_multilingual.py][line:1124][INFO] Epoch:[1/1]	 Batch:[3980/4840.0]	 Loss Sum:0.8093	forward Loss:0.044;0.0515	 backward Loss:0.0141;0.0232	 Sentiment Loss:0.0655	Valence Loss:1.9856	 Arousal Loss:1.0691	
[2025-11-17 17:36:27,795][run_task2&3_trainer_multilingual.py][line:1124][INFO] Epoch:[1/1]	 Batch:[3990/4840.0]	 Loss Sum:18.9879	forward Loss:0.2179;9.6911	 backward Loss:8.3538;0.3129	 Sentiment Loss:0.2351	Valence Loss:0.144	 Arousal Loss:0.7414	
[2025-11-17 17:36:28,923][run_task2&3_trainer_multilingual.py][line:1124][INFO] Epoch:[1/1]	 Batch:[4000/4840.0]	 Loss Sum:2.2154	forward Loss:0.0747;0.7397	 backward Loss:0.3722;0.0399	 Sentiment Loss:0.4759	Valence Loss:1.5284	 Arousal Loss:1.0366	
[2025-11-17 17:36:30,048][run_task2&3_trainer_multilingual.py][line:1124][INFO] Epoch:[1/1]	 Batch:[4010/4840.0]	 Loss Sum:5.0125	forward Loss:0.0441;2.5041	 backward Loss:1.3666;0.0871	 Sentiment Loss:0.4125	Valence Loss:1.7817	 Arousal Loss:1.2089	
[2025-11-17 17:36:31,188][run_task2&3_trainer_multilingual.py][line:1124][INFO] Epoch:[1/1]	 Batch:[4020/4840.0]	 Loss Sum:9.8304	forward Loss:1.7427;2.808	 backward Loss:3.8337;0.6713	 Sentiment Loss:0.0395	Valence Loss:0.8202	 Arousal Loss:2.8552	
[2025-11-17 17:36:32,313][run_task2&3_trainer_multilingual.py][line:1124][INFO] Epoch:[1/1]	 Batch:[4030/4840.0]	 Loss Sum:0.8182	forward Loss:0.0642;0.381	 backward Loss:0.2347;0.0521	 Sentiment Loss:0.0591	Valence Loss:0.0481	 Arousal Loss:0.0874	
[2025-11-17 17:36:33,439][run_task2&3_trainer_multilingual.py][line:1124][INFO] Epoch:[1/1]	 Batch:[4040/4840.0]	 Loss Sum:5.6028	forward Loss:2.9792;1.8792	 backward Loss:0.1312;0.5084	 Sentiment Loss:0.0445	Valence Loss:0.2379	 Arousal Loss:0.0631	
[2025-11-17 17:36:34,564][run_task2&3_trainer_multilingual.py][line:1124][INFO] Epoch:[1/1]	 Batch:[4050/4840.0]	 Loss Sum:0.8011	forward Loss:0.0757;0.2176	 backward Loss:0.0752;0.1181	 Sentiment Loss:0.1676	Valence Loss:0.366	 Arousal Loss:0.3685	
[2025-11-17 17:36:35,695][run_task2&3_trainer_multilingual.py][line:1124][INFO] Epoch:[1/1]	 Batch:[4060/4840.0]	 Loss Sum:7.8712	forward Loss:2.9073;0.2219	 backward Loss:0.0655;4.4344	 Sentiment Loss:0.2252	Valence Loss:0.0622	 Arousal Loss:0.0221	
[2025-11-17 17:36:36,822][run_task2&3_trainer_multilingual.py][line:1124][INFO] Epoch:[1/1]	 Batch:[4070/4840.0]	 Loss Sum:7.0087	forward Loss:0.0365;2.568	 backward Loss:4.1297;0.0373	 Sentiment Loss:0.0566	Valence Loss:0.5475	 Arousal Loss:0.3554	
[2025-11-17 17:36:37,950][run_task2&3_trainer_multilingual.py][line:1124][INFO] Epoch:[1/1]	 Batch:[4080/4840.0]	 Loss Sum:5.2643	forward Loss:0.2836;1.1359	 backward Loss:0.6898;0.3805	 Sentiment Loss:2.1289	Valence Loss:1.594	 Arousal Loss:1.6332	
[2025-11-17 17:36:39,078][run_task2&3_trainer_multilingual.py][line:1124][INFO] Epoch:[1/1]	 Batch:[4090/4840.0]	 Loss Sum:16.9014	forward Loss:6.5538;0.5953	 backward Loss:1.7132;7.0201	 Sentiment Loss:0.2447	Valence Loss:1.9026	 Arousal Loss:1.9689	
[2025-11-17 17:36:40,204][run_task2&3_trainer_multilingual.py][line:1124][INFO] Epoch:[1/1]	 Batch:[4100/4840.0]	 Loss Sum:3.5925	forward Loss:0.2926;0.385	 backward Loss:0.4441;2.2094	 Sentiment Loss:0.0417	Valence Loss:0.2178	 Arousal Loss:0.8808	
[2025-11-17 17:36:41,350][run_task2&3_trainer_multilingual.py][line:1124][INFO] Epoch:[1/1]	 Batch:[4110/4840.0]	 Loss Sum:0.2725	forward Loss:0.0326;0.0596	 backward Loss:0.0174;0.03	 Sentiment Loss:0.0863	Valence Loss:0.1202	 Arousal Loss:0.1121	
[2025-11-17 17:36:42,474][run_task2&3_trainer_multilingual.py][line:1124][INFO] Epoch:[1/1]	 Batch:[4120/4840.0]	 Loss Sum:8.1695	forward Loss:0.1084;3.4828	 backward Loss:3.9795;0.1613	 Sentiment Loss:0.059	Valence Loss:0.4863	 Arousal Loss:1.406	
[2025-11-17 17:36:43,601][run_task2&3_trainer_multilingual.py][line:1124][INFO] Epoch:[1/1]	 Batch:[4130/4840.0]	 Loss Sum:0.2452	forward Loss:0.0379;0.0444	 backward Loss:0.0234;0.0514	 Sentiment Loss:0.0611	Valence Loss:0.1006	 Arousal Loss:0.0343	
[2025-11-17 17:36:44,727][run_task2&3_trainer_multilingual.py][line:1124][INFO] Epoch:[1/1]	 Batch:[4140/4840.0]	 Loss Sum:1.5352	forward Loss:0.6332;0.0797	 backward Loss:0.1541;0.5331	 Sentiment Loss:0.1041	Valence Loss:0.1236	 Arousal Loss:0.0319	
[2025-11-17 17:36:45,856][run_task2&3_trainer_multilingual.py][line:1124][INFO] Epoch:[1/1]	 Batch:[4150/4840.0]	 Loss Sum:7.1433	forward Loss:0.3292;1.5567	 backward Loss:4.0132;0.862	 Sentiment Loss:0.1174	Valence Loss:1.2039	 Arousal Loss:0.1201	
[2025-11-17 17:36:46,982][run_task2&3_trainer_multilingual.py][line:1124][INFO] Epoch:[1/1]	 Batch:[4160/4840.0]	 Loss Sum:5.9883	forward Loss:0.6343;1.5127	 backward Loss:2.9662;0.422	 Sentiment Loss:0.387	Valence Loss:0.182	 Arousal Loss:0.1488	
[2025-11-17 17:36:48,109][run_task2&3_trainer_multilingual.py][line:1124][INFO] Epoch:[1/1]	 Batch:[4170/4840.0]	 Loss Sum:0.2777	forward Loss:0.0134;0.0811	 backward Loss:0.0373;0.0366	 Sentiment Loss:0.0189	Valence Loss:0.1032	 Arousal Loss:0.3486	
[2025-11-17 17:36:49,240][run_task2&3_trainer_multilingual.py][line:1124][INFO] Epoch:[1/1]	 Batch:[4180/4840.0]	 Loss Sum:1.0759	forward Loss:0.2997;0.2216	 backward Loss:0.1084;0.2314	 Sentiment Loss:0.0456	Valence Loss:0.7763	 Arousal Loss:0.0694	
[2025-11-17 17:36:50,370][run_task2&3_trainer_multilingual.py][line:1124][INFO] Epoch:[1/1]	 Batch:[4190/4840.0]	 Loss Sum:2.5632	forward Loss:0.1356;1.342	 backward Loss:0.9319;0.0625	 Sentiment Loss:0.0209	Valence Loss:0.3255	 Arousal Loss:0.0265	
[2025-11-17 17:36:51,498][run_task2&3_trainer_multilingual.py][line:1124][INFO] Epoch:[1/1]	 Batch:[4200/4840.0]	 Loss Sum:5.2443	forward Loss:0.858;1.1691	 backward Loss:2.6082;0.4823	 Sentiment Loss:0.054	Valence Loss:0.112	 Arousal Loss:0.2521	
[2025-11-17 17:36:52,630][run_task2&3_trainer_multilingual.py][line:1124][INFO] Epoch:[1/1]	 Batch:[4210/4840.0]	 Loss Sum:3.1611	forward Loss:1.6646;0.4192	 backward Loss:0.4085;0.6082	 Sentiment Loss:0.0287	Valence Loss:0.0325	 Arousal Loss:0.1268	
[2025-11-17 17:36:53,759][run_task2&3_trainer_multilingual.py][line:1124][INFO] Epoch:[1/1]	 Batch:[4220/4840.0]	 Loss Sum:2.813	forward Loss:0.2721;0.2829	 backward Loss:1.2596;0.3427	 Sentiment Loss:0.0223	Valence Loss:1.9588	 Arousal Loss:1.2084	
[2025-11-17 17:36:54,886][run_task2&3_trainer_multilingual.py][line:1124][INFO] Epoch:[1/1]	 Batch:[4230/4840.0]	 Loss Sum:6.804	forward Loss:2.2533;0.1162	 backward Loss:0.0769;3.5466	 Sentiment Loss:0.619	Valence Loss:0.1267	 Arousal Loss:0.833	
[2025-11-17 17:36:56,015][run_task2&3_trainer_multilingual.py][line:1124][INFO] Epoch:[1/1]	 Batch:[4240/4840.0]	 Loss Sum:1.4135	forward Loss:0.4198;0.1229	 backward Loss:0.1619;0.2954	 Sentiment Loss:0.263	Valence Loss:0.09	 Arousal Loss:0.6624	
[2025-11-17 17:36:57,141][run_task2&3_trainer_multilingual.py][line:1124][INFO] Epoch:[1/1]	 Batch:[4250/4840.0]	 Loss Sum:0.8265	forward Loss:0.3007;0.0238	 backward Loss:0.0165;0.2326	 Sentiment Loss:0.0501	Valence Loss:0.166	 Arousal Loss:0.8481	
[2025-11-17 17:36:58,273][run_task2&3_trainer_multilingual.py][line:1124][INFO] Epoch:[1/1]	 Batch:[4260/4840.0]	 Loss Sum:7.4334	forward Loss:2.1449;0.8486	 backward Loss:0.4948;3.7084	 Sentiment Loss:0.0397	Valence Loss:0.9328	 Arousal Loss:0.0524	
[2025-11-17 17:36:59,400][run_task2&3_trainer_multilingual.py][line:1124][INFO] Epoch:[1/1]	 Batch:[4270/4840.0]	 Loss Sum:0.9448	forward Loss:0.1684;0.1599	 backward Loss:0.101;0.1403	 Sentiment Loss:0.2638	Valence Loss:0.4099	 Arousal Loss:0.1472	
[2025-11-17 17:37:00,530][run_task2&3_trainer_multilingual.py][line:1124][INFO] Epoch:[1/1]	 Batch:[4280/4840.0]	 Loss Sum:8.1312	forward Loss:0.4004;2.7534	 backward Loss:2.3922;0.9005	 Sentiment Loss:1.3654	Valence Loss:1.2529	 Arousal Loss:0.3443	
[2025-11-17 17:37:01,656][run_task2&3_trainer_multilingual.py][line:1124][INFO] Epoch:[1/1]	 Batch:[4290/4840.0]	 Loss Sum:0.4271	forward Loss:0.0126;0.0452	 backward Loss:0.0312;0.0204	 Sentiment Loss:0.095	Valence Loss:0.7526	 Arousal Loss:0.3612	
[2025-11-17 17:37:02,786][run_task2&3_trainer_multilingual.py][line:1124][INFO] Epoch:[1/1]	 Batch:[4300/4840.0]	 Loss Sum:0.6897	forward Loss:0.0691;0.0841	 backward Loss:0.0831;0.0825	 Sentiment Loss:0.1795	Valence Loss:0.6306	 Arousal Loss:0.3262	
[2025-11-17 17:37:03,912][run_task2&3_trainer_multilingual.py][line:1124][INFO] Epoch:[1/1]	 Batch:[4310/4840.0]	 Loss Sum:3.5817	forward Loss:0.6953;0.142	 backward Loss:0.0809;2.4633	 Sentiment Loss:0.0131	Valence Loss:0.6821	 Arousal Loss:0.253	
[2025-11-17 17:37:05,043][run_task2&3_trainer_multilingual.py][line:1124][INFO] Epoch:[1/1]	 Batch:[4320/4840.0]	 Loss Sum:16.5089	forward Loss:7.8947;1.047	 backward Loss:0.1867;6.8571	 Sentiment Loss:0.4634	Valence Loss:0.1837	 Arousal Loss:0.1159	
[2025-11-17 17:37:06,170][run_task2&3_trainer_multilingual.py][line:1124][INFO] Epoch:[1/1]	 Batch:[4330/4840.0]	 Loss Sum:0.7182	forward Loss:0.1716;0.0669	 backward Loss:0.0363;0.069	 Sentiment Loss:0.2668	Valence Loss:0.4187	 Arousal Loss:0.1193	
[2025-11-17 17:37:07,300][run_task2&3_trainer_multilingual.py][line:1124][INFO] Epoch:[1/1]	 Batch:[4340/4840.0]	 Loss Sum:2.2018	forward Loss:0.4438;0.2683	 backward Loss:0.1432;0.4255	 Sentiment Loss:0.4939	Valence Loss:2.094	 Arousal Loss:0.0421	
[2025-11-17 17:37:08,429][run_task2&3_trainer_multilingual.py][line:1124][INFO] Epoch:[1/1]	 Batch:[4350/4840.0]	 Loss Sum:10.2551	forward Loss:2.1526;2.0046	 backward Loss:1.7011;3.8716	 Sentiment Loss:0.2769	Valence Loss:1.1886	 Arousal Loss:0.0529	
[2025-11-17 17:37:09,556][run_task2&3_trainer_multilingual.py][line:1124][INFO] Epoch:[1/1]	 Batch:[4360/4840.0]	 Loss Sum:3.1259	forward Loss:0.5596;0.1317	 backward Loss:0.1215;0.7775	 Sentiment Loss:1.324	Valence Loss:0.7479	 Arousal Loss:0.3101	
[2025-11-17 17:37:10,684][run_task2&3_trainer_multilingual.py][line:1124][INFO] Epoch:[1/1]	 Batch:[4370/4840.0]	 Loss Sum:5.0779	forward Loss:0.3658;2.0114	 backward Loss:1.7626;0.5896	 Sentiment Loss:0.1074	Valence Loss:0.6873	 Arousal Loss:0.5179	
[2025-11-17 17:37:11,810][run_task2&3_trainer_multilingual.py][line:1124][INFO] Epoch:[1/1]	 Batch:[4380/4840.0]	 Loss Sum:8.3799	forward Loss:0.0416;4.3467	 backward Loss:3.7163;0.1565	 Sentiment Loss:0.0529	Valence Loss:0.1531	 Arousal Loss:0.1761	
[2025-11-17 17:37:12,940][run_task2&3_trainer_multilingual.py][line:1124][INFO] Epoch:[1/1]	 Batch:[4390/4840.0]	 Loss Sum:0.746	forward Loss:0.1356;0.1441	 backward Loss:0.13;0.1576	 Sentiment Loss:0.1264	Valence Loss:0.0823	 Arousal Loss:0.1789	
[2025-11-17 17:37:14,067][run_task2&3_trainer_multilingual.py][line:1124][INFO] Epoch:[1/1]	 Batch:[4400/4840.0]	 Loss Sum:21.7716	forward Loss:0.6416;11.174	 backward Loss:6.6646;0.6205	 Sentiment Loss:2.623	Valence Loss:0.1911	 Arousal Loss:0.0477	
[2025-11-17 17:37:15,196][run_task2&3_trainer_multilingual.py][line:1124][INFO] Epoch:[1/1]	 Batch:[4410/4840.0]	 Loss Sum:1.4651	forward Loss:0.0779;0.3937	 backward Loss:0.8206;0.0657	 Sentiment Loss:0.027	Valence Loss:0.1092	 Arousal Loss:0.2911	
[2025-11-17 17:37:16,323][run_task2&3_trainer_multilingual.py][line:1124][INFO] Epoch:[1/1]	 Batch:[4420/4840.0]	 Loss Sum:0.9577	forward Loss:0.0874;0.0756	 backward Loss:0.0356;0.0911	 Sentiment Loss:0.0821	Valence Loss:1.0919	 Arousal Loss:1.8369	
[2025-11-17 17:37:17,454][run_task2&3_trainer_multilingual.py][line:1124][INFO] Epoch:[1/1]	 Batch:[4430/4840.0]	 Loss Sum:1.2145	forward Loss:0.4089;0.1787	 backward Loss:0.1578;0.1496	 Sentiment Loss:0.2831	Valence Loss:0.0924	 Arousal Loss:0.0892	
[2025-11-17 17:37:18,579][run_task2&3_trainer_multilingual.py][line:1124][INFO] Epoch:[1/1]	 Batch:[4440/4840.0]	 Loss Sum:8.1756	forward Loss:0.0948;3.2343	 backward Loss:1.6589;3.0814	 Sentiment Loss:0.0377	Valence Loss:0.2074	 Arousal Loss:0.1346	
[2025-11-17 17:37:19,706][run_task2&3_trainer_multilingual.py][line:1124][INFO] Epoch:[1/1]	 Batch:[4450/4840.0]	 Loss Sum:20.4616	forward Loss:11.3371;2.8844	 backward Loss:5.9942;0.1539	 Sentiment Loss:0.0094	Valence Loss:0.1461	 Arousal Loss:0.2668	
[2025-11-17 17:37:20,831][run_task2&3_trainer_multilingual.py][line:1124][INFO] Epoch:[1/1]	 Batch:[4460/4840.0]	 Loss Sum:8.0129	forward Loss:2.6438;2.0229	 backward Loss:1.7984;1.3971	 Sentiment Loss:0.0499	Valence Loss:0.2787	 Arousal Loss:0.2255	
[2025-11-17 17:37:21,967][run_task2&3_trainer_multilingual.py][line:1124][INFO] Epoch:[1/1]	 Batch:[4470/4840.0]	 Loss Sum:0.3439	forward Loss:0.0458;0.0556	 backward Loss:0.0266;0.0664	 Sentiment Loss:0.0509	Valence Loss:0.3992	 Arousal Loss:0.0938	
[2025-11-17 17:37:23,096][run_task2&3_trainer_multilingual.py][line:1124][INFO] Epoch:[1/1]	 Batch:[4480/4840.0]	 Loss Sum:3.1194	forward Loss:0.7197;0.642	 backward Loss:0.5917;0.379	 Sentiment Loss:0.7621	Valence Loss:0.09	 Arousal Loss:0.0341	
[2025-11-17 17:37:24,221][run_task2&3_trainer_multilingual.py][line:1124][INFO] Epoch:[1/1]	 Batch:[4490/4840.0]	 Loss Sum:10.2255	forward Loss:0.7741;2.2388	 backward Loss:4.5013;0.1141	 Sentiment Loss:2.4335	Valence Loss:0.0726	 Arousal Loss:0.7456	
[2025-11-17 17:37:25,349][run_task2&3_trainer_multilingual.py][line:1124][INFO] Epoch:[1/1]	 Batch:[4500/4840.0]	 Loss Sum:19.2914	forward Loss:8.8505;1.0467	 backward Loss:3.903;2.3522	 Sentiment Loss:0.8983	Valence Loss:5.8331	 Arousal Loss:5.3705	
[2025-11-17 17:37:26,474][run_task2&3_trainer_multilingual.py][line:1124][INFO] Epoch:[1/1]	 Batch:[4510/4840.0]	 Loss Sum:2.5287	forward Loss:0.7933;0.4171	 backward Loss:0.7997;0.2502	 Sentiment Loss:0.1196	Valence Loss:0.6522	 Arousal Loss:0.0917	
[2025-11-17 17:37:27,622][run_task2&3_trainer_multilingual.py][line:1124][INFO] Epoch:[1/1]	 Batch:[4520/4840.0]	 Loss Sum:12.11	forward Loss:5.1847;0.8726	 backward Loss:4.096;1.8435	 Sentiment Loss:0.0658	Valence Loss:0.1273	 Arousal Loss:0.1098	
[2025-11-17 17:37:28,750][run_task2&3_trainer_multilingual.py][line:1124][INFO] Epoch:[1/1]	 Batch:[4530/4840.0]	 Loss Sum:7.0179	forward Loss:0.181;1.609	 backward Loss:1.3615;3.7968	 Sentiment Loss:0.0382	Valence Loss:0.0605	 Arousal Loss:0.0961	
[2025-11-17 17:37:29,877][run_task2&3_trainer_multilingual.py][line:1124][INFO] Epoch:[1/1]	 Batch:[4540/4840.0]	 Loss Sum:3.0516	forward Loss:0.0208;0.0546	 backward Loss:0.0407;0.0178	 Sentiment Loss:2.7163	Valence Loss:0.838	 Arousal Loss:0.1688	
[2025-11-17 17:37:31,003][run_task2&3_trainer_multilingual.py][line:1124][INFO] Epoch:[1/1]	 Batch:[4550/4840.0]	 Loss Sum:2.8123	forward Loss:0.3532;0.7157	 backward Loss:1.086;0.545	 Sentiment Loss:0.0465	Valence Loss:0.2715	 Arousal Loss:0.0582	
[2025-11-17 17:37:32,132][run_task2&3_trainer_multilingual.py][line:1124][INFO] Epoch:[1/1]	 Batch:[4560/4840.0]	 Loss Sum:2.5751	forward Loss:0.2111;0.5124	 backward Loss:0.7747;0.7501	 Sentiment Loss:0.101	Valence Loss:0.6978	 Arousal Loss:0.431	
[2025-11-17 17:37:33,257][run_task2&3_trainer_multilingual.py][line:1124][INFO] Epoch:[1/1]	 Batch:[4570/4840.0]	 Loss Sum:0.9736	forward Loss:0.2334;0.177	 backward Loss:0.1541;0.2816	 Sentiment Loss:0.0638	Valence Loss:0.259	 Arousal Loss:0.0603	
[2025-11-17 17:37:34,384][run_task2&3_trainer_multilingual.py][line:1124][INFO] Epoch:[1/1]	 Batch:[4580/4840.0]	 Loss Sum:6.0818	forward Loss:0.0784;1.0525	 backward Loss:0.9495;0.0393	 Sentiment Loss:3.8622	Valence Loss:0.149	 Arousal Loss:0.3502	
[2025-11-17 17:37:35,509][run_task2&3_trainer_multilingual.py][line:1124][INFO] Epoch:[1/1]	 Batch:[4590/4840.0]	 Loss Sum:1.403	forward Loss:0.2406;0.388	 backward Loss:0.2757;0.3175	 Sentiment Loss:0.0701	Valence Loss:0.5244	 Arousal Loss:0.0307	
[2025-11-17 17:37:36,637][run_task2&3_trainer_multilingual.py][line:1124][INFO] Epoch:[1/1]	 Batch:[4600/4840.0]	 Loss Sum:2.0471	forward Loss:0.6579;0.196	 backward Loss:0.8177;0.2194	 Sentiment Loss:0.0893	Valence Loss:0.1059	 Arousal Loss:0.2278	
[2025-11-17 17:37:37,764][run_task2&3_trainer_multilingual.py][line:1124][INFO] Epoch:[1/1]	 Batch:[4610/4840.0]	 Loss Sum:6.3406	forward Loss:0.0437;1.1307	 backward Loss:1.8652;0.0191	 Sentiment Loss:1.7317	Valence Loss:5.2034	 Arousal Loss:2.5478	
[2025-11-17 17:37:38,891][run_task2&3_trainer_multilingual.py][line:1124][INFO] Epoch:[1/1]	 Batch:[4620/4840.0]	 Loss Sum:4.5311	forward Loss:0.1748;0.5864	 backward Loss:0.9423;2.602	 Sentiment Loss:0.1861	Valence Loss:0.1051	 Arousal Loss:0.0923	
[2025-11-17 17:37:40,021][run_task2&3_trainer_multilingual.py][line:1124][INFO] Epoch:[1/1]	 Batch:[4630/4840.0]	 Loss Sum:3.4887	forward Loss:0.7198;0.2297	 backward Loss:0.6776;0.2166	 Sentiment Loss:1.1276	Valence Loss:2.3604	 Arousal Loss:0.227	
[2025-11-17 17:37:41,146][run_task2&3_trainer_multilingual.py][line:1124][INFO] Epoch:[1/1]	 Batch:[4640/4840.0]	 Loss Sum:2.148	forward Loss:0.3624;0.3766	 backward Loss:0.2234;0.1655	 Sentiment Loss:0.7471	Valence Loss:1.2746	 Arousal Loss:0.0903	
[2025-11-17 17:37:42,276][run_task2&3_trainer_multilingual.py][line:1124][INFO] Epoch:[1/1]	 Batch:[4650/4840.0]	 Loss Sum:7.5681	forward Loss:2.5823;0.869	 backward Loss:3.728;0.0975	 Sentiment Loss:0.1975	Valence Loss:0.2762	 Arousal Loss:0.1926	
[2025-11-17 17:37:43,400][run_task2&3_trainer_multilingual.py][line:1124][INFO] Epoch:[1/1]	 Batch:[4660/4840.0]	 Loss Sum:4.0109	forward Loss:0.1136;3.3694	 backward Loss:0.2832;0.0418	 Sentiment Loss:0.05	Valence Loss:0.3363	 Arousal Loss:0.4286	
[2025-11-17 17:37:44,527][run_task2&3_trainer_multilingual.py][line:1124][INFO] Epoch:[1/1]	 Batch:[4670/4840.0]	 Loss Sum:0.4542	forward Loss:0.0527;0.0463	 backward Loss:0.0756;0.0417	 Sentiment Loss:0.0414	Valence Loss:0.4841	 Arousal Loss:0.4981	
[2025-11-17 17:37:45,652][run_task2&3_trainer_multilingual.py][line:1124][INFO] Epoch:[1/1]	 Batch:[4680/4840.0]	 Loss Sum:2.4255	forward Loss:0.0333;1.847	 backward Loss:0.3577;0.0725	 Sentiment Loss:0.0314	Valence Loss:0.2593	 Arousal Loss:0.1585	
[2025-11-17 17:37:46,781][run_task2&3_trainer_multilingual.py][line:1124][INFO] Epoch:[1/1]	 Batch:[4690/4840.0]	 Loss Sum:27.081	forward Loss:5.4513;2.8602	 backward Loss:16.7308;0.5401	 Sentiment Loss:1.3408	Valence Loss:0.5709	 Arousal Loss:0.218	
[2025-11-17 17:37:47,905][run_task2&3_trainer_multilingual.py][line:1124][INFO] Epoch:[1/1]	 Batch:[4700/4840.0]	 Loss Sum:14.6896	forward Loss:4.7464;2.5745	 backward Loss:1.2087;3.3655	 Sentiment Loss:2.719	Valence Loss:0.2377	 Arousal Loss:0.1402	
[2025-11-17 17:37:49,036][run_task2&3_trainer_multilingual.py][line:1124][INFO] Epoch:[1/1]	 Batch:[4710/4840.0]	 Loss Sum:12.4502	forward Loss:0.6403;4.8997	 backward Loss:6.3353;0.3053	 Sentiment Loss:0.1184	Valence Loss:0.0751	 Arousal Loss:0.6808	
[2025-11-17 17:37:50,162][run_task2&3_trainer_multilingual.py][line:1124][INFO] Epoch:[1/1]	 Batch:[4720/4840.0]	 Loss Sum:1.2882	forward Loss:0.0922;0.4346	 backward Loss:0.5088;0.0611	 Sentiment Loss:0.1329	Valence Loss:0.1659	 Arousal Loss:0.1274	
[2025-11-17 17:37:51,292][run_task2&3_trainer_multilingual.py][line:1124][INFO] Epoch:[1/1]	 Batch:[4730/4840.0]	 Loss Sum:6.2619	forward Loss:0.5011;1.593	 backward Loss:2.7743;0.3406	 Sentiment Loss:0.0954	Valence Loss:4.6902	 Arousal Loss:0.0975	
[2025-11-17 17:37:52,419][run_task2&3_trainer_multilingual.py][line:1124][INFO] Epoch:[1/1]	 Batch:[4740/4840.0]	 Loss Sum:7.2998	forward Loss:0.5553;3.0848	 backward Loss:3.0665;0.5083	 Sentiment Loss:0.0136	Valence Loss:0.1179	 Arousal Loss:0.2381	
[2025-11-17 17:37:53,545][run_task2&3_trainer_multilingual.py][line:1124][INFO] Epoch:[1/1]	 Batch:[4750/4840.0]	 Loss Sum:24.8818	forward Loss:0.2023;12.7403	 backward Loss:11.153;0.2637	 Sentiment Loss:0.3496	Valence Loss:0.3433	 Arousal Loss:0.5212	
[2025-11-17 17:37:54,679][run_task2&3_trainer_multilingual.py][line:1124][INFO] Epoch:[1/1]	 Batch:[4760/4840.0]	 Loss Sum:24.5869	forward Loss:7.0142;1.0308	 backward Loss:1.1951;12.0262	 Sentiment Loss:2.9302	Valence Loss:1.5602	 Arousal Loss:0.3918	
[2025-11-17 17:37:55,805][run_task2&3_trainer_multilingual.py][line:1124][INFO] Epoch:[1/1]	 Batch:[4770/4840.0]	 Loss Sum:12.9268	forward Loss:3.1765;3.6316	 backward Loss:5.4657;0.5879	 Sentiment Loss:0.0493	Valence Loss:0.043	 Arousal Loss:0.0361	
[2025-11-17 17:37:56,936][run_task2&3_trainer_multilingual.py][line:1124][INFO] Epoch:[1/1]	 Batch:[4780/4840.0]	 Loss Sum:5.0389	forward Loss:2.2065;0.1219	 backward Loss:1.7278;0.7646	 Sentiment Loss:0.1594	Valence Loss:0.2655	 Arousal Loss:0.0279	
[2025-11-17 17:37:58,066][run_task2&3_trainer_multilingual.py][line:1124][INFO] Epoch:[1/1]	 Batch:[4790/4840.0]	 Loss Sum:6.7676	forward Loss:3.5315;0.2012	 backward Loss:0.3861;2.3714	 Sentiment Loss:0.0414	Valence Loss:0.2656	 Arousal Loss:0.9145	
[2025-11-17 17:37:59,194][run_task2&3_trainer_multilingual.py][line:1124][INFO] Epoch:[1/1]	 Batch:[4800/4840.0]	 Loss Sum:3.3447	forward Loss:0.2719;0.4723	 backward Loss:0.2134;0.5606	 Sentiment Loss:1.7205	Valence Loss:0.4875	 Arousal Loss:0.043	
[2025-11-17 17:38:00,323][run_task2&3_trainer_multilingual.py][line:1124][INFO] Epoch:[1/1]	 Batch:[4810/4840.0]	 Loss Sum:6.2277	forward Loss:1.9071;2.2218	 backward Loss:1.372;0.5701	 Sentiment Loss:0.037	Valence Loss:0.2375	 Arousal Loss:0.3608	
[2025-11-17 17:38:01,450][run_task2&3_trainer_multilingual.py][line:1124][INFO] Epoch:[1/1]	 Batch:[4820/4840.0]	 Loss Sum:7.6225	forward Loss:0.1789;4.5553	 backward Loss:2.3183;0.4299	 Sentiment Loss:0.062	Valence Loss:0.1319	 Arousal Loss:0.2592	
[2025-11-17 17:38:02,577][run_task2&3_trainer_multilingual.py][line:1124][INFO] Epoch:[1/1]	 Batch:[4830/4840.0]	 Loss Sum:1.6514	forward Loss:0.1953;0.5329	 backward Loss:0.5596;0.2717	 Sentiment Loss:0.0662	Valence Loss:0.0718	 Arousal Loss:0.057	
[2025-11-17 17:38:03,707][run_task2&3_trainer_multilingual.py][line:1124][INFO] Epoch:[1/1]	 Batch:[4840/4840.0]	 Loss Sum:5.9949	forward Loss:2.2698;1.2847	 backward Loss:1.2397;1.0745	 Sentiment Loss:0.0206	Valence Loss:0.3496	 Arousal Loss:0.1786	
[2025-11-17 17:38:03,707][run_task2&3_trainer_multilingual.py][line:1136][INFO] dev
[2025-11-17 17:38:33,484][run_task2&3_trainer_multilingual.py][line:470][INFO] Triplet - Precision: 0.6284023664920696	Recall: 0.6232394362539674	F1: 0.6258097530284649
[2025-11-17 17:38:33,484][run_task2&3_trainer_multilingual.py][line:475][INFO] Aspect - Precision: 0.8452702696991417	Recall: 0.8395973148727535	F1: 0.8424237418629186
[2025-11-17 17:38:33,484][run_task2&3_trainer_multilingual.py][line:480][INFO] Opinion - Precision: 0.8192848015202523	Recall: 0.7827943863436275	F1: 0.8006235247210949
[2025-11-17 17:38:33,484][run_task2&3_trainer_multilingual.py][line:486][INFO] Aspect-Category - Precision: 0.7563587679006969	Recall: 0.7444005265188401	F1: 0.7503315048459351
[2025-11-17 17:38:33,484][run_task2&3_trainer_multilingual.py][line:494][INFO] Aspect-Opinion - Precision: 0.7023668634897237	Recall: 0.6965962437226547	F1: 0.6994691519243218
[2025-11-17 17:38:33,485][run_task2&3_trainer_multilingual.py][line:1142][INFO] Model saved after epoch 1
[2025-11-17 17:38:34,966][run_task2&3_trainer_multilingual.py][line:1153][INFO] loading model......
[2025-11-17 17:38:36,214][run_task2&3_trainer_multilingual.py][line:1156][INFO] inference......
