[2025-11-17 17:56:03,078][_client.py][line:1025][INFO] HTTP Request: HEAD https://huggingface.co/bert-base-chinese/resolve/main/tokenizer_config.json "HTTP/1.1 200 OK"
[2025-11-17 17:56:03,273][_client.py][line:1025][INFO] HTTP Request: GET https://huggingface.co/api/models/bert-base-chinese/tree/main/additional_chat_templates?recursive=false&expand=false "HTTP/1.1 307 Temporary Redirect"
[2025-11-17 17:56:03,469][_client.py][line:1025][INFO] HTTP Request: GET https://huggingface.co/api/models/google-bert/bert-base-chinese/tree/main/additional_chat_templates?recursive=false&expand=false "HTTP/1.1 404 Not Found"
[2025-11-17 17:56:04,246][run_task2&3_trainer_multilingual.py][line:967][INFO] initial optimizer......
[2025-11-17 17:56:04,247][run_task2&3_trainer_multilingual.py][line:985][INFO] New model and optimizer from epoch 1
[2025-11-17 17:56:04,247][run_task2&3_trainer_multilingual.py][line:994][INFO] begin training......
[2025-11-17 17:56:05,425][run_task2&3_trainer_multilingual.py][line:1124][INFO] Epoch:[1/1]	 Batch:[10/4840.0]	 Loss Sum:58.8344	forward Loss:8.8019;11.0429	 backward Loss:6.9267;8.2918	 Sentiment Loss:3.6989	Valence Loss:46.0407	 Arousal Loss:54.3206	
[2025-11-17 17:56:06,420][run_task2&3_trainer_multilingual.py][line:1124][INFO] Epoch:[1/1]	 Batch:[20/4840.0]	 Loss Sum:69.6778	forward Loss:12.2314;13.9193	 backward Loss:11.3475;11.8419	 Sentiment Loss:3.0131	Valence Loss:43.396	 Arousal Loss:43.2264	
[2025-11-17 17:56:07,405][run_task2&3_trainer_multilingual.py][line:1124][INFO] Epoch:[1/1]	 Batch:[30/4840.0]	 Loss Sum:47.7765	forward Loss:6.6671;9.4507	 backward Loss:7.5439;6.6082	 Sentiment Loss:3.3712	Valence Loss:33.0126	 Arousal Loss:37.6643	
[2025-11-17 17:56:08,401][run_task2&3_trainer_multilingual.py][line:1124][INFO] Epoch:[1/1]	 Batch:[40/4840.0]	 Loss Sum:51.9858	forward Loss:12.9246;11.2872	 backward Loss:8.1006;10.3317	 Sentiment Loss:2.4118	Valence Loss:9.3411	 Arousal Loss:25.3085	
[2025-11-17 17:56:09,387][run_task2&3_trainer_multilingual.py][line:1124][INFO] Epoch:[1/1]	 Batch:[50/4840.0]	 Loss Sum:64.0775	forward Loss:13.7196;16.0029	 backward Loss:11.9267;13.1685	 Sentiment Loss:1.9605	Valence Loss:8.6686	 Arousal Loss:27.8282	
[2025-11-17 17:56:10,389][run_task2&3_trainer_multilingual.py][line:1124][INFO] Epoch:[1/1]	 Batch:[60/4840.0]	 Loss Sum:43.8755	forward Loss:11.9952;9.8878	 backward Loss:6.7326;8.8133	 Sentiment Loss:1.6405	Valence Loss:8.8511	 Arousal Loss:15.1796	
[2025-11-17 17:56:11,374][run_task2&3_trainer_multilingual.py][line:1124][INFO] Epoch:[1/1]	 Batch:[70/4840.0]	 Loss Sum:41.961	forward Loss:7.3358;9.2001	 backward Loss:7.6783;8.2207	 Sentiment Loss:1.3499	Valence Loss:19.6502	 Arousal Loss:21.2305	
[2025-11-17 17:56:12,363][run_task2&3_trainer_multilingual.py][line:1124][INFO] Epoch:[1/1]	 Batch:[80/4840.0]	 Loss Sum:36.1382	forward Loss:6.176;6.6368	 backward Loss:7.6186;8.0952	 Sentiment Loss:5.0818	Valence Loss:4.1867	 Arousal Loss:8.4624	
[2025-11-17 17:56:13,349][run_task2&3_trainer_multilingual.py][line:1124][INFO] Epoch:[1/1]	 Batch:[90/4840.0]	 Loss Sum:49.7206	forward Loss:16.7827;9.5724	 backward Loss:11.2488;9.9403	 Sentiment Loss:0.7128	Valence Loss:2.9771	 Arousal Loss:4.341	
[2025-11-17 17:56:14,335][run_task2&3_trainer_multilingual.py][line:1124][INFO] Epoch:[1/1]	 Batch:[100/4840.0]	 Loss Sum:48.436	forward Loss:12.6812;11.3993	 backward Loss:12.6918;8.9295	 Sentiment Loss:0.7084	Valence Loss:6.2156	 Arousal Loss:3.9138	
[2025-11-17 17:56:15,323][run_task2&3_trainer_multilingual.py][line:1124][INFO] Epoch:[1/1]	 Batch:[110/4840.0]	 Loss Sum:40.2232	forward Loss:12.1403;8.496	 backward Loss:7.6906;10.7876	 Sentiment Loss:0.5102	Valence Loss:1.9181	 Arousal Loss:1.0743	
[2025-11-17 17:56:16,311][run_task2&3_trainer_multilingual.py][line:1124][INFO] Epoch:[1/1]	 Batch:[120/4840.0]	 Loss Sum:33.7593	forward Loss:8.082;8.0135	 backward Loss:9.2377;7.834	 Sentiment Loss:0.2418	Valence Loss:1.2179	 Arousal Loss:0.5335	
[2025-11-17 17:56:17,300][run_task2&3_trainer_multilingual.py][line:1124][INFO] Epoch:[1/1]	 Batch:[130/4840.0]	 Loss Sum:18.4421	forward Loss:4.0336;4.673	 backward Loss:2.4777;5.0147	 Sentiment Loss:0.165	Valence Loss:4.4975	 Arousal Loss:5.8926	
[2025-11-17 17:56:18,285][run_task2&3_trainer_multilingual.py][line:1124][INFO] Epoch:[1/1]	 Batch:[140/4840.0]	 Loss Sum:16.7616	forward Loss:3.5987;4.9189	 backward Loss:3.5907;4.3616	 Sentiment Loss:0.1159	Valence Loss:0.5854	 Arousal Loss:0.2938	
[2025-11-17 17:56:19,275][run_task2&3_trainer_multilingual.py][line:1124][INFO] Epoch:[1/1]	 Batch:[150/4840.0]	 Loss Sum:13.0517	forward Loss:3.3735;3.4686	 backward Loss:2.3286;3.3329	 Sentiment Loss:0.1748	Valence Loss:1.8519	 Arousal Loss:0.0149	
[2025-11-17 17:56:20,261][run_task2&3_trainer_multilingual.py][line:1124][INFO] Epoch:[1/1]	 Batch:[160/4840.0]	 Loss Sum:15.2831	forward Loss:3.9604;3.8749	 backward Loss:2.8798;3.9801	 Sentiment Loss:0.3289	Valence Loss:1.256	 Arousal Loss:0.0387	
[2025-11-17 17:56:21,249][run_task2&3_trainer_multilingual.py][line:1124][INFO] Epoch:[1/1]	 Batch:[170/4840.0]	 Loss Sum:11.6571	forward Loss:2.7076;2.3964	 backward Loss:2.1646;3.0828	 Sentiment Loss:0.5569	Valence Loss:3.0223	 Arousal Loss:0.7214	
[2025-11-17 17:56:22,235][run_task2&3_trainer_multilingual.py][line:1124][INFO] Epoch:[1/1]	 Batch:[180/4840.0]	 Loss Sum:38.1799	forward Loss:11.5893;7.282	 backward Loss:7.9677;7.7247	 Sentiment Loss:3.3992	Valence Loss:1.0472	 Arousal Loss:0.0381	
[2025-11-17 17:56:23,225][run_task2&3_trainer_multilingual.py][line:1124][INFO] Epoch:[1/1]	 Batch:[190/4840.0]	 Loss Sum:33.6931	forward Loss:10.6894;7.3085	 backward Loss:7.1393;8.077	 Sentiment Loss:0.3608	Valence Loss:0.0123	 Arousal Loss:0.5776	
[2025-11-17 17:56:24,213][run_task2&3_trainer_multilingual.py][line:1124][INFO] Epoch:[1/1]	 Batch:[200/4840.0]	 Loss Sum:23.4386	forward Loss:4.9716;5.508	 backward Loss:4.5487;8.0742	 Sentiment Loss:0.2579	Valence Loss:0.2377	 Arousal Loss:0.1533	
[2025-11-17 17:56:25,203][run_task2&3_trainer_multilingual.py][line:1124][INFO] Epoch:[1/1]	 Batch:[210/4840.0]	 Loss Sum:15.8205	forward Loss:3.2925;4.0198	 backward Loss:4.9281;3.0895	 Sentiment Loss:0.2038	Valence Loss:1.2419	 Arousal Loss:0.1923	
[2025-11-17 17:56:26,189][run_task2&3_trainer_multilingual.py][line:1124][INFO] Epoch:[1/1]	 Batch:[220/4840.0]	 Loss Sum:11.2476	forward Loss:3.3867;1.4945	 backward Loss:1.4787;4.6396	 Sentiment Loss:0.1537	Valence Loss:0.0668	 Arousal Loss:0.4052	
[2025-11-17 17:56:27,176][run_task2&3_trainer_multilingual.py][line:1124][INFO] Epoch:[1/1]	 Batch:[230/4840.0]	 Loss Sum:16.8001	forward Loss:3.4109;5.6172	 backward Loss:3.6055;3.6176	 Sentiment Loss:0.2196	Valence Loss:0.5052	 Arousal Loss:1.141	
[2025-11-17 17:56:28,162][run_task2&3_trainer_multilingual.py][line:1124][INFO] Epoch:[1/1]	 Batch:[240/4840.0]	 Loss Sum:13.1316	forward Loss:3.5988;2.4608	 backward Loss:2.5308;3.7207	 Sentiment Loss:0.2015	Valence Loss:2.9555	 Arousal Loss:0.1396	
[2025-11-17 17:56:29,155][run_task2&3_trainer_multilingual.py][line:1124][INFO] Epoch:[1/1]	 Batch:[250/4840.0]	 Loss Sum:4.4852	forward Loss:1.0156;1.1402	 backward Loss:0.7511;1.1788	 Sentiment Loss:0.2299	Valence Loss:0.7118	 Arousal Loss:0.1363	
[2025-11-17 17:56:30,142][run_task2&3_trainer_multilingual.py][line:1124][INFO] Epoch:[1/1]	 Batch:[260/4840.0]	 Loss Sum:13.1997	forward Loss:1.6187;2.3343	 backward Loss:3.2193;4.5895	 Sentiment Loss:0.1336	Valence Loss:5.0308	 Arousal Loss:1.4907	
[2025-11-17 17:56:31,146][run_task2&3_trainer_multilingual.py][line:1124][INFO] Epoch:[1/1]	 Batch:[270/4840.0]	 Loss Sum:4.9034	forward Loss:0.7706;0.8665	 backward Loss:0.6884;1.5073	 Sentiment Loss:0.1126	Valence Loss:4.3963	 Arousal Loss:0.3936	
[2025-11-17 17:56:32,135][run_task2&3_trainer_multilingual.py][line:1124][INFO] Epoch:[1/1]	 Batch:[280/4840.0]	 Loss Sum:14.713	forward Loss:3.4698;4.7428	 backward Loss:2.2961;3.6111	 Sentiment Loss:0.2329	Valence Loss:0.7435	 Arousal Loss:1.0586	
[2025-11-17 17:56:33,121][run_task2&3_trainer_multilingual.py][line:1124][INFO] Epoch:[1/1]	 Batch:[290/4840.0]	 Loss Sum:12.1656	forward Loss:1.7039;4.1094	 backward Loss:4.1404;2.0455	 Sentiment Loss:0.1253	Valence Loss:0.1689	 Arousal Loss:0.0364	
[2025-11-17 17:56:34,112][run_task2&3_trainer_multilingual.py][line:1124][INFO] Epoch:[1/1]	 Batch:[300/4840.0]	 Loss Sum:18.5329	forward Loss:3.3147;5.7705	 backward Loss:5.0301;3.4424	 Sentiment Loss:0.3314	Valence Loss:3.0918	 Arousal Loss:0.1274	
[2025-11-17 17:56:35,131][run_task2&3_trainer_multilingual.py][line:1124][INFO] Epoch:[1/1]	 Batch:[310/4840.0]	 Loss Sum:23.3455	forward Loss:0.7217;11.6777	 backward Loss:9.6854;1.0042	 Sentiment Loss:0.1278	Valence Loss:0.4856	 Arousal Loss:0.1574	
[2025-11-17 17:56:36,135][run_task2&3_trainer_multilingual.py][line:1124][INFO] Epoch:[1/1]	 Batch:[320/4840.0]	 Loss Sum:3.2179	forward Loss:0.3327;1.1618	 backward Loss:0.9666;0.4257	 Sentiment Loss:0.1722	Valence Loss:0.6486	 Arousal Loss:0.1452	
[2025-11-17 17:56:37,121][run_task2&3_trainer_multilingual.py][line:1124][INFO] Epoch:[1/1]	 Batch:[330/4840.0]	 Loss Sum:12.7486	forward Loss:5.1762;2.5194	 backward Loss:1.2027;3.4199	 Sentiment Loss:0.1291	Valence Loss:1.1778	 Arousal Loss:0.3287	
[2025-11-17 17:56:38,109][run_task2&3_trainer_multilingual.py][line:1124][INFO] Epoch:[1/1]	 Batch:[340/4840.0]	 Loss Sum:5.2276	forward Loss:0.6588;1.0234	 backward Loss:0.972;1.3684	 Sentiment Loss:0.1876	Valence Loss:2.5157	 Arousal Loss:2.5716	
[2025-11-17 17:56:39,096][run_task2&3_trainer_multilingual.py][line:1124][INFO] Epoch:[1/1]	 Batch:[350/4840.0]	 Loss Sum:11.1462	forward Loss:3.4866;1.1358	 backward Loss:0.8852;3.1449	 Sentiment Loss:1.4203	Valence Loss:5.0003	 Arousal Loss:0.3674	
[2025-11-17 17:56:40,085][run_task2&3_trainer_multilingual.py][line:1124][INFO] Epoch:[1/1]	 Batch:[360/4840.0]	 Loss Sum:5.2549	forward Loss:1.06;1.836	 backward Loss:0.5731;0.7948	 Sentiment Loss:0.4769	Valence Loss:1.3346	 Arousal Loss:1.236	
[2025-11-17 17:56:41,074][run_task2&3_trainer_multilingual.py][line:1124][INFO] Epoch:[1/1]	 Batch:[370/4840.0]	 Loss Sum:19.1602	forward Loss:4.5481;5.8122	 backward Loss:3.7707;4.426	 Sentiment Loss:0.0396	Valence Loss:2.2994	 Arousal Loss:0.5185	
[2025-11-17 17:56:42,062][run_task2&3_trainer_multilingual.py][line:1124][INFO] Epoch:[1/1]	 Batch:[380/4840.0]	 Loss Sum:6.0942	forward Loss:0.8994;1.7456	 backward Loss:2.2659;0.9493	 Sentiment Loss:0.0376	Valence Loss:0.7409	 Arousal Loss:0.241	
[2025-11-17 17:56:43,051][run_task2&3_trainer_multilingual.py][line:1124][INFO] Epoch:[1/1]	 Batch:[390/4840.0]	 Loss Sum:9.0436	forward Loss:0.6246;4.0594	 backward Loss:3.652;0.5271	 Sentiment Loss:0.0927	Valence Loss:0.0815	 Arousal Loss:0.3573	
[2025-11-17 17:56:44,042][run_task2&3_trainer_multilingual.py][line:1124][INFO] Epoch:[1/1]	 Batch:[400/4840.0]	 Loss Sum:10.7112	forward Loss:3.2728;1.1858	 backward Loss:0.8137;3.6471	 Sentiment Loss:0.38	Valence Loss:6.5288	 Arousal Loss:0.5298	
[2025-11-17 17:56:45,029][run_task2&3_trainer_multilingual.py][line:1124][INFO] Epoch:[1/1]	 Batch:[410/4840.0]	 Loss Sum:17.1566	forward Loss:7.1845;0.4791	 backward Loss:0.3429;8.0356	 Sentiment Loss:0.6015	Valence Loss:1.7072	 Arousal Loss:0.8576	
[2025-11-17 17:56:46,018][run_task2&3_trainer_multilingual.py][line:1124][INFO] Epoch:[1/1]	 Batch:[420/4840.0]	 Loss Sum:8.9622	forward Loss:0.587;3.5501	 backward Loss:2.6834;1.685	 Sentiment Loss:0.2951	Valence Loss:0.2677	 Arousal Loss:0.5401	
[2025-11-17 17:56:47,005][run_task2&3_trainer_multilingual.py][line:1124][INFO] Epoch:[1/1]	 Batch:[430/4840.0]	 Loss Sum:4.3032	forward Loss:1.276;0.5827	 backward Loss:0.5633;1.2594	 Sentiment Loss:0.0411	Valence Loss:2.7065	 Arousal Loss:0.1972	
[2025-11-17 17:56:47,997][run_task2&3_trainer_multilingual.py][line:1124][INFO] Epoch:[1/1]	 Batch:[440/4840.0]	 Loss Sum:24.3314	forward Loss:4.7685;4.7553	 backward Loss:7.6461;5.0804	 Sentiment Loss:1.6004	Valence Loss:2.26	 Arousal Loss:0.1443	
[2025-11-17 17:56:48,987][run_task2&3_trainer_multilingual.py][line:1124][INFO] Epoch:[1/1]	 Batch:[450/4840.0]	 Loss Sum:11.6673	forward Loss:0.6706;1.4751	 backward Loss:1.0561;2.7768	 Sentiment Loss:5.5514	Valence Loss:0.326	 Arousal Loss:0.3605	
[2025-11-17 17:56:49,975][run_task2&3_trainer_multilingual.py][line:1124][INFO] Epoch:[1/1]	 Batch:[460/4840.0]	 Loss Sum:11.3149	forward Loss:2.5027;3.2278	 backward Loss:2.8726;1.5134	 Sentiment Loss:0.1877	Valence Loss:0.7504	 Arousal Loss:4.3033	
[2025-11-17 17:56:50,964][run_task2&3_trainer_multilingual.py][line:1124][INFO] Epoch:[1/1]	 Batch:[470/4840.0]	 Loss Sum:11.2021	forward Loss:3.2667;3.5492	 backward Loss:1.8589;2.1038	 Sentiment Loss:0.0545	Valence Loss:0.7599	 Arousal Loss:1.0846	
[2025-11-17 17:56:51,950][run_task2&3_trainer_multilingual.py][line:1124][INFO] Epoch:[1/1]	 Batch:[480/4840.0]	 Loss Sum:6.1118	forward Loss:0.1274;2.5695	 backward Loss:2.2471;0.1777	 Sentiment Loss:0.1838	Valence Loss:2.5659	 Arousal Loss:1.4665	
[2025-11-17 17:56:52,938][run_task2&3_trainer_multilingual.py][line:1124][INFO] Epoch:[1/1]	 Batch:[490/4840.0]	 Loss Sum:4.1233	forward Loss:0.1188;1.661	 backward Loss:1.6672;0.1744	 Sentiment Loss:0.2621	Valence Loss:0.814	 Arousal Loss:0.3848	
[2025-11-17 17:56:53,927][run_task2&3_trainer_multilingual.py][line:1124][INFO] Epoch:[1/1]	 Batch:[500/4840.0]	 Loss Sum:7.5794	forward Loss:1.0196;2.2171	 backward Loss:2.2825;1.0051	 Sentiment Loss:0.2862	Valence Loss:1.2172	 Arousal Loss:2.6275	
[2025-11-17 17:56:54,915][run_task2&3_trainer_multilingual.py][line:1124][INFO] Epoch:[1/1]	 Batch:[510/4840.0]	 Loss Sum:3.6287	forward Loss:0.3412;0.3709	 backward Loss:0.541;2.0684	 Sentiment Loss:0.2494	Valence Loss:0.0901	 Arousal Loss:0.1986	
[2025-11-17 17:56:55,902][run_task2&3_trainer_multilingual.py][line:1124][INFO] Epoch:[1/1]	 Batch:[520/4840.0]	 Loss Sum:8.4037	forward Loss:0.6325;2.1356	 backward Loss:4.385;0.421	 Sentiment Loss:0.3789	Valence Loss:1.1498	 Arousal Loss:1.1044	
[2025-11-17 17:56:56,891][run_task2&3_trainer_multilingual.py][line:1124][INFO] Epoch:[1/1]	 Batch:[530/4840.0]	 Loss Sum:6.0086	forward Loss:2.0806;0.4856	 backward Loss:0.1815;2.5524	 Sentiment Loss:0.2049	Valence Loss:2.4059	 Arousal Loss:0.1121	
[2025-11-17 17:56:57,882][run_task2&3_trainer_multilingual.py][line:1124][INFO] Epoch:[1/1]	 Batch:[540/4840.0]	 Loss Sum:20.6104	forward Loss:3.1965;3.801	 backward Loss:9.5278;1.4044	 Sentiment Loss:2.6689	Valence Loss:0.0105	 Arousal Loss:0.0487	
[2025-11-17 17:56:58,888][run_task2&3_trainer_multilingual.py][line:1124][INFO] Epoch:[1/1]	 Batch:[550/4840.0]	 Loss Sum:5.4251	forward Loss:1.2321;0.5863	 backward Loss:1.0834;2.3878	 Sentiment Loss:0.1208	Valence Loss:0.038	 Arousal Loss:0.0355	
[2025-11-17 17:56:59,873][run_task2&3_trainer_multilingual.py][line:1124][INFO] Epoch:[1/1]	 Batch:[560/4840.0]	 Loss Sum:13.2609	forward Loss:0.4464;6.8183	 backward Loss:5.0262;0.2659	 Sentiment Loss:0.2362	Valence Loss:1.7316	 Arousal Loss:0.6079	
[2025-11-17 17:57:00,864][run_task2&3_trainer_multilingual.py][line:1124][INFO] Epoch:[1/1]	 Batch:[570/4840.0]	 Loss Sum:8.2779	forward Loss:0.1104;2.0481	 backward Loss:1.5376;0.5396	 Sentiment Loss:3.9666	Valence Loss:0.2657	 Arousal Loss:0.1128	
[2025-11-17 17:57:01,852][run_task2&3_trainer_multilingual.py][line:1124][INFO] Epoch:[1/1]	 Batch:[580/4840.0]	 Loss Sum:15.6222	forward Loss:0.3259;8.7301	 backward Loss:5.1333;0.8832	 Sentiment Loss:0.1892	Valence Loss:1.0154	 Arousal Loss:0.7867	
[2025-11-17 17:57:02,841][run_task2&3_trainer_multilingual.py][line:1124][INFO] Epoch:[1/1]	 Batch:[590/4840.0]	 Loss Sum:3.0989	forward Loss:0.3337;0.5661	 backward Loss:0.4008;0.6707	 Sentiment Loss:0.1334	Valence Loss:2.2062	 Arousal Loss:2.765	
[2025-11-17 17:57:03,827][run_task2&3_trainer_multilingual.py][line:1124][INFO] Epoch:[1/1]	 Batch:[600/4840.0]	 Loss Sum:35.4937	forward Loss:8.0265;6.4913	 backward Loss:9.9016;9.923	 Sentiment Loss:0.8524	Valence Loss:0.5447	 Arousal Loss:0.9494	
[2025-11-17 17:57:04,818][run_task2&3_trainer_multilingual.py][line:1124][INFO] Epoch:[1/1]	 Batch:[610/4840.0]	 Loss Sum:8.5056	forward Loss:2.4413;2.0017	 backward Loss:1.1305;2.8137	 Sentiment Loss:0.1064	Valence Loss:0.0251	 Arousal Loss:0.0347	
[2025-11-17 17:57:05,805][run_task2&3_trainer_multilingual.py][line:1124][INFO] Epoch:[1/1]	 Batch:[620/4840.0]	 Loss Sum:9.263	forward Loss:3.895;0.3012	 backward Loss:0.1885;4.7384	 Sentiment Loss:0.0376	Valence Loss:0.4466	 Arousal Loss:0.065	
[2025-11-17 17:57:06,793][run_task2&3_trainer_multilingual.py][line:1124][INFO] Epoch:[1/1]	 Batch:[630/4840.0]	 Loss Sum:13.7769	forward Loss:3.4166;2.2827	 backward Loss:1.4795;2.4358	 Sentiment Loss:4.0048	Valence Loss:0.6599	 Arousal Loss:0.1275	
[2025-11-17 17:57:07,790][run_task2&3_trainer_multilingual.py][line:1124][INFO] Epoch:[1/1]	 Batch:[640/4840.0]	 Loss Sum:4.6846	forward Loss:1.3358;0.6965	 backward Loss:0.6047;1.8156	 Sentiment Loss:0.1485	Valence Loss:0.3846	 Arousal Loss:0.0334	
[2025-11-17 17:57:08,779][run_task2&3_trainer_multilingual.py][line:1124][INFO] Epoch:[1/1]	 Batch:[650/4840.0]	 Loss Sum:6.8685	forward Loss:1.4088;0.2381	 backward Loss:0.2023;1.5983	 Sentiment Loss:3.4123	Valence Loss:0.0287	 Arousal Loss:0.0155	
[2025-11-17 17:57:09,776][run_task2&3_trainer_multilingual.py][line:1124][INFO] Epoch:[1/1]	 Batch:[660/4840.0]	 Loss Sum:3.2326	forward Loss:0.567;0.5842	 backward Loss:0.1739;0.5474	 Sentiment Loss:0.1347	Valence Loss:5.2164	 Arousal Loss:0.9109	
[2025-11-17 17:57:10,766][run_task2&3_trainer_multilingual.py][line:1124][INFO] Epoch:[1/1]	 Batch:[670/4840.0]	 Loss Sum:3.8118	forward Loss:2.0013;0.2736	 backward Loss:0.1814;0.7939	 Sentiment Loss:0.3712	Valence Loss:0.8404	 Arousal Loss:0.1113	
[2025-11-17 17:57:11,757][run_task2&3_trainer_multilingual.py][line:1124][INFO] Epoch:[1/1]	 Batch:[680/4840.0]	 Loss Sum:8.9785	forward Loss:4.5442;0.4405	 backward Loss:0.3212;3.4412	 Sentiment Loss:0.0331	Valence Loss:0.4718	 Arousal Loss:0.5193	
[2025-11-17 17:57:12,744][run_task2&3_trainer_multilingual.py][line:1124][INFO] Epoch:[1/1]	 Batch:[690/4840.0]	 Loss Sum:5.5215	forward Loss:2.8838;0.1478	 backward Loss:0.1821;2.0936	 Sentiment Loss:0.1085	Valence Loss:0.3964	 Arousal Loss:0.132	
[2025-11-17 17:57:13,735][run_task2&3_trainer_multilingual.py][line:1124][INFO] Epoch:[1/1]	 Batch:[700/4840.0]	 Loss Sum:12.0598	forward Loss:2.4284;1.569	 backward Loss:0.7876;5.8779	 Sentiment Loss:1.0162	Valence Loss:1.7799	 Arousal Loss:0.1235	
[2025-11-17 17:57:14,722][run_task2&3_trainer_multilingual.py][line:1124][INFO] Epoch:[1/1]	 Batch:[710/4840.0]	 Loss Sum:2.3252	forward Loss:0.392;0.6531	 backward Loss:0.1578;0.7234	 Sentiment Loss:0.1271	Valence Loss:0.3014	 Arousal Loss:1.058	
[2025-11-17 17:57:15,714][run_task2&3_trainer_multilingual.py][line:1124][INFO] Epoch:[1/1]	 Batch:[720/4840.0]	 Loss Sum:3.4955	forward Loss:0.2621;0.7925	 backward Loss:1.8395;0.1985	 Sentiment Loss:0.098	Valence Loss:1.4707	 Arousal Loss:0.0538	
[2025-11-17 17:57:16,701][run_task2&3_trainer_multilingual.py][line:1124][INFO] Epoch:[1/1]	 Batch:[730/4840.0]	 Loss Sum:0.8567	forward Loss:0.1493;0.1401	 backward Loss:0.0569;0.1891	 Sentiment Loss:0.2509	Valence Loss:0.2577	 Arousal Loss:0.0939	
[2025-11-17 17:57:17,691][run_task2&3_trainer_multilingual.py][line:1124][INFO] Epoch:[1/1]	 Batch:[740/4840.0]	 Loss Sum:6.1262	forward Loss:0.8105;1.7027	 backward Loss:1.523;0.4023	 Sentiment Loss:1.4874	Valence Loss:0.8837	 Arousal Loss:0.1175	
[2025-11-17 17:57:18,680][run_task2&3_trainer_multilingual.py][line:1124][INFO] Epoch:[1/1]	 Batch:[750/4840.0]	 Loss Sum:10.8675	forward Loss:4.0982;1.6707	 backward Loss:3.7781;0.9846	 Sentiment Loss:0.0285	Valence Loss:1.1629	 Arousal Loss:0.3743	
[2025-11-17 17:57:19,667][run_task2&3_trainer_multilingual.py][line:1124][INFO] Epoch:[1/1]	 Batch:[760/4840.0]	 Loss Sum:8.7358	forward Loss:1.2743;1.3349	 backward Loss:0.5519;1.9723	 Sentiment Loss:3.3234	Valence Loss:1.2197	 Arousal Loss:0.1754	
[2025-11-17 17:57:20,655][run_task2&3_trainer_multilingual.py][line:1124][INFO] Epoch:[1/1]	 Batch:[770/4840.0]	 Loss Sum:1.1384	forward Loss:0.3302;0.0962	 backward Loss:0.0437;0.3237	 Sentiment Loss:0.3036	Valence Loss:0.1556	 Arousal Loss:0.0497	
[2025-11-17 17:57:21,646][run_task2&3_trainer_multilingual.py][line:1124][INFO] Epoch:[1/1]	 Batch:[780/4840.0]	 Loss Sum:6.1782	forward Loss:0.1096;3.158	 backward Loss:1.6381;0.2389	 Sentiment Loss:0.8099	Valence Loss:0.4036	 Arousal Loss:0.7154	
[2025-11-17 17:57:22,633][run_task2&3_trainer_multilingual.py][line:1124][INFO] Epoch:[1/1]	 Batch:[790/4840.0]	 Loss Sum:14.9681	forward Loss:3.2105;1.1099	 backward Loss:0.9767;3.7786	 Sentiment Loss:5.7957	Valence Loss:0.1338	 Arousal Loss:0.3501	
[2025-11-17 17:57:23,621][run_task2&3_trainer_multilingual.py][line:1124][INFO] Epoch:[1/1]	 Batch:[800/4840.0]	 Loss Sum:3.775	forward Loss:1.2504;0.7249	 backward Loss:0.3591;0.899	 Sentiment Loss:0.3701	Valence Loss:0.2601	 Arousal Loss:0.5973	
[2025-11-17 17:57:24,611][run_task2&3_trainer_multilingual.py][line:1124][INFO] Epoch:[1/1]	 Batch:[810/4840.0]	 Loss Sum:2.123	forward Loss:0.478;0.2212	 backward Loss:0.7096;0.4618	 Sentiment Loss:0.055	Valence Loss:0.8779	 Arousal Loss:0.1088	
[2025-11-17 17:57:25,598][run_task2&3_trainer_multilingual.py][line:1124][INFO] Epoch:[1/1]	 Batch:[820/4840.0]	 Loss Sum:6.0761	forward Loss:0.2737;2.9122	 backward Loss:1.5322;0.7456	 Sentiment Loss:0.48	Valence Loss:0.6457	 Arousal Loss:0.0162	
[2025-11-17 17:57:26,587][run_task2&3_trainer_multilingual.py][line:1124][INFO] Epoch:[1/1]	 Batch:[830/4840.0]	 Loss Sum:11.5868	forward Loss:0.5909;3.0965	 backward Loss:4.9831;2.5267	 Sentiment Loss:0.019	Valence Loss:0.4928	 Arousal Loss:1.3602	
[2025-11-17 17:57:27,573][run_task2&3_trainer_multilingual.py][line:1124][INFO] Epoch:[1/1]	 Batch:[840/4840.0]	 Loss Sum:4.565	forward Loss:0.308;1.8309	 backward Loss:1.1312;0.6314	 Sentiment Loss:0.1778	Valence Loss:0.5965	 Arousal Loss:1.8327	
[2025-11-17 17:57:28,561][run_task2&3_trainer_multilingual.py][line:1124][INFO] Epoch:[1/1]	 Batch:[850/4840.0]	 Loss Sum:4.5098	forward Loss:0.6352;1.4883	 backward Loss:1.3473;0.7447	 Sentiment Loss:0.1387	Valence Loss:0.1559	 Arousal Loss:0.6224	
[2025-11-17 17:57:29,549][run_task2&3_trainer_multilingual.py][line:1124][INFO] Epoch:[1/1]	 Batch:[860/4840.0]	 Loss Sum:7.2262	forward Loss:3.6007;0.4708	 backward Loss:0.6587;2.2505	 Sentiment Loss:0.1406	Valence Loss:0.041	 Arousal Loss:0.4837	
[2025-11-17 17:57:30,540][run_task2&3_trainer_multilingual.py][line:1124][INFO] Epoch:[1/1]	 Batch:[870/4840.0]	 Loss Sum:1.7362	forward Loss:0.8908;0.1855	 backward Loss:0.3497;0.1438	 Sentiment Loss:0.0784	Valence Loss:0.0649	 Arousal Loss:0.3755	
[2025-11-17 17:57:31,527][run_task2&3_trainer_multilingual.py][line:1124][INFO] Epoch:[1/1]	 Batch:[880/4840.0]	 Loss Sum:19.7097	forward Loss:3.9064;5.9985	 backward Loss:6.1858;3.3706	 Sentiment Loss:0.1462	Valence Loss:0.2486	 Arousal Loss:0.2627	
[2025-11-17 17:57:32,520][run_task2&3_trainer_multilingual.py][line:1124][INFO] Epoch:[1/1]	 Batch:[890/4840.0]	 Loss Sum:10.2134	forward Loss:2.8583;2.7489	 backward Loss:3.8942;0.4705	 Sentiment Loss:0.1043	Valence Loss:0.4744	 Arousal Loss:0.2115	
[2025-11-17 17:57:33,512][run_task2&3_trainer_multilingual.py][line:1124][INFO] Epoch:[1/1]	 Batch:[900/4840.0]	 Loss Sum:13.3132	forward Loss:6.4376;2.226	 backward Loss:2.1049;2.3334	 Sentiment Loss:0.0248	Valence Loss:0.5463	 Arousal Loss:0.3862	
[2025-11-17 17:57:34,759][run_task2&3_trainer_multilingual.py][line:1124][INFO] Epoch:[1/1]	 Batch:[910/4840.0]	 Loss Sum:10.5863	forward Loss:2.0304;0.3664	 backward Loss:0.4579;3.935	 Sentiment Loss:3.7589	Valence Loss:0.0393	 Arousal Loss:0.1489	
[2025-11-17 17:57:35,749][run_task2&3_trainer_multilingual.py][line:1124][INFO] Epoch:[1/1]	 Batch:[920/4840.0]	 Loss Sum:13.9845	forward Loss:2.1542;4.0488	 backward Loss:6.5074;0.8344	 Sentiment Loss:0.4134	Valence Loss:0.1183	 Arousal Loss:0.0127	
[2025-11-17 17:57:36,739][run_task2&3_trainer_multilingual.py][line:1124][INFO] Epoch:[1/1]	 Batch:[930/4840.0]	 Loss Sum:12.7218	forward Loss:1.5663;4.6954	 backward Loss:3.8028;1.9307	 Sentiment Loss:0.7064	Valence Loss:0.0765	 Arousal Loss:0.0248	
[2025-11-17 17:57:37,730][run_task2&3_trainer_multilingual.py][line:1124][INFO] Epoch:[1/1]	 Batch:[940/4840.0]	 Loss Sum:10.4481	forward Loss:1.1494;4.4469	 backward Loss:3.4418;1.0961	 Sentiment Loss:0.259	Valence Loss:0.1421	 Arousal Loss:0.1319	
[2025-11-17 17:57:38,722][run_task2&3_trainer_multilingual.py][line:1124][INFO] Epoch:[1/1]	 Batch:[950/4840.0]	 Loss Sum:2.4599	forward Loss:1.2532;0.2316	 backward Loss:0.0984;0.7946	 Sentiment Loss:0.0464	Valence Loss:0.0344	 Arousal Loss:0.1439	
[2025-11-17 17:57:39,710][run_task2&3_trainer_multilingual.py][line:1124][INFO] Epoch:[1/1]	 Batch:[960/4840.0]	 Loss Sum:4.5384	forward Loss:0.3224;1.6315	 backward Loss:1.5264;0.2372	 Sentiment Loss:0.1364	Valence Loss:2.6861	 Arousal Loss:0.7368	
[2025-11-17 17:57:40,699][run_task2&3_trainer_multilingual.py][line:1124][INFO] Epoch:[1/1]	 Batch:[970/4840.0]	 Loss Sum:4.138	forward Loss:0.1046;2.6282	 backward Loss:0.9789;0.0927	 Sentiment Loss:0.167	Valence Loss:0.4516	 Arousal Loss:0.3821	
[2025-11-17 17:57:41,690][run_task2&3_trainer_multilingual.py][line:1124][INFO] Epoch:[1/1]	 Batch:[980/4840.0]	 Loss Sum:7.3396	forward Loss:3.1017;1.0258	 backward Loss:0.5401;2.5222	 Sentiment Loss:0.0496	Valence Loss:0.1945	 Arousal Loss:0.3068	
[2025-11-17 17:57:42,696][run_task2&3_trainer_multilingual.py][line:1124][INFO] Epoch:[1/1]	 Batch:[990/4840.0]	 Loss Sum:3.1741	forward Loss:1.5896;0.2207	 backward Loss:0.2035;0.9561	 Sentiment Loss:0.1771	Valence Loss:0.0474	 Arousal Loss:0.0874	
[2025-11-17 17:57:43,683][run_task2&3_trainer_multilingual.py][line:1124][INFO] Epoch:[1/1]	 Batch:[1000/4840.0]	 Loss Sum:12.2547	forward Loss:1.0661;4.7732	 backward Loss:1.6263;2.0832	 Sentiment Loss:2.4699	Valence Loss:0.6431	 Arousal Loss:0.5366	
[2025-11-17 17:57:44,675][run_task2&3_trainer_multilingual.py][line:1124][INFO] Epoch:[1/1]	 Batch:[1010/4840.0]	 Loss Sum:10.6351	forward Loss:1.17;3.7463	 backward Loss:4.3356;1.0426	 Sentiment Loss:0.0506	Valence Loss:0.5228	 Arousal Loss:0.9272	
[2025-11-17 17:57:45,664][run_task2&3_trainer_multilingual.py][line:1124][INFO] Epoch:[1/1]	 Batch:[1020/4840.0]	 Loss Sum:1.9358	forward Loss:0.4076;0.3095	 backward Loss:0.1106;0.5765	 Sentiment Loss:0.0165	Valence Loss:1.6426	 Arousal Loss:0.9327	
[2025-11-17 17:57:46,654][run_task2&3_trainer_multilingual.py][line:1124][INFO] Epoch:[1/1]	 Batch:[1030/4840.0]	 Loss Sum:18.2819	forward Loss:6.8188;2.0961	 backward Loss:0.3609;8.698	 Sentiment Loss:0.2055	Valence Loss:0.0314	 Arousal Loss:0.4812	
[2025-11-17 17:57:47,641][run_task2&3_trainer_multilingual.py][line:1124][INFO] Epoch:[1/1]	 Batch:[1040/4840.0]	 Loss Sum:6.202	forward Loss:0.6855;2.6103	 backward Loss:2.1756;0.4682	 Sentiment Loss:0.0916	Valence Loss:0.7955	 Arousal Loss:0.0583	
[2025-11-17 17:57:48,631][run_task2&3_trainer_multilingual.py][line:1124][INFO] Epoch:[1/1]	 Batch:[1050/4840.0]	 Loss Sum:6.1195	forward Loss:0.3551;2.2671	 backward Loss:1.4811;0.4986	 Sentiment Loss:1.239	Valence Loss:0.3198	 Arousal Loss:1.0729	
[2025-11-17 17:57:49,622][run_task2&3_trainer_multilingual.py][line:1124][INFO] Epoch:[1/1]	 Batch:[1060/4840.0]	 Loss Sum:4.2114	forward Loss:0.9137;0.1587	 backward Loss:0.0575;2.8541	 Sentiment Loss:0.065	Valence Loss:0.1714	 Arousal Loss:0.6404	
[2025-11-17 17:57:50,612][run_task2&3_trainer_multilingual.py][line:1124][INFO] Epoch:[1/1]	 Batch:[1070/4840.0]	 Loss Sum:2.1001	forward Loss:0.3772;0.8555	 backward Loss:0.2945;0.3911	 Sentiment Loss:0.1562	Valence Loss:0.0578	 Arousal Loss:0.0704	
[2025-11-17 17:57:51,602][run_task2&3_trainer_multilingual.py][line:1124][INFO] Epoch:[1/1]	 Batch:[1080/4840.0]	 Loss Sum:7.1895	forward Loss:2.8813;1.2571	 backward Loss:2.154;0.6025	 Sentiment Loss:0.1317	Valence Loss:0.0888	 Arousal Loss:0.7254	
[2025-11-17 17:57:52,592][run_task2&3_trainer_multilingual.py][line:1124][INFO] Epoch:[1/1]	 Batch:[1090/4840.0]	 Loss Sum:37.9452	forward Loss:3.5029;17.5083	 backward Loss:10.8355;6.0562	 Sentiment Loss:0.0076	Valence Loss:0.0478	 Arousal Loss:0.1261	
[2025-11-17 17:57:53,584][run_task2&3_trainer_multilingual.py][line:1124][INFO] Epoch:[1/1]	 Batch:[1100/4840.0]	 Loss Sum:5.6786	forward Loss:0.1645;0.4842	 backward Loss:0.0967;4.0501	 Sentiment Loss:0.8388	Valence Loss:0.0057	 Arousal Loss:0.2154	
[2025-11-17 17:57:54,570][run_task2&3_trainer_multilingual.py][line:1124][INFO] Epoch:[1/1]	 Batch:[1110/4840.0]	 Loss Sum:1.49	forward Loss:0.1385;0.3663	 backward Loss:0.1428;0.1849	 Sentiment Loss:0.3636	Valence Loss:0.4851	 Arousal Loss:0.9846	
[2025-11-17 17:57:55,562][run_task2&3_trainer_multilingual.py][line:1124][INFO] Epoch:[1/1]	 Batch:[1120/4840.0]	 Loss Sum:2.6591	forward Loss:0.4126;0.7487	 backward Loss:0.475;0.8867	 Sentiment Loss:0.089	Valence Loss:0.1185	 Arousal Loss:0.1165	
[2025-11-17 17:57:56,550][run_task2&3_trainer_multilingual.py][line:1124][INFO] Epoch:[1/1]	 Batch:[1130/4840.0]	 Loss Sum:0.7988	forward Loss:0.1331;0.1501	 backward Loss:0.1004;0.1179	 Sentiment Loss:0.0424	Valence Loss:0.9136	 Arousal Loss:0.3602	
[2025-11-17 17:57:57,543][run_task2&3_trainer_multilingual.py][line:1124][INFO] Epoch:[1/1]	 Batch:[1140/4840.0]	 Loss Sum:0.598	forward Loss:0.1795;0.0886	 backward Loss:0.07;0.1565	 Sentiment Loss:0.0281	Valence Loss:0.2981	 Arousal Loss:0.0781	
[2025-11-17 17:57:58,533][run_task2&3_trainer_multilingual.py][line:1124][INFO] Epoch:[1/1]	 Batch:[1150/4840.0]	 Loss Sum:3.4912	forward Loss:0.093;2.2266	 backward Loss:0.8863;0.143	 Sentiment Loss:0.0514	Valence Loss:0.0551	 Arousal Loss:0.3993	
[2025-11-17 17:57:59,524][run_task2&3_trainer_multilingual.py][line:1124][INFO] Epoch:[1/1]	 Batch:[1160/4840.0]	 Loss Sum:16.6432	forward Loss:0.2116;7.4091	 backward Loss:8.5321;0.26	 Sentiment Loss:0.0303	Valence Loss:0.1347	 Arousal Loss:0.8664	
[2025-11-17 17:58:00,513][run_task2&3_trainer_multilingual.py][line:1124][INFO] Epoch:[1/1]	 Batch:[1170/4840.0]	 Loss Sum:4.7723	forward Loss:0.1219;1.9327	 backward Loss:2.5046;0.0981	 Sentiment Loss:0.0074	Valence Loss:0.2486	 Arousal Loss:0.2889	
[2025-11-17 17:58:01,501][run_task2&3_trainer_multilingual.py][line:1124][INFO] Epoch:[1/1]	 Batch:[1180/4840.0]	 Loss Sum:18.1226	forward Loss:4.2954;6.9869	 backward Loss:2.8492;3.1493	 Sentiment Loss:0.0234	Valence Loss:3.89	 Arousal Loss:0.2019	
[2025-11-17 17:58:02,481][run_task2&3_trainer_multilingual.py][line:1124][INFO] Epoch:[1/1]	 Batch:[1190/4840.0]	 Loss Sum:23.245	forward Loss:3.9548;7.0049	 backward Loss:6.0887;3.3259	 Sentiment Loss:0.0042	Valence Loss:7.8794	 Arousal Loss:6.4532	
[2025-11-17 17:58:03,461][run_task2&3_trainer_multilingual.py][line:1124][INFO] Epoch:[1/1]	 Batch:[1200/4840.0]	 Loss Sum:14.0233	forward Loss:5.2736;0.6335	 backward Loss:1.8895;6.0104	 Sentiment Loss:0.0015	Valence Loss:0.8924	 Arousal Loss:0.1812	
[2025-11-17 17:58:04,438][run_task2&3_trainer_multilingual.py][line:1124][INFO] Epoch:[1/1]	 Batch:[1210/4840.0]	 Loss Sum:12.6007	forward Loss:0.4676;5.5997	 backward Loss:4.2491;0.7345	 Sentiment Loss:1.1478	Valence Loss:1.2762	 Arousal Loss:0.7342	
[2025-11-17 17:58:05,418][run_task2&3_trainer_multilingual.py][line:1124][INFO] Epoch:[1/1]	 Batch:[1220/4840.0]	 Loss Sum:2.002	forward Loss:0.2865;0.6126	 backward Loss:0.5126;0.4465	 Sentiment Loss:0.0333	Valence Loss:0.1922	 Arousal Loss:0.3598	
[2025-11-17 17:58:06,399][run_task2&3_trainer_multilingual.py][line:1124][INFO] Epoch:[1/1]	 Batch:[1230/4840.0]	 Loss Sum:3.1148	forward Loss:1.2622;0.2641	 backward Loss:0.1396;1.2367	 Sentiment Loss:0.019	Valence Loss:0.219	 Arousal Loss:0.7472	
[2025-11-17 17:58:07,377][run_task2&3_trainer_multilingual.py][line:1124][INFO] Epoch:[1/1]	 Batch:[1240/4840.0]	 Loss Sum:10.9149	forward Loss:4.1253;1.0247	 backward Loss:0.6755;5.0354	 Sentiment Loss:0.01	Valence Loss:0.173	 Arousal Loss:0.0471	
[2025-11-17 17:58:08,356][run_task2&3_trainer_multilingual.py][line:1124][INFO] Epoch:[1/1]	 Batch:[1250/4840.0]	 Loss Sum:0.6554	forward Loss:0.0963;0.1493	 backward Loss:0.0674;0.1557	 Sentiment Loss:0.0149	Valence Loss:0.4237	 Arousal Loss:0.4352	
[2025-11-17 17:58:09,334][run_task2&3_trainer_multilingual.py][line:1124][INFO] Epoch:[1/1]	 Batch:[1260/4840.0]	 Loss Sum:1.0781	forward Loss:0.3785;0.1044	 backward Loss:0.0473;0.2084	 Sentiment Loss:0.0029	Valence Loss:1.1041	 Arousal Loss:0.579	
[2025-11-17 17:58:10,314][run_task2&3_trainer_multilingual.py][line:1124][INFO] Epoch:[1/1]	 Batch:[1270/4840.0]	 Loss Sum:1.4858	forward Loss:0.3651;0.478	 backward Loss:0.3337;0.1747	 Sentiment Loss:0.0212	Valence Loss:0.1472	 Arousal Loss:0.4179	
[2025-11-17 17:58:11,294][run_task2&3_trainer_multilingual.py][line:1124][INFO] Epoch:[1/1]	 Batch:[1280/4840.0]	 Loss Sum:2.7011	forward Loss:1.1826;0.4412	 backward Loss:0.3426;0.6952	 Sentiment Loss:0.0159	Valence Loss:0.0266	 Arousal Loss:0.0915	
[2025-11-17 17:58:12,276][run_task2&3_trainer_multilingual.py][line:1124][INFO] Epoch:[1/1]	 Batch:[1290/4840.0]	 Loss Sum:2.8738	forward Loss:0.4035;0.9189	 backward Loss:1.0715;0.3003	 Sentiment Loss:0.0514	Valence Loss:0.5871	 Arousal Loss:0.0546	
[2025-11-17 17:58:13,253][run_task2&3_trainer_multilingual.py][line:1124][INFO] Epoch:[1/1]	 Batch:[1300/4840.0]	 Loss Sum:2.754	forward Loss:0.0651;0.5914	 backward Loss:1.9662;0.0623	 Sentiment Loss:0.0261	Valence Loss:0.0581	 Arousal Loss:0.1561	
[2025-11-17 17:58:14,236][run_task2&3_trainer_multilingual.py][line:1124][INFO] Epoch:[1/1]	 Batch:[1310/4840.0]	 Loss Sum:2.2212	forward Loss:0.0487;0.0426	 backward Loss:0.0189;0.0395	 Sentiment Loss:1.7486	Valence Loss:0.4353	 Arousal Loss:1.179	
[2025-11-17 17:58:15,221][run_task2&3_trainer_multilingual.py][line:1124][INFO] Epoch:[1/1]	 Batch:[1320/4840.0]	 Loss Sum:0.5755	forward Loss:0.1766;0.0436	 backward Loss:0.1;0.1174	 Sentiment Loss:0.0875	Valence Loss:0.0833	 Arousal Loss:0.1684	
[2025-11-17 17:58:16,203][run_task2&3_trainer_multilingual.py][line:1124][INFO] Epoch:[1/1]	 Batch:[1330/4840.0]	 Loss Sum:6.2278	forward Loss:1.6585;2.5667	 backward Loss:0.7334;1.056	 Sentiment Loss:0.0129	Valence Loss:0.5747	 Arousal Loss:0.4263	
[2025-11-17 17:58:17,184][run_task2&3_trainer_multilingual.py][line:1124][INFO] Epoch:[1/1]	 Batch:[1340/4840.0]	 Loss Sum:5.2808	forward Loss:1.4249;1.0022	 backward Loss:2.0427;0.6629	 Sentiment Loss:0.0028	Valence Loss:0.061	 Arousal Loss:0.6659	
[2025-11-17 17:58:18,165][run_task2&3_trainer_multilingual.py][line:1124][INFO] Epoch:[1/1]	 Batch:[1350/4840.0]	 Loss Sum:7.5714	forward Loss:3.8039;0.6177	 backward Loss:0.1597;2.2313	 Sentiment Loss:0.5972	Valence Loss:0.5801	 Arousal Loss:0.2275	
[2025-11-17 17:58:19,140][run_task2&3_trainer_multilingual.py][line:1124][INFO] Epoch:[1/1]	 Batch:[1360/4840.0]	 Loss Sum:7.4328	forward Loss:1.5485;2.6347	 backward Loss:0.1925;2.9717	 Sentiment Loss:0.0071	Valence Loss:0.1754	 Arousal Loss:0.2162	
[2025-11-17 17:58:20,119][run_task2&3_trainer_multilingual.py][line:1124][INFO] Epoch:[1/1]	 Batch:[1370/4840.0]	 Loss Sum:41.2976	forward Loss:11.5928;8.8157	 backward Loss:10.6283;10.0592	 Sentiment Loss:0.0237	Valence Loss:0.8631	 Arousal Loss:0.0271	
[2025-11-17 17:58:21,102][run_task2&3_trainer_multilingual.py][line:1124][INFO] Epoch:[1/1]	 Batch:[1380/4840.0]	 Loss Sum:7.018	forward Loss:0.2189;4.3485	 backward Loss:2.0823;0.1455	 Sentiment Loss:0.0315	Valence Loss:0.6444	 Arousal Loss:0.3125	
[2025-11-17 17:58:22,080][run_task2&3_trainer_multilingual.py][line:1124][INFO] Epoch:[1/1]	 Batch:[1390/4840.0]	 Loss Sum:4.8825	forward Loss:0.2391;2.0664	 backward Loss:2.2718;0.1732	 Sentiment Loss:0.0025	Valence Loss:0.2608	 Arousal Loss:0.3864	
[2025-11-17 17:58:23,061][run_task2&3_trainer_multilingual.py][line:1124][INFO] Epoch:[1/1]	 Batch:[1400/4840.0]	 Loss Sum:4.8903	forward Loss:1.5045;1.0679	 backward Loss:0.4991;1.4533	 Sentiment Loss:0.0263	Valence Loss:1.6124	 Arousal Loss:0.0836	
[2025-11-17 17:58:24,037][run_task2&3_trainer_multilingual.py][line:1124][INFO] Epoch:[1/1]	 Batch:[1410/4840.0]	 Loss Sum:12.3271	forward Loss:7.2195;0.6226	 backward Loss:1.8367;1.9406	 Sentiment Loss:0.4258	Valence Loss:1.3097	 Arousal Loss:0.1001	
[2025-11-17 17:58:25,031][run_task2&3_trainer_multilingual.py][line:1124][INFO] Epoch:[1/1]	 Batch:[1420/4840.0]	 Loss Sum:5.3218	forward Loss:0.3307;0.6026	 backward Loss:0.3106;0.4165	 Sentiment Loss:3.4021	Valence Loss:0.8572	 Arousal Loss:0.4394	
[2025-11-17 17:58:26,010][run_task2&3_trainer_multilingual.py][line:1124][INFO] Epoch:[1/1]	 Batch:[1430/4840.0]	 Loss Sum:24.114	forward Loss:3.1806;8.4523	 backward Loss:10.2208;1.4754	 Sentiment Loss:0.5838	Valence Loss:0.7348	 Arousal Loss:0.2712	
[2025-11-17 17:58:26,990][run_task2&3_trainer_multilingual.py][line:1124][INFO] Epoch:[1/1]	 Batch:[1440/4840.0]	 Loss Sum:1.4596	forward Loss:0.1346;0.1437	 backward Loss:0.1422;0.257	 Sentiment Loss:0.4894	Valence Loss:0.4828	 Arousal Loss:0.9807	
[2025-11-17 17:58:27,968][run_task2&3_trainer_multilingual.py][line:1124][INFO] Epoch:[1/1]	 Batch:[1450/4840.0]	 Loss Sum:7.8501	forward Loss:0.2418;3.0228	 backward Loss:2.0465;2.2707	 Sentiment Loss:0.1591	Valence Loss:0.0891	 Arousal Loss:0.4561	
[2025-11-17 17:58:28,956][run_task2&3_trainer_multilingual.py][line:1124][INFO] Epoch:[1/1]	 Batch:[1460/4840.0]	 Loss Sum:30.8817	forward Loss:0.2191;16.7311	 backward Loss:12.8936;1.001	 Sentiment Loss:0.0043	Valence Loss:0.1132	 Arousal Loss:0.0498	
[2025-11-17 17:58:29,934][run_task2&3_trainer_multilingual.py][line:1124][INFO] Epoch:[1/1]	 Batch:[1470/4840.0]	 Loss Sum:1.2165	forward Loss:0.0471;0.4765	 backward Loss:0.5853;0.0733	 Sentiment Loss:0.0013	Valence Loss:0.0652	 Arousal Loss:0.0991	
[2025-11-17 17:58:30,913][run_task2&3_trainer_multilingual.py][line:1124][INFO] Epoch:[1/1]	 Batch:[1480/4840.0]	 Loss Sum:1.0004	forward Loss:0.1276;0.2808	 backward Loss:0.3571;0.1892	 Sentiment Loss:0.0031	Valence Loss:0.0828	 Arousal Loss:0.1307	
[2025-11-17 17:58:31,890][run_task2&3_trainer_multilingual.py][line:1124][INFO] Epoch:[1/1]	 Batch:[1490/4840.0]	 Loss Sum:0.2848	forward Loss:0.0414;0.0998	 backward Loss:0.0721;0.054	 Sentiment Loss:0.0033	Valence Loss:0.0389	 Arousal Loss:0.0322	
[2025-11-17 17:58:32,872][run_task2&3_trainer_multilingual.py][line:1124][INFO] Epoch:[1/1]	 Batch:[1500/4840.0]	 Loss Sum:1.8613	forward Loss:0.0898;0.6809	 backward Loss:0.5056;0.1856	 Sentiment Loss:0.0467	Valence Loss:0.5916	 Arousal Loss:1.1724	
[2025-11-17 17:58:33,851][run_task2&3_trainer_multilingual.py][line:1124][INFO] Epoch:[1/1]	 Batch:[1510/4840.0]	 Loss Sum:7.7022	forward Loss:0.202;3.4182	 backward Loss:3.2277;0.169	 Sentiment Loss:0.3932	Valence Loss:0.5027	 Arousal Loss:0.9578	
[2025-11-17 17:58:34,832][run_task2&3_trainer_multilingual.py][line:1124][INFO] Epoch:[1/1]	 Batch:[1520/4840.0]	 Loss Sum:2.2953	forward Loss:0.2987;0.4759	 backward Loss:0.4651;0.6576	 Sentiment Loss:0.1036	Valence Loss:1.2879	 Arousal Loss:0.1845	
[2025-11-17 17:58:35,809][run_task2&3_trainer_multilingual.py][line:1124][INFO] Epoch:[1/1]	 Batch:[1530/4840.0]	 Loss Sum:2.9005	forward Loss:1.4275;0.3158	 backward Loss:0.3629;0.745	 Sentiment Loss:0.004	Valence Loss:0.0402	 Arousal Loss:0.1863	
[2025-11-17 17:58:36,788][run_task2&3_trainer_multilingual.py][line:1124][INFO] Epoch:[1/1]	 Batch:[1540/4840.0]	 Loss Sum:4.9512	forward Loss:0.2715;3.5382	 backward Loss:0.9314;0.1237	 Sentiment Loss:0.0064	Valence Loss:0.2417	 Arousal Loss:0.1582	
[2025-11-17 17:58:37,770][run_task2&3_trainer_multilingual.py][line:1124][INFO] Epoch:[1/1]	 Batch:[1550/4840.0]	 Loss Sum:2.551	forward Loss:1.4189;0.2015	 backward Loss:0.2271;0.5556	 Sentiment Loss:0.0032	Valence Loss:0.5306	 Arousal Loss:0.1925	
[2025-11-17 17:58:38,747][run_task2&3_trainer_multilingual.py][line:1124][INFO] Epoch:[1/1]	 Batch:[1560/4840.0]	 Loss Sum:4.7219	forward Loss:0.4934;1.7089	 backward Loss:1.7053;0.6034	 Sentiment Loss:0.0055	Valence Loss:0.7287	 Arousal Loss:0.2982	
[2025-11-17 17:58:39,725][run_task2&3_trainer_multilingual.py][line:1124][INFO] Epoch:[1/1]	 Batch:[1570/4840.0]	 Loss Sum:16.2183	forward Loss:0.0282;7.1253	 backward Loss:8.9402;0.0814	 Sentiment Loss:0.007	Valence Loss:0.1291	 Arousal Loss:0.0517	
[2025-11-17 17:58:40,706][run_task2&3_trainer_multilingual.py][line:1124][INFO] Epoch:[1/1]	 Batch:[1580/4840.0]	 Loss Sum:1.4498	forward Loss:0.4642;0.3572	 backward Loss:0.2885;0.2629	 Sentiment Loss:0.0014	Valence Loss:0.3218	 Arousal Loss:0.0555	
[2025-11-17 17:58:41,687][run_task2&3_trainer_multilingual.py][line:1124][INFO] Epoch:[1/1]	 Batch:[1590/4840.0]	 Loss Sum:7.8982	forward Loss:0.1972;3.5724	 backward Loss:3.6569;0.2596	 Sentiment Loss:0.0043	Valence Loss:0.278	 Arousal Loss:0.761	
[2025-11-17 17:58:42,664][run_task2&3_trainer_multilingual.py][line:1124][INFO] Epoch:[1/1]	 Batch:[1600/4840.0]	 Loss Sum:14.6293	forward Loss:2.336;6.7509	 backward Loss:3.5224;1.9108	 Sentiment Loss:0.043	Valence Loss:0.03	 Arousal Loss:0.3013	
[2025-11-17 17:58:43,643][run_task2&3_trainer_multilingual.py][line:1124][INFO] Epoch:[1/1]	 Batch:[1610/4840.0]	 Loss Sum:2.0131	forward Loss:0.3494;0.1585	 backward Loss:0.1118;1.3113	 Sentiment Loss:0.0028	Valence Loss:0.1786	 Arousal Loss:0.2178	
[2025-11-17 17:58:44,620][run_task2&3_trainer_multilingual.py][line:1124][INFO] Epoch:[1/1]	 Batch:[1620/4840.0]	 Loss Sum:14.5641	forward Loss:4.1335;1.2806	 backward Loss:0.9254;8.1982	 Sentiment Loss:0.0011	Valence Loss:0.0717	 Arousal Loss:0.055	
[2025-11-17 17:58:45,602][run_task2&3_trainer_multilingual.py][line:1124][INFO] Epoch:[1/1]	 Batch:[1630/4840.0]	 Loss Sum:1.0954	forward Loss:0.2227;0.2912	 backward Loss:0.2315;0.278	 Sentiment Loss:0.0063	Valence Loss:0.1797	 Arousal Loss:0.1498	
[2025-11-17 17:58:46,579][run_task2&3_trainer_multilingual.py][line:1124][INFO] Epoch:[1/1]	 Batch:[1640/4840.0]	 Loss Sum:1.1622	forward Loss:0.345;0.104	 backward Loss:0.1192;0.5079	 Sentiment Loss:0.0626	Valence Loss:0.0279	 Arousal Loss:0.0893	
[2025-11-17 17:58:47,561][run_task2&3_trainer_multilingual.py][line:1124][INFO] Epoch:[1/1]	 Batch:[1650/4840.0]	 Loss Sum:9.8488	forward Loss:2.5968;1.5974	 backward Loss:4.5121;0.9451	 Sentiment Loss:0.1531	Valence Loss:0.1426	 Arousal Loss:0.0793	
[2025-11-17 17:58:48,547][run_task2&3_trainer_multilingual.py][line:1124][INFO] Epoch:[1/1]	 Batch:[1660/4840.0]	 Loss Sum:5.698	forward Loss:1.6054;0.1588	 backward Loss:0.0608;3.8094	 Sentiment Loss:0.0196	Valence Loss:0.0867	 Arousal Loss:0.1336	
[2025-11-17 17:58:49,524][run_task2&3_trainer_multilingual.py][line:1124][INFO] Epoch:[1/1]	 Batch:[1670/4840.0]	 Loss Sum:1.0683	forward Loss:0.2132;0.3448	 backward Loss:0.1656;0.1961	 Sentiment Loss:0.0038	Valence Loss:0.7134	 Arousal Loss:0.0104	
[2025-11-17 17:58:50,502][run_task2&3_trainer_multilingual.py][line:1124][INFO] Epoch:[1/1]	 Batch:[1680/4840.0]	 Loss Sum:10.1062	forward Loss:0.1992;5.3528	 backward Loss:4.3034;0.2337	 Sentiment Loss:0.0038	Valence Loss:0.0216	 Arousal Loss:0.045	
[2025-11-17 17:58:51,480][run_task2&3_trainer_multilingual.py][line:1124][INFO] Epoch:[1/1]	 Batch:[1690/4840.0]	 Loss Sum:6.5001	forward Loss:0.414;3.1494	 backward Loss:2.1037;0.0498	 Sentiment Loss:0.5504	Valence Loss:1.1338	 Arousal Loss:0.0301	
[2025-11-17 17:58:52,460][run_task2&3_trainer_multilingual.py][line:1124][INFO] Epoch:[1/1]	 Batch:[1700/4840.0]	 Loss Sum:0.8041	forward Loss:0.1079;0.1981	 backward Loss:0.2073;0.0901	 Sentiment Loss:0.0389	Valence Loss:0.7128	 Arousal Loss:0.0964	
[2025-11-17 17:58:53,436][run_task2&3_trainer_multilingual.py][line:1124][INFO] Epoch:[1/1]	 Batch:[1710/4840.0]	 Loss Sum:2.4788	forward Loss:1.0171;0.194	 backward Loss:0.2569;0.3677	 Sentiment Loss:0.2033	Valence Loss:1.8189	 Arousal Loss:0.3802	
[2025-11-17 17:58:54,415][run_task2&3_trainer_multilingual.py][line:1124][INFO] Epoch:[1/1]	 Batch:[1720/4840.0]	 Loss Sum:9.9317	forward Loss:3.9673;0.1529	 backward Loss:0.1581;5.6306	 Sentiment Loss:0.0042	Valence Loss:0.0345	 Arousal Loss:0.0592	
[2025-11-17 17:58:55,393][run_task2&3_trainer_multilingual.py][line:1124][INFO] Epoch:[1/1]	 Batch:[1730/4840.0]	 Loss Sum:1.915	forward Loss:0.9903;0.1972	 backward Loss:0.3957;0.294	 Sentiment Loss:0.004	Valence Loss:0.0552	 Arousal Loss:0.1142	
[2025-11-17 17:58:56,377][run_task2&3_trainer_multilingual.py][line:1124][INFO] Epoch:[1/1]	 Batch:[1740/4840.0]	 Loss Sum:16.1866	forward Loss:3.5849;3.1536	 backward Loss:6.2883;2.8663	 Sentiment Loss:0.038	Valence Loss:1.1144	 Arousal Loss:0.163	
[2025-11-17 17:58:57,353][run_task2&3_trainer_multilingual.py][line:1124][INFO] Epoch:[1/1]	 Batch:[1750/4840.0]	 Loss Sum:3.8951	forward Loss:0.6517;1.3218	 backward Loss:0.806;0.8095	 Sentiment Loss:0.063	Valence Loss:0.6722	 Arousal Loss:0.5432	
[2025-11-17 17:58:58,338][run_task2&3_trainer_multilingual.py][line:1124][INFO] Epoch:[1/1]	 Batch:[1760/4840.0]	 Loss Sum:13.4892	forward Loss:6.6246;1.6058	 backward Loss:2.0673;1.8073	 Sentiment Loss:0.1337	Valence Loss:2.6755	 Arousal Loss:3.5769	
[2025-11-17 17:58:59,317][run_task2&3_trainer_multilingual.py][line:1124][INFO] Epoch:[1/1]	 Batch:[1770/4840.0]	 Loss Sum:21.1701	forward Loss:8.5883;4.5693	 backward Loss:5.6861;1.8767	 Sentiment Loss:0.1197	Valence Loss:1.3846	 Arousal Loss:0.2657	
[2025-11-17 17:59:00,298][run_task2&3_trainer_multilingual.py][line:1124][INFO] Epoch:[1/1]	 Batch:[1780/4840.0]	 Loss Sum:0.5885	forward Loss:0.2652;0.0641	 backward Loss:0.047;0.1525	 Sentiment Loss:0.0026	Valence Loss:0.1384	 Arousal Loss:0.1475	
[2025-11-17 17:59:01,277][run_task2&3_trainer_multilingual.py][line:1124][INFO] Epoch:[1/1]	 Batch:[1790/4840.0]	 Loss Sum:0.6936	forward Loss:0.0355;0.3016	 backward Loss:0.246;0.0261	 Sentiment Loss:0.0109	Valence Loss:0.1103	 Arousal Loss:0.2571	
[2025-11-17 17:59:02,255][run_task2&3_trainer_multilingual.py][line:1124][INFO] Epoch:[1/1]	 Batch:[1800/4840.0]	 Loss Sum:1.5407	forward Loss:0.2978;0.5264	 backward Loss:0.2352;0.2072	 Sentiment Loss:0.111	Valence Loss:0.5508	 Arousal Loss:0.2645	
[2025-11-17 17:59:03,232][run_task2&3_trainer_multilingual.py][line:1124][INFO] Epoch:[1/1]	 Batch:[1810/4840.0]	 Loss Sum:0.4399	forward Loss:0.1029;0.0687	 backward Loss:0.0495;0.118	 Sentiment Loss:0.0184	Valence Loss:0.3435	 Arousal Loss:0.0683	
[2025-11-17 17:59:04,211][run_task2&3_trainer_multilingual.py][line:1124][INFO] Epoch:[1/1]	 Batch:[1820/4840.0]	 Loss Sum:1.6507	forward Loss:0.0227;0.3531	 backward Loss:0.2333;0.0339	 Sentiment Loss:0.9616	Valence Loss:0.1605	 Arousal Loss:0.0701	
[2025-11-17 17:59:05,193][run_task2&3_trainer_multilingual.py][line:1124][INFO] Epoch:[1/1]	 Batch:[1830/4840.0]	 Loss Sum:9.553	forward Loss:4.8637;0.2939	 backward Loss:0.6187;3.6831	 Sentiment Loss:0.0298	Valence Loss:0.0226	 Arousal Loss:0.2962	
[2025-11-17 17:59:06,169][run_task2&3_trainer_multilingual.py][line:1124][INFO] Epoch:[1/1]	 Batch:[1840/4840.0]	 Loss Sum:3.7918	forward Loss:0.387;1.0072	 backward Loss:0.6905;0.5458	 Sentiment Loss:0.094	Valence Loss:1.5291	 Arousal Loss:3.807	
[2025-11-17 17:59:07,150][run_task2&3_trainer_multilingual.py][line:1124][INFO] Epoch:[1/1]	 Batch:[1850/4840.0]	 Loss Sum:0.7778	forward Loss:0.1263;0.2709	 backward Loss:0.1619;0.0526	 Sentiment Loss:0.0054	Valence Loss:0.1958	 Arousal Loss:0.6076	
[2025-11-17 17:59:08,130][run_task2&3_trainer_multilingual.py][line:1124][INFO] Epoch:[1/1]	 Batch:[1860/4840.0]	 Loss Sum:9.2717	forward Loss:5.1918;0.8799	 backward Loss:0.4101;2.7691	 Sentiment Loss:0.0014	Valence Loss:0.0809	 Arousal Loss:0.0162	
[2025-11-17 17:59:09,111][run_task2&3_trainer_multilingual.py][line:1124][INFO] Epoch:[1/1]	 Batch:[1870/4840.0]	 Loss Sum:0.5419	forward Loss:0.0258;0.2158	 backward Loss:0.2144;0.0535	 Sentiment Loss:0.0002	Valence Loss:0.0693	 Arousal Loss:0.0916	
[2025-11-17 17:59:10,088][run_task2&3_trainer_multilingual.py][line:1124][INFO] Epoch:[1/1]	 Batch:[1880/4840.0]	 Loss Sum:10.3327	forward Loss:2.3961;1.652	 backward Loss:5.0871;0.961	 Sentiment Loss:0.0016	Valence Loss:1.0525	 Arousal Loss:0.1222	
[2025-11-17 17:59:11,070][run_task2&3_trainer_multilingual.py][line:1124][INFO] Epoch:[1/1]	 Batch:[1890/4840.0]	 Loss Sum:7.707	forward Loss:1.0129;0.7986	 backward Loss:5.3912;0.4629	 Sentiment Loss:0.0014	Valence Loss:0.1708	 Arousal Loss:0.0298	
[2025-11-17 17:59:12,048][run_task2&3_trainer_multilingual.py][line:1124][INFO] Epoch:[1/1]	 Batch:[1900/4840.0]	 Loss Sum:0.6705	forward Loss:0.0677;0.2091	 backward Loss:0.0866;0.0861	 Sentiment Loss:0.0005	Valence Loss:0.5836	 Arousal Loss:0.5184	
[2025-11-17 17:59:13,030][run_task2&3_trainer_multilingual.py][line:1124][INFO] Epoch:[1/1]	 Batch:[1910/4840.0]	 Loss Sum:13.3525	forward Loss:0.2186;1.2897	 backward Loss:2.4952;0.0698	 Sentiment Loss:9.2149	Valence Loss:0.2557	 Arousal Loss:0.0661	
[2025-11-17 17:59:14,007][run_task2&3_trainer_multilingual.py][line:1124][INFO] Epoch:[1/1]	 Batch:[1920/4840.0]	 Loss Sum:2.6061	forward Loss:0.092;0.9365	 backward Loss:1.2685;0.1371	 Sentiment Loss:0.0544	Valence Loss:0.3265	 Arousal Loss:0.2614	
[2025-11-17 17:59:14,986][run_task2&3_trainer_multilingual.py][line:1124][INFO] Epoch:[1/1]	 Batch:[1930/4840.0]	 Loss Sum:13.7079	forward Loss:2.4578;0.3623	 backward Loss:4.699;6.1461	 Sentiment Loss:0.0191	Valence Loss:0.0767	 Arousal Loss:0.0411	
[2025-11-17 17:59:15,964][run_task2&3_trainer_multilingual.py][line:1124][INFO] Epoch:[1/1]	 Batch:[1940/4840.0]	 Loss Sum:7.242	forward Loss:1.5778;2.3027	 backward Loss:1.715;1.5992	 Sentiment Loss:0.0011	Valence Loss:0.1713	 Arousal Loss:0.0598	
[2025-11-17 17:59:16,947][run_task2&3_trainer_multilingual.py][line:1124][INFO] Epoch:[1/1]	 Batch:[1950/4840.0]	 Loss Sum:5.9542	forward Loss:1.4129;0.6274	 backward Loss:1.6985;2.0065	 Sentiment Loss:0.1388	Valence Loss:0.1422	 Arousal Loss:0.2084	
[2025-11-17 17:59:17,924][run_task2&3_trainer_multilingual.py][line:1124][INFO] Epoch:[1/1]	 Batch:[1960/4840.0]	 Loss Sum:22.5665	forward Loss:1.1509;6.7896	 backward Loss:5.812;0.3103	 Sentiment Loss:8.4651	Valence Loss:0.1379	 Arousal Loss:0.0546	
[2025-11-17 17:59:18,903][run_task2&3_trainer_multilingual.py][line:1124][INFO] Epoch:[1/1]	 Batch:[1970/4840.0]	 Loss Sum:37.8367	forward Loss:16.8019;0.7605	 backward Loss:0.4499;19.7861	 Sentiment Loss:0.02	Valence Loss:0.0184	 Arousal Loss:0.0723	
[2025-11-17 17:59:19,884][run_task2&3_trainer_multilingual.py][line:1124][INFO] Epoch:[1/1]	 Batch:[1980/4840.0]	 Loss Sum:2.0089	forward Loss:0.0787;0.7589	 backward Loss:0.7445;0.2993	 Sentiment Loss:0.1086	Valence Loss:0.057	 Arousal Loss:0.0379	
[2025-11-17 17:59:20,872][run_task2&3_trainer_multilingual.py][line:1124][INFO] Epoch:[1/1]	 Batch:[1990/4840.0]	 Loss Sum:11.9187	forward Loss:0.6085;5.4356	 backward Loss:4.8314;1.0003	 Sentiment Loss:0.0334	Valence Loss:0.0346	 Arousal Loss:0.0136	
[2025-11-17 17:59:21,851][run_task2&3_trainer_multilingual.py][line:1124][INFO] Epoch:[1/1]	 Batch:[2000/4840.0]	 Loss Sum:0.3826	forward Loss:0.024;0.135	 backward Loss:0.0658;0.0454	 Sentiment Loss:0.0318	Valence Loss:0.2324	 Arousal Loss:0.1708	
[2025-11-17 17:59:22,829][run_task2&3_trainer_multilingual.py][line:1124][INFO] Epoch:[1/1]	 Batch:[2010/4840.0]	 Loss Sum:0.5099	forward Loss:0.1862;0.0934	 backward Loss:0.0544;0.0494	 Sentiment Loss:0.0475	Valence Loss:0.0702	 Arousal Loss:0.3252	
[2025-11-17 17:59:23,812][run_task2&3_trainer_multilingual.py][line:1124][INFO] Epoch:[1/1]	 Batch:[2020/4840.0]	 Loss Sum:5.3679	forward Loss:0.2371;2.7478	 backward Loss:2.1149;0.1559	 Sentiment Loss:0.0286	Valence Loss:0.2835	 Arousal Loss:0.1342	
[2025-11-17 17:59:24,790][run_task2&3_trainer_multilingual.py][line:1124][INFO] Epoch:[1/1]	 Batch:[2030/4840.0]	 Loss Sum:0.8324	forward Loss:0.3292;0.063	 backward Loss:0.0396;0.3368	 Sentiment Loss:0.0023	Valence Loss:0.1816	 Arousal Loss:0.1258	
[2025-11-17 17:59:25,770][run_task2&3_trainer_multilingual.py][line:1124][INFO] Epoch:[1/1]	 Batch:[2040/4840.0]	 Loss Sum:10.5597	forward Loss:5.2004;0.403	 backward Loss:1.7967;2.8494	 Sentiment Loss:0.0016	Valence Loss:0.9035	 Arousal Loss:0.6393	
[2025-11-17 17:59:26,749][run_task2&3_trainer_multilingual.py][line:1124][INFO] Epoch:[1/1]	 Batch:[2050/4840.0]	 Loss Sum:1.821	forward Loss:0.0721;0.8823	 backward Loss:0.681;0.1561	 Sentiment Loss:0.0032	Valence Loss:0.0817	 Arousal Loss:0.0499	
[2025-11-17 17:59:27,735][run_task2&3_trainer_multilingual.py][line:1124][INFO] Epoch:[1/1]	 Batch:[2060/4840.0]	 Loss Sum:7.9433	forward Loss:0.9555;1.2257	 backward Loss:1.544;4.1328	 Sentiment Loss:0.0138	Valence Loss:0.3122	 Arousal Loss:0.0449	
[2025-11-17 17:59:28,715][run_task2&3_trainer_multilingual.py][line:1124][INFO] Epoch:[1/1]	 Batch:[2070/4840.0]	 Loss Sum:0.2657	forward Loss:0.0191;0.0464	 backward Loss:0.0137;0.0225	 Sentiment Loss:0.1156	Valence Loss:0.0823	 Arousal Loss:0.1597	
[2025-11-17 17:59:29,697][run_task2&3_trainer_multilingual.py][line:1124][INFO] Epoch:[1/1]	 Batch:[2080/4840.0]	 Loss Sum:7.9414	forward Loss:0.3804;4.8599	 backward Loss:2.4237;0.1076	 Sentiment Loss:0.1147	Valence Loss:0.2038	 Arousal Loss:0.0719	
[2025-11-17 17:59:30,676][run_task2&3_trainer_multilingual.py][line:1124][INFO] Epoch:[1/1]	 Batch:[2090/4840.0]	 Loss Sum:0.9582	forward Loss:0.0337;0.191	 backward Loss:0.06;0.0403	 Sentiment Loss:0.4921	Valence Loss:0.6242	 Arousal Loss:0.0817	
[2025-11-17 17:59:31,659][run_task2&3_trainer_multilingual.py][line:1124][INFO] Epoch:[1/1]	 Batch:[2100/4840.0]	 Loss Sum:0.7292	forward Loss:0.1969;0.0465	 backward Loss:0.0396;0.3461	 Sentiment Loss:0.0005	Valence Loss:0.2267	 Arousal Loss:0.2717	
[2025-11-17 17:59:32,638][run_task2&3_trainer_multilingual.py][line:1124][INFO] Epoch:[1/1]	 Batch:[2110/4840.0]	 Loss Sum:18.4674	forward Loss:7.7271;1.3917	 backward Loss:1.8569;7.3278	 Sentiment Loss:0.0012	Valence Loss:0.7588	 Arousal Loss:0.0548	
[2025-11-17 17:59:33,620][run_task2&3_trainer_multilingual.py][line:1124][INFO] Epoch:[1/1]	 Batch:[2120/4840.0]	 Loss Sum:2.1354	forward Loss:0.2262;0.4526	 backward Loss:0.4148;0.3256	 Sentiment Loss:0.408	Valence Loss:0.0738	 Arousal Loss:1.4676	
[2025-11-17 17:59:34,600][run_task2&3_trainer_multilingual.py][line:1124][INFO] Epoch:[1/1]	 Batch:[2130/4840.0]	 Loss Sum:4.4712	forward Loss:0.9476;1.9109	 backward Loss:0.7411;0.6651	 Sentiment Loss:0.0033	Valence Loss:0.0643	 Arousal Loss:0.9518	
[2025-11-17 17:59:35,578][run_task2&3_trainer_multilingual.py][line:1124][INFO] Epoch:[1/1]	 Batch:[2140/4840.0]	 Loss Sum:0.3465	forward Loss:0.0783;0.1028	 backward Loss:0.0409;0.0929	 Sentiment Loss:0.0078	Valence Loss:0.0717	 Arousal Loss:0.0472	
[2025-11-17 17:59:36,559][run_task2&3_trainer_multilingual.py][line:1124][INFO] Epoch:[1/1]	 Batch:[2150/4840.0]	 Loss Sum:2.7237	forward Loss:0.421;0.4172	 backward Loss:0.3766;1.43	 Sentiment Loss:0.0189	Valence Loss:0.205	 Arousal Loss:0.0954	
[2025-11-17 17:59:37,537][run_task2&3_trainer_multilingual.py][line:1124][INFO] Epoch:[1/1]	 Batch:[2160/4840.0]	 Loss Sum:2.2876	forward Loss:1.1439;0.0403	 backward Loss:0.0103;0.8309	 Sentiment Loss:0.2297	Valence Loss:0.073	 Arousal Loss:0.0899	
[2025-11-17 17:59:38,518][run_task2&3_trainer_multilingual.py][line:1124][INFO] Epoch:[1/1]	 Batch:[2170/4840.0]	 Loss Sum:18.0562	forward Loss:4.6535;2.7221	 backward Loss:2.4074;4.4933	 Sentiment Loss:3.7549	Valence Loss:0.0366	 Arousal Loss:0.0887	
[2025-11-17 17:59:39,496][run_task2&3_trainer_multilingual.py][line:1124][INFO] Epoch:[1/1]	 Batch:[2180/4840.0]	 Loss Sum:0.6645	forward Loss:0.1764;0.0829	 backward Loss:0.03;0.2788	 Sentiment Loss:0.0319	Valence Loss:0.1126	 Arousal Loss:0.2102	
[2025-11-17 17:59:40,478][run_task2&3_trainer_multilingual.py][line:1124][INFO] Epoch:[1/1]	 Batch:[2190/4840.0]	 Loss Sum:1.0212	forward Loss:0.3657;0.0558	 backward Loss:0.0186;0.3667	 Sentiment Loss:0.1682	Valence Loss:0.1567	 Arousal Loss:0.0739	
[2025-11-17 17:59:41,457][run_task2&3_trainer_multilingual.py][line:1124][INFO] Epoch:[1/1]	 Batch:[2200/4840.0]	 Loss Sum:0.7106	forward Loss:0.0531;0.2087	 backward Loss:0.0461;0.0661	 Sentiment Loss:0.0214	Valence Loss:1.0047	 Arousal Loss:0.5717	
[2025-11-17 17:59:42,437][run_task2&3_trainer_multilingual.py][line:1124][INFO] Epoch:[1/1]	 Batch:[2210/4840.0]	 Loss Sum:11.8989	forward Loss:6.4916;0.1504	 backward Loss:0.9755;3.7546	 Sentiment Loss:0.4731	Valence Loss:0.2104	 Arousal Loss:0.0578	
[2025-11-17 17:59:43,416][run_task2&3_trainer_multilingual.py][line:1124][INFO] Epoch:[1/1]	 Batch:[2220/4840.0]	 Loss Sum:1.5705	forward Loss:0.1284;0.6369	 backward Loss:0.5419;0.1238	 Sentiment Loss:0.1281	Valence Loss:0.0391	 Arousal Loss:0.0181	
[2025-11-17 17:59:44,396][run_task2&3_trainer_multilingual.py][line:1124][INFO] Epoch:[1/1]	 Batch:[2230/4840.0]	 Loss Sum:6.9416	forward Loss:1.3971;1.6081	 backward Loss:1.1271;2.74	 Sentiment Loss:0.0122	Valence Loss:0.1667	 Arousal Loss:0.1184	
[2025-11-17 17:59:45,374][run_task2&3_trainer_multilingual.py][line:1124][INFO] Epoch:[1/1]	 Batch:[2240/4840.0]	 Loss Sum:3.4704	forward Loss:0.4673;1.6512	 backward Loss:0.2924;0.9519	 Sentiment Loss:0.0011	Valence Loss:0.2242	 Arousal Loss:0.3087	
[2025-11-17 17:59:46,353][run_task2&3_trainer_multilingual.py][line:1124][INFO] Epoch:[1/1]	 Batch:[2250/4840.0]	 Loss Sum:2.4552	forward Loss:0.963;0.2866	 backward Loss:0.503;0.4412	 Sentiment Loss:0.0691	Valence Loss:0.5628	 Arousal Loss:0.399	
[2025-11-17 17:59:47,331][run_task2&3_trainer_multilingual.py][line:1124][INFO] Epoch:[1/1]	 Batch:[2260/4840.0]	 Loss Sum:3.9959	forward Loss:0.2238;2.4093	 backward Loss:1.1055;0.1963	 Sentiment Loss:0.0021	Valence Loss:0.053	 Arousal Loss:0.2416	
[2025-11-17 17:59:48,311][run_task2&3_trainer_multilingual.py][line:1124][INFO] Epoch:[1/1]	 Batch:[2270/4840.0]	 Loss Sum:17.6502	forward Loss:4.2144;4.1633	 backward Loss:8.3717;0.4534	 Sentiment Loss:0.0336	Valence Loss:0.4594	 Arousal Loss:1.6095	
[2025-11-17 17:59:49,291][run_task2&3_trainer_multilingual.py][line:1124][INFO] Epoch:[1/1]	 Batch:[2280/4840.0]	 Loss Sum:19.1337	forward Loss:3.8675;4.6659	 backward Loss:2.7062;7.7509	 Sentiment Loss:0.0545	Valence Loss:0.2816	 Arousal Loss:0.1616	
[2025-11-17 17:59:50,271][run_task2&3_trainer_multilingual.py][line:1124][INFO] Epoch:[1/1]	 Batch:[2290/4840.0]	 Loss Sum:12.0143	forward Loss:1.5859;2.9717	 backward Loss:3.8321;1.9673	 Sentiment Loss:0.1538	Valence Loss:5.2456	 Arousal Loss:2.2718	
[2025-11-17 17:59:51,271][run_task2&3_trainer_multilingual.py][line:1124][INFO] Epoch:[1/1]	 Batch:[2300/4840.0]	 Loss Sum:3.3369	forward Loss:0.1923;0.3676	 backward Loss:0.2132;0.2635	 Sentiment Loss:2.2597	Valence Loss:0.07	 Arousal Loss:0.1334	
[2025-11-17 17:59:52,249][run_task2&3_trainer_multilingual.py][line:1124][INFO] Epoch:[1/1]	 Batch:[2310/4840.0]	 Loss Sum:0.517	forward Loss:0.2573;0.056	 backward Loss:0.0529;0.063	 Sentiment Loss:0.0117	Valence Loss:0.2491	 Arousal Loss:0.131	
[2025-11-17 17:59:53,233][run_task2&3_trainer_multilingual.py][line:1124][INFO] Epoch:[1/1]	 Batch:[2320/4840.0]	 Loss Sum:3.7404	forward Loss:1.0574;0.7292	 backward Loss:1.2933;0.6271	 Sentiment Loss:0.0076	Valence Loss:0.0255	 Arousal Loss:0.104	
[2025-11-17 17:59:54,224][run_task2&3_trainer_multilingual.py][line:1124][INFO] Epoch:[1/1]	 Batch:[2330/4840.0]	 Loss Sum:7.4599	forward Loss:0.7305;0.6971	 backward Loss:0.6895;0.6292	 Sentiment Loss:4.5492	Valence Loss:0.4008	 Arousal Loss:0.421	
[2025-11-17 17:59:55,210][run_task2&3_trainer_multilingual.py][line:1124][INFO] Epoch:[1/1]	 Batch:[2340/4840.0]	 Loss Sum:2.6539	forward Loss:1.508;0.0679	 backward Loss:0.0249;0.9767	 Sentiment Loss:0.0234	Valence Loss:0.1975	 Arousal Loss:0.0669	
[2025-11-17 17:59:56,191][run_task2&3_trainer_multilingual.py][line:1124][INFO] Epoch:[1/1]	 Batch:[2350/4840.0]	 Loss Sum:4.0446	forward Loss:0.7945;1.323	 backward Loss:0.618;1.2817	 Sentiment Loss:0.0067	Valence Loss:0.0381	 Arousal Loss:0.0652	
[2025-11-17 17:59:57,180][run_task2&3_trainer_multilingual.py][line:1124][INFO] Epoch:[1/1]	 Batch:[2360/4840.0]	 Loss Sum:35.4663	forward Loss:14.6821;3.3168	 backward Loss:0.947;16.3618	 Sentiment Loss:0.0452	Valence Loss:0.1756	 Arousal Loss:0.3919	
[2025-11-17 17:59:58,163][run_task2&3_trainer_multilingual.py][line:1124][INFO] Epoch:[1/1]	 Batch:[2370/4840.0]	 Loss Sum:0.8776	forward Loss:0.2219;0.153	 backward Loss:0.0339;0.4351	 Sentiment Loss:0.0075	Valence Loss:0.0767	 Arousal Loss:0.0549	
[2025-11-17 17:59:59,153][run_task2&3_trainer_multilingual.py][line:1124][INFO] Epoch:[1/1]	 Batch:[2380/4840.0]	 Loss Sum:3.58	forward Loss:0.9208;0.7965	 backward Loss:0.9916;0.8174	 Sentiment Loss:0.0108	Valence Loss:0.1357	 Arousal Loss:0.0787	
[2025-11-17 18:00:00,139][run_task2&3_trainer_multilingual.py][line:1124][INFO] Epoch:[1/1]	 Batch:[2390/4840.0]	 Loss Sum:4.1972	forward Loss:1.1824;1.3547	 backward Loss:0.8659;0.7292	 Sentiment Loss:0.0206	Valence Loss:0.1307	 Arousal Loss:0.0912	
[2025-11-17 18:00:01,124][run_task2&3_trainer_multilingual.py][line:1124][INFO] Epoch:[1/1]	 Batch:[2400/4840.0]	 Loss Sum:0.4224	forward Loss:0.1373;0.0686	 backward Loss:0.0471;0.0988	 Sentiment Loss:0.0277	Valence Loss:0.0784	 Arousal Loss:0.1363	
[2025-11-17 18:00:02,105][run_task2&3_trainer_multilingual.py][line:1124][INFO] Epoch:[1/1]	 Batch:[2410/4840.0]	 Loss Sum:1.307	forward Loss:0.4135;0.264	 backward Loss:0.061;0.3123	 Sentiment Loss:0.0473	Valence Loss:0.9593	 Arousal Loss:0.0847	
[2025-11-17 18:00:03,087][run_task2&3_trainer_multilingual.py][line:1124][INFO] Epoch:[1/1]	 Batch:[2420/4840.0]	 Loss Sum:0.4059	forward Loss:0.1796;0.0663	 backward Loss:0.0447;0.037	 Sentiment Loss:0.0033	Valence Loss:0.2336	 Arousal Loss:0.1415	
[2025-11-17 18:00:04,069][run_task2&3_trainer_multilingual.py][line:1124][INFO] Epoch:[1/1]	 Batch:[2430/4840.0]	 Loss Sum:20.0027	forward Loss:7.0648;1.8774	 backward Loss:10.036;0.9689	 Sentiment Loss:0.0086	Valence Loss:0.0651	 Arousal Loss:0.1698	
[2025-11-17 18:00:05,056][run_task2&3_trainer_multilingual.py][line:1124][INFO] Epoch:[1/1]	 Batch:[2440/4840.0]	 Loss Sum:3.2413	forward Loss:0.4241;0.4452	 backward Loss:0.1209;2.206	 Sentiment Loss:0.0067	Valence Loss:0.1108	 Arousal Loss:0.0812	
[2025-11-17 18:00:06,040][run_task2&3_trainer_multilingual.py][line:1124][INFO] Epoch:[1/1]	 Batch:[2450/4840.0]	 Loss Sum:1.2803	forward Loss:0.9161;0.0519	 backward Loss:0.0414;0.1508	 Sentiment Loss:0.0234	Valence Loss:0.1715	 Arousal Loss:0.3119	
[2025-11-17 18:00:07,023][run_task2&3_trainer_multilingual.py][line:1124][INFO] Epoch:[1/1]	 Batch:[2460/4840.0]	 Loss Sum:0.6828	forward Loss:0.0798;0.0891	 backward Loss:0.0155;0.082	 Sentiment Loss:0.0047	Valence Loss:0.8619	 Arousal Loss:1.1966	
[2025-11-17 18:00:08,015][run_task2&3_trainer_multilingual.py][line:1124][INFO] Epoch:[1/1]	 Batch:[2470/4840.0]	 Loss Sum:0.2426	forward Loss:0.0622;0.0416	 backward Loss:0.0054;0.0441	 Sentiment Loss:0.0058	Valence Loss:0.0342	 Arousal Loss:0.3839	
[2025-11-17 18:00:08,996][run_task2&3_trainer_multilingual.py][line:1124][INFO] Epoch:[1/1]	 Batch:[2480/4840.0]	 Loss Sum:3.5028	forward Loss:0.4167;2.572	 backward Loss:0.1883;0.2019	 Sentiment Loss:0.0273	Valence Loss:0.1191	 Arousal Loss:0.3641	
[2025-11-17 18:00:09,981][run_task2&3_trainer_multilingual.py][line:1124][INFO] Epoch:[1/1]	 Batch:[2490/4840.0]	 Loss Sum:25.6651	forward Loss:13.0705;0.062	 backward Loss:0.1871;12.2262	 Sentiment Loss:0.0295	Valence Loss:0.2181	 Arousal Loss:0.2309	
[2025-11-17 18:00:10,967][run_task2&3_trainer_multilingual.py][line:1124][INFO] Epoch:[1/1]	 Batch:[2500/4840.0]	 Loss Sum:0.2382	forward Loss:0.0567;0.0672	 backward Loss:0.012;0.0197	 Sentiment Loss:0.0344	Valence Loss:0.1633	 Arousal Loss:0.0775	
[2025-11-17 18:00:11,953][run_task2&3_trainer_multilingual.py][line:1124][INFO] Epoch:[1/1]	 Batch:[2510/4840.0]	 Loss Sum:17.5855	forward Loss:5.9467;0.6182	 backward Loss:0.0916;10.7171	 Sentiment Loss:0.1865	Valence Loss:0.0634	 Arousal Loss:0.0634	
[2025-11-17 18:00:12,935][run_task2&3_trainer_multilingual.py][line:1124][INFO] Epoch:[1/1]	 Batch:[2520/4840.0]	 Loss Sum:1.0185	forward Loss:0.0263;0.034	 backward Loss:0.0258;0.017	 Sentiment Loss:0.806	Valence Loss:0.2388	 Arousal Loss:0.3079	
[2025-11-17 18:00:13,918][run_task2&3_trainer_multilingual.py][line:1124][INFO] Epoch:[1/1]	 Batch:[2530/4840.0]	 Loss Sum:10.7627	forward Loss:0.082;5.5574	 backward Loss:4.6716;0.0749	 Sentiment Loss:0.1847	Valence Loss:0.5294	 Arousal Loss:0.4315	
[2025-11-17 18:00:14,903][run_task2&3_trainer_multilingual.py][line:1124][INFO] Epoch:[1/1]	 Batch:[2540/4840.0]	 Loss Sum:0.2848	forward Loss:0.0148;0.0443	 backward Loss:0.0503;0.0365	 Sentiment Loss:0.0021	Valence Loss:0.4849	 Arousal Loss:0.1989	
[2025-11-17 18:00:15,889][run_task2&3_trainer_multilingual.py][line:1124][INFO] Epoch:[1/1]	 Batch:[2550/4840.0]	 Loss Sum:6.8751	forward Loss:2.8248;0.1354	 backward Loss:0.1217;2.532	 Sentiment Loss:1.1198	Valence Loss:0.1692	 Arousal Loss:0.5376	
[2025-11-17 18:00:16,871][run_task2&3_trainer_multilingual.py][line:1124][INFO] Epoch:[1/1]	 Batch:[2560/4840.0]	 Loss Sum:11.29	forward Loss:8.3333;0.0627	 backward Loss:1.4874;1.0394	 Sentiment Loss:0.2414	Valence Loss:0.509	 Arousal Loss:0.1198	
[2025-11-17 18:00:17,855][run_task2&3_trainer_multilingual.py][line:1124][INFO] Epoch:[1/1]	 Batch:[2570/4840.0]	 Loss Sum:2.4583	forward Loss:0.586;0.6025	 backward Loss:0.5507;0.6055	 Sentiment Loss:0.0024	Valence Loss:0.3839	 Arousal Loss:0.1724	
[2025-11-17 18:00:18,838][run_task2&3_trainer_multilingual.py][line:1124][INFO] Epoch:[1/1]	 Batch:[2580/4840.0]	 Loss Sum:4.5811	forward Loss:0.5815;1.6991	 backward Loss:1.8149;0.388	 Sentiment Loss:0.0051	Valence Loss:0.2225	 Arousal Loss:0.24	
[2025-11-17 18:00:19,826][run_task2&3_trainer_multilingual.py][line:1124][INFO] Epoch:[1/1]	 Batch:[2590/4840.0]	 Loss Sum:3.3818	forward Loss:0.7265;0.0507	 backward Loss:0.1163;2.3379	 Sentiment Loss:0.0497	Valence Loss:0.1647	 Arousal Loss:0.3388	
[2025-11-17 18:00:20,808][run_task2&3_trainer_multilingual.py][line:1124][INFO] Epoch:[1/1]	 Batch:[2600/4840.0]	 Loss Sum:0.2892	forward Loss:0.0312;0.0358	 backward Loss:0.023;0.0838	 Sentiment Loss:0.0004	Valence Loss:0.4153	 Arousal Loss:0.1592	
[2025-11-17 18:00:21,792][run_task2&3_trainer_multilingual.py][line:1124][INFO] Epoch:[1/1]	 Batch:[2610/4840.0]	 Loss Sum:1.4726	forward Loss:0.0232;0.2622	 backward Loss:0.9765;0.1355	 Sentiment Loss:0.0489	Valence Loss:0.0712	 Arousal Loss:0.0608	
[2025-11-17 18:00:22,775][run_task2&3_trainer_multilingual.py][line:1124][INFO] Epoch:[1/1]	 Batch:[2620/4840.0]	 Loss Sum:2.1195	forward Loss:0.035;1.5091	 backward Loss:0.4574;0.0884	 Sentiment Loss:0.0023	Valence Loss:0.0762	 Arousal Loss:0.0603	
[2025-11-17 18:00:23,759][run_task2&3_trainer_multilingual.py][line:1124][INFO] Epoch:[1/1]	 Batch:[2630/4840.0]	 Loss Sum:0.8248	forward Loss:0.0537;0.2553	 backward Loss:0.2896;0.0223	 Sentiment Loss:0.0056	Valence Loss:0.2708	 Arousal Loss:0.7206	
[2025-11-17 18:00:24,744][run_task2&3_trainer_multilingual.py][line:1124][INFO] Epoch:[1/1]	 Batch:[2640/4840.0]	 Loss Sum:2.3721	forward Loss:0.0765;0.3127	 backward Loss:0.2823;0.0999	 Sentiment Loss:1.5346	Valence Loss:0.2728	 Arousal Loss:0.0579	
[2025-11-17 18:00:25,726][run_task2&3_trainer_multilingual.py][line:1124][INFO] Epoch:[1/1]	 Batch:[2650/4840.0]	 Loss Sum:5.3395	forward Loss:0.0497;3.7966	 backward Loss:1.2711;0.1443	 Sentiment Loss:0.025	Valence Loss:0.032	 Arousal Loss:0.2319	
[2025-11-17 18:00:26,717][run_task2&3_trainer_multilingual.py][line:1124][INFO] Epoch:[1/1]	 Batch:[2660/4840.0]	 Loss Sum:0.3149	forward Loss:0.1051;0.039	 backward Loss:0.029;0.099	 Sentiment Loss:0.0208	Valence Loss:0.0518	 Arousal Loss:0.058	
[2025-11-17 18:00:27,701][run_task2&3_trainer_multilingual.py][line:1124][INFO] Epoch:[1/1]	 Batch:[2670/4840.0]	 Loss Sum:3.6123	forward Loss:0.0473;1.1417	 backward Loss:2.3389;0.0206	 Sentiment Loss:0.0061	Valence Loss:0.0711	 Arousal Loss:0.2167	
[2025-11-17 18:00:28,687][run_task2&3_trainer_multilingual.py][line:1124][INFO] Epoch:[1/1]	 Batch:[2680/4840.0]	 Loss Sum:3.2524	forward Loss:0.1375;2.0115	 backward Loss:0.7244;0.1158	 Sentiment Loss:0.2349	Valence Loss:0.0955	 Arousal Loss:0.0461	
[2025-11-17 18:00:29,671][run_task2&3_trainer_multilingual.py][line:1124][INFO] Epoch:[1/1]	 Batch:[2690/4840.0]	 Loss Sum:10.0027	forward Loss:4.026;0.9737	 backward Loss:1.2615;3.7022	 Sentiment Loss:0.0134	Valence Loss:0.0405	 Arousal Loss:0.0883	
[2025-11-17 18:00:30,657][run_task2&3_trainer_multilingual.py][line:1124][INFO] Epoch:[1/1]	 Batch:[2700/4840.0]	 Loss Sum:3.2002	forward Loss:2.1444;0.4304	 backward Loss:0.2089;0.3915	 Sentiment Loss:0.0043	Valence Loss:0.0692	 Arousal Loss:0.0339	
[2025-11-17 18:00:31,642][run_task2&3_trainer_multilingual.py][line:1124][INFO] Epoch:[1/1]	 Batch:[2710/4840.0]	 Loss Sum:4.7518	forward Loss:3.2349;0.2225	 backward Loss:0.0458;1.2024	 Sentiment Loss:0.0079	Valence Loss:0.025	 Arousal Loss:0.1655	
[2025-11-17 18:00:32,628][run_task2&3_trainer_multilingual.py][line:1124][INFO] Epoch:[1/1]	 Batch:[2720/4840.0]	 Loss Sum:4.2092	forward Loss:0.6273;0.8019	 backward Loss:0.3128;1.847	 Sentiment Loss:0.0069	Valence Loss:1.2875	 Arousal Loss:1.7795	
[2025-11-17 18:00:33,612][run_task2&3_trainer_multilingual.py][line:1124][INFO] Epoch:[1/1]	 Batch:[2730/4840.0]	 Loss Sum:0.5543	forward Loss:0.032;0.3092	 backward Loss:0.0993;0.0288	 Sentiment Loss:0.0058	Valence Loss:0.1576	 Arousal Loss:0.2378	
[2025-11-17 18:00:34,598][run_task2&3_trainer_multilingual.py][line:1124][INFO] Epoch:[1/1]	 Batch:[2740/4840.0]	 Loss Sum:3.2131	forward Loss:0.0882;2.5168	 backward Loss:0.4018;0.0735	 Sentiment Loss:0.0219	Valence Loss:0.5282	 Arousal Loss:0.0262	
[2025-11-17 18:00:35,583][run_task2&3_trainer_multilingual.py][line:1124][INFO] Epoch:[1/1]	 Batch:[2750/4840.0]	 Loss Sum:0.9303	forward Loss:0.1156;0.0701	 backward Loss:0.0622;0.528	 Sentiment Loss:0.0423	Valence Loss:0.4414	 Arousal Loss:0.119	
[2025-11-17 18:00:36,570][run_task2&3_trainer_multilingual.py][line:1124][INFO] Epoch:[1/1]	 Batch:[2760/4840.0]	 Loss Sum:9.1837	forward Loss:3.7282;0.7999	 backward Loss:2.8086;1.7149	 Sentiment Loss:0.0885	Valence Loss:0.1744	 Arousal Loss:0.0435	
[2025-11-17 18:00:37,555][run_task2&3_trainer_multilingual.py][line:1124][INFO] Epoch:[1/1]	 Batch:[2770/4840.0]	 Loss Sum:0.3586	forward Loss:0.0691;0.0825	 backward Loss:0.0574;0.0852	 Sentiment Loss:0.0019	Valence Loss:0.2676	 Arousal Loss:0.0445	
[2025-11-17 18:00:38,540][run_task2&3_trainer_multilingual.py][line:1124][INFO] Epoch:[1/1]	 Batch:[2780/4840.0]	 Loss Sum:16.8435	forward Loss:0.085;6.9682	 backward Loss:9.4928;0.1475	 Sentiment Loss:0.0087	Valence Loss:0.6423	 Arousal Loss:0.0642	
[2025-11-17 18:00:39,526][run_task2&3_trainer_multilingual.py][line:1124][INFO] Epoch:[1/1]	 Batch:[2790/4840.0]	 Loss Sum:35.0632	forward Loss:10.3375;7.7908	 backward Loss:10.044;5.312	 Sentiment Loss:1.2879	Valence Loss:0.7439	 Arousal Loss:0.7114	
[2025-11-17 18:00:40,510][run_task2&3_trainer_multilingual.py][line:1124][INFO] Epoch:[1/1]	 Batch:[2800/4840.0]	 Loss Sum:0.5161	forward Loss:0.131;0.1143	 backward Loss:0.047;0.0554	 Sentiment Loss:0.0495	Valence Loss:0.1008	 Arousal Loss:0.4929	
[2025-11-17 18:00:41,505][run_task2&3_trainer_multilingual.py][line:1124][INFO] Epoch:[1/1]	 Batch:[2810/4840.0]	 Loss Sum:5.2083	forward Loss:2.2301;0.8599	 backward Loss:0.2745;1.6585	 Sentiment Loss:0.0923	Valence Loss:0.4065	 Arousal Loss:0.0587	
[2025-11-17 18:00:42,489][run_task2&3_trainer_multilingual.py][line:1124][INFO] Epoch:[1/1]	 Batch:[2820/4840.0]	 Loss Sum:11.5323	forward Loss:4.462;1.0185	 backward Loss:0.8773;4.4071	 Sentiment Loss:0.2985	Valence Loss:1.5352	 Arousal Loss:0.8086	
[2025-11-17 18:00:43,493][run_task2&3_trainer_multilingual.py][line:1124][INFO] Epoch:[1/1]	 Batch:[2830/4840.0]	 Loss Sum:1.1494	forward Loss:0.2636;0.0999	 backward Loss:0.1071;0.1975	 Sentiment Loss:0.3024	Valence Loss:0.4832	 Arousal Loss:0.4113	
[2025-11-17 18:00:44,477][run_task2&3_trainer_multilingual.py][line:1124][INFO] Epoch:[1/1]	 Batch:[2840/4840.0]	 Loss Sum:3.782	forward Loss:0.0619;2.0642	 backward Loss:0.6269;0.041	 Sentiment Loss:0.6123	Valence Loss:1.3886	 Arousal Loss:0.4895	
[2025-11-17 18:00:45,464][run_task2&3_trainer_multilingual.py][line:1124][INFO] Epoch:[1/1]	 Batch:[2850/4840.0]	 Loss Sum:0.6822	forward Loss:0.058;0.2391	 backward Loss:0.2789;0.0314	 Sentiment Loss:0.0438	Valence Loss:0.1015	 Arousal Loss:0.0533	
[2025-11-17 18:00:46,447][run_task2&3_trainer_multilingual.py][line:1124][INFO] Epoch:[1/1]	 Batch:[2860/4840.0]	 Loss Sum:0.6057	forward Loss:0.0124;0.2924	 backward Loss:0.1396;0.0302	 Sentiment Loss:0.0074	Valence Loss:0.3032	 Arousal Loss:0.3151	
[2025-11-17 18:00:47,432][run_task2&3_trainer_multilingual.py][line:1124][INFO] Epoch:[1/1]	 Batch:[2870/4840.0]	 Loss Sum:3.2049	forward Loss:1.8913;0.0407	 backward Loss:0.0598;0.5055	 Sentiment Loss:0.6442	Valence Loss:0.0467	 Arousal Loss:0.2702	
[2025-11-17 18:00:48,416][run_task2&3_trainer_multilingual.py][line:1124][INFO] Epoch:[1/1]	 Batch:[2880/4840.0]	 Loss Sum:6.2031	forward Loss:0.1293;2.4791	 backward Loss:3.1437;0.1361	 Sentiment Loss:0.2379	Valence Loss:0.0939	 Arousal Loss:0.291	
[2025-11-17 18:00:49,401][run_task2&3_trainer_multilingual.py][line:1124][INFO] Epoch:[1/1]	 Batch:[2890/4840.0]	 Loss Sum:5.7301	forward Loss:0.8239;2.7935	 backward Loss:0.5748;1.4327	 Sentiment Loss:0.0042	Valence Loss:0.1706	 Arousal Loss:0.3338	
[2025-11-17 18:00:50,386][run_task2&3_trainer_multilingual.py][line:1124][INFO] Epoch:[1/1]	 Batch:[2900/4840.0]	 Loss Sum:3.3192	forward Loss:0.8592;0.1583	 backward Loss:0.0637;2.0366	 Sentiment Loss:0.1669	Valence Loss:0.0938	 Arousal Loss:0.079	
[2025-11-17 18:00:51,373][run_task2&3_trainer_multilingual.py][line:1124][INFO] Epoch:[1/1]	 Batch:[2910/4840.0]	 Loss Sum:38.563	forward Loss:9.348;7.2744	 backward Loss:6.8102;14.8428	 Sentiment Loss:0.0906	Valence Loss:0.2785	 Arousal Loss:0.7063	
[2025-11-17 18:00:52,356][run_task2&3_trainer_multilingual.py][line:1124][INFO] Epoch:[1/1]	 Batch:[2920/4840.0]	 Loss Sum:14.5108	forward Loss:1.0827;5.437	 backward Loss:7.1901;0.634	 Sentiment Loss:0.0045	Valence Loss:0.4897	 Arousal Loss:0.3227	
[2025-11-17 18:00:53,344][run_task2&3_trainer_multilingual.py][line:1124][INFO] Epoch:[1/1]	 Batch:[2930/4840.0]	 Loss Sum:0.6329	forward Loss:0.0391;0.2115	 backward Loss:0.1402;0.0521	 Sentiment Loss:0.0052	Valence Loss:0.7201	 Arousal Loss:0.2036	
[2025-11-17 18:00:54,327][run_task2&3_trainer_multilingual.py][line:1124][INFO] Epoch:[1/1]	 Batch:[2940/4840.0]	 Loss Sum:4.22	forward Loss:0.0489;2.7397	 backward Loss:1.2077;0.1431	 Sentiment Loss:0.0119	Valence Loss:0.2359	 Arousal Loss:0.1078	
[2025-11-17 18:00:55,312][run_task2&3_trainer_multilingual.py][line:1124][INFO] Epoch:[1/1]	 Batch:[2950/4840.0]	 Loss Sum:1.2057	forward Loss:0.2775;0.2435	 backward Loss:0.223;0.2462	 Sentiment Loss:0.0965	Valence Loss:0.182	 Arousal Loss:0.4129	
[2025-11-17 18:00:56,295][run_task2&3_trainer_multilingual.py][line:1124][INFO] Epoch:[1/1]	 Batch:[2960/4840.0]	 Loss Sum:0.3175	forward Loss:0.0229;0.1449	 backward Loss:0.072;0.0448	 Sentiment Loss:0.0042	Valence Loss:0.0615	 Arousal Loss:0.0819	
[2025-11-17 18:00:57,277][run_task2&3_trainer_multilingual.py][line:1124][INFO] Epoch:[1/1]	 Batch:[2970/4840.0]	 Loss Sum:15.2319	forward Loss:8.0835;0.5024	 backward Loss:0.951;5.5235	 Sentiment Loss:0.0115	Valence Loss:0.3864	 Arousal Loss:0.4132	
[2025-11-17 18:00:58,263][run_task2&3_trainer_multilingual.py][line:1124][INFO] Epoch:[1/1]	 Batch:[2980/4840.0]	 Loss Sum:0.8213	forward Loss:0.0294;0.4699	 backward Loss:0.1726;0.0323	 Sentiment Loss:0.0061	Valence Loss:0.2834	 Arousal Loss:0.271	
[2025-11-17 18:00:59,251][run_task2&3_trainer_multilingual.py][line:1124][INFO] Epoch:[1/1]	 Batch:[2990/4840.0]	 Loss Sum:24.9229	forward Loss:11.9577;3.0669	 backward Loss:5.2248;4.5699	 Sentiment Loss:0.0026	Valence Loss:0.4131	 Arousal Loss:0.0918	
[2025-11-17 18:01:00,236][run_task2&3_trainer_multilingual.py][line:1124][INFO] Epoch:[1/1]	 Batch:[3000/4840.0]	 Loss Sum:0.5934	forward Loss:0.0664;0.0726	 backward Loss:0.1216;0.0452	 Sentiment Loss:0.0017	Valence Loss:1.3636	 Arousal Loss:0.066	
[2025-11-17 18:01:01,218][run_task2&3_trainer_multilingual.py][line:1124][INFO] Epoch:[1/1]	 Batch:[3010/4840.0]	 Loss Sum:11.2753	forward Loss:2.1209;2.7725	 backward Loss:2.7164;3.6488	 Sentiment Loss:0.0013	Valence Loss:0.044	 Arousal Loss:0.0331	
[2025-11-17 18:01:02,204][run_task2&3_trainer_multilingual.py][line:1124][INFO] Epoch:[1/1]	 Batch:[3020/4840.0]	 Loss Sum:6.2733	forward Loss:0.3055;3.8141	 backward Loss:1.767;0.2741	 Sentiment Loss:0.0255	Valence Loss:0.2296	 Arousal Loss:0.2055	
[2025-11-17 18:01:03,189][run_task2&3_trainer_multilingual.py][line:1124][INFO] Epoch:[1/1]	 Batch:[3030/4840.0]	 Loss Sum:7.109	forward Loss:3.7753;0.8101	 backward Loss:0.1621;2.3338	 Sentiment Loss:0.007	Valence Loss:0.0421	 Arousal Loss:0.0611	
[2025-11-17 18:01:04,178][run_task2&3_trainer_multilingual.py][line:1124][INFO] Epoch:[1/1]	 Batch:[3040/4840.0]	 Loss Sum:1.6747	forward Loss:0.1552;0.0875	 backward Loss:0.0412;0.2004	 Sentiment Loss:1.0004	Valence Loss:0.5194	 Arousal Loss:0.4308	
[2025-11-17 18:01:05,162][run_task2&3_trainer_multilingual.py][line:1124][INFO] Epoch:[1/1]	 Batch:[3050/4840.0]	 Loss Sum:7.5075	forward Loss:0.3053;4.7366	 backward Loss:2.002;0.4283	 Sentiment Loss:0.0058	Valence Loss:0.0668	 Arousal Loss:0.081	
[2025-11-17 18:01:06,147][run_task2&3_trainer_multilingual.py][line:1124][INFO] Epoch:[1/1]	 Batch:[3060/4840.0]	 Loss Sum:1.1859	forward Loss:0.0579;0.5539	 backward Loss:0.4366;0.0753	 Sentiment Loss:0.0215	Valence Loss:0.0617	 Arousal Loss:0.1419	
[2025-11-17 18:01:07,129][run_task2&3_trainer_multilingual.py][line:1124][INFO] Epoch:[1/1]	 Batch:[3070/4840.0]	 Loss Sum:8.6792	forward Loss:1.5367;4.7469	 backward Loss:0.3336;1.8065	 Sentiment Loss:0.0082	Valence Loss:1.1067	 Arousal Loss:0.1296	
[2025-11-17 18:01:08,114][run_task2&3_trainer_multilingual.py][line:1124][INFO] Epoch:[1/1]	 Batch:[3080/4840.0]	 Loss Sum:1.0472	forward Loss:0.0843;0.3359	 backward Loss:0.1519;0.2057	 Sentiment Loss:0.0019	Valence Loss:0.787	 Arousal Loss:0.5509	
[2025-11-17 18:01:09,098][run_task2&3_trainer_multilingual.py][line:1124][INFO] Epoch:[1/1]	 Batch:[3090/4840.0]	 Loss Sum:0.1961	forward Loss:0.0264;0.0571	 backward Loss:0.0119;0.0333	 Sentiment Loss:0.0193	Valence Loss:0.0395	 Arousal Loss:0.201	
[2025-11-17 18:01:10,081][run_task2&3_trainer_multilingual.py][line:1124][INFO] Epoch:[1/1]	 Batch:[3100/4840.0]	 Loss Sum:0.7701	forward Loss:0.0844;0.1169	 backward Loss:0.0386;0.1133	 Sentiment Loss:0.0023	Valence Loss:0.6133	 Arousal Loss:1.4593	
[2025-11-17 18:01:11,064][run_task2&3_trainer_multilingual.py][line:1124][INFO] Epoch:[1/1]	 Batch:[3110/4840.0]	 Loss Sum:4.1057	forward Loss:0.3595;2.3132	 backward Loss:0.7748;0.4377	 Sentiment Loss:0.0112	Valence Loss:0.3765	 Arousal Loss:0.6702	
[2025-11-17 18:01:12,047][run_task2&3_trainer_multilingual.py][line:1124][INFO] Epoch:[1/1]	 Batch:[3120/4840.0]	 Loss Sum:3.1438	forward Loss:0.113;2.5395	 backward Loss:0.2683;0.1349	 Sentiment Loss:0.0022	Valence Loss:0.4106	 Arousal Loss:0.0189	
[2025-11-17 18:01:13,026][run_task2&3_trainer_multilingual.py][line:1124][INFO] Epoch:[1/1]	 Batch:[3130/4840.0]	 Loss Sum:0.6991	forward Loss:0.0218;0.243	 backward Loss:0.2771;0.0463	 Sentiment Loss:0.0097	Valence Loss:0.0346	 Arousal Loss:0.4716	
[2025-11-17 18:01:14,003][run_task2&3_trainer_multilingual.py][line:1124][INFO] Epoch:[1/1]	 Batch:[3140/4840.0]	 Loss Sum:4.1136	forward Loss:0.2325;1.6809	 backward Loss:1.9761;0.1551	 Sentiment Loss:0.0292	Valence Loss:0.115	 Arousal Loss:0.0843	
[2025-11-17 18:01:14,983][run_task2&3_trainer_multilingual.py][line:1124][INFO] Epoch:[1/1]	 Batch:[3150/4840.0]	 Loss Sum:0.9126	forward Loss:0.1779;0.2634	 backward Loss:0.1038;0.2978	 Sentiment Loss:0.0088	Valence Loss:0.0691	 Arousal Loss:0.2352	
[2025-11-17 18:01:15,960][run_task2&3_trainer_multilingual.py][line:1124][INFO] Epoch:[1/1]	 Batch:[3160/4840.0]	 Loss Sum:1.9438	forward Loss:0.3855;0.4021	 backward Loss:0.8152;0.1597	 Sentiment Loss:0.0728	Valence Loss:0.2708	 Arousal Loss:0.2713	
[2025-11-17 18:01:16,942][run_task2&3_trainer_multilingual.py][line:1124][INFO] Epoch:[1/1]	 Batch:[3170/4840.0]	 Loss Sum:8.0679	forward Loss:0.0316;1.0377	 backward Loss:0.6769;0.0363	 Sentiment Loss:5.9266	Valence Loss:1.1702	 Arousal Loss:0.6242	
[2025-11-17 18:01:17,919][run_task2&3_trainer_multilingual.py][line:1124][INFO] Epoch:[1/1]	 Batch:[3180/4840.0]	 Loss Sum:3.1199	forward Loss:0.1538;1.375	 backward Loss:0.8067;0.2936	 Sentiment Loss:0.3175	Valence Loss:0.8215	 Arousal Loss:0.0458	
[2025-11-17 18:01:18,900][run_task2&3_trainer_multilingual.py][line:1124][INFO] Epoch:[1/1]	 Batch:[3190/4840.0]	 Loss Sum:10.1711	forward Loss:3.6668;0.104	 backward Loss:5.9998;0.1058	 Sentiment Loss:0.011	Valence Loss:0.9298	 Arousal Loss:0.4889	
[2025-11-17 18:01:19,877][run_task2&3_trainer_multilingual.py][line:1124][INFO] Epoch:[1/1]	 Batch:[3200/4840.0]	 Loss Sum:0.7362	forward Loss:0.1357;0.0989	 backward Loss:0.0686;0.221	 Sentiment Loss:0.0371	Valence Loss:0.3495	 Arousal Loss:0.5249	
[2025-11-17 18:01:20,856][run_task2&3_trainer_multilingual.py][line:1124][INFO] Epoch:[1/1]	 Batch:[3210/4840.0]	 Loss Sum:0.638	forward Loss:0.0423;0.1854	 backward Loss:0.0818;0.0215	 Sentiment Loss:0.0036	Valence Loss:0.8897	 Arousal Loss:0.6273	
[2025-11-17 18:01:21,834][run_task2&3_trainer_multilingual.py][line:1124][INFO] Epoch:[1/1]	 Batch:[3220/4840.0]	 Loss Sum:8.3363	forward Loss:2.2608;1.8316	 backward Loss:3.3061;0.868	 Sentiment Loss:0.0232	Valence Loss:0.0877	 Arousal Loss:0.145	
[2025-11-17 18:01:22,815][run_task2&3_trainer_multilingual.py][line:1124][INFO] Epoch:[1/1]	 Batch:[3230/4840.0]	 Loss Sum:0.1788	forward Loss:0.0118;0.0691	 backward Loss:0.056;0.0209	 Sentiment Loss:0.0078	Valence Loss:0.0085	 Arousal Loss:0.0575	
[2025-11-17 18:01:23,792][run_task2&3_trainer_multilingual.py][line:1124][INFO] Epoch:[1/1]	 Batch:[3240/4840.0]	 Loss Sum:3.3308	forward Loss:0.1923;2.6903	 backward Loss:0.2063;0.191	 Sentiment Loss:0.0044	Valence Loss:0.1473	 Arousal Loss:0.0854	
[2025-11-17 18:01:24,771][run_task2&3_trainer_multilingual.py][line:1124][INFO] Epoch:[1/1]	 Batch:[3250/4840.0]	 Loss Sum:12.0286	forward Loss:2.5405;2.2499	 backward Loss:1.7154;2.9559	 Sentiment Loss:2.4821	Valence Loss:0.0846	 Arousal Loss:0.3395	
[2025-11-17 18:01:25,748][run_task2&3_trainer_multilingual.py][line:1124][INFO] Epoch:[1/1]	 Batch:[3260/4840.0]	 Loss Sum:6.0841	forward Loss:0.0118;3.226	 backward Loss:2.7219;0.0311	 Sentiment Loss:0.0232	Valence Loss:0.0356	 Arousal Loss:0.3149	
[2025-11-17 18:01:26,725][run_task2&3_trainer_multilingual.py][line:1124][INFO] Epoch:[1/1]	 Batch:[3270/4840.0]	 Loss Sum:0.885	forward Loss:0.0692;0.3135	 backward Loss:0.2563;0.1678	 Sentiment Loss:0.007	Valence Loss:0.2313	 Arousal Loss:0.1245	
[2025-11-17 18:01:27,705][run_task2&3_trainer_multilingual.py][line:1124][INFO] Epoch:[1/1]	 Batch:[3280/4840.0]	 Loss Sum:4.0677	forward Loss:0.4419;0.8244	 backward Loss:2.2331;0.5191	 Sentiment Loss:0.0046	Valence Loss:0.025	 Arousal Loss:0.198	
[2025-11-17 18:01:28,683][run_task2&3_trainer_multilingual.py][line:1124][INFO] Epoch:[1/1]	 Batch:[3290/4840.0]	 Loss Sum:3.9497	forward Loss:2.3607;0.0798	 backward Loss:0.1063;1.2748	 Sentiment Loss:0.0014	Valence Loss:0.4981	 Arousal Loss:0.1352	
[2025-11-17 18:01:29,664][run_task2&3_trainer_multilingual.py][line:1124][INFO] Epoch:[1/1]	 Batch:[3300/4840.0]	 Loss Sum:1.6507	forward Loss:0.6505;0.1681	 backward Loss:0.0308;0.6096	 Sentiment Loss:0.009	Valence Loss:0.3163	 Arousal Loss:0.5972	
[2025-11-17 18:01:30,642][run_task2&3_trainer_multilingual.py][line:1124][INFO] Epoch:[1/1]	 Batch:[3310/4840.0]	 Loss Sum:0.3893	forward Loss:0.0611;0.0487	 backward Loss:0.0609;0.0811	 Sentiment Loss:0.0241	Valence Loss:0.1296	 Arousal Loss:0.4381	
[2025-11-17 18:01:31,633][run_task2&3_trainer_multilingual.py][line:1124][INFO] Epoch:[1/1]	 Batch:[3320/4840.0]	 Loss Sum:7.4489	forward Loss:2.3796;1.8172	 backward Loss:0.6927;2.0983	 Sentiment Loss:0.3331	Valence Loss:0.2347	 Arousal Loss:0.4057	
[2025-11-17 18:01:32,619][run_task2&3_trainer_multilingual.py][line:1124][INFO] Epoch:[1/1]	 Batch:[3330/4840.0]	 Loss Sum:0.5489	forward Loss:0.2044;0.0637	 backward Loss:0.0446;0.1162	 Sentiment Loss:0.053	Valence Loss:0.2605	 Arousal Loss:0.0746	
[2025-11-17 18:01:33,607][run_task2&3_trainer_multilingual.py][line:1124][INFO] Epoch:[1/1]	 Batch:[3340/4840.0]	 Loss Sum:10.4854	forward Loss:0.8831;3.8704	 backward Loss:4.8855;0.7273	 Sentiment Loss:0.0173	Valence Loss:0.4344	 Arousal Loss:0.0742	
[2025-11-17 18:01:34,590][run_task2&3_trainer_multilingual.py][line:1124][INFO] Epoch:[1/1]	 Batch:[3350/4840.0]	 Loss Sum:0.1486	forward Loss:0.018;0.04	 backward Loss:0.0173;0.0449	 Sentiment Loss:0.0098	Valence Loss:0.022	 Arousal Loss:0.0709	
[2025-11-17 18:01:35,579][run_task2&3_trainer_multilingual.py][line:1124][INFO] Epoch:[1/1]	 Batch:[3360/4840.0]	 Loss Sum:5.5223	forward Loss:2.5175;0.2367	 backward Loss:0.9697;1.6651	 Sentiment Loss:0.0244	Valence Loss:0.1727	 Arousal Loss:0.3719	
[2025-11-17 18:01:36,563][run_task2&3_trainer_multilingual.py][line:1124][INFO] Epoch:[1/1]	 Batch:[3370/4840.0]	 Loss Sum:8.7927	forward Loss:0.2008;4.7943	 backward Loss:2.5678;1.0524	 Sentiment Loss:0.0947	Valence Loss:0.2106	 Arousal Loss:0.2035	
[2025-11-17 18:01:37,552][run_task2&3_trainer_multilingual.py][line:1124][INFO] Epoch:[1/1]	 Batch:[3380/4840.0]	 Loss Sum:7.3703	forward Loss:0.4161;2.7278	 backward Loss:3.2354;0.3488	 Sentiment Loss:0.0366	Valence Loss:1.6178	 Arousal Loss:1.4105	
[2025-11-17 18:01:38,534][run_task2&3_trainer_multilingual.py][line:1124][INFO] Epoch:[1/1]	 Batch:[3390/4840.0]	 Loss Sum:4.2749	forward Loss:0.0101;3.0287	 backward Loss:1.0151;0.0368	 Sentiment Loss:0.0034	Valence Loss:0.6598	 Arousal Loss:0.2445	
[2025-11-17 18:01:39,520][run_task2&3_trainer_multilingual.py][line:1124][INFO] Epoch:[1/1]	 Batch:[3400/4840.0]	 Loss Sum:0.5393	forward Loss:0.0426;0.1292	 backward Loss:0.033;0.106	 Sentiment Loss:0.0763	Valence Loss:0.7118	 Arousal Loss:0.0491	
[2025-11-17 18:01:40,503][run_task2&3_trainer_multilingual.py][line:1124][INFO] Epoch:[1/1]	 Batch:[3410/4840.0]	 Loss Sum:0.9642	forward Loss:0.0218;0.4339	 backward Loss:0.4162;0.0313	 Sentiment Loss:0.0051	Valence Loss:0.0499	 Arousal Loss:0.2299	
[2025-11-17 18:01:41,488][run_task2&3_trainer_multilingual.py][line:1124][INFO] Epoch:[1/1]	 Batch:[3420/4840.0]	 Loss Sum:3.6191	forward Loss:1.2444;0.5112	 backward Loss:0.32;1.0213	 Sentiment Loss:0.0173	Valence Loss:0.1063	 Arousal Loss:2.4182	
[2025-11-17 18:01:42,482][run_task2&3_trainer_multilingual.py][line:1124][INFO] Epoch:[1/1]	 Batch:[3430/4840.0]	 Loss Sum:2.4203	forward Loss:0.3462;0.8289	 backward Loss:1.0011;0.1178	 Sentiment Loss:0.008	Valence Loss:0.0493	 Arousal Loss:0.5419	
[2025-11-17 18:01:43,464][run_task2&3_trainer_multilingual.py][line:1124][INFO] Epoch:[1/1]	 Batch:[3440/4840.0]	 Loss Sum:2.6689	forward Loss:0.0691;0.1588	 backward Loss:0.3058;0.0394	 Sentiment Loss:1.2868	Valence Loss:3.5675	 Arousal Loss:0.4774	
[2025-11-17 18:01:44,449][run_task2&3_trainer_multilingual.py][line:1124][INFO] Epoch:[1/1]	 Batch:[3450/4840.0]	 Loss Sum:0.2641	forward Loss:0.0218;0.0706	 backward Loss:0.0281;0.0237	 Sentiment Loss:0.0077	Valence Loss:0.1435	 Arousal Loss:0.4178	
[2025-11-17 18:01:45,434][run_task2&3_trainer_multilingual.py][line:1124][INFO] Epoch:[1/1]	 Batch:[3460/4840.0]	 Loss Sum:0.2911	forward Loss:0.0707;0.1089	 backward Loss:0.0347;0.0371	 Sentiment Loss:0.0025	Valence Loss:0.1565	 Arousal Loss:0.0296	
[2025-11-17 18:01:46,424][run_task2&3_trainer_multilingual.py][line:1124][INFO] Epoch:[1/1]	 Batch:[3470/4840.0]	 Loss Sum:13.7358	forward Loss:6.1213;2.1547	 backward Loss:1.295;4.1008	 Sentiment Loss:0.0184	Valence Loss:0.196	 Arousal Loss:0.0322	
[2025-11-17 18:01:47,407][run_task2&3_trainer_multilingual.py][line:1124][INFO] Epoch:[1/1]	 Batch:[3480/4840.0]	 Loss Sum:3.088	forward Loss:0.1093;0.5706	 backward Loss:1.9646;0.3712	 Sentiment Loss:0.0292	Valence Loss:0.1253	 Arousal Loss:0.0902	
[2025-11-17 18:01:48,393][run_task2&3_trainer_multilingual.py][line:1124][INFO] Epoch:[1/1]	 Batch:[3490/4840.0]	 Loss Sum:2.9219	forward Loss:1.2574;0.2336	 backward Loss:0.6498;0.6468	 Sentiment Loss:0.0052	Valence Loss:0.6108	 Arousal Loss:0.0352	
[2025-11-17 18:01:49,378][run_task2&3_trainer_multilingual.py][line:1124][INFO] Epoch:[1/1]	 Batch:[3500/4840.0]	 Loss Sum:3.5026	forward Loss:0.2097;1.2227	 backward Loss:0.9174;0.6525	 Sentiment Loss:0.3299	Valence Loss:0.0814	 Arousal Loss:0.7708	
[2025-11-17 18:01:50,365][run_task2&3_trainer_multilingual.py][line:1124][INFO] Epoch:[1/1]	 Batch:[3510/4840.0]	 Loss Sum:6.4868	forward Loss:0.8685;1.7715	 backward Loss:0.7058;2.3898	 Sentiment Loss:0.0867	Valence Loss:0.5868	 Arousal Loss:2.736	
[2025-11-17 18:01:51,351][run_task2&3_trainer_multilingual.py][line:1124][INFO] Epoch:[1/1]	 Batch:[3520/4840.0]	 Loss Sum:4.9135	forward Loss:0.225;2.2495	 backward Loss:1.7957;0.2063	 Sentiment Loss:0.0116	Valence Loss:0.7125	 Arousal Loss:1.4148	
[2025-11-17 18:01:52,336][run_task2&3_trainer_multilingual.py][line:1124][INFO] Epoch:[1/1]	 Batch:[3530/4840.0]	 Loss Sum:4.6091	forward Loss:1.4962;0.6783	 backward Loss:0.9115;1.4768	 Sentiment Loss:0.0019	Valence Loss:0.1626	 Arousal Loss:0.0594	
[2025-11-17 18:01:53,319][run_task2&3_trainer_multilingual.py][line:1124][INFO] Epoch:[1/1]	 Batch:[3540/4840.0]	 Loss Sum:8.9306	forward Loss:0.0787;5.7569	 backward Loss:2.9129;0.112	 Sentiment Loss:0.0029	Valence Loss:0.1156	 Arousal Loss:0.2204	
[2025-11-17 18:01:54,307][run_task2&3_trainer_multilingual.py][line:1124][INFO] Epoch:[1/1]	 Batch:[3550/4840.0]	 Loss Sum:0.4312	forward Loss:0.1192;0.0292	 backward Loss:0.0959;0.1088	 Sentiment Loss:0.0036	Valence Loss:0.0739	 Arousal Loss:0.2982	
[2025-11-17 18:01:55,291][run_task2&3_trainer_multilingual.py][line:1124][INFO] Epoch:[1/1]	 Batch:[3560/4840.0]	 Loss Sum:4.4466	forward Loss:0.2181;3.2519	 backward Loss:0.4608;0.4282	 Sentiment Loss:0.04	Valence Loss:0.0523	 Arousal Loss:0.1855	
[2025-11-17 18:01:56,278][run_task2&3_trainer_multilingual.py][line:1124][INFO] Epoch:[1/1]	 Batch:[3570/4840.0]	 Loss Sum:3.1454	forward Loss:0.1284;1.97	 backward Loss:0.7879;0.233	 Sentiment Loss:0.004	Valence Loss:0.0926	 Arousal Loss:0.0177	
[2025-11-17 18:01:57,260][run_task2&3_trainer_multilingual.py][line:1124][INFO] Epoch:[1/1]	 Batch:[3580/4840.0]	 Loss Sum:3.6501	forward Loss:1.0265;0.4101	 backward Loss:0.3797;1.6322	 Sentiment Loss:0.1612	Valence Loss:0.1529	 Arousal Loss:0.0491	
[2025-11-17 18:01:58,246][run_task2&3_trainer_multilingual.py][line:1124][INFO] Epoch:[1/1]	 Batch:[3590/4840.0]	 Loss Sum:0.6683	forward Loss:0.2254;0.0804	 backward Loss:0.0484;0.2846	 Sentiment Loss:0.0081	Valence Loss:0.0752	 Arousal Loss:0.0319	
[2025-11-17 18:01:59,231][run_task2&3_trainer_multilingual.py][line:1124][INFO] Epoch:[1/1]	 Batch:[3600/4840.0]	 Loss Sum:25.7445	forward Loss:9.9194;0.3474	 backward Loss:0.3131;14.8622	 Sentiment Loss:0.2513	Valence Loss:0.0592	 Arousal Loss:0.1968	
[2025-11-17 18:02:00,218][run_task2&3_trainer_multilingual.py][line:1124][INFO] Epoch:[1/1]	 Batch:[3610/4840.0]	 Loss Sum:8.0508	forward Loss:0.3994;1.8269	 backward Loss:4.851;0.8211	 Sentiment Loss:0.007	Valence Loss:0.1574	 Arousal Loss:0.57	
[2025-11-17 18:02:01,197][run_task2&3_trainer_multilingual.py][line:1124][INFO] Epoch:[1/1]	 Batch:[3620/4840.0]	 Loss Sum:6.8328	forward Loss:0.1047;3.3294	 backward Loss:3.2196;0.1391	 Sentiment Loss:0.0027	Valence Loss:0.1065	 Arousal Loss:0.0801	
[2025-11-17 18:02:02,173][run_task2&3_trainer_multilingual.py][line:1124][INFO] Epoch:[1/1]	 Batch:[3630/4840.0]	 Loss Sum:1.3624	forward Loss:0.5704;0.0688	 backward Loss:0.1407;0.5078	 Sentiment Loss:0.0422	Valence Loss:0.1031	 Arousal Loss:0.0588	
[2025-11-17 18:02:03,153][run_task2&3_trainer_multilingual.py][line:1124][INFO] Epoch:[1/1]	 Batch:[3640/4840.0]	 Loss Sum:16.1564	forward Loss:5.8111;3.0416	 backward Loss:4.6862;2.4466	 Sentiment Loss:0.0199	Valence Loss:0.0214	 Arousal Loss:0.7332	
[2025-11-17 18:02:04,129][run_task2&3_trainer_multilingual.py][line:1124][INFO] Epoch:[1/1]	 Batch:[3650/4840.0]	 Loss Sum:4.3385	forward Loss:1.5286;0.0952	 backward Loss:0.1248;2.4465	 Sentiment Loss:0.0038	Valence Loss:0.1093	 Arousal Loss:0.5895	
[2025-11-17 18:02:05,116][run_task2&3_trainer_multilingual.py][line:1124][INFO] Epoch:[1/1]	 Batch:[3660/4840.0]	 Loss Sum:0.4223	forward Loss:0.0405;0.1369	 backward Loss:0.0587;0.0723	 Sentiment Loss:0.0052	Valence Loss:0.1287	 Arousal Loss:0.4151	
[2025-11-17 18:02:06,095][run_task2&3_trainer_multilingual.py][line:1124][INFO] Epoch:[1/1]	 Batch:[3670/4840.0]	 Loss Sum:0.2787	forward Loss:0.0309;0.0452	 backward Loss:0.0373;0.0338	 Sentiment Loss:0.0009	Valence Loss:0.2999	 Arousal Loss:0.3526	
[2025-11-17 18:02:07,078][run_task2&3_trainer_multilingual.py][line:1124][INFO] Epoch:[1/1]	 Batch:[3680/4840.0]	 Loss Sum:23.4698	forward Loss:8.9309;2.3934	 backward Loss:3.0888;8.3556	 Sentiment Loss:0.1081	Valence Loss:2.8984	 Arousal Loss:0.0665	
[2025-11-17 18:02:08,055][run_task2&3_trainer_multilingual.py][line:1124][INFO] Epoch:[1/1]	 Batch:[3690/4840.0]	 Loss Sum:9.0746	forward Loss:0.4457;3.707	 backward Loss:2.8878;1.8838	 Sentiment Loss:0.0147	Valence Loss:0.6476	 Arousal Loss:0.0301	
[2025-11-17 18:02:09,038][run_task2&3_trainer_multilingual.py][line:1124][INFO] Epoch:[1/1]	 Batch:[3700/4840.0]	 Loss Sum:0.7976	forward Loss:0.0263;0.3367	 backward Loss:0.1913;0.0385	 Sentiment Loss:0.0354	Valence Loss:0.2143	 Arousal Loss:0.6329	
[2025-11-17 18:02:10,013][run_task2&3_trainer_multilingual.py][line:1124][INFO] Epoch:[1/1]	 Batch:[3710/4840.0]	 Loss Sum:1.7998	forward Loss:0.569;0.2806	 backward Loss:0.113;0.773	 Sentiment Loss:0.0371	Valence Loss:0.0693	 Arousal Loss:0.0657	
[2025-11-17 18:02:10,993][run_task2&3_trainer_multilingual.py][line:1124][INFO] Epoch:[1/1]	 Batch:[3720/4840.0]	 Loss Sum:0.9194	forward Loss:0.1982;0.1014	 backward Loss:0.0374;0.3889	 Sentiment Loss:0.0158	Valence Loss:0.2565	 Arousal Loss:0.6316	
[2025-11-17 18:02:11,970][run_task2&3_trainer_multilingual.py][line:1124][INFO] Epoch:[1/1]	 Batch:[3730/4840.0]	 Loss Sum:5.1712	forward Loss:0.2728;2.1842	 backward Loss:2.3181;0.3505	 Sentiment Loss:0.0146	Valence Loss:0.1204	 Arousal Loss:0.0347	
[2025-11-17 18:02:12,950][run_task2&3_trainer_multilingual.py][line:1124][INFO] Epoch:[1/1]	 Batch:[3740/4840.0]	 Loss Sum:1.5584	forward Loss:0.1119;0.4953	 backward Loss:0.6143;0.0993	 Sentiment Loss:0.1256	Valence Loss:0.3456	 Arousal Loss:0.2142	
[2025-11-17 18:02:13,928][run_task2&3_trainer_multilingual.py][line:1124][INFO] Epoch:[1/1]	 Batch:[3750/4840.0]	 Loss Sum:25.3988	forward Loss:0.0922;13.1938	 backward Loss:11.3998;0.1675	 Sentiment Loss:0.4545	Valence Loss:0.2237	 Arousal Loss:0.2315	
[2025-11-17 18:02:14,906][run_task2&3_trainer_multilingual.py][line:1124][INFO] Epoch:[1/1]	 Batch:[3760/4840.0]	 Loss Sum:2.4258	forward Loss:0.3692;0.1499	 backward Loss:0.0857;0.1457	 Sentiment Loss:1.5788	Valence Loss:0.309	 Arousal Loss:0.1738	
[2025-11-17 18:02:15,884][run_task2&3_trainer_multilingual.py][line:1124][INFO] Epoch:[1/1]	 Batch:[3770/4840.0]	 Loss Sum:9.8762	forward Loss:0.3384;5.2631	 backward Loss:2.9001;1.3565	 Sentiment Loss:0.001	Valence Loss:0.0495	 Arousal Loss:0.0358	
[2025-11-17 18:02:16,860][run_task2&3_trainer_multilingual.py][line:1124][INFO] Epoch:[1/1]	 Batch:[3780/4840.0]	 Loss Sum:3.857	forward Loss:0.2121;1.6521	 backward Loss:1.5245;0.3585	 Sentiment Loss:0.0052	Valence Loss:0.2289	 Arousal Loss:0.2934	
[2025-11-17 18:02:17,840][run_task2&3_trainer_multilingual.py][line:1124][INFO] Epoch:[1/1]	 Batch:[3790/4840.0]	 Loss Sum:0.274	forward Loss:0.0708;0.0412	 backward Loss:0.0466;0.0621	 Sentiment Loss:0.0022	Valence Loss:0.1314	 Arousal Loss:0.1239	
[2025-11-17 18:02:18,817][run_task2&3_trainer_multilingual.py][line:1124][INFO] Epoch:[1/1]	 Batch:[3800/4840.0]	 Loss Sum:4.0725	forward Loss:0.2388;1.0746	 backward Loss:2.5708;0.133	 Sentiment Loss:0.0034	Valence Loss:0.0294	 Arousal Loss:0.2301	
[2025-11-17 18:02:19,800][run_task2&3_trainer_multilingual.py][line:1124][INFO] Epoch:[1/1]	 Batch:[3810/4840.0]	 Loss Sum:8.5577	forward Loss:0.3567;4.6579	 backward Loss:3.2653;0.2046	 Sentiment Loss:0.0005	Valence Loss:0.0668	 Arousal Loss:0.2972	
[2025-11-17 18:02:20,778][run_task2&3_trainer_multilingual.py][line:1124][INFO] Epoch:[1/1]	 Batch:[3820/4840.0]	 Loss Sum:0.3594	forward Loss:0.0309;0.1127	 backward Loss:0.036;0.0614	 Sentiment Loss:0.0156	Valence Loss:0.0554	 Arousal Loss:0.4586	
[2025-11-17 18:02:21,759][run_task2&3_trainer_multilingual.py][line:1124][INFO] Epoch:[1/1]	 Batch:[3830/4840.0]	 Loss Sum:1.9442	forward Loss:0.0868;1.2078	 backward Loss:0.487;0.1108	 Sentiment Loss:0.0388	Valence Loss:0.0388	 Arousal Loss:0.0264	
[2025-11-17 18:02:22,738][run_task2&3_trainer_multilingual.py][line:1124][INFO] Epoch:[1/1]	 Batch:[3840/4840.0]	 Loss Sum:0.2258	forward Loss:0.0127;0.0748	 backward Loss:0.0555;0.0255	 Sentiment Loss:0.0293	Valence Loss:0.0486	 Arousal Loss:0.092	
[2025-11-17 18:02:23,719][run_task2&3_trainer_multilingual.py][line:1124][INFO] Epoch:[1/1]	 Batch:[3850/4840.0]	 Loss Sum:0.7873	forward Loss:0.1112;0.3097	 backward Loss:0.1682;0.099	 Sentiment Loss:0.0153	Valence Loss:0.0263	 Arousal Loss:0.3933	
[2025-11-17 18:02:24,696][run_task2&3_trainer_multilingual.py][line:1124][INFO] Epoch:[1/1]	 Batch:[3860/4840.0]	 Loss Sum:9.7958	forward Loss:0.0152;0.0691	 backward Loss:0.0485;0.137	 Sentiment Loss:9.4995	Valence Loss:0.0928	 Arousal Loss:0.0394	
[2025-11-17 18:02:25,677][run_task2&3_trainer_multilingual.py][line:1124][INFO] Epoch:[1/1]	 Batch:[3870/4840.0]	 Loss Sum:4.4415	forward Loss:0.6688;1.2843	 backward Loss:1.1697;1.2745	 Sentiment Loss:0.0026	Valence Loss:0.187	 Arousal Loss:0.0206	
[2025-11-17 18:02:26,653][run_task2&3_trainer_multilingual.py][line:1124][INFO] Epoch:[1/1]	 Batch:[3880/4840.0]	 Loss Sum:1.0994	forward Loss:0.011;0.7368	 backward Loss:0.1642;0.0093	 Sentiment Loss:0.0026	Valence Loss:0.6735	 Arousal Loss:0.2034	
[2025-11-17 18:02:27,634][run_task2&3_trainer_multilingual.py][line:1124][INFO] Epoch:[1/1]	 Batch:[3890/4840.0]	 Loss Sum:1.3099	forward Loss:0.0147;0.7206	 backward Loss:0.4981;0.0297	 Sentiment Loss:0.0113	Valence Loss:0.0145	 Arousal Loss:0.1629	
[2025-11-17 18:02:28,613][run_task2&3_trainer_multilingual.py][line:1124][INFO] Epoch:[1/1]	 Batch:[3900/4840.0]	 Loss Sum:0.682	forward Loss:0.0388;0.2562	 backward Loss:0.2004;0.0463	 Sentiment Loss:0.0021	Valence Loss:0.4353	 Arousal Loss:0.256	
[2025-11-17 18:02:29,590][run_task2&3_trainer_multilingual.py][line:1124][INFO] Epoch:[1/1]	 Batch:[3910/4840.0]	 Loss Sum:2.6531	forward Loss:0.7101;0.4731	 backward Loss:0.465;0.8625	 Sentiment Loss:0.0056	Valence Loss:0.1658	 Arousal Loss:0.519	
[2025-11-17 18:02:30,812][run_task2&3_trainer_multilingual.py][line:1124][INFO] Epoch:[1/1]	 Batch:[3920/4840.0]	 Loss Sum:8.2661	forward Loss:5.5701;0.3555	 backward Loss:1.1284;1.1368	 Sentiment Loss:0.0063	Valence Loss:0.1802	 Arousal Loss:0.1642	
[2025-11-17 18:02:31,792][run_task2&3_trainer_multilingual.py][line:1124][INFO] Epoch:[1/1]	 Batch:[3930/4840.0]	 Loss Sum:0.5694	forward Loss:0.0828;0.1849	 backward Loss:0.0876;0.1286	 Sentiment Loss:0.0151	Valence Loss:0.284	 Arousal Loss:0.0688	
[2025-11-17 18:02:32,769][run_task2&3_trainer_multilingual.py][line:1124][INFO] Epoch:[1/1]	 Batch:[3940/4840.0]	 Loss Sum:1.7201	forward Loss:0.0325;0.7235	 backward Loss:0.886;0.0164	 Sentiment Loss:0.0062	Valence Loss:0.0952	 Arousal Loss:0.1821	
[2025-11-17 18:02:33,746][run_task2&3_trainer_multilingual.py][line:1124][INFO] Epoch:[1/1]	 Batch:[3950/4840.0]	 Loss Sum:7.8785	forward Loss:1.6956;0.0778	 backward Loss:0.0359;1.9332	 Sentiment Loss:4.06	Valence Loss:0.1143	 Arousal Loss:0.2655	
[2025-11-17 18:02:34,728][run_task2&3_trainer_multilingual.py][line:1124][INFO] Epoch:[1/1]	 Batch:[3960/4840.0]	 Loss Sum:9.8581	forward Loss:0.3078;1.4965	 backward Loss:1.5955;1.9831	 Sentiment Loss:4.3775	Valence Loss:0.264	 Arousal Loss:0.2245	
[2025-11-17 18:02:35,705][run_task2&3_trainer_multilingual.py][line:1124][INFO] Epoch:[1/1]	 Batch:[3970/4840.0]	 Loss Sum:0.7514	forward Loss:0.0953;0.2027	 backward Loss:0.2007;0.0846	 Sentiment Loss:0.0337	Valence Loss:0.2184	 Arousal Loss:0.4534	
[2025-11-17 18:02:36,685][run_task2&3_trainer_multilingual.py][line:1124][INFO] Epoch:[1/1]	 Batch:[3980/4840.0]	 Loss Sum:2.8541	forward Loss:0.0918;1.0457	 backward Loss:1.1713;0.3373	 Sentiment Loss:0.1731	Valence Loss:0.0967	 Arousal Loss:0.0779	
[2025-11-17 18:02:37,672][run_task2&3_trainer_multilingual.py][line:1124][INFO] Epoch:[1/1]	 Batch:[3990/4840.0]	 Loss Sum:0.2823	forward Loss:0.0092;0.0564	 backward Loss:0.0541;0.0199	 Sentiment Loss:0.1121	Valence Loss:0.0938	 Arousal Loss:0.0595	
[2025-11-17 18:02:38,648][run_task2&3_trainer_multilingual.py][line:1124][INFO] Epoch:[1/1]	 Batch:[4000/4840.0]	 Loss Sum:4.8294	forward Loss:0.0137;2.9108	 backward Loss:1.6861;0.0207	 Sentiment Loss:0.1104	Valence Loss:0.3201	 Arousal Loss:0.1184	
[2025-11-17 18:02:39,619][run_task2&3_trainer_multilingual.py][line:1124][INFO] Epoch:[1/1]	 Batch:[4010/4840.0]	 Loss Sum:11.5205	forward Loss:3.73;2.0883	 backward Loss:4.2034;1.301	 Sentiment Loss:0.0076	Valence Loss:0.4544	 Arousal Loss:0.4965	
[2025-11-17 18:02:40,593][run_task2&3_trainer_multilingual.py][line:1124][INFO] Epoch:[1/1]	 Batch:[4020/4840.0]	 Loss Sum:1.8565	forward Loss:0.0647;0.2307	 backward Loss:0.1444;0.065	 Sentiment Loss:0.4128	Valence Loss:4.6128	 Arousal Loss:0.0816	
[2025-11-17 18:02:41,565][run_task2&3_trainer_multilingual.py][line:1124][INFO] Epoch:[1/1]	 Batch:[4030/4840.0]	 Loss Sum:5.9541	forward Loss:1.1548;0.5724	 backward Loss:1.2757;2.3822	 Sentiment Loss:0.0674	Valence Loss:1.6246	 Arousal Loss:0.8831	
[2025-11-17 18:02:42,537][run_task2&3_trainer_multilingual.py][line:1124][INFO] Epoch:[1/1]	 Batch:[4040/4840.0]	 Loss Sum:0.2039	forward Loss:0.0631;0.0394	 backward Loss:0.0125;0.0528	 Sentiment Loss:0.007	Valence Loss:0.1241	 Arousal Loss:0.022	
[2025-11-17 18:02:43,508][run_task2&3_trainer_multilingual.py][line:1124][INFO] Epoch:[1/1]	 Batch:[4050/4840.0]	 Loss Sum:17.3438	forward Loss:4.8733;2.5558	 backward Loss:2.2954;7.4464	 Sentiment Loss:0.0384	Valence Loss:0.1206	 Arousal Loss:0.5519	
[2025-11-17 18:02:44,483][run_task2&3_trainer_multilingual.py][line:1124][INFO] Epoch:[1/1]	 Batch:[4060/4840.0]	 Loss Sum:13.0529	forward Loss:4.8224;0.2113	 backward Loss:1.3941;6.3645	 Sentiment Loss:0.0553	Valence Loss:0.929	 Arousal Loss:0.0983	
[2025-11-17 18:02:45,453][run_task2&3_trainer_multilingual.py][line:1124][INFO] Epoch:[1/1]	 Batch:[4070/4840.0]	 Loss Sum:4.5715	forward Loss:0.0195;2.7054	 backward Loss:1.7634;0.0378	 Sentiment Loss:0.019	Valence Loss:0.0759	 Arousal Loss:0.0564	
[2025-11-17 18:02:46,428][run_task2&3_trainer_multilingual.py][line:1124][INFO] Epoch:[1/1]	 Batch:[4080/4840.0]	 Loss Sum:6.4489	forward Loss:0.9509;1.9552	 backward Loss:1.345;1.379	 Sentiment Loss:0.3439	Valence Loss:2.3483	 Arousal Loss:0.0265	
[2025-11-17 18:02:47,399][run_task2&3_trainer_multilingual.py][line:1124][INFO] Epoch:[1/1]	 Batch:[4090/4840.0]	 Loss Sum:41.1567	forward Loss:11.654;9.3125	 backward Loss:8.9244;10.8217	 Sentiment Loss:0.3456	Valence Loss:0.4649	 Arousal Loss:0.0276	
[2025-11-17 18:02:48,369][run_task2&3_trainer_multilingual.py][line:1124][INFO] Epoch:[1/1]	 Batch:[4100/4840.0]	 Loss Sum:0.9523	forward Loss:0.3358;0.0424	 backward Loss:0.0569;0.2474	 Sentiment Loss:0.0077	Valence Loss:1.2269	 Arousal Loss:0.0836	
[2025-11-17 18:02:49,346][run_task2&3_trainer_multilingual.py][line:1124][INFO] Epoch:[1/1]	 Batch:[4110/4840.0]	 Loss Sum:3.848	forward Loss:0.1981;1.1953	 backward Loss:2.1131;0.0808	 Sentiment Loss:0.007	Valence Loss:0.2554	 Arousal Loss:1.0128	
[2025-11-17 18:02:50,317][run_task2&3_trainer_multilingual.py][line:1124][INFO] Epoch:[1/1]	 Batch:[4120/4840.0]	 Loss Sum:17.3707	forward Loss:1.4333;6.7377	 backward Loss:7.7543;1.1532	 Sentiment Loss:0.0704	Valence Loss:0.9154	 Arousal Loss:0.1939	
[2025-11-17 18:02:51,290][run_task2&3_trainer_multilingual.py][line:1124][INFO] Epoch:[1/1]	 Batch:[4130/4840.0]	 Loss Sum:11.0014	forward Loss:0.0272;4.9422	 backward Loss:5.7429;0.0751	 Sentiment Loss:0.1443	Valence Loss:0.0475	 Arousal Loss:0.3011	
[2025-11-17 18:02:52,260][run_task2&3_trainer_multilingual.py][line:1124][INFO] Epoch:[1/1]	 Batch:[4140/4840.0]	 Loss Sum:0.2717	forward Loss:0.0643;0.0654	 backward Loss:0.0421;0.0569	 Sentiment Loss:0.008	Valence Loss:0.0271	 Arousal Loss:0.1481	
[2025-11-17 18:02:53,233][run_task2&3_trainer_multilingual.py][line:1124][INFO] Epoch:[1/1]	 Batch:[4150/4840.0]	 Loss Sum:3.3223	forward Loss:0.0323;1.3358	 backward Loss:1.3285;0.04	 Sentiment Loss:0.0065	Valence Loss:2.8765	 Arousal Loss:0.0194	
[2025-11-17 18:02:54,204][run_task2&3_trainer_multilingual.py][line:1124][INFO] Epoch:[1/1]	 Batch:[4160/4840.0]	 Loss Sum:0.9321	forward Loss:0.2431;0.2512	 backward Loss:0.0682;0.1455	 Sentiment Loss:0.0022	Valence Loss:0.4646	 Arousal Loss:0.6447	
[2025-11-17 18:02:55,178][run_task2&3_trainer_multilingual.py][line:1124][INFO] Epoch:[1/1]	 Batch:[4170/4840.0]	 Loss Sum:5.0928	forward Loss:2.9132;0.2746	 backward Loss:1.7056;0.1831	 Sentiment Loss:0.0015	Valence Loss:0.0396	 Arousal Loss:0.0351	
[2025-11-17 18:02:56,148][run_task2&3_trainer_multilingual.py][line:1124][INFO] Epoch:[1/1]	 Batch:[4180/4840.0]	 Loss Sum:5.1583	forward Loss:3.2831;0.6507	 backward Loss:0.1026;0.7677	 Sentiment Loss:0.3161	Valence Loss:0.0302	 Arousal Loss:0.1601	
[2025-11-17 18:02:57,121][run_task2&3_trainer_multilingual.py][line:1124][INFO] Epoch:[1/1]	 Batch:[4190/4840.0]	 Loss Sum:3.6593	forward Loss:1.4706;0.6348	 backward Loss:0.5773;0.922	 Sentiment Loss:0.0007	Valence Loss:0.0247	 Arousal Loss:0.2445	
[2025-11-17 18:02:58,093][run_task2&3_trainer_multilingual.py][line:1124][INFO] Epoch:[1/1]	 Batch:[4200/4840.0]	 Loss Sum:6.1479	forward Loss:1.5071;3.1094	 backward Loss:1.1044;0.3794	 Sentiment Loss:0.0231	Valence Loss:0.0839	 Arousal Loss:0.0383	
[2025-11-17 18:02:59,067][run_task2&3_trainer_multilingual.py][line:1124][INFO] Epoch:[1/1]	 Batch:[4210/4840.0]	 Loss Sum:0.1978	forward Loss:0.0175;0.0807	 backward Loss:0.0427;0.0359	 Sentiment Loss:0.0028	Valence Loss:0.0167	 Arousal Loss:0.0739	
[2025-11-17 18:03:00,037][run_task2&3_trainer_multilingual.py][line:1124][INFO] Epoch:[1/1]	 Batch:[4220/4840.0]	 Loss Sum:8.6329	forward Loss:0.1315;4.4938	 backward Loss:3.7913;0.0582	 Sentiment Loss:0.0043	Valence Loss:0.1014	 Arousal Loss:0.6674	
[2025-11-17 18:03:01,007][run_task2&3_trainer_multilingual.py][line:1124][INFO] Epoch:[1/1]	 Batch:[4230/4840.0]	 Loss Sum:6.5383	forward Loss:0.7425;0.2299	 backward Loss:0.1283;1.2423	 Sentiment Loss:4.1815	Valence Loss:0.0289	 Arousal Loss:0.0405	
[2025-11-17 18:03:01,980][run_task2&3_trainer_multilingual.py][line:1124][INFO] Epoch:[1/1]	 Batch:[4240/4840.0]	 Loss Sum:2.1052	forward Loss:0.0146;1.2915	 backward Loss:0.688;0.0313	 Sentiment Loss:0.0049	Valence Loss:0.137	 Arousal Loss:0.2372	
[2025-11-17 18:03:02,951][run_task2&3_trainer_multilingual.py][line:1124][INFO] Epoch:[1/1]	 Batch:[4250/4840.0]	 Loss Sum:3.9973	forward Loss:0.5999;0.9845	 backward Loss:0.3031;1.7539	 Sentiment Loss:0.2329	Valence Loss:0.4716	 Arousal Loss:0.1438	
[2025-11-17 18:03:03,923][run_task2&3_trainer_multilingual.py][line:1124][INFO] Epoch:[1/1]	 Batch:[4260/4840.0]	 Loss Sum:2.2699	forward Loss:0.0672;1.8455	 backward Loss:0.2071;0.0672	 Sentiment Loss:0.0009	Valence Loss:0.2734	 Arousal Loss:0.1368	
[2025-11-17 18:03:04,895][run_task2&3_trainer_multilingual.py][line:1124][INFO] Epoch:[1/1]	 Batch:[4270/4840.0]	 Loss Sum:4.7675	forward Loss:0.2915;3.6449	 backward Loss:0.4151;0.3836	 Sentiment Loss:0.0106	Valence Loss:0.0664	 Arousal Loss:0.0429	
[2025-11-17 18:03:05,868][run_task2&3_trainer_multilingual.py][line:1124][INFO] Epoch:[1/1]	 Batch:[4280/4840.0]	 Loss Sum:17.8076	forward Loss:0.0899;8.827	 backward Loss:8.6662;0.0225	 Sentiment Loss:0.0042	Valence Loss:0.4797	 Arousal Loss:0.5091	
[2025-11-17 18:03:06,839][run_task2&3_trainer_multilingual.py][line:1124][INFO] Epoch:[1/1]	 Batch:[4290/4840.0]	 Loss Sum:4.5172	forward Loss:1.9206;0.3636	 backward Loss:0.1857;1.6849	 Sentiment Loss:0.3182	Valence Loss:0.1806	 Arousal Loss:0.0401	
[2025-11-17 18:03:07,812][run_task2&3_trainer_multilingual.py][line:1124][INFO] Epoch:[1/1]	 Batch:[4300/4840.0]	 Loss Sum:3.5053	forward Loss:0.0779;1.8193	 backward Loss:1.5205;0.0688	 Sentiment Loss:0.004	Valence Loss:0.0658	 Arousal Loss:0.0077	
[2025-11-17 18:03:08,783][run_task2&3_trainer_multilingual.py][line:1124][INFO] Epoch:[1/1]	 Batch:[4310/4840.0]	 Loss Sum:28.1664	forward Loss:9.1435;4.1078	 backward Loss:2.2186;12.6635	 Sentiment Loss:0.0168	Valence Loss:0.017	 Arousal Loss:0.0635	
[2025-11-17 18:03:09,757][run_task2&3_trainer_multilingual.py][line:1124][INFO] Epoch:[1/1]	 Batch:[4320/4840.0]	 Loss Sum:2.728	forward Loss:0.0557;0.9621	 backward Loss:1.6306;0.051	 Sentiment Loss:0.0046	Valence Loss:0.0867	 Arousal Loss:0.0336	
[2025-11-17 18:03:10,734][run_task2&3_trainer_multilingual.py][line:1124][INFO] Epoch:[1/1]	 Batch:[4330/4840.0]	 Loss Sum:2.9333	forward Loss:0.7324;0.1448	 backward Loss:0.255;1.0004	 Sentiment Loss:0.7706	Valence Loss:0.0348	 Arousal Loss:0.1149	
[2025-11-17 18:03:11,722][run_task2&3_trainer_multilingual.py][line:1124][INFO] Epoch:[1/1]	 Batch:[4340/4840.0]	 Loss Sum:1.7851	forward Loss:0.3422;0.1022	 backward Loss:0.0646;1.2239	 Sentiment Loss:0.0039	Valence Loss:0.1336	 Arousal Loss:0.108	
[2025-11-17 18:03:12,694][run_task2&3_trainer_multilingual.py][line:1124][INFO] Epoch:[1/1]	 Batch:[4350/4840.0]	 Loss Sum:0.1702	forward Loss:0.0199;0.0517	 backward Loss:0.0401;0.0263	 Sentiment Loss:0.0008	Valence Loss:0.1087	 Arousal Loss:0.0482	
[2025-11-17 18:03:13,668][run_task2&3_trainer_multilingual.py][line:1124][INFO] Epoch:[1/1]	 Batch:[4360/4840.0]	 Loss Sum:5.3538	forward Loss:1.6264;1.2826	 backward Loss:1.7358;0.6639	 Sentiment Loss:0.0061	Valence Loss:0.1604	 Arousal Loss:0.035	
[2025-11-17 18:03:14,644][run_task2&3_trainer_multilingual.py][line:1124][INFO] Epoch:[1/1]	 Batch:[4370/4840.0]	 Loss Sum:16.8706	forward Loss:0.5866;7.3656	 backward Loss:6.2219;0.8516	 Sentiment Loss:1.8226	Valence Loss:0.0182	 Arousal Loss:0.0936	
[2025-11-17 18:03:15,616][run_task2&3_trainer_multilingual.py][line:1124][INFO] Epoch:[1/1]	 Batch:[4380/4840.0]	 Loss Sum:17.8255	forward Loss:6.7539;2.9263	 backward Loss:1.5959;6.2067	 Sentiment Loss:0.1022	Valence Loss:0.5559	 Arousal Loss:0.647	
[2025-11-17 18:03:16,594][run_task2&3_trainer_multilingual.py][line:1124][INFO] Epoch:[1/1]	 Batch:[4390/4840.0]	 Loss Sum:3.3235	forward Loss:0.2251;1.073	 backward Loss:0.5467;0.2901	 Sentiment Loss:1.1606	Valence Loss:0.1106	 Arousal Loss:0.0298	
[2025-11-17 18:03:17,565][run_task2&3_trainer_multilingual.py][line:1124][INFO] Epoch:[1/1]	 Batch:[4400/4840.0]	 Loss Sum:15.282	forward Loss:5.3235;3.1886	 backward Loss:1.5764;5.0562	 Sentiment Loss:0.0154	Valence Loss:0.0972	 Arousal Loss:0.5122	
[2025-11-17 18:03:18,540][run_task2&3_trainer_multilingual.py][line:1124][INFO] Epoch:[1/1]	 Batch:[4410/4840.0]	 Loss Sum:0.3765	forward Loss:0.0181;0.1523	 backward Loss:0.1004;0.0159	 Sentiment Loss:0.0136	Valence Loss:0.2646	 Arousal Loss:0.1164	
[2025-11-17 18:03:19,512][run_task2&3_trainer_multilingual.py][line:1124][INFO] Epoch:[1/1]	 Batch:[4420/4840.0]	 Loss Sum:5.1643	forward Loss:1.276;2.226	 backward Loss:1.3375;0.2401	 Sentiment Loss:0.0086	Valence Loss:0.1523	 Arousal Loss:0.2279	
[2025-11-17 18:03:20,488][run_task2&3_trainer_multilingual.py][line:1124][INFO] Epoch:[1/1]	 Batch:[4430/4840.0]	 Loss Sum:0.4591	forward Loss:0.0822;0.1323	 backward Loss:0.0694;0.0604	 Sentiment Loss:0.0063	Valence Loss:0.356	 Arousal Loss:0.1864	
[2025-11-17 18:03:21,460][run_task2&3_trainer_multilingual.py][line:1124][INFO] Epoch:[1/1]	 Batch:[4440/4840.0]	 Loss Sum:6.7954	forward Loss:0.0304;3.384	 backward Loss:3.1785;0.0665	 Sentiment Loss:0.0662	Valence Loss:0.291	 Arousal Loss:0.058	
[2025-11-17 18:03:22,434][run_task2&3_trainer_multilingual.py][line:1124][INFO] Epoch:[1/1]	 Batch:[4450/4840.0]	 Loss Sum:10.8923	forward Loss:0.1074;4.5107	 backward Loss:5.9136;0.1448	 Sentiment Loss:0.0865	Valence Loss:0.1272	 Arousal Loss:0.5201	
[2025-11-17 18:03:23,406][run_task2&3_trainer_multilingual.py][line:1124][INFO] Epoch:[1/1]	 Batch:[4460/4840.0]	 Loss Sum:4.9771	forward Loss:0.7435;1.6388	 backward Loss:1.9665;0.344	 Sentiment Loss:0.1379	Valence Loss:0.6894	 Arousal Loss:0.0426	
[2025-11-17 18:03:24,394][run_task2&3_trainer_multilingual.py][line:1124][INFO] Epoch:[1/1]	 Batch:[4470/4840.0]	 Loss Sum:0.8807	forward Loss:0.1928;0.2163	 backward Loss:0.2475;0.1184	 Sentiment Loss:0.0432	Valence Loss:0.0701	 Arousal Loss:0.2427	
[2025-11-17 18:03:25,366][run_task2&3_trainer_multilingual.py][line:1124][INFO] Epoch:[1/1]	 Batch:[4480/4840.0]	 Loss Sum:1.7893	forward Loss:0.4545;0.0374	 backward Loss:0.0257;1.0346	 Sentiment Loss:0.2083	Valence Loss:0.072	 Arousal Loss:0.0713	
[2025-11-17 18:03:26,340][run_task2&3_trainer_multilingual.py][line:1124][INFO] Epoch:[1/1]	 Batch:[4490/4840.0]	 Loss Sum:9.9873	forward Loss:0.3664;4.884	 backward Loss:4.3957;0.321	 Sentiment Loss:0.0079	Valence Loss:0.0253	 Arousal Loss:0.0363	
[2025-11-17 18:03:27,311][run_task2&3_trainer_multilingual.py][line:1124][INFO] Epoch:[1/1]	 Batch:[4500/4840.0]	 Loss Sum:13.2495	forward Loss:1.0789;5.726	 backward Loss:5.588;0.7905	 Sentiment Loss:0.0083	Valence Loss:0.0768	 Arousal Loss:0.2123	
[2025-11-17 18:03:28,285][run_task2&3_trainer_multilingual.py][line:1124][INFO] Epoch:[1/1]	 Batch:[4510/4840.0]	 Loss Sum:7.1219	forward Loss:2.5615;0.2004	 backward Loss:0.0768;3.8384	 Sentiment Loss:0.4149	Valence Loss:0.1003	 Arousal Loss:0.0497	
[2025-11-17 18:03:29,260][run_task2&3_trainer_multilingual.py][line:1124][INFO] Epoch:[1/1]	 Batch:[4520/4840.0]	 Loss Sum:2.2803	forward Loss:1.1365;0.0258	 backward Loss:0.0398;1.0409	 Sentiment Loss:0.0093	Valence Loss:0.0881	 Arousal Loss:0.0518	
[2025-11-17 18:03:30,233][run_task2&3_trainer_multilingual.py][line:1124][INFO] Epoch:[1/1]	 Batch:[4530/4840.0]	 Loss Sum:1.241	forward Loss:0.2668;0.1806	 backward Loss:0.3009;0.1274	 Sentiment Loss:0.2753	Valence Loss:0.3116	 Arousal Loss:0.1381	
[2025-11-17 18:03:31,208][run_task2&3_trainer_multilingual.py][line:1124][INFO] Epoch:[1/1]	 Batch:[4540/4840.0]	 Loss Sum:0.518	forward Loss:0.148;0.0967	 backward Loss:0.0613;0.0973	 Sentiment Loss:0.019	Valence Loss:0.3396	 Arousal Loss:0.1389	
[2025-11-17 18:03:32,180][run_task2&3_trainer_multilingual.py][line:1124][INFO] Epoch:[1/1]	 Batch:[4550/4840.0]	 Loss Sum:12.3353	forward Loss:2.6915;2.8557	 backward Loss:3.5696;3.1233	 Sentiment Loss:0.0674	Valence Loss:0.0678	 Arousal Loss:0.0709	
[2025-11-17 18:03:33,155][run_task2&3_trainer_multilingual.py][line:1124][INFO] Epoch:[1/1]	 Batch:[4560/4840.0]	 Loss Sum:0.2041	forward Loss:0.0204;0.0445	 backward Loss:0.0296;0.0504	 Sentiment Loss:0.0035	Valence Loss:0.1593	 Arousal Loss:0.1193	
[2025-11-17 18:03:34,126][run_task2&3_trainer_multilingual.py][line:1124][INFO] Epoch:[1/1]	 Batch:[4570/4840.0]	 Loss Sum:0.2428	forward Loss:0.0857;0.0332	 backward Loss:0.0151;0.0752	 Sentiment Loss:0.0018	Valence Loss:0.0542	 Arousal Loss:0.105	
[2025-11-17 18:03:35,099][run_task2&3_trainer_multilingual.py][line:1124][INFO] Epoch:[1/1]	 Batch:[4580/4840.0]	 Loss Sum:0.1843	forward Loss:0.0233;0.0307	 backward Loss:0.0351;0.0351	 Sentiment Loss:0.014	Valence Loss:0.1133	 Arousal Loss:0.1169	
[2025-11-17 18:03:36,071][run_task2&3_trainer_multilingual.py][line:1124][INFO] Epoch:[1/1]	 Batch:[4590/4840.0]	 Loss Sum:2.3497	forward Loss:0.6101;0.0589	 backward Loss:0.0423;1.5993	 Sentiment Loss:0.0227	Valence Loss:0.0512	 Arousal Loss:0.031	
[2025-11-17 18:03:37,044][run_task2&3_trainer_multilingual.py][line:1124][INFO] Epoch:[1/1]	 Batch:[4600/4840.0]	 Loss Sum:5.3381	forward Loss:0.8963;2.5351	 backward Loss:1.3247;0.1155	 Sentiment Loss:0.0149	Valence Loss:0.6696	 Arousal Loss:1.5882	
[2025-11-17 18:03:38,016][run_task2&3_trainer_multilingual.py][line:1124][INFO] Epoch:[1/1]	 Batch:[4610/4840.0]	 Loss Sum:5.9471	forward Loss:5.3026;0.0588	 backward Loss:0.179;0.3468	 Sentiment Loss:0.0083	Valence Loss:0.0512	 Arousal Loss:0.2069	
[2025-11-17 18:03:38,999][run_task2&3_trainer_multilingual.py][line:1124][INFO] Epoch:[1/1]	 Batch:[4620/4840.0]	 Loss Sum:0.4112	forward Loss:0.0183;0.105	 backward Loss:0.0984;0.0318	 Sentiment Loss:0.0725	Valence Loss:0.1582	 Arousal Loss:0.2678	
[2025-11-17 18:03:39,970][run_task2&3_trainer_multilingual.py][line:1124][INFO] Epoch:[1/1]	 Batch:[4630/4840.0]	 Loss Sum:2.0728	forward Loss:1.3243;0.0788	 backward Loss:0.0857;0.5485	 Sentiment Loss:0.01	Valence Loss:0.1026	 Arousal Loss:0.0252	
[2025-11-17 18:03:40,946][run_task2&3_trainer_multilingual.py][line:1124][INFO] Epoch:[1/1]	 Batch:[4640/4840.0]	 Loss Sum:8.6035	forward Loss:2.4462;1.6801	 backward Loss:2.3105;2.038	 Sentiment Loss:0.0073	Valence Loss:0.3054	 Arousal Loss:0.3014	
[2025-11-17 18:03:41,918][run_task2&3_trainer_multilingual.py][line:1124][INFO] Epoch:[1/1]	 Batch:[4650/4840.0]	 Loss Sum:9.7138	forward Loss:3.1973;1.6228	 backward Loss:1.6043;3.2272	 Sentiment Loss:0.0174	Valence Loss:0.1848	 Arousal Loss:0.0385	
[2025-11-17 18:03:42,896][run_task2&3_trainer_multilingual.py][line:1124][INFO] Epoch:[1/1]	 Batch:[4660/4840.0]	 Loss Sum:0.181	forward Loss:0.0424;0.0217	 backward Loss:0.0107;0.0302	 Sentiment Loss:0.0433	Valence Loss:0.0734	 Arousal Loss:0.0895	
[2025-11-17 18:03:43,871][run_task2&3_trainer_multilingual.py][line:1124][INFO] Epoch:[1/1]	 Batch:[4670/4840.0]	 Loss Sum:0.5129	forward Loss:0.1238;0.0649	 backward Loss:0.0408;0.1375	 Sentiment Loss:0.0044	Valence Loss:0.0716	 Arousal Loss:0.6356	
[2025-11-17 18:03:44,843][run_task2&3_trainer_multilingual.py][line:1124][INFO] Epoch:[1/1]	 Batch:[4680/4840.0]	 Loss Sum:1.1441	forward Loss:0.2742;0.1768	 backward Loss:0.0995;0.5381	 Sentiment Loss:0.0013	Valence Loss:0.1133	 Arousal Loss:0.158	
[2025-11-17 18:03:45,816][run_task2&3_trainer_multilingual.py][line:1124][INFO] Epoch:[1/1]	 Batch:[4690/4840.0]	 Loss Sum:7.345	forward Loss:2.3379;0.8461	 backward Loss:3.3973;0.7001	 Sentiment Loss:0.0102	Valence Loss:0.1388	 Arousal Loss:0.1281	
[2025-11-17 18:03:46,787][run_task2&3_trainer_multilingual.py][line:1124][INFO] Epoch:[1/1]	 Batch:[4700/4840.0]	 Loss Sum:2.8439	forward Loss:0.9524;0.7749	 backward Loss:0.9129;0.1707	 Sentiment Loss:0.0043	Valence Loss:0.0743	 Arousal Loss:0.0693	
[2025-11-17 18:03:47,761][run_task2&3_trainer_multilingual.py][line:1124][INFO] Epoch:[1/1]	 Batch:[4710/4840.0]	 Loss Sum:17.7034	forward Loss:4.7789;1.7454	 backward Loss:2.4041;8.7324	 Sentiment Loss:0.0212	Valence Loss:0.0408	 Arousal Loss:0.0662	
[2025-11-17 18:03:48,732][run_task2&3_trainer_multilingual.py][line:1124][INFO] Epoch:[1/1]	 Batch:[4720/4840.0]	 Loss Sum:0.2147	forward Loss:0.0274;0.0674	 backward Loss:0.0303;0.0297	 Sentiment Loss:0.0024	Valence Loss:0.068	 Arousal Loss:0.2202	
[2025-11-17 18:03:49,710][run_task2&3_trainer_multilingual.py][line:1124][INFO] Epoch:[1/1]	 Batch:[4730/4840.0]	 Loss Sum:0.9429	forward Loss:0.3155;0.0443	 backward Loss:0.1042;0.1692	 Sentiment Loss:0.2455	Valence Loss:0.1946	 Arousal Loss:0.1259	
[2025-11-17 18:03:50,681][run_task2&3_trainer_multilingual.py][line:1124][INFO] Epoch:[1/1]	 Batch:[4740/4840.0]	 Loss Sum:9.219	forward Loss:0.7322;3.3056	 backward Loss:4.8395;0.2915	 Sentiment Loss:0.0078	Valence Loss:0.1495	 Arousal Loss:0.0628	
[2025-11-17 18:03:51,657][run_task2&3_trainer_multilingual.py][line:1124][INFO] Epoch:[1/1]	 Batch:[4750/4840.0]	 Loss Sum:1.5601	forward Loss:0.0808;0.8326	 backward Loss:0.4989;0.0835	 Sentiment Loss:0.0078	Valence Loss:0.1934	 Arousal Loss:0.0888	
[2025-11-17 18:03:52,628][run_task2&3_trainer_multilingual.py][line:1124][INFO] Epoch:[1/1]	 Batch:[4760/4840.0]	 Loss Sum:5.7699	forward Loss:0.632;2.4147	 backward Loss:1.6167;0.8129	 Sentiment Loss:0.2247	Valence Loss:0.1691	 Arousal Loss:0.1755	
[2025-11-17 18:03:53,603][run_task2&3_trainer_multilingual.py][line:1124][INFO] Epoch:[1/1]	 Batch:[4770/4840.0]	 Loss Sum:4.8462	forward Loss:0.0468;2.6652	 backward Loss:1.9655;0.0511	 Sentiment Loss:0.0045	Valence Loss:0.2548	 Arousal Loss:0.3108	
[2025-11-17 18:03:54,574][run_task2&3_trainer_multilingual.py][line:1124][INFO] Epoch:[1/1]	 Batch:[4780/4840.0]	 Loss Sum:1.6116	forward Loss:0.079;0.239	 backward Loss:0.7846;0.0422	 Sentiment Loss:0.0037	Valence Loss:0.9788	 Arousal Loss:1.3373	
[2025-11-17 18:03:55,550][run_task2&3_trainer_multilingual.py][line:1124][INFO] Epoch:[1/1]	 Batch:[4790/4840.0]	 Loss Sum:0.1168	forward Loss:0.0276;0.0289	 backward Loss:0.0127;0.0297	 Sentiment Loss:0.0023	Valence Loss:0.0357	 Arousal Loss:0.0419	
[2025-11-17 18:03:56,531][run_task2&3_trainer_multilingual.py][line:1124][INFO] Epoch:[1/1]	 Batch:[4800/4840.0]	 Loss Sum:7.339	forward Loss:0.2252;3.1074	 backward Loss:3.153;0.135	 Sentiment Loss:0.6811	Valence Loss:0.0329	 Arousal Loss:0.1533	
[2025-11-17 18:03:57,518][run_task2&3_trainer_multilingual.py][line:1124][INFO] Epoch:[1/1]	 Batch:[4810/4840.0]	 Loss Sum:0.2427	forward Loss:0.0119;0.0394	 backward Loss:0.0192;0.0209	 Sentiment Loss:0.0032	Valence Loss:0.2747	 Arousal Loss:0.4664	
[2025-11-17 18:03:58,504][run_task2&3_trainer_multilingual.py][line:1124][INFO] Epoch:[1/1]	 Batch:[4820/4840.0]	 Loss Sum:0.1412	forward Loss:0.0339;0.0263	 backward Loss:0.0195;0.0454	 Sentiment Loss:0.0012	Valence Loss:0.0192	 Arousal Loss:0.0552	
[2025-11-17 18:03:59,487][run_task2&3_trainer_multilingual.py][line:1124][INFO] Epoch:[1/1]	 Batch:[4830/4840.0]	 Loss Sum:10.5735	forward Loss:0.3684;4.8399	 backward Loss:4.418;0.8878	 Sentiment Loss:0.0338	Valence Loss:0.0763	 Arousal Loss:0.0512	
[2025-11-17 18:04:00,476][run_task2&3_trainer_multilingual.py][line:1124][INFO] Epoch:[1/1]	 Batch:[4840/4840.0]	 Loss Sum:5.3094	forward Loss:2.1971;0.171	 backward Loss:0.0712;2.0357	 Sentiment Loss:0.2966	Valence Loss:1.9875	 Arousal Loss:0.7017	
[2025-11-17 18:04:00,477][run_task2&3_trainer_multilingual.py][line:1136][INFO] dev
[2025-11-17 18:04:29,828][run_task2&3_trainer_multilingual.py][line:470][INFO] Triplet - Precision: 0.7242236020346436	Recall: 0.6842723000679153	F1: 0.7036808518186315
[2025-11-17 18:04:29,828][run_task2&3_trainer_multilingual.py][line:475][INFO] Aspect - Precision: 0.889122806393598	Recall: 0.8503355698991035	F1: 0.8692962406473221
[2025-11-17 18:04:29,828][run_task2&3_trainer_multilingual.py][line:480][INFO] Opinion - Precision: 0.8564875485868364	Recall: 0.797437461380453	F1: 0.8259078729435573
[2025-11-17 18:04:29,828][run_task2&3_trainer_multilingual.py][line:486][INFO] Aspect-Category - Precision: 0.8461538455674609	Recall: 0.8043478255570831	F1: 0.8247208776769003
[2025-11-17 18:04:29,828][run_task2&3_trainer_multilingual.py][line:494][INFO] Aspect-Opinion - Precision: 0.7596273287207284	Recall: 0.7177230042736367	F1: 0.7380803689976135
[2025-11-17 18:04:29,829][run_task2&3_trainer_multilingual.py][line:1142][INFO] Model saved after epoch 1
[2025-11-17 18:04:30,644][run_task2&3_trainer_multilingual.py][line:1153][INFO] loading model......
[2025-11-17 18:04:31,309][run_task2&3_trainer_multilingual.py][line:1156][INFO] inference......
