[2025-11-20 05:01:56,512][_client.py][line:1025][INFO] HTTP Request: HEAD https://huggingface.co/bert-base-chinese/resolve/main/tokenizer_config.json "HTTP/1.1 200 OK"
[2025-11-20 05:01:56,709][_client.py][line:1025][INFO] HTTP Request: GET https://huggingface.co/api/models/bert-base-chinese/tree/main/additional_chat_templates?recursive=false&expand=false "HTTP/1.1 307 Temporary Redirect"
[2025-11-20 05:01:56,912][_client.py][line:1025][INFO] HTTP Request: GET https://huggingface.co/api/models/google-bert/bert-base-chinese/tree/main/additional_chat_templates?recursive=false&expand=false "HTTP/1.1 404 Not Found"
[2025-11-20 05:01:57,289][run_task2&3_trainer_multilingual.py][line:1127][INFO] initial optimizer......
[2025-11-20 05:01:57,290][run_task2&3_trainer_multilingual.py][line:1145][INFO] New model and optimizer from epoch 1
[2025-11-20 05:01:57,290][run_task2&3_trainer_multilingual.py][line:1154][INFO] begin training......
[2025-11-20 05:01:58,534][run_task2&3_trainer_multilingual.py][line:1284][INFO] Epoch:[1/1]	 Batch:[10/4840.0]	 Loss Sum:92.3963	forward Loss:14.9796;16.6487	 backward Loss:18.8431;19.2201	 Sentiment Loss:4.6443	Valence Loss:41.2374	 Arousal Loss:49.0652	
[2025-11-20 05:01:59,564][run_task2&3_trainer_multilingual.py][line:1284][INFO] Epoch:[1/1]	 Batch:[20/4840.0]	 Loss Sum:51.2105	forward Loss:5.9653;6.2802	 backward Loss:5.7073;6.5002	 Sentiment Loss:4.1635	Valence Loss:57.4528	 Arousal Loss:55.5171	
[2025-11-20 05:02:00,595][run_task2&3_trainer_multilingual.py][line:1284][INFO] Epoch:[1/1]	 Batch:[30/4840.0]	 Loss Sum:60.1914	forward Loss:7.7996;9.2354	 backward Loss:9.2414;10.6932	 Sentiment Loss:3.5462	Valence Loss:52.3934	 Arousal Loss:45.9849	
[2025-11-20 05:02:01,630][run_task2&3_trainer_multilingual.py][line:1284][INFO] Epoch:[1/1]	 Batch:[40/4840.0]	 Loss Sum:36.2453	forward Loss:5.1371;6.1697	 backward Loss:4.4117;4.6993	 Sentiment Loss:3.4948	Valence Loss:36.7052	 Arousal Loss:24.9593	
[2025-11-20 05:02:02,660][run_task2&3_trainer_multilingual.py][line:1284][INFO] Epoch:[1/1]	 Batch:[50/4840.0]	 Loss Sum:62.511	forward Loss:11.5434;12.9884	 backward Loss:14.729;11.3962	 Sentiment Loss:3.2416	Valence Loss:14.786	 Arousal Loss:28.2754	
[2025-11-20 05:02:03,692][run_task2&3_trainer_multilingual.py][line:1284][INFO] Epoch:[1/1]	 Batch:[60/4840.0]	 Loss Sum:43.1861	forward Loss:8.8837;8.0468	 backward Loss:9.9225;8.3751	 Sentiment Loss:2.0052	Valence Loss:14.5214	 Arousal Loss:15.2419	
[2025-11-20 05:02:04,725][run_task2&3_trainer_multilingual.py][line:1284][INFO] Epoch:[1/1]	 Batch:[70/4840.0]	 Loss Sum:38.8145	forward Loss:7.1525;6.7342	 backward Loss:7.498;7.5523	 Sentiment Loss:3.6195	Valence Loss:18.148	 Arousal Loss:13.1422	
[2025-11-20 05:02:05,760][run_task2&3_trainer_multilingual.py][line:1284][INFO] Epoch:[1/1]	 Batch:[80/4840.0]	 Loss Sum:29.6907	forward Loss:5.8012;6.9915	 backward Loss:5.1337;5.913	 Sentiment Loss:0.8545	Valence Loss:14.3865	 Arousal Loss:10.5973	
[2025-11-20 05:02:06,791][run_task2&3_trainer_multilingual.py][line:1284][INFO] Epoch:[1/1]	 Batch:[90/4840.0]	 Loss Sum:43.925	forward Loss:9.1553;9.6934	 backward Loss:8.2466;10.0916	 Sentiment Loss:2.9605	Valence Loss:12.6849	 Arousal Loss:6.2034	
[2025-11-20 05:02:07,823][run_task2&3_trainer_multilingual.py][line:1284][INFO] Epoch:[1/1]	 Batch:[100/4840.0]	 Loss Sum:23.7623	forward Loss:5.3166;6.6121	 backward Loss:6.7461;4.6248	 Sentiment Loss:0.3623	Valence Loss:0.108	 Arousal Loss:0.3947	
[2025-11-20 05:02:08,853][run_task2&3_trainer_multilingual.py][line:1284][INFO] Epoch:[1/1]	 Batch:[110/4840.0]	 Loss Sum:24.822	forward Loss:6.2228;6.1479	 backward Loss:5.5937;6.4173	 Sentiment Loss:0.3022	Valence Loss:0.6014	 Arousal Loss:0.089	
[2025-11-20 05:02:09,885][run_task2&3_trainer_multilingual.py][line:1284][INFO] Epoch:[1/1]	 Batch:[120/4840.0]	 Loss Sum:25.9136	forward Loss:5.5424;5.6619	 backward Loss:5.0754;5.3519	 Sentiment Loss:3.6104	Valence Loss:2.3696	 Arousal Loss:0.9883	
[2025-11-20 05:02:10,918][run_task2&3_trainer_multilingual.py][line:1284][INFO] Epoch:[1/1]	 Batch:[130/4840.0]	 Loss Sum:17.8172	forward Loss:3.9162;4.3686	 backward Loss:4.5929;4.582	 Sentiment Loss:0.1773	Valence Loss:0.8285	 Arousal Loss:0.0724	
[2025-11-20 05:02:11,952][run_task2&3_trainer_multilingual.py][line:1284][INFO] Epoch:[1/1]	 Batch:[140/4840.0]	 Loss Sum:33.9142	forward Loss:8.0416;7.4009	 backward Loss:8.3873;9.1778	 Sentiment Loss:0.1771	Valence Loss:3.4577	 Arousal Loss:0.1905	
[2025-11-20 05:02:12,986][run_task2&3_trainer_multilingual.py][line:1284][INFO] Epoch:[1/1]	 Batch:[150/4840.0]	 Loss Sum:25.0829	forward Loss:3.6166;3.2504	 backward Loss:3.8192;6.1108	 Sentiment Loss:6.7987	Valence Loss:7.3825	 Arousal Loss:0.0534	
[2025-11-20 05:02:14,018][run_task2&3_trainer_multilingual.py][line:1284][INFO] Epoch:[1/1]	 Batch:[160/4840.0]	 Loss Sum:26.7887	forward Loss:6.1505;6.1522	 backward Loss:6.5662;7.1237	 Sentiment Loss:0.2927	Valence Loss:2.2954	 Arousal Loss:0.2215	
[2025-11-20 05:02:15,048][run_task2&3_trainer_multilingual.py][line:1284][INFO] Epoch:[1/1]	 Batch:[170/4840.0]	 Loss Sum:12.6167	forward Loss:2.8914;3.3479	 backward Loss:2.0825;3.8999	 Sentiment Loss:0.337	Valence Loss:0.0667	 Arousal Loss:0.2232	
[2025-11-20 05:02:16,080][run_task2&3_trainer_multilingual.py][line:1284][INFO] Epoch:[1/1]	 Batch:[180/4840.0]	 Loss Sum:19.8994	forward Loss:5.429;3.569	 backward Loss:4.11;6.385	 Sentiment Loss:0.3423	Valence Loss:0.2811	 Arousal Loss:0.0393	
[2025-11-20 05:02:17,113][run_task2&3_trainer_multilingual.py][line:1284][INFO] Epoch:[1/1]	 Batch:[190/4840.0]	 Loss Sum:19.9641	forward Loss:2.7213;7.0459	 backward Loss:6.0127;3.859	 Sentiment Loss:0.2979	Valence Loss:0.0344	 Arousal Loss:0.1021	
[2025-11-20 05:02:18,146][run_task2&3_trainer_multilingual.py][line:1284][INFO] Epoch:[1/1]	 Batch:[200/4840.0]	 Loss Sum:22.7442	forward Loss:6.483;4.8937	 backward Loss:5.0848;5.4167	 Sentiment Loss:0.3886	Valence Loss:1.4574	 Arousal Loss:0.9296	
[2025-11-20 05:02:19,179][run_task2&3_trainer_multilingual.py][line:1284][INFO] Epoch:[1/1]	 Batch:[210/4840.0]	 Loss Sum:32.7929	forward Loss:3.4047;12.8796	 backward Loss:11.7602;4.5031	 Sentiment Loss:0.2007	Valence Loss:0.0748	 Arousal Loss:0.1479	
[2025-11-20 05:02:20,210][run_task2&3_trainer_multilingual.py][line:1284][INFO] Epoch:[1/1]	 Batch:[220/4840.0]	 Loss Sum:13.416	forward Loss:2.1944;1.649	 backward Loss:1.5572;3.0183	 Sentiment Loss:2.9393	Valence Loss:10.1708	 Arousal Loss:0.1184	
[2025-11-20 05:02:21,238][run_task2&3_trainer_multilingual.py][line:1284][INFO] Epoch:[1/1]	 Batch:[230/4840.0]	 Loss Sum:12.063	forward Loss:1.1192;2.6217	 backward Loss:3.2814;2.1743	 Sentiment Loss:2.4129	Valence Loss:1.5598	 Arousal Loss:0.7074	
[2025-11-20 05:02:22,275][run_task2&3_trainer_multilingual.py][line:1284][INFO] Epoch:[1/1]	 Batch:[240/4840.0]	 Loss Sum:10.2931	forward Loss:2.0255;1.3802	 backward Loss:2.0171;3.2283	 Sentiment Loss:0.8025	Valence Loss:2.7768	 Arousal Loss:1.4209	
[2025-11-20 05:02:23,303][run_task2&3_trainer_multilingual.py][line:1284][INFO] Epoch:[1/1]	 Batch:[250/4840.0]	 Loss Sum:25.6092	forward Loss:4.5192;7.4564	 backward Loss:5.3238;7.3968	 Sentiment Loss:0.23	Valence Loss:3.3117	 Arousal Loss:0.1038	
[2025-11-20 05:02:24,331][run_task2&3_trainer_multilingual.py][line:1284][INFO] Epoch:[1/1]	 Batch:[260/4840.0]	 Loss Sum:5.0621	forward Loss:0.9266;1.2903	 backward Loss:1.2519;1.34	 Sentiment Loss:0.1416	Valence Loss:0.0589	 Arousal Loss:0.4995	
[2025-11-20 05:02:25,359][run_task2&3_trainer_multilingual.py][line:1284][INFO] Epoch:[1/1]	 Batch:[270/4840.0]	 Loss Sum:14.2782	forward Loss:2.8447;4.3397	 backward Loss:2.6238;3.7527	 Sentiment Loss:0.3302	Valence Loss:1.8168	 Arousal Loss:0.1185	
[2025-11-20 05:02:26,388][run_task2&3_trainer_multilingual.py][line:1284][INFO] Epoch:[1/1]	 Batch:[280/4840.0]	 Loss Sum:4.6836	forward Loss:0.6284;1.2584	 backward Loss:1.3461;1.0552	 Sentiment Loss:0.1572	Valence Loss:1.1501	 Arousal Loss:0.041	
[2025-11-20 05:02:27,417][run_task2&3_trainer_multilingual.py][line:1284][INFO] Epoch:[1/1]	 Batch:[290/4840.0]	 Loss Sum:11.6752	forward Loss:1.8071;3.5853	 backward Loss:1.9776;3.3097	 Sentiment Loss:0.7171	Valence Loss:1.3168	 Arousal Loss:0.0762	
[2025-11-20 05:02:28,446][run_task2&3_trainer_multilingual.py][line:1284][INFO] Epoch:[1/1]	 Batch:[300/4840.0]	 Loss Sum:4.103	forward Loss:0.6549;0.8868	 backward Loss:1.352;0.7585	 Sentiment Loss:0.4163	Valence Loss:0.0801	 Arousal Loss:0.0921	
[2025-11-20 05:02:29,475][run_task2&3_trainer_multilingual.py][line:1284][INFO] Epoch:[1/1]	 Batch:[310/4840.0]	 Loss Sum:26.0004	forward Loss:4.1445;2.2335	 backward Loss:3.3408;5.9754	 Sentiment Loss:9.6269	Valence Loss:2.7214	 Arousal Loss:0.6752	
[2025-11-20 05:02:30,503][run_task2&3_trainer_multilingual.py][line:1284][INFO] Epoch:[1/1]	 Batch:[320/4840.0]	 Loss Sum:10.1859	forward Loss:3.0383;2.3944	 backward Loss:1.9144;2.4926	 Sentiment Loss:0.2361	Valence Loss:0.4628	 Arousal Loss:0.0874	
[2025-11-20 05:02:31,535][run_task2&3_trainer_multilingual.py][line:1284][INFO] Epoch:[1/1]	 Batch:[330/4840.0]	 Loss Sum:5.074	forward Loss:1.1219;1.048	 backward Loss:0.8784;1.6404	 Sentiment Loss:0.1788	Valence Loss:0.5532	 Arousal Loss:0.4792	
[2025-11-20 05:02:32,566][run_task2&3_trainer_multilingual.py][line:1284][INFO] Epoch:[1/1]	 Batch:[340/4840.0]	 Loss Sum:4.6448	forward Loss:0.7167;1.0806	 backward Loss:1.1312;0.7048	 Sentiment Loss:0.5177	Valence Loss:1.2163	 Arousal Loss:1.2527	
[2025-11-20 05:02:33,596][run_task2&3_trainer_multilingual.py][line:1284][INFO] Epoch:[1/1]	 Batch:[350/4840.0]	 Loss Sum:5.213	forward Loss:0.261;3.0333	 backward Loss:1.1716;0.3732	 Sentiment Loss:0.2465	Valence Loss:0.2153	 Arousal Loss:0.4221	
[2025-11-20 05:02:34,628][run_task2&3_trainer_multilingual.py][line:1284][INFO] Epoch:[1/1]	 Batch:[360/4840.0]	 Loss Sum:17.9541	forward Loss:4.8108;2.5588	 backward Loss:2.0514;5.5199	 Sentiment Loss:2.978	Valence Loss:0.0989	 Arousal Loss:0.0773	
[2025-11-20 05:02:35,659][run_task2&3_trainer_multilingual.py][line:1284][INFO] Epoch:[1/1]	 Batch:[370/4840.0]	 Loss Sum:7.0019	forward Loss:2.1785;0.957	 backward Loss:0.7282;2.4021	 Sentiment Loss:0.3574	Valence Loss:1.6802	 Arousal Loss:0.2133	
[2025-11-20 05:02:36,693][run_task2&3_trainer_multilingual.py][line:1284][INFO] Epoch:[1/1]	 Batch:[380/4840.0]	 Loss Sum:9.4799	forward Loss:1.6798;3.1821	 backward Loss:1.867;1.4668	 Sentiment Loss:0.3824	Valence Loss:0.7795	 Arousal Loss:3.7296	
[2025-11-20 05:02:37,728][run_task2&3_trainer_multilingual.py][line:1284][INFO] Epoch:[1/1]	 Batch:[390/4840.0]	 Loss Sum:30.3609	forward Loss:11.1307;2.7422	 backward Loss:6.2473;2.5712	 Sentiment Loss:5.9662	Valence Loss:8.2115	 Arousal Loss:0.3053	
[2025-11-20 05:02:38,761][run_task2&3_trainer_multilingual.py][line:1284][INFO] Epoch:[1/1]	 Batch:[400/4840.0]	 Loss Sum:10.0929	forward Loss:0.4157;5.1272	 backward Loss:3.3203;0.5624	 Sentiment Loss:0.3694	Valence Loss:1.3279	 Arousal Loss:0.1611	
[2025-11-20 05:02:39,794][run_task2&3_trainer_multilingual.py][line:1284][INFO] Epoch:[1/1]	 Batch:[410/4840.0]	 Loss Sum:6.6219	forward Loss:0.4051;2.9386	 backward Loss:2.1465;0.35	 Sentiment Loss:0.2361	Valence Loss:1.7306	 Arousal Loss:0.9968	
[2025-11-20 05:02:40,828][run_task2&3_trainer_multilingual.py][line:1284][INFO] Epoch:[1/1]	 Batch:[420/4840.0]	 Loss Sum:11.8012	forward Loss:3.5547;0.1725	 backward Loss:0.133;3.1081	 Sentiment Loss:4.7629	Valence Loss:0.3069	 Arousal Loss:0.0434	
[2025-11-20 05:02:41,862][run_task2&3_trainer_multilingual.py][line:1284][INFO] Epoch:[1/1]	 Batch:[430/4840.0]	 Loss Sum:4.6484	forward Loss:0.2844;1.0354	 backward Loss:2.2701;0.407	 Sentiment Loss:0.3419	Valence Loss:0.0883	 Arousal Loss:1.4596	
[2025-11-20 05:02:42,895][run_task2&3_trainer_multilingual.py][line:1284][INFO] Epoch:[1/1]	 Batch:[440/4840.0]	 Loss Sum:3.5532	forward Loss:0.7215;0.923	 backward Loss:0.9995;0.5719	 Sentiment Loss:0.2874	Valence Loss:0.1011	 Arousal Loss:0.1487	
[2025-11-20 05:02:43,930][run_task2&3_trainer_multilingual.py][line:1284][INFO] Epoch:[1/1]	 Batch:[450/4840.0]	 Loss Sum:3.3087	forward Loss:0.6187;0.9599	 backward Loss:0.7966;0.6771	 Sentiment Loss:0.1125	Valence Loss:0.1333	 Arousal Loss:0.5866	
[2025-11-20 05:02:44,962][run_task2&3_trainer_multilingual.py][line:1284][INFO] Epoch:[1/1]	 Batch:[460/4840.0]	 Loss Sum:1.7096	forward Loss:0.2966;0.2527	 backward Loss:0.1423;0.7683	 Sentiment Loss:0.1332	Valence Loss:0.2024	 Arousal Loss:0.3798	
[2025-11-20 05:02:45,996][run_task2&3_trainer_multilingual.py][line:1284][INFO] Epoch:[1/1]	 Batch:[470/4840.0]	 Loss Sum:41.5624	forward Loss:12.047;4.1966	 backward Loss:6.7375;16.3015	 Sentiment Loss:2.1574	Valence Loss:0.5177	 Arousal Loss:0.094	
[2025-11-20 05:02:47,029][run_task2&3_trainer_multilingual.py][line:1284][INFO] Epoch:[1/1]	 Batch:[480/4840.0]	 Loss Sum:40.7121	forward Loss:9.3232;8.8271	 backward Loss:7.474;8.2695	 Sentiment Loss:6.4553	Valence Loss:1.4019	 Arousal Loss:0.4135	
[2025-11-20 05:02:48,064][run_task2&3_trainer_multilingual.py][line:1284][INFO] Epoch:[1/1]	 Batch:[490/4840.0]	 Loss Sum:14.8648	forward Loss:2.6303;4.5464	 backward Loss:1.7979;5.4409	 Sentiment Loss:0.2386	Valence Loss:0.7981	 Arousal Loss:0.2558	
[2025-11-20 05:02:49,098][run_task2&3_trainer_multilingual.py][line:1284][INFO] Epoch:[1/1]	 Batch:[500/4840.0]	 Loss Sum:2.7426	forward Loss:0.4247;0.625	 backward Loss:0.8591;0.4508	 Sentiment Loss:0.2619	Valence Loss:0.3432	 Arousal Loss:0.2618	
[2025-11-20 05:02:50,134][run_task2&3_trainer_multilingual.py][line:1284][INFO] Epoch:[1/1]	 Batch:[510/4840.0]	 Loss Sum:9.6431	forward Loss:0.7941;3.8821	 backward Loss:2.2521;2.513	 Sentiment Loss:0.1233	Valence Loss:0.2655	 Arousal Loss:0.1273	
[2025-11-20 05:02:51,167][run_task2&3_trainer_multilingual.py][line:1284][INFO] Epoch:[1/1]	 Batch:[520/4840.0]	 Loss Sum:4.6781	forward Loss:1.2625;0.7895	 backward Loss:0.5754;1.6553	 Sentiment Loss:0.1105	Valence Loss:1.3761	 Arousal Loss:0.0477	
[2025-11-20 05:02:52,202][run_task2&3_trainer_multilingual.py][line:1284][INFO] Epoch:[1/1]	 Batch:[530/4840.0]	 Loss Sum:8.2902	forward Loss:0.1882;1.5945	 backward Loss:1.6688;0.5477	 Sentiment Loss:3.6037	Valence Loss:2.4485	 Arousal Loss:0.9884	
[2025-11-20 05:02:53,236][run_task2&3_trainer_multilingual.py][line:1284][INFO] Epoch:[1/1]	 Batch:[540/4840.0]	 Loss Sum:3.5056	forward Loss:0.3883;1.1955	 backward Loss:0.2959;0.4135	 Sentiment Loss:0.1254	Valence Loss:3.2356	 Arousal Loss:2.1989	
[2025-11-20 05:02:54,270][run_task2&3_trainer_multilingual.py][line:1284][INFO] Epoch:[1/1]	 Batch:[550/4840.0]	 Loss Sum:16.4996	forward Loss:1.3872;5.533	 backward Loss:3.113;6.0969	 Sentiment Loss:0.1955	Valence Loss:0.5702	 Arousal Loss:0.3001	
[2025-11-20 05:02:55,302][run_task2&3_trainer_multilingual.py][line:1284][INFO] Epoch:[1/1]	 Batch:[560/4840.0]	 Loss Sum:13.391	forward Loss:2.9849;3.1695	 backward Loss:1.0191;2.8225	 Sentiment Loss:3.3478	Valence Loss:0.1729	 Arousal Loss:0.0636	
[2025-11-20 05:02:56,335][run_task2&3_trainer_multilingual.py][line:1284][INFO] Epoch:[1/1]	 Batch:[570/4840.0]	 Loss Sum:20.0785	forward Loss:4.955;6.1906	 backward Loss:6.2524;2.2369	 Sentiment Loss:0.3378	Valence Loss:0.0364	 Arousal Loss:0.4921	
[2025-11-20 05:02:57,370][run_task2&3_trainer_multilingual.py][line:1284][INFO] Epoch:[1/1]	 Batch:[580/4840.0]	 Loss Sum:4.6815	forward Loss:1.3092;0.3157	 backward Loss:0.49;0.8203	 Sentiment Loss:1.6816	Valence Loss:0.0856	 Arousal Loss:0.2385	
[2025-11-20 05:02:58,407][run_task2&3_trainer_multilingual.py][line:1284][INFO] Epoch:[1/1]	 Batch:[590/4840.0]	 Loss Sum:19.2882	forward Loss:3.8099;2.8999	 backward Loss:3.2437;8.2961	 Sentiment Loss:0.5168	Valence Loss:1.1158	 Arousal Loss:1.4932	
[2025-11-20 05:02:59,441][run_task2&3_trainer_multilingual.py][line:1284][INFO] Epoch:[1/1]	 Batch:[600/4840.0]	 Loss Sum:9.0155	forward Loss:1.0977;2.8684	 backward Loss:4.0387;0.8304	 Sentiment Loss:0.1321	Valence Loss:0.2071	 Arousal Loss:0.0343	
[2025-11-20 05:03:00,477][run_task2&3_trainer_multilingual.py][line:1284][INFO] Epoch:[1/1]	 Batch:[610/4840.0]	 Loss Sum:3.8852	forward Loss:0.8984;0.8151	 backward Loss:1.2682;0.8349	 Sentiment Loss:0.0328	Valence Loss:0.0826	 Arousal Loss:0.0966	
[2025-11-20 05:03:01,512][run_task2&3_trainer_multilingual.py][line:1284][INFO] Epoch:[1/1]	 Batch:[620/4840.0]	 Loss Sum:14.8589	forward Loss:1.1348;5.1887	 backward Loss:2.0821;1.4996	 Sentiment Loss:4.9194	Valence Loss:0.1339	 Arousal Loss:0.0378	
[2025-11-20 05:03:02,545][run_task2&3_trainer_multilingual.py][line:1284][INFO] Epoch:[1/1]	 Batch:[630/4840.0]	 Loss Sum:12.0834	forward Loss:3.1098;3.2657	 backward Loss:2.6134;2.7273	 Sentiment Loss:0.295	Valence Loss:0.1182	 Arousal Loss:0.2427	
[2025-11-20 05:03:03,581][run_task2&3_trainer_multilingual.py][line:1284][INFO] Epoch:[1/1]	 Batch:[640/4840.0]	 Loss Sum:4.9907	forward Loss:0.2639;2.3442	 backward Loss:1.9764;0.281	 Sentiment Loss:0.0393	Valence Loss:0.4169	 Arousal Loss:0.0128	
[2025-11-20 05:03:04,616][run_task2&3_trainer_multilingual.py][line:1284][INFO] Epoch:[1/1]	 Batch:[650/4840.0]	 Loss Sum:3.3804	forward Loss:0.7729;0.8493	 backward Loss:0.5319;0.8271	 Sentiment Loss:0.2434	Valence Loss:0.1305	 Arousal Loss:0.6485	
[2025-11-20 05:03:05,648][run_task2&3_trainer_multilingual.py][line:1284][INFO] Epoch:[1/1]	 Batch:[660/4840.0]	 Loss Sum:10.7991	forward Loss:1.5183;4.5172	 backward Loss:0.3835;3.7914	 Sentiment Loss:0.5582	Valence Loss:0.0774	 Arousal Loss:0.075	
[2025-11-20 05:03:06,682][run_task2&3_trainer_multilingual.py][line:1284][INFO] Epoch:[1/1]	 Batch:[670/4840.0]	 Loss Sum:12.6269	forward Loss:0.4592;5.8631	 backward Loss:3.5104;2.6026	 Sentiment Loss:0.1045	Valence Loss:0.3832	 Arousal Loss:0.0524	
[2025-11-20 05:03:07,717][run_task2&3_trainer_multilingual.py][line:1284][INFO] Epoch:[1/1]	 Batch:[680/4840.0]	 Loss Sum:13.5878	forward Loss:3.4659;2.9307	 backward Loss:6.1212;0.831	 Sentiment Loss:0.0671	Valence Loss:0.3232	 Arousal Loss:0.5354	
[2025-11-20 05:03:08,751][run_task2&3_trainer_multilingual.py][line:1284][INFO] Epoch:[1/1]	 Batch:[690/4840.0]	 Loss Sum:13.226	forward Loss:2.7627;0.7036	 backward Loss:0.6682;2.0818	 Sentiment Loss:6.9242	Valence Loss:0.3345	 Arousal Loss:0.0939	
[2025-11-20 05:03:09,784][run_task2&3_trainer_multilingual.py][line:1284][INFO] Epoch:[1/1]	 Batch:[700/4840.0]	 Loss Sum:5.844	forward Loss:0.5551;1.5948	 backward Loss:2.582;0.3123	 Sentiment Loss:0.7251	Valence Loss:0.1974	 Arousal Loss:0.176	
[2025-11-20 05:03:10,818][run_task2&3_trainer_multilingual.py][line:1284][INFO] Epoch:[1/1]	 Batch:[710/4840.0]	 Loss Sum:3.7999	forward Loss:0.3399;0.8252	 backward Loss:0.4618;0.8596	 Sentiment Loss:0.6595	Valence Loss:1.4557	 Arousal Loss:1.8132	
[2025-11-20 05:03:11,850][run_task2&3_trainer_multilingual.py][line:1284][INFO] Epoch:[1/1]	 Batch:[720/4840.0]	 Loss Sum:5.0215	forward Loss:0.1607;2.2984	 backward Loss:0.2701;2.2086	 Sentiment Loss:0.0152	Valence Loss:0.078	 Arousal Loss:0.2649	
[2025-11-20 05:03:12,884][run_task2&3_trainer_multilingual.py][line:1284][INFO] Epoch:[1/1]	 Batch:[730/4840.0]	 Loss Sum:6.4697	forward Loss:2.1753;0.7793	 backward Loss:2.0628;1.3398	 Sentiment Loss:0.0158	Valence Loss:0.0932	 Arousal Loss:0.3906	
[2025-11-20 05:03:13,918][run_task2&3_trainer_multilingual.py][line:1284][INFO] Epoch:[1/1]	 Batch:[740/4840.0]	 Loss Sum:15.9455	forward Loss:6.5074;2.0934	 backward Loss:0.8707;6.2991	 Sentiment Loss:0.0202	Valence Loss:0.6448	 Arousal Loss:0.1287	
[2025-11-20 05:03:14,952][run_task2&3_trainer_multilingual.py][line:1284][INFO] Epoch:[1/1]	 Batch:[750/4840.0]	 Loss Sum:10.5111	forward Loss:0.3937;3.7001	 backward Loss:0.4567;1.8227	 Sentiment Loss:4.0836	Valence Loss:0.1526	 Arousal Loss:0.1188	
[2025-11-20 05:03:15,985][run_task2&3_trainer_multilingual.py][line:1284][INFO] Epoch:[1/1]	 Batch:[760/4840.0]	 Loss Sum:8.3759	forward Loss:3.9915;0.3902	 backward Loss:0.1966;3.0006	 Sentiment Loss:0.099	Valence Loss:3.3968	 Arousal Loss:0.0935	
[2025-11-20 05:03:17,021][run_task2&3_trainer_multilingual.py][line:1284][INFO] Epoch:[1/1]	 Batch:[770/4840.0]	 Loss Sum:3.242	forward Loss:0.8565;0.9082	 backward Loss:0.5557;0.8159	 Sentiment Loss:0.0221	Valence Loss:0.2477	 Arousal Loss:0.1706	
[2025-11-20 05:03:18,053][run_task2&3_trainer_multilingual.py][line:1284][INFO] Epoch:[1/1]	 Batch:[780/4840.0]	 Loss Sum:10.2871	forward Loss:0.8283;5.063	 backward Loss:3.2356;0.846	 Sentiment Loss:0.1107	Valence Loss:0.1726	 Arousal Loss:0.8451	
[2025-11-20 05:03:19,088][run_task2&3_trainer_multilingual.py][line:1284][INFO] Epoch:[1/1]	 Batch:[790/4840.0]	 Loss Sum:14.8886	forward Loss:1.824;6.748	 backward Loss:4.6036;1.3156	 Sentiment Loss:0.3834	Valence Loss:0.0526	 Arousal Loss:0.0174	
[2025-11-20 05:03:20,121][run_task2&3_trainer_multilingual.py][line:1284][INFO] Epoch:[1/1]	 Batch:[800/4840.0]	 Loss Sum:1.0056	forward Loss:0.1817;0.2074	 backward Loss:0.149;0.2033	 Sentiment Loss:0.0451	Valence Loss:0.0492	 Arousal Loss:1.0467	
[2025-11-20 05:03:21,157][run_task2&3_trainer_multilingual.py][line:1284][INFO] Epoch:[1/1]	 Batch:[810/4840.0]	 Loss Sum:45.077	forward Loss:13.8202;9.3374	 backward Loss:12.353;9.3302	 Sentiment Loss:0.1237	Valence Loss:0.335	 Arousal Loss:0.2272	
[2025-11-20 05:03:22,191][run_task2&3_trainer_multilingual.py][line:1284][INFO] Epoch:[1/1]	 Batch:[820/4840.0]	 Loss Sum:2.2565	forward Loss:0.0563;1.2246	 backward Loss:0.75;0.1237	 Sentiment Loss:0.0751	Valence Loss:0.0446	 Arousal Loss:0.0893	
[2025-11-20 05:03:23,226][run_task2&3_trainer_multilingual.py][line:1284][INFO] Epoch:[1/1]	 Batch:[830/4840.0]	 Loss Sum:14.2627	forward Loss:4.4944;1.5146	 backward Loss:3.1983;4.8581	 Sentiment Loss:0.0834	Valence Loss:0.4169	 Arousal Loss:0.1527	
[2025-11-20 05:03:24,261][run_task2&3_trainer_multilingual.py][line:1284][INFO] Epoch:[1/1]	 Batch:[840/4840.0]	 Loss Sum:2.3529	forward Loss:0.0616;0.2162	 backward Loss:0.1113;0.1073	 Sentiment Loss:1.79	Valence Loss:0.2324	 Arousal Loss:0.1	
[2025-11-20 05:03:25,297][run_task2&3_trainer_multilingual.py][line:1284][INFO] Epoch:[1/1]	 Batch:[850/4840.0]	 Loss Sum:0.5871	forward Loss:0.1215;0.1336	 backward Loss:0.0546;0.1589	 Sentiment Loss:0.0629	Valence Loss:0.1241	 Arousal Loss:0.1543	
[2025-11-20 05:03:26,329][run_task2&3_trainer_multilingual.py][line:1284][INFO] Epoch:[1/1]	 Batch:[860/4840.0]	 Loss Sum:2.269	forward Loss:0.1232;0.5856	 backward Loss:1.3011;0.1669	 Sentiment Loss:0.052	Valence Loss:0.03	 Arousal Loss:0.1715	
[2025-11-20 05:03:27,365][run_task2&3_trainer_multilingual.py][line:1284][INFO] Epoch:[1/1]	 Batch:[870/4840.0]	 Loss Sum:1.1852	forward Loss:0.1307;0.3525	 backward Loss:0.5354;0.1152	 Sentiment Loss:0.0154	Valence Loss:0.1368	 Arousal Loss:0.0433	
[2025-11-20 05:03:28,400][run_task2&3_trainer_multilingual.py][line:1284][INFO] Epoch:[1/1]	 Batch:[880/4840.0]	 Loss Sum:24.2464	forward Loss:5.7291;7.2543	 backward Loss:5.8499;5.1542	 Sentiment Loss:0.0526	Valence Loss:0.2724	 Arousal Loss:0.7595	
[2025-11-20 05:03:29,435][run_task2&3_trainer_multilingual.py][line:1284][INFO] Epoch:[1/1]	 Batch:[890/4840.0]	 Loss Sum:11.4947	forward Loss:4.472;0.715	 backward Loss:0.5773;4.7609	 Sentiment Loss:0.8024	Valence Loss:0.7953	 Arousal Loss:0.0393	
[2025-11-20 05:03:30,471][run_task2&3_trainer_multilingual.py][line:1284][INFO] Epoch:[1/1]	 Batch:[900/4840.0]	 Loss Sum:2.7199	forward Loss:0.4551;0.2068	 backward Loss:0.1701;0.6724	 Sentiment Loss:1.1561	Valence Loss:0.2007	 Arousal Loss:0.0971	
[2025-11-20 05:03:31,508][run_task2&3_trainer_multilingual.py][line:1284][INFO] Epoch:[1/1]	 Batch:[910/4840.0]	 Loss Sum:9.9159	forward Loss:0.6288;3.3367	 backward Loss:4.8046;0.9387	 Sentiment Loss:0.0285	Valence Loss:0.5214	 Arousal Loss:0.3713	
[2025-11-20 05:03:32,789][run_task2&3_trainer_multilingual.py][line:1284][INFO] Epoch:[1/1]	 Batch:[920/4840.0]	 Loss Sum:8.6365	forward Loss:0.3604;0.9693	 backward Loss:1.2896;0.6064	 Sentiment Loss:5.2886	Valence Loss:0.184	 Arousal Loss:0.4271	
[2025-11-20 05:03:33,825][run_task2&3_trainer_multilingual.py][line:1284][INFO] Epoch:[1/1]	 Batch:[930/4840.0]	 Loss Sum:8.7843	forward Loss:0.7546;2.9603	 backward Loss:3.3932;0.1554	 Sentiment Loss:0.9837	Valence Loss:2.1421	 Arousal Loss:0.5428	
[2025-11-20 05:03:34,858][run_task2&3_trainer_multilingual.py][line:1284][INFO] Epoch:[1/1]	 Batch:[940/4840.0]	 Loss Sum:2.1505	forward Loss:0.2502;0.2678	 backward Loss:0.3501;0.4328	 Sentiment Loss:0.092	Valence Loss:3.7297	 Arousal Loss:0.0587	
[2025-11-20 05:03:35,894][run_task2&3_trainer_multilingual.py][line:1284][INFO] Epoch:[1/1]	 Batch:[950/4840.0]	 Loss Sum:14.8334	forward Loss:3.9857;2.701	 backward Loss:0.8831;6.8866	 Sentiment Loss:0.219	Valence Loss:0.6095	 Arousal Loss:0.1813	
[2025-11-20 05:03:36,928][run_task2&3_trainer_multilingual.py][line:1284][INFO] Epoch:[1/1]	 Batch:[960/4840.0]	 Loss Sum:29.9967	forward Loss:9.0421;6.6545	 backward Loss:11.0404;3.1453	 Sentiment Loss:0.0365	Valence Loss:0.0734	 Arousal Loss:0.3156	
[2025-11-20 05:03:37,965][run_task2&3_trainer_multilingual.py][line:1284][INFO] Epoch:[1/1]	 Batch:[970/4840.0]	 Loss Sum:19.88	forward Loss:3.6779;5.0641	 backward Loss:8.5419;2.3593	 Sentiment Loss:0.1397	Valence Loss:0.1593	 Arousal Loss:0.3257	
[2025-11-20 05:03:38,998][run_task2&3_trainer_multilingual.py][line:1284][INFO] Epoch:[1/1]	 Batch:[980/4840.0]	 Loss Sum:8.3427	forward Loss:1.8979;3.4524	 backward Loss:1.2883;1.3718	 Sentiment Loss:0.2324	Valence Loss:0.345	 Arousal Loss:0.1544	
[2025-11-20 05:03:40,031][run_task2&3_trainer_multilingual.py][line:1284][INFO] Epoch:[1/1]	 Batch:[990/4840.0]	 Loss Sum:11.3066	forward Loss:0.2662;1.2574	 backward Loss:0.3045;0.4155	 Sentiment Loss:9.0382	Valence Loss:0.0729	 Arousal Loss:0.0521	
[2025-11-20 05:03:41,065][run_task2&3_trainer_multilingual.py][line:1284][INFO] Epoch:[1/1]	 Batch:[1000/4840.0]	 Loss Sum:9.9829	forward Loss:0.5292;4.4688	 backward Loss:4.1579;0.6743	 Sentiment Loss:0.0749	Valence Loss:0.3232	 Arousal Loss:0.0659	
[2025-11-20 05:03:42,100][run_task2&3_trainer_multilingual.py][line:1284][INFO] Epoch:[1/1]	 Batch:[1010/4840.0]	 Loss Sum:3.909	forward Loss:0.2272;1.8795	 backward Loss:1.4819;0.141	 Sentiment Loss:0.012	Valence Loss:0.2963	 Arousal Loss:0.5399	
[2025-11-20 05:03:43,131][run_task2&3_trainer_multilingual.py][line:1284][INFO] Epoch:[1/1]	 Batch:[1020/4840.0]	 Loss Sum:3.1383	forward Loss:1.3736;0.3107	 backward Loss:0.1565;0.9001	 Sentiment Loss:0.1281	Valence Loss:0.96	 Arousal Loss:0.3857	
[2025-11-20 05:03:44,168][run_task2&3_trainer_multilingual.py][line:1284][INFO] Epoch:[1/1]	 Batch:[1030/4840.0]	 Loss Sum:12.3716	forward Loss:0.8699;4.0942	 backward Loss:5.6618;1.1312	 Sentiment Loss:0.3698	Valence Loss:0.8867	 Arousal Loss:0.337	
[2025-11-20 05:03:45,201][run_task2&3_trainer_multilingual.py][line:1284][INFO] Epoch:[1/1]	 Batch:[1040/4840.0]	 Loss Sum:31.3053	forward Loss:1.3188;14.0984	 backward Loss:12.3112;3.1895	 Sentiment Loss:0.2472	Valence Loss:0.4902	 Arousal Loss:0.2103	
[2025-11-20 05:03:46,238][run_task2&3_trainer_multilingual.py][line:1284][INFO] Epoch:[1/1]	 Batch:[1050/4840.0]	 Loss Sum:6.1763	forward Loss:1.4561;2.827	 backward Loss:0.4128;1.3744	 Sentiment Loss:0.0359	Valence Loss:0.3202	 Arousal Loss:0.0308	
[2025-11-20 05:03:47,273][run_task2&3_trainer_multilingual.py][line:1284][INFO] Epoch:[1/1]	 Batch:[1060/4840.0]	 Loss Sum:0.8619	forward Loss:0.0453;0.2728	 backward Loss:0.2675;0.0959	 Sentiment Loss:0.0403	Valence Loss:0.4897	 Arousal Loss:0.2114	
[2025-11-20 05:03:48,307][run_task2&3_trainer_multilingual.py][line:1284][INFO] Epoch:[1/1]	 Batch:[1070/4840.0]	 Loss Sum:2.6162	forward Loss:0.2307;0.9739	 backward Loss:1.1267;0.2452	 Sentiment Loss:0.0022	Valence Loss:0.1113	 Arousal Loss:0.0761	
[2025-11-20 05:03:49,340][run_task2&3_trainer_multilingual.py][line:1284][INFO] Epoch:[1/1]	 Batch:[1080/4840.0]	 Loss Sum:1.8524	forward Loss:0.5573;0.2289	 backward Loss:0.147;0.6098	 Sentiment Loss:0.0931	Valence Loss:1.055	 Arousal Loss:0.0263	
[2025-11-20 05:03:50,376][run_task2&3_trainer_multilingual.py][line:1284][INFO] Epoch:[1/1]	 Batch:[1090/4840.0]	 Loss Sum:3.4083	forward Loss:0.1663;1.303	 backward Loss:1.2905;0.4433	 Sentiment Loss:0.0211	Valence Loss:0.1449	 Arousal Loss:0.7753	
[2025-11-20 05:03:51,409][run_task2&3_trainer_multilingual.py][line:1284][INFO] Epoch:[1/1]	 Batch:[1100/4840.0]	 Loss Sum:12.3725	forward Loss:0.2111;9.2993	 backward Loss:2.5287;0.2991	 Sentiment Loss:0.0011	Valence Loss:0.0893	 Arousal Loss:0.0762	
[2025-11-20 05:03:52,443][run_task2&3_trainer_multilingual.py][line:1284][INFO] Epoch:[1/1]	 Batch:[1110/4840.0]	 Loss Sum:9.1934	forward Loss:3.1743;0.5343	 backward Loss:1.0041;3.0211	 Sentiment Loss:0.9278	Valence Loss:1.8214	 Arousal Loss:0.837	
[2025-11-20 05:03:53,476][run_task2&3_trainer_multilingual.py][line:1284][INFO] Epoch:[1/1]	 Batch:[1120/4840.0]	 Loss Sum:3.2019	forward Loss:0.2364;1.2561	 backward Loss:1.2282;0.2592	 Sentiment Loss:0.0061	Valence Loss:0.4228	 Arousal Loss:0.6564	
[2025-11-20 05:03:54,510][run_task2&3_trainer_multilingual.py][line:1284][INFO] Epoch:[1/1]	 Batch:[1130/4840.0]	 Loss Sum:43.2625	forward Loss:5.6558;13.5635	 backward Loss:11.3036;9.5406	 Sentiment Loss:3.0374	Valence Loss:0.7472	 Arousal Loss:0.0607	
[2025-11-20 05:03:55,543][run_task2&3_trainer_multilingual.py][line:1284][INFO] Epoch:[1/1]	 Batch:[1140/4840.0]	 Loss Sum:1.6334	forward Loss:0.5043;0.1995	 backward Loss:0.1062;0.732	 Sentiment Loss:0.0509	Valence Loss:0.1168	 Arousal Loss:0.0857	
[2025-11-20 05:03:56,578][run_task2&3_trainer_multilingual.py][line:1284][INFO] Epoch:[1/1]	 Batch:[1150/4840.0]	 Loss Sum:2.8931	forward Loss:0.8204;0.2225	 backward Loss:0.2899;0.8576	 Sentiment Loss:0.0544	Valence Loss:2.2096	 Arousal Loss:1.0316	
[2025-11-20 05:03:57,610][run_task2&3_trainer_multilingual.py][line:1284][INFO] Epoch:[1/1]	 Batch:[1160/4840.0]	 Loss Sum:3.4958	forward Loss:0.9885;0.4142	 backward Loss:0.417;1.433	 Sentiment Loss:0.1299	Valence Loss:0.5047	 Arousal Loss:0.0611	
[2025-11-20 05:03:58,649][run_task2&3_trainer_multilingual.py][line:1284][INFO] Epoch:[1/1]	 Batch:[1170/4840.0]	 Loss Sum:14.1213	forward Loss:0.2564;5.951	 backward Loss:5.4872;0.9203	 Sentiment Loss:1.3108	Valence Loss:0.2956	 Arousal Loss:0.682	
[2025-11-20 05:03:59,685][run_task2&3_trainer_multilingual.py][line:1284][INFO] Epoch:[1/1]	 Batch:[1180/4840.0]	 Loss Sum:16.2073	forward Loss:4.9651;2.8734	 backward Loss:1.2322;6.2477	 Sentiment Loss:0.7814	Valence Loss:0.2255	 Arousal Loss:0.3117	
[2025-11-20 05:04:00,719][run_task2&3_trainer_multilingual.py][line:1284][INFO] Epoch:[1/1]	 Batch:[1190/4840.0]	 Loss Sum:4.7729	forward Loss:1.9389;0.5162	 backward Loss:0.5759;1.5707	 Sentiment Loss:0.139	Valence Loss:0.046	 Arousal Loss:0.1153	
[2025-11-20 05:04:01,752][run_task2&3_trainer_multilingual.py][line:1284][INFO] Epoch:[1/1]	 Batch:[1200/4840.0]	 Loss Sum:0.9716	forward Loss:0.2301;0.2825	 backward Loss:0.1495;0.0986	 Sentiment Loss:0.1461	Valence Loss:0.042	 Arousal Loss:0.2822	
[2025-11-20 05:04:02,786][run_task2&3_trainer_multilingual.py][line:1284][INFO] Epoch:[1/1]	 Batch:[1210/4840.0]	 Loss Sum:8.2597	forward Loss:0.2438;3.4339	 backward Loss:2.3872;1.9639	 Sentiment Loss:0.0356	Valence Loss:0.8825	 Arousal Loss:0.095	
[2025-11-20 05:04:03,818][run_task2&3_trainer_multilingual.py][line:1284][INFO] Epoch:[1/1]	 Batch:[1220/4840.0]	 Loss Sum:0.7282	forward Loss:0.1695;0.2857	 backward Loss:0.073;0.1247	 Sentiment Loss:0.0018	Valence Loss:0.309	 Arousal Loss:0.0579	
[2025-11-20 05:04:04,866][run_task2&3_trainer_multilingual.py][line:1284][INFO] Epoch:[1/1]	 Batch:[1230/4840.0]	 Loss Sum:13.4772	forward Loss:6.6614;2.0098	 backward Loss:1.4889;3.1657	 Sentiment Loss:0.0678	Valence Loss:0.1953	 Arousal Loss:0.2225	
[2025-11-20 05:04:05,899][run_task2&3_trainer_multilingual.py][line:1284][INFO] Epoch:[1/1]	 Batch:[1240/4840.0]	 Loss Sum:8.1792	forward Loss:0.5463;0.2831	 backward Loss:0.488;3.5113	 Sentiment Loss:3.3277	Valence Loss:0.0487	 Arousal Loss:0.0652	
[2025-11-20 05:04:06,934][run_task2&3_trainer_multilingual.py][line:1284][INFO] Epoch:[1/1]	 Batch:[1250/4840.0]	 Loss Sum:15.7518	forward Loss:0.1627;7.1008	 backward Loss:8.0525;0.1713	 Sentiment Loss:0.2242	Valence Loss:0.1723	 Arousal Loss:0.0294	
[2025-11-20 05:04:07,967][run_task2&3_trainer_multilingual.py][line:1284][INFO] Epoch:[1/1]	 Batch:[1260/4840.0]	 Loss Sum:5.0948	forward Loss:0.1303;2.1217	 backward Loss:0.3535;0.708	 Sentiment Loss:1.7503	Valence Loss:0.1036	 Arousal Loss:0.051	
[2025-11-20 05:04:09,002][run_task2&3_trainer_multilingual.py][line:1284][INFO] Epoch:[1/1]	 Batch:[1270/4840.0]	 Loss Sum:7.0087	forward Loss:1.0434;2.0226	 backward Loss:1.5072;1.2469	 Sentiment Loss:0.5451	Valence Loss:1.2607	 Arousal Loss:1.9564	
[2025-11-20 05:04:10,036][run_task2&3_trainer_multilingual.py][line:1284][INFO] Epoch:[1/1]	 Batch:[1280/4840.0]	 Loss Sum:5.5374	forward Loss:0.2356;1.7425	 backward Loss:1.5651;1.8021	 Sentiment Loss:0.104	Valence Loss:0.3366	 Arousal Loss:0.1036	
[2025-11-20 05:04:11,072][run_task2&3_trainer_multilingual.py][line:1284][INFO] Epoch:[1/1]	 Batch:[1290/4840.0]	 Loss Sum:6.4835	forward Loss:0.0461;2.6494	 backward Loss:1.7315;0.136	 Sentiment Loss:1.6199	Valence Loss:0.1509	 Arousal Loss:1.352	
[2025-11-20 05:04:12,108][run_task2&3_trainer_multilingual.py][line:1284][INFO] Epoch:[1/1]	 Batch:[1300/4840.0]	 Loss Sum:2.0664	forward Loss:0.0493;0.7196	 backward Loss:0.503;0.4697	 Sentiment Loss:0.0312	Valence Loss:0.6009	 Arousal Loss:0.8669	
[2025-11-20 05:04:13,143][run_task2&3_trainer_multilingual.py][line:1284][INFO] Epoch:[1/1]	 Batch:[1310/4840.0]	 Loss Sum:6.2521	forward Loss:0.3073;3.3626	 backward Loss:1.7082;0.7043	 Sentiment Loss:0.1018	Valence Loss:0.2914	 Arousal Loss:0.0482	
[2025-11-20 05:04:14,178][run_task2&3_trainer_multilingual.py][line:1284][INFO] Epoch:[1/1]	 Batch:[1320/4840.0]	 Loss Sum:1.6399	forward Loss:0.0816;0.4973	 backward Loss:0.3618;0.1248	 Sentiment Loss:0.0067	Valence Loss:2.7832	 Arousal Loss:0.0557	
[2025-11-20 05:04:15,212][run_task2&3_trainer_multilingual.py][line:1284][INFO] Epoch:[1/1]	 Batch:[1330/4840.0]	 Loss Sum:4.6577	forward Loss:0.8122;0.823	 backward Loss:0.442;2.3362	 Sentiment Loss:0.0534	Valence Loss:0.5628	 Arousal Loss:0.392	
[2025-11-20 05:04:16,249][run_task2&3_trainer_multilingual.py][line:1284][INFO] Epoch:[1/1]	 Batch:[1340/4840.0]	 Loss Sum:5.8325	forward Loss:2.0969;1.7064	 backward Loss:0.743;1.0046	 Sentiment Loss:0.0766	Valence Loss:0.7629	 Arousal Loss:0.2622	
[2025-11-20 05:04:17,285][run_task2&3_trainer_multilingual.py][line:1284][INFO] Epoch:[1/1]	 Batch:[1350/4840.0]	 Loss Sum:8.7724	forward Loss:2.1208;1.6754	 backward Loss:1.3724;3.4018	 Sentiment Loss:0.0664	Valence Loss:0.6054	 Arousal Loss:0.0728	
[2025-11-20 05:04:18,321][run_task2&3_trainer_multilingual.py][line:1284][INFO] Epoch:[1/1]	 Batch:[1360/4840.0]	 Loss Sum:2.4421	forward Loss:0.8335;0.5947	 backward Loss:0.2184;0.6243	 Sentiment Loss:0.0431	Valence Loss:0.5639	 Arousal Loss:0.0766	
[2025-11-20 05:04:19,356][run_task2&3_trainer_multilingual.py][line:1284][INFO] Epoch:[1/1]	 Batch:[1370/4840.0]	 Loss Sum:6.9201	forward Loss:0.4566;2.6788	 backward Loss:3.2108;0.3336	 Sentiment Loss:0.0051	Valence Loss:0.8619	 Arousal Loss:0.3148	
[2025-11-20 05:04:20,391][run_task2&3_trainer_multilingual.py][line:1284][INFO] Epoch:[1/1]	 Batch:[1380/4840.0]	 Loss Sum:11.9834	forward Loss:0.0514;6.0507	 backward Loss:3.1711;0.0508	 Sentiment Loss:2.2749	Valence Loss:0.6694	 Arousal Loss:1.2531	
[2025-11-20 05:04:21,425][run_task2&3_trainer_multilingual.py][line:1284][INFO] Epoch:[1/1]	 Batch:[1390/4840.0]	 Loss Sum:4.6907	forward Loss:0.5992;1.7033	 backward Loss:1.0266;0.8625	 Sentiment Loss:0.1735	Valence Loss:1.2495	 Arousal Loss:0.3789	
[2025-11-20 05:04:22,458][run_task2&3_trainer_multilingual.py][line:1284][INFO] Epoch:[1/1]	 Batch:[1400/4840.0]	 Loss Sum:0.4073	forward Loss:0.0434;0.1403	 backward Loss:0.1224;0.0553	 Sentiment Loss:0.0038	Valence Loss:0.1221	 Arousal Loss:0.0883	
[2025-11-20 05:04:23,496][run_task2&3_trainer_multilingual.py][line:1284][INFO] Epoch:[1/1]	 Batch:[1410/4840.0]	 Loss Sum:0.553	forward Loss:0.1579;0.1547	 backward Loss:0.0567;0.1402	 Sentiment Loss:0.0121	Valence Loss:0.0871	 Arousal Loss:0.0695	
[2025-11-20 05:04:24,532][run_task2&3_trainer_multilingual.py][line:1284][INFO] Epoch:[1/1]	 Batch:[1420/4840.0]	 Loss Sum:1.769	forward Loss:0.1644;0.1398	 backward Loss:0.0819;0.1658	 Sentiment Loss:1.0892	Valence Loss:0.4247	 Arousal Loss:0.2149	
[2025-11-20 05:04:25,567][run_task2&3_trainer_multilingual.py][line:1284][INFO] Epoch:[1/1]	 Batch:[1430/4840.0]	 Loss Sum:4.3357	forward Loss:0.8262;0.2694	 backward Loss:0.195;1.0293	 Sentiment Loss:1.9388	Valence Loss:0.2882	 Arousal Loss:0.0966	
[2025-11-20 05:04:26,605][run_task2&3_trainer_multilingual.py][line:1284][INFO] Epoch:[1/1]	 Batch:[1440/4840.0]	 Loss Sum:16.6033	forward Loss:4.2021;5.7524	 backward Loss:2.0937;4.3929	 Sentiment Loss:0.0813	Valence Loss:0.2031	 Arousal Loss:0.2007	
[2025-11-20 05:04:27,643][run_task2&3_trainer_multilingual.py][line:1284][INFO] Epoch:[1/1]	 Batch:[1450/4840.0]	 Loss Sum:1.2343	forward Loss:0.1261;0.442	 backward Loss:0.1377;0.1072	 Sentiment Loss:0.0858	Valence Loss:0.3969	 Arousal Loss:1.281	
[2025-11-20 05:04:28,679][run_task2&3_trainer_multilingual.py][line:1284][INFO] Epoch:[1/1]	 Batch:[1460/4840.0]	 Loss Sum:16.7832	forward Loss:6.8678;0.6117	 backward Loss:0.0355;9.1771	 Sentiment Loss:0.016	Valence Loss:0.1176	 Arousal Loss:0.2576	
[2025-11-20 05:04:29,712][run_task2&3_trainer_multilingual.py][line:1284][INFO] Epoch:[1/1]	 Batch:[1470/4840.0]	 Loss Sum:20.2373	forward Loss:2.8621;6.4441	 backward Loss:9.6046;1.2641	 Sentiment Loss:0.0087	Valence Loss:0.1167	 Arousal Loss:0.1522	
[2025-11-20 05:04:30,767][run_task2&3_trainer_multilingual.py][line:1284][INFO] Epoch:[1/1]	 Batch:[1480/4840.0]	 Loss Sum:10.702	forward Loss:0.6097;5.921	 backward Loss:3.2592;0.8177	 Sentiment Loss:0.0039	Valence Loss:0.1522	 Arousal Loss:0.3	
[2025-11-20 05:04:31,803][run_task2&3_trainer_multilingual.py][line:1284][INFO] Epoch:[1/1]	 Batch:[1490/4840.0]	 Loss Sum:5.1049	forward Loss:0.4781;2.8166	 backward Loss:0.5683;0.5702	 Sentiment Loss:0.3937	Valence Loss:0.4867	 Arousal Loss:0.9028	
[2025-11-20 05:04:32,838][run_task2&3_trainer_multilingual.py][line:1284][INFO] Epoch:[1/1]	 Batch:[1500/4840.0]	 Loss Sum:5.4996	forward Loss:0.159;2.5405	 backward Loss:2.0629;0.3336	 Sentiment Loss:0.2136	Valence Loss:0.7654	 Arousal Loss:0.1845	
[2025-11-20 05:04:33,874][run_task2&3_trainer_multilingual.py][line:1284][INFO] Epoch:[1/1]	 Batch:[1510/4840.0]	 Loss Sum:0.8558	forward Loss:0.2196;0.0836	 backward Loss:0.1352;0.1433	 Sentiment Loss:0.0059	Valence Loss:0.4911	 Arousal Loss:0.8495	
[2025-11-20 05:04:34,909][run_task2&3_trainer_multilingual.py][line:1284][INFO] Epoch:[1/1]	 Batch:[1520/4840.0]	 Loss Sum:2.8691	forward Loss:0.647;0.7772	 backward Loss:0.2629;0.78	 Sentiment Loss:0.0683	Valence Loss:1.042	 Arousal Loss:0.6266	
[2025-11-20 05:04:35,945][run_task2&3_trainer_multilingual.py][line:1284][INFO] Epoch:[1/1]	 Batch:[1530/4840.0]	 Loss Sum:2.0159	forward Loss:0.0942;0.2996	 backward Loss:0.4524;0.0291	 Sentiment Loss:0.8012	Valence Loss:0.4981	 Arousal Loss:1.1988	
[2025-11-20 05:04:36,981][run_task2&3_trainer_multilingual.py][line:1284][INFO] Epoch:[1/1]	 Batch:[1540/4840.0]	 Loss Sum:0.3116	forward Loss:0.0425;0.0497	 backward Loss:0.039;0.0927	 Sentiment Loss:0.0071	Valence Loss:0.2714	 Arousal Loss:0.1319	
[2025-11-20 05:04:38,013][run_task2&3_trainer_multilingual.py][line:1284][INFO] Epoch:[1/1]	 Batch:[1550/4840.0]	 Loss Sum:0.7837	forward Loss:0.2596;0.0726	 backward Loss:0.0935;0.1748	 Sentiment Loss:0.0031	Valence Loss:0.6377	 Arousal Loss:0.2625	
[2025-11-20 05:04:39,052][run_task2&3_trainer_multilingual.py][line:1284][INFO] Epoch:[1/1]	 Batch:[1560/4840.0]	 Loss Sum:0.7181	forward Loss:0.1068;0.1394	 backward Loss:0.1105;0.0985	 Sentiment Loss:0.0067	Valence Loss:0.1957	 Arousal Loss:1.0856	
[2025-11-20 05:04:40,088][run_task2&3_trainer_multilingual.py][line:1284][INFO] Epoch:[1/1]	 Batch:[1570/4840.0]	 Loss Sum:17.7055	forward Loss:5.9284;2.3279	 backward Loss:1.7839;7.5944	 Sentiment Loss:0.0569	Valence Loss:0.0399	 Arousal Loss:0.0303	
[2025-11-20 05:04:41,123][run_task2&3_trainer_multilingual.py][line:1284][INFO] Epoch:[1/1]	 Batch:[1580/4840.0]	 Loss Sum:1.458	forward Loss:0.0431;0.6764	 backward Loss:0.5848;0.0442	 Sentiment Loss:0.0016	Valence Loss:0.3254	 Arousal Loss:0.2135	
[2025-11-20 05:04:42,159][run_task2&3_trainer_multilingual.py][line:1284][INFO] Epoch:[1/1]	 Batch:[1590/4840.0]	 Loss Sum:19.5409	forward Loss:6.5247;3.6078	 backward Loss:6.5133;2.6848	 Sentiment Loss:0.0049	Valence Loss:0.5457	 Arousal Loss:0.4815	
[2025-11-20 05:04:43,195][run_task2&3_trainer_multilingual.py][line:1284][INFO] Epoch:[1/1]	 Batch:[1600/4840.0]	 Loss Sum:3.7978	forward Loss:1.083;0.2807	 backward Loss:0.133;1.858	 Sentiment Loss:0.4091	Valence Loss:0.121	 Arousal Loss:0.0488	
[2025-11-20 05:04:44,229][run_task2&3_trainer_multilingual.py][line:1284][INFO] Epoch:[1/1]	 Batch:[1610/4840.0]	 Loss Sum:2.6055	forward Loss:0.5048;0.7535	 backward Loss:0.892;0.3915	 Sentiment Loss:0.0074	Valence Loss:0.0587	 Arousal Loss:0.2226	
[2025-11-20 05:04:45,265][run_task2&3_trainer_multilingual.py][line:1284][INFO] Epoch:[1/1]	 Batch:[1620/4840.0]	 Loss Sum:8.5152	forward Loss:3.4481;0.4134	 backward Loss:0.2797;3.9923	 Sentiment Loss:0.001	Valence Loss:1.4454	 Arousal Loss:0.4584	
[2025-11-20 05:04:46,299][run_task2&3_trainer_multilingual.py][line:1284][INFO] Epoch:[1/1]	 Batch:[1630/4840.0]	 Loss Sum:3.9773	forward Loss:0.2394;0.5572	 backward Loss:0.1764;2.5809	 Sentiment Loss:0.3338	Valence Loss:0.2433	 Arousal Loss:0.2046	
[2025-11-20 05:04:47,337][run_task2&3_trainer_multilingual.py][line:1284][INFO] Epoch:[1/1]	 Batch:[1640/4840.0]	 Loss Sum:6.7421	forward Loss:1.0107;0.4031	 backward Loss:0.2823;1.2965	 Sentiment Loss:3.5695	Valence Loss:0.1172	 Arousal Loss:0.7834	
[2025-11-20 05:04:48,370][run_task2&3_trainer_multilingual.py][line:1284][INFO] Epoch:[1/1]	 Batch:[1650/4840.0]	 Loss Sum:0.5936	forward Loss:0.0226;0.1596	 backward Loss:0.1919;0.0152	 Sentiment Loss:0.0164	Valence Loss:0.12	 Arousal Loss:0.8197	
[2025-11-20 05:04:49,405][run_task2&3_trainer_multilingual.py][line:1284][INFO] Epoch:[1/1]	 Batch:[1660/4840.0]	 Loss Sum:13.3972	forward Loss:5.475;3.0882	 backward Loss:1.8031;2.9833	 Sentiment Loss:0.002	Valence Loss:0.1588	 Arousal Loss:0.0694	
[2025-11-20 05:04:50,440][run_task2&3_trainer_multilingual.py][line:1284][INFO] Epoch:[1/1]	 Batch:[1670/4840.0]	 Loss Sum:1.7943	forward Loss:0.6555;0.0503	 backward Loss:0.0462;0.981	 Sentiment Loss:0.0298	Valence Loss:0.1185	 Arousal Loss:0.0387	
[2025-11-20 05:04:51,477][run_task2&3_trainer_multilingual.py][line:1284][INFO] Epoch:[1/1]	 Batch:[1680/4840.0]	 Loss Sum:1.0189	forward Loss:0.3879;0.1469	 backward Loss:0.059;0.3953	 Sentiment Loss:0.0047	Valence Loss:0.0835	 Arousal Loss:0.0417	
[2025-11-20 05:04:52,509][run_task2&3_trainer_multilingual.py][line:1284][INFO] Epoch:[1/1]	 Batch:[1690/4840.0]	 Loss Sum:4.7978	forward Loss:0.3443;2.1228	 backward Loss:1.7673;0.5243	 Sentiment Loss:0.0012	Valence Loss:0.104	 Arousal Loss:0.0852	
[2025-11-20 05:04:53,544][run_task2&3_trainer_multilingual.py][line:1284][INFO] Epoch:[1/1]	 Batch:[1700/4840.0]	 Loss Sum:0.3716	forward Loss:0.1177;0.0546	 backward Loss:0.0345;0.1149	 Sentiment Loss:0.0006	Valence Loss:0.0555	 Arousal Loss:0.1915	
[2025-11-20 05:04:54,578][run_task2&3_trainer_multilingual.py][line:1284][INFO] Epoch:[1/1]	 Batch:[1710/4840.0]	 Loss Sum:0.3852	forward Loss:0.0832;0.0531	 backward Loss:0.0468;0.0805	 Sentiment Loss:0.001	Valence Loss:0.0635	 Arousal Loss:0.5397	
[2025-11-20 05:04:55,613][run_task2&3_trainer_multilingual.py][line:1284][INFO] Epoch:[1/1]	 Batch:[1720/4840.0]	 Loss Sum:0.7022	forward Loss:0.1591;0.1083	 backward Loss:0.0925;0.1753	 Sentiment Loss:0.0108	Valence Loss:0.1414	 Arousal Loss:0.639	
[2025-11-20 05:04:56,650][run_task2&3_trainer_multilingual.py][line:1284][INFO] Epoch:[1/1]	 Batch:[1730/4840.0]	 Loss Sum:12.4518	forward Loss:0.9782;6.3259	 backward Loss:3.2321;1.8553	 Sentiment Loss:0.0002	Valence Loss:0.1199	 Arousal Loss:0.1808	
[2025-11-20 05:04:57,685][run_task2&3_trainer_multilingual.py][line:1284][INFO] Epoch:[1/1]	 Batch:[1740/4840.0]	 Loss Sum:3.8598	forward Loss:0.084;0.4735	 backward Loss:0.3307;2.8762	 Sentiment Loss:0.0211	Valence Loss:0.2483	 Arousal Loss:0.1231	
[2025-11-20 05:04:58,720][run_task2&3_trainer_multilingual.py][line:1284][INFO] Epoch:[1/1]	 Batch:[1750/4840.0]	 Loss Sum:0.7105	forward Loss:0.1066;0.1885	 backward Loss:0.1049;0.1252	 Sentiment Loss:0.0062	Valence Loss:0.0427	 Arousal Loss:0.8526	
[2025-11-20 05:04:59,756][run_task2&3_trainer_multilingual.py][line:1284][INFO] Epoch:[1/1]	 Batch:[1760/4840.0]	 Loss Sum:9.4554	forward Loss:2.4241;2.8045	 backward Loss:2.1879;1.8936	 Sentiment Loss:0.0392	Valence Loss:0.4926	 Arousal Loss:0.0381	
[2025-11-20 05:05:00,792][run_task2&3_trainer_multilingual.py][line:1284][INFO] Epoch:[1/1]	 Batch:[1770/4840.0]	 Loss Sum:2.1193	forward Loss:0.7477;0.0972	 backward Loss:0.1399;0.4654	 Sentiment Loss:0.6549	Valence Loss:0.0137	 Arousal Loss:0.0573	
[2025-11-20 05:05:01,827][run_task2&3_trainer_multilingual.py][line:1284][INFO] Epoch:[1/1]	 Batch:[1780/4840.0]	 Loss Sum:0.5654	forward Loss:0.1259;0.1769	 backward Loss:0.0821;0.1261	 Sentiment Loss:0.0087	Valence Loss:0.1726	 Arousal Loss:0.0554	
[2025-11-20 05:05:02,860][run_task2&3_trainer_multilingual.py][line:1284][INFO] Epoch:[1/1]	 Batch:[1790/4840.0]	 Loss Sum:0.9921	forward Loss:0.0873;0.3185	 backward Loss:0.2898;0.2196	 Sentiment Loss:0.0243	Valence Loss:0.228	 Arousal Loss:0.0354	
[2025-11-20 05:05:03,893][run_task2&3_trainer_multilingual.py][line:1284][INFO] Epoch:[1/1]	 Batch:[1800/4840.0]	 Loss Sum:0.7318	forward Loss:0.1112;0.1902	 backward Loss:0.1081;0.1274	 Sentiment Loss:0.0056	Valence Loss:0.3075	 Arousal Loss:0.6386	
[2025-11-20 05:05:04,927][run_task2&3_trainer_multilingual.py][line:1284][INFO] Epoch:[1/1]	 Batch:[1810/4840.0]	 Loss Sum:20.1427	forward Loss:0.932;6.1877	 backward Loss:10.8;1.5632	 Sentiment Loss:0.3079	Valence Loss:1.5033	 Arousal Loss:0.2557	
[2025-11-20 05:05:05,963][run_task2&3_trainer_multilingual.py][line:1284][INFO] Epoch:[1/1]	 Batch:[1820/4840.0]	 Loss Sum:37.1891	forward Loss:3.4041;13.5199	 backward Loss:14.2051;5.9732	 Sentiment Loss:0.0207	Valence Loss:0.0902	 Arousal Loss:0.2406	
[2025-11-20 05:05:06,997][run_task2&3_trainer_multilingual.py][line:1284][INFO] Epoch:[1/1]	 Batch:[1830/4840.0]	 Loss Sum:1.0228	forward Loss:0.025;0.7268	 backward Loss:0.2114;0.0299	 Sentiment Loss:0.0035	Valence Loss:0.0543	 Arousal Loss:0.0771	
[2025-11-20 05:05:08,033][run_task2&3_trainer_multilingual.py][line:1284][INFO] Epoch:[1/1]	 Batch:[1840/4840.0]	 Loss Sum:2.5533	forward Loss:0.4339;0.3778	 backward Loss:0.5277;0.5158	 Sentiment Loss:0.5271	Valence Loss:0.6061	 Arousal Loss:0.2488	
[2025-11-20 05:05:09,069][run_task2&3_trainer_multilingual.py][line:1284][INFO] Epoch:[1/1]	 Batch:[1850/4840.0]	 Loss Sum:5.6707	forward Loss:0.1172;2.6479	 backward Loss:2.5549;0.1476	 Sentiment Loss:0.1332	Valence Loss:0.3207	 Arousal Loss:0.0281	
[2025-11-20 05:05:10,105][run_task2&3_trainer_multilingual.py][line:1284][INFO] Epoch:[1/1]	 Batch:[1860/4840.0]	 Loss Sum:0.9524	forward Loss:0.3124;0.0933	 backward Loss:0.2015;0.2506	 Sentiment Loss:0.0579	Valence Loss:0.0957	 Arousal Loss:0.0875	
[2025-11-20 05:05:11,142][run_task2&3_trainer_multilingual.py][line:1284][INFO] Epoch:[1/1]	 Batch:[1870/4840.0]	 Loss Sum:5.7993	forward Loss:0.2062;2.1864	 backward Loss:3.0622;0.2926	 Sentiment Loss:0.0203	Valence Loss:0.0816	 Arousal Loss:0.0763	
[2025-11-20 05:05:12,180][run_task2&3_trainer_multilingual.py][line:1284][INFO] Epoch:[1/1]	 Batch:[1880/4840.0]	 Loss Sum:11.3561	forward Loss:1.4849;3.5779	 backward Loss:3.1242;3.0427	 Sentiment Loss:0.0727	Valence Loss:0.1322	 Arousal Loss:0.1361	
[2025-11-20 05:05:13,214][run_task2&3_trainer_multilingual.py][line:1284][INFO] Epoch:[1/1]	 Batch:[1890/4840.0]	 Loss Sum:0.5402	forward Loss:0.0263;0.113	 backward Loss:0.0602;0.0417	 Sentiment Loss:0.0277	Valence Loss:0.4158	 Arousal Loss:0.9408	
[2025-11-20 05:05:14,250][run_task2&3_trainer_multilingual.py][line:1284][INFO] Epoch:[1/1]	 Batch:[1900/4840.0]	 Loss Sum:3.6895	forward Loss:0.2211;1.4474	 backward Loss:1.8212;0.117	 Sentiment Loss:0.0144	Valence Loss:0.3091	 Arousal Loss:0.0334	
[2025-11-20 05:05:15,284][run_task2&3_trainer_multilingual.py][line:1284][INFO] Epoch:[1/1]	 Batch:[1910/4840.0]	 Loss Sum:0.9424	forward Loss:0.0549;0.3447	 backward Loss:0.4552;0.0257	 Sentiment Loss:0.0064	Valence Loss:0.1492	 Arousal Loss:0.1278	
[2025-11-20 05:05:16,322][run_task2&3_trainer_multilingual.py][line:1284][INFO] Epoch:[1/1]	 Batch:[1920/4840.0]	 Loss Sum:6.5774	forward Loss:2.0342;0.9102	 backward Loss:1.3032;1.8729	 Sentiment Loss:0.0109	Valence Loss:0.7844	 Arousal Loss:1.4457	
[2025-11-20 05:05:17,356][run_task2&3_trainer_multilingual.py][line:1284][INFO] Epoch:[1/1]	 Batch:[1930/4840.0]	 Loss Sum:0.6435	forward Loss:0.0165;0.465	 backward Loss:0.1211;0.0208	 Sentiment Loss:0.0017	Valence Loss:0.0773	 Arousal Loss:0.015	
[2025-11-20 05:05:18,393][run_task2&3_trainer_multilingual.py][line:1284][INFO] Epoch:[1/1]	 Batch:[1940/4840.0]	 Loss Sum:0.5113	forward Loss:0.0801;0.1126	 backward Loss:0.0578;0.08	 Sentiment Loss:0.0056	Valence Loss:0.0253	 Arousal Loss:0.8505	
[2025-11-20 05:05:19,430][run_task2&3_trainer_multilingual.py][line:1284][INFO] Epoch:[1/1]	 Batch:[1950/4840.0]	 Loss Sum:24.0888	forward Loss:0.1342;11.1777	 backward Loss:12.3245;0.26	 Sentiment Loss:0.0027	Valence Loss:0.7754	 Arousal Loss:0.1726	
[2025-11-20 05:05:20,468][run_task2&3_trainer_multilingual.py][line:1284][INFO] Epoch:[1/1]	 Batch:[1960/4840.0]	 Loss Sum:3.0982	forward Loss:0.2532;2.0818	 backward Loss:0.2987;0.3305	 Sentiment Loss:0.0105	Valence Loss:0.0446	 Arousal Loss:0.5732	
[2025-11-20 05:05:21,505][run_task2&3_trainer_multilingual.py][line:1284][INFO] Epoch:[1/1]	 Batch:[1970/4840.0]	 Loss Sum:3.824	forward Loss:0.6488;1.0087	 backward Loss:1.8663;0.2316	 Sentiment Loss:0.0291	Valence Loss:0.1547	 Arousal Loss:0.0426	
[2025-11-20 05:05:22,541][run_task2&3_trainer_multilingual.py][line:1284][INFO] Epoch:[1/1]	 Batch:[1980/4840.0]	 Loss Sum:0.7982	forward Loss:0.0971;0.1504	 backward Loss:0.1188;0.1809	 Sentiment Loss:0.0701	Valence Loss:0.8949	 Arousal Loss:0.01	
[2025-11-20 05:05:23,574][run_task2&3_trainer_multilingual.py][line:1284][INFO] Epoch:[1/1]	 Batch:[1990/4840.0]	 Loss Sum:2.8353	forward Loss:0.1084;0.7588	 backward Loss:0.3926;0.1117	 Sentiment Loss:1.4361	Valence Loss:0.0255	 Arousal Loss:0.1125	
[2025-11-20 05:05:24,608][run_task2&3_trainer_multilingual.py][line:1284][INFO] Epoch:[1/1]	 Batch:[2000/4840.0]	 Loss Sum:18.3551	forward Loss:0.5;9.1212	 backward Loss:8.1729;0.4127	 Sentiment Loss:0.0396	Valence Loss:0.1658	 Arousal Loss:0.3778	
[2025-11-20 05:05:25,641][run_task2&3_trainer_multilingual.py][line:1284][INFO] Epoch:[1/1]	 Batch:[2010/4840.0]	 Loss Sum:4.6573	forward Loss:1.0319;0.7306	 backward Loss:0.1682;2.6191	 Sentiment Loss:0.0293	Valence Loss:0.0231	 Arousal Loss:0.3677	
[2025-11-20 05:05:26,697][run_task2&3_trainer_multilingual.py][line:1284][INFO] Epoch:[1/1]	 Batch:[2020/4840.0]	 Loss Sum:1.9085	forward Loss:0.5569;0.3966	 backward Loss:0.2306;0.4799	 Sentiment Loss:0.1397	Valence Loss:0.2947	 Arousal Loss:0.2288	
[2025-11-20 05:05:27,732][run_task2&3_trainer_multilingual.py][line:1284][INFO] Epoch:[1/1]	 Batch:[2030/4840.0]	 Loss Sum:14.3601	forward Loss:4.7618;0.3403	 backward Loss:0.2983;8.7241	 Sentiment Loss:0.0647	Valence Loss:0.282	 Arousal Loss:0.5725	
[2025-11-20 05:05:28,780][run_task2&3_trainer_multilingual.py][line:1284][INFO] Epoch:[1/1]	 Batch:[2040/4840.0]	 Loss Sum:5.5691	forward Loss:0.8059;2.0546	 backward Loss:0.7791;1.7024	 Sentiment Loss:0.0262	Valence Loss:0.5058	 Arousal Loss:0.4981	
[2025-11-20 05:05:29,816][run_task2&3_trainer_multilingual.py][line:1284][INFO] Epoch:[1/1]	 Batch:[2050/4840.0]	 Loss Sum:5.3276	forward Loss:0.8942;2.5551	 backward Loss:1.1408;0.6914	 Sentiment Loss:0.0063	Valence Loss:0.1213	 Arousal Loss:0.0777	
[2025-11-20 05:05:30,853][run_task2&3_trainer_multilingual.py][line:1284][INFO] Epoch:[1/1]	 Batch:[2060/4840.0]	 Loss Sum:0.9153	forward Loss:0.021;0.6049	 backward Loss:0.1436;0.0276	 Sentiment Loss:0.0021	Valence Loss:0.1574	 Arousal Loss:0.4228	
[2025-11-20 05:05:31,889][run_task2&3_trainer_multilingual.py][line:1284][INFO] Epoch:[1/1]	 Batch:[2070/4840.0]	 Loss Sum:5.9854	forward Loss:0.0482;2.3963	 backward Loss:2.7697;0.0449	 Sentiment Loss:0.2149	Valence Loss:1.9155	 Arousal Loss:0.6417	
[2025-11-20 05:05:32,925][run_task2&3_trainer_multilingual.py][line:1284][INFO] Epoch:[1/1]	 Batch:[2080/4840.0]	 Loss Sum:14.4463	forward Loss:0.7254;6.8932	 backward Loss:4.953;1.4906	 Sentiment Loss:0.3041	Valence Loss:0.3244	 Arousal Loss:0.0754	
[2025-11-20 05:05:33,961][run_task2&3_trainer_multilingual.py][line:1284][INFO] Epoch:[1/1]	 Batch:[2090/4840.0]	 Loss Sum:7.0721	forward Loss:0.3565;1.609	 backward Loss:4.648;0.3953	 Sentiment Loss:0.0016	Valence Loss:0.2229	 Arousal Loss:0.0857	
[2025-11-20 05:05:34,997][run_task2&3_trainer_multilingual.py][line:1284][INFO] Epoch:[1/1]	 Batch:[2100/4840.0]	 Loss Sum:0.9078	forward Loss:0.0923;0.4442	 backward Loss:0.1959;0.0874	 Sentiment Loss:0.0013	Valence Loss:0.2897	 Arousal Loss:0.1434	
[2025-11-20 05:05:36,030][run_task2&3_trainer_multilingual.py][line:1284][INFO] Epoch:[1/1]	 Batch:[2110/4840.0]	 Loss Sum:1.1249	forward Loss:0.2185;0.3152	 backward Loss:0.225;0.1828	 Sentiment Loss:0.0022	Valence Loss:0.1811	 Arousal Loss:0.7247	
[2025-11-20 05:05:37,065][run_task2&3_trainer_multilingual.py][line:1284][INFO] Epoch:[1/1]	 Batch:[2120/4840.0]	 Loss Sum:5.9934	forward Loss:1.6631;0.5927	 backward Loss:0.4301;3.2707	 Sentiment Loss:0.0004	Valence Loss:0.1337	 Arousal Loss:0.0481	
[2025-11-20 05:05:38,099][run_task2&3_trainer_multilingual.py][line:1284][INFO] Epoch:[1/1]	 Batch:[2130/4840.0]	 Loss Sum:7.6594	forward Loss:2.8041;0.673	 backward Loss:2.3212;1.7709	 Sentiment Loss:0.0062	Valence Loss:0.3524	 Arousal Loss:0.0679	
[2025-11-20 05:05:39,133][run_task2&3_trainer_multilingual.py][line:1284][INFO] Epoch:[1/1]	 Batch:[2140/4840.0]	 Loss Sum:5.3017	forward Loss:0.2457;0.3484	 backward Loss:0.2512;0.2797	 Sentiment Loss:4.0055	Valence Loss:0.078	 Arousal Loss:0.7778	
[2025-11-20 05:05:40,168][run_task2&3_trainer_multilingual.py][line:1284][INFO] Epoch:[1/1]	 Batch:[2150/4840.0]	 Loss Sum:17.838	forward Loss:2.8942;7.1397	 backward Loss:5.7006;2.0193	 Sentiment Loss:0.0351	Valence Loss:0.0657	 Arousal Loss:0.1799	
[2025-11-20 05:05:41,202][run_task2&3_trainer_multilingual.py][line:1284][INFO] Epoch:[1/1]	 Batch:[2160/4840.0]	 Loss Sum:2.9608	forward Loss:1.1305;0.2728	 backward Loss:0.3734;0.9679	 Sentiment Loss:0.004	Valence Loss:0.8707	 Arousal Loss:0.1901	
[2025-11-20 05:05:42,236][run_task2&3_trainer_multilingual.py][line:1284][INFO] Epoch:[1/1]	 Batch:[2170/4840.0]	 Loss Sum:8.4435	forward Loss:1.5795;3.6679	 backward Loss:1.3199;1.3779	 Sentiment Loss:0.0152	Valence Loss:1.9544	 Arousal Loss:0.461	
[2025-11-20 05:05:43,272][run_task2&3_trainer_multilingual.py][line:1284][INFO] Epoch:[1/1]	 Batch:[2180/4840.0]	 Loss Sum:2.8342	forward Loss:0.3043;0.5176	 backward Loss:1.814;0.0952	 Sentiment Loss:0.0007	Valence Loss:0.4265	 Arousal Loss:0.0859	
[2025-11-20 05:05:44,306][run_task2&3_trainer_multilingual.py][line:1284][INFO] Epoch:[1/1]	 Batch:[2190/4840.0]	 Loss Sum:0.8108	forward Loss:0.1476;0.1177	 backward Loss:0.1275;0.2495	 Sentiment Loss:0.0025	Valence Loss:0.3807	 Arousal Loss:0.4489	
[2025-11-20 05:05:45,344][run_task2&3_trainer_multilingual.py][line:1284][INFO] Epoch:[1/1]	 Batch:[2200/4840.0]	 Loss Sum:0.634	forward Loss:0.199;0.1971	 backward Loss:0.08;0.1271	 Sentiment Loss:0.0059	Valence Loss:0.06	 Arousal Loss:0.0645	
[2025-11-20 05:05:46,379][run_task2&3_trainer_multilingual.py][line:1284][INFO] Epoch:[1/1]	 Batch:[2210/4840.0]	 Loss Sum:7.7283	forward Loss:0.5345;3.0378	 backward Loss:0.7163;3.4041	 Sentiment Loss:0.0077	Valence Loss:0.0582	 Arousal Loss:0.0819	
[2025-11-20 05:05:47,414][run_task2&3_trainer_multilingual.py][line:1284][INFO] Epoch:[1/1]	 Batch:[2220/4840.0]	 Loss Sum:12.1676	forward Loss:7.3584;1.54	 backward Loss:0.2309;2.7267	 Sentiment Loss:0.1781	Valence Loss:0.6579	 Arousal Loss:0.0097	
[2025-11-20 05:05:48,449][run_task2&3_trainer_multilingual.py][line:1284][INFO] Epoch:[1/1]	 Batch:[2230/4840.0]	 Loss Sum:19.6423	forward Loss:8.4617;0.1083	 backward Loss:0.1205;10.832	 Sentiment Loss:0.0079	Valence Loss:0.341	 Arousal Loss:0.2189	
[2025-11-20 05:05:49,483][run_task2&3_trainer_multilingual.py][line:1284][INFO] Epoch:[1/1]	 Batch:[2240/4840.0]	 Loss Sum:63.3637	forward Loss:24.4732;8.4439	 backward Loss:21.3578;8.3284	 Sentiment Loss:0.1197	Valence Loss:1.4068	 Arousal Loss:1.7968	
[2025-11-20 05:05:50,518][run_task2&3_trainer_multilingual.py][line:1284][INFO] Epoch:[1/1]	 Batch:[2250/4840.0]	 Loss Sum:24.4547	forward Loss:9.4212;2.0528	 backward Loss:1.4198;10.3968	 Sentiment Loss:0.0729	Valence Loss:2.1194	 Arousal Loss:3.3363	
[2025-11-20 05:05:51,553][run_task2&3_trainer_multilingual.py][line:1284][INFO] Epoch:[1/1]	 Batch:[2260/4840.0]	 Loss Sum:5.16	forward Loss:0.1147;2.2079	 backward Loss:2.5475;0.0582	 Sentiment Loss:0.001	Valence Loss:0.6205	 Arousal Loss:0.533	
[2025-11-20 05:05:52,578][run_task2&3_trainer_multilingual.py][line:1284][INFO] Epoch:[1/1]	 Batch:[2270/4840.0]	 Loss Sum:1.5264	forward Loss:0.0898;0.6215	 backward Loss:0.6108;0.0585	 Sentiment Loss:0.0172	Valence Loss:0.1074	 Arousal Loss:0.5351	
[2025-11-20 05:05:53,605][run_task2&3_trainer_multilingual.py][line:1284][INFO] Epoch:[1/1]	 Batch:[2280/4840.0]	 Loss Sum:24.9335	forward Loss:6.4514;5.8198	 backward Loss:6.3309;5.7637	 Sentiment Loss:0.3196	Valence Loss:0.9674	 Arousal Loss:0.2724	
[2025-11-20 05:05:54,632][run_task2&3_trainer_multilingual.py][line:1284][INFO] Epoch:[1/1]	 Batch:[2290/4840.0]	 Loss Sum:1.0382	forward Loss:0.17;0.2515	 backward Loss:0.2167;0.1946	 Sentiment Loss:0.1259	Valence Loss:0.1146	 Arousal Loss:0.2828	
[2025-11-20 05:05:55,659][run_task2&3_trainer_multilingual.py][line:1284][INFO] Epoch:[1/1]	 Batch:[2300/4840.0]	 Loss Sum:2.3519	forward Loss:0.631;0.4134	 backward Loss:0.2458;0.8732	 Sentiment Loss:0.0046	Valence Loss:0.7616	 Arousal Loss:0.158	
[2025-11-20 05:05:56,684][run_task2&3_trainer_multilingual.py][line:1284][INFO] Epoch:[1/1]	 Batch:[2310/4840.0]	 Loss Sum:3.0716	forward Loss:0.1335;0.0843	 backward Loss:0.0542;0.1017	 Sentiment Loss:2.587	Valence Loss:0.3331	 Arousal Loss:0.2212	
[2025-11-20 05:05:57,710][run_task2&3_trainer_multilingual.py][line:1284][INFO] Epoch:[1/1]	 Batch:[2320/4840.0]	 Loss Sum:1.1768	forward Loss:0.343;0.1028	 backward Loss:0.0981;0.3134	 Sentiment Loss:0.0017	Valence Loss:1.3199	 Arousal Loss:0.27	
[2025-11-20 05:05:58,737][run_task2&3_trainer_multilingual.py][line:1284][INFO] Epoch:[1/1]	 Batch:[2330/4840.0]	 Loss Sum:8.7916	forward Loss:0.2694;2.2831	 backward Loss:2.7935;0.5695	 Sentiment Loss:2.5849	Valence Loss:1.2477	 Arousal Loss:0.208	
[2025-11-20 05:05:59,762][run_task2&3_trainer_multilingual.py][line:1284][INFO] Epoch:[1/1]	 Batch:[2340/4840.0]	 Loss Sum:4.5107	forward Loss:1.9204;0.3161	 backward Loss:0.3718;1.2458	 Sentiment Loss:0.0064	Valence Loss:1.685	 Arousal Loss:1.5658	
[2025-11-20 05:06:00,789][run_task2&3_trainer_multilingual.py][line:1284][INFO] Epoch:[1/1]	 Batch:[2350/4840.0]	 Loss Sum:42.3816	forward Loss:19.4946;1.7883	 backward Loss:2.9713;16.1712	 Sentiment Loss:1.4438	Valence Loss:2.2353	 Arousal Loss:0.3267	
[2025-11-20 05:06:01,815][run_task2&3_trainer_multilingual.py][line:1284][INFO] Epoch:[1/1]	 Batch:[2360/4840.0]	 Loss Sum:2.3995	forward Loss:0.1694;1.0339	 backward Loss:0.6319;0.3217	 Sentiment Loss:0.0436	Valence Loss:0.1085	 Arousal Loss:0.8861	
[2025-11-20 05:06:02,842][run_task2&3_trainer_multilingual.py][line:1284][INFO] Epoch:[1/1]	 Batch:[2370/4840.0]	 Loss Sum:21.1139	forward Loss:0.5991;5.484	 backward Loss:14.4212;0.2254	 Sentiment Loss:0.0965	Valence Loss:1.3085	 Arousal Loss:0.1301	
[2025-11-20 05:06:03,867][run_task2&3_trainer_multilingual.py][line:1284][INFO] Epoch:[1/1]	 Batch:[2380/4840.0]	 Loss Sum:1.4776	forward Loss:0.3993;0.0771	 backward Loss:0.1891;0.6288	 Sentiment Loss:0.0014	Valence Loss:0.2657	 Arousal Loss:0.6435	
[2025-11-20 05:06:04,893][run_task2&3_trainer_multilingual.py][line:1284][INFO] Epoch:[1/1]	 Batch:[2390/4840.0]	 Loss Sum:1.0378	forward Loss:0.6493;0.0869	 backward Loss:0.087;0.1709	 Sentiment Loss:0.0003	Valence Loss:0.1285	 Arousal Loss:0.0885	
[2025-11-20 05:06:05,919][run_task2&3_trainer_multilingual.py][line:1284][INFO] Epoch:[1/1]	 Batch:[2400/4840.0]	 Loss Sum:9.8536	forward Loss:0.2566;5.4954	 backward Loss:3.6313;0.4273	 Sentiment Loss:0.0151	Valence Loss:0.1021	 Arousal Loss:0.0374	
[2025-11-20 05:06:06,945][run_task2&3_trainer_multilingual.py][line:1284][INFO] Epoch:[1/1]	 Batch:[2410/4840.0]	 Loss Sum:4.4263	forward Loss:0.6527;0.8289	 backward Loss:0.9788;0.4058	 Sentiment Loss:1.243	Valence Loss:1.2159	 Arousal Loss:0.3692	
[2025-11-20 05:06:07,970][run_task2&3_trainer_multilingual.py][line:1284][INFO] Epoch:[1/1]	 Batch:[2420/4840.0]	 Loss Sum:5.2385	forward Loss:0.8183;1.4824	 backward Loss:2.373;0.399	 Sentiment Loss:0.0104	Valence Loss:0.4383	 Arousal Loss:0.3386	
[2025-11-20 05:06:08,995][run_task2&3_trainer_multilingual.py][line:1284][INFO] Epoch:[1/1]	 Batch:[2430/4840.0]	 Loss Sum:9.8527	forward Loss:1.7469;3.1874	 backward Loss:3.0127;1.4395	 Sentiment Loss:0.3842	Valence Loss:0.0431	 Arousal Loss:0.3664	
[2025-11-20 05:06:10,020][run_task2&3_trainer_multilingual.py][line:1284][INFO] Epoch:[1/1]	 Batch:[2440/4840.0]	 Loss Sum:14.0629	forward Loss:3.5014;3.1082	 backward Loss:2.5877;4.569	 Sentiment Loss:0.051	Valence Loss:0.4682	 Arousal Loss:0.76	
[2025-11-20 05:06:11,047][run_task2&3_trainer_multilingual.py][line:1284][INFO] Epoch:[1/1]	 Batch:[2450/4840.0]	 Loss Sum:3.4067	forward Loss:0.3452;1.598	 backward Loss:0.53;0.4433	 Sentiment Loss:0.3218	Valence Loss:0.0792	 Arousal Loss:0.7626	
[2025-11-20 05:06:12,070][run_task2&3_trainer_multilingual.py][line:1284][INFO] Epoch:[1/1]	 Batch:[2460/4840.0]	 Loss Sum:0.664	forward Loss:0.0397;0.1577	 backward Loss:0.022;0.0656	 Sentiment Loss:0.2577	Valence Loss:0.2106	 Arousal Loss:0.3958	
[2025-11-20 05:06:13,096][run_task2&3_trainer_multilingual.py][line:1284][INFO] Epoch:[1/1]	 Batch:[2470/4840.0]	 Loss Sum:9.0338	forward Loss:2.8844;2.0436	 backward Loss:2.4674;1.385	 Sentiment Loss:0.1332	Valence Loss:0.1325	 Arousal Loss:0.4682	
[2025-11-20 05:06:14,122][run_task2&3_trainer_multilingual.py][line:1284][INFO] Epoch:[1/1]	 Batch:[2480/4840.0]	 Loss Sum:0.4485	forward Loss:0.1078;0.0974	 backward Loss:0.0858;0.0729	 Sentiment Loss:0.0009	Valence Loss:0.3379	 Arousal Loss:0.0804	
[2025-11-20 05:06:15,153][run_task2&3_trainer_multilingual.py][line:1284][INFO] Epoch:[1/1]	 Batch:[2490/4840.0]	 Loss Sum:0.6533	forward Loss:0.0272;0.5056	 backward Loss:0.0743;0.0259	 Sentiment Loss:0.0022	Valence Loss:0.0639	 Arousal Loss:0.0265	
[2025-11-20 05:06:16,177][run_task2&3_trainer_multilingual.py][line:1284][INFO] Epoch:[1/1]	 Batch:[2500/4840.0]	 Loss Sum:13.2626	forward Loss:0.4721;4.1007	 backward Loss:7.6982;0.6494	 Sentiment Loss:0.0392	Valence Loss:0.107	 Arousal Loss:1.4081	
[2025-11-20 05:06:17,204][run_task2&3_trainer_multilingual.py][line:1284][INFO] Epoch:[1/1]	 Batch:[2510/4840.0]	 Loss Sum:0.731	forward Loss:0.0987;0.1071	 backward Loss:0.0963;0.1364	 Sentiment Loss:0.1635	Valence Loss:0.4661	 Arousal Loss:0.1784	
[2025-11-20 05:06:18,228][run_task2&3_trainer_multilingual.py][line:1284][INFO] Epoch:[1/1]	 Batch:[2520/4840.0]	 Loss Sum:12.3492	forward Loss:0.6111;5.9035	 backward Loss:5.0535;0.5661	 Sentiment Loss:0.0219	Valence Loss:0.059	 Arousal Loss:0.9068	
[2025-11-20 05:06:19,254][run_task2&3_trainer_multilingual.py][line:1284][INFO] Epoch:[1/1]	 Batch:[2530/4840.0]	 Loss Sum:15.9833	forward Loss:0.0913;10.1041	 backward Loss:5.2253;0.1568	 Sentiment Loss:0.0024	Valence Loss:0.8753	 Arousal Loss:1.1409	
[2025-11-20 05:06:20,278][run_task2&3_trainer_multilingual.py][line:1284][INFO] Epoch:[1/1]	 Batch:[2540/4840.0]	 Loss Sum:3.3878	forward Loss:0.0465;2.1865	 backward Loss:0.8472;0.1215	 Sentiment Loss:0.0578	Valence Loss:0.454	 Arousal Loss:0.1872	
[2025-11-20 05:06:21,306][run_task2&3_trainer_multilingual.py][line:1284][INFO] Epoch:[1/1]	 Batch:[2550/4840.0]	 Loss Sum:6.1514	forward Loss:0.9151;2.2866	 backward Loss:1.2974;1.5452	 Sentiment Loss:0.0878	Valence Loss:0.0614	 Arousal Loss:0.0351	
[2025-11-20 05:06:22,330][run_task2&3_trainer_multilingual.py][line:1284][INFO] Epoch:[1/1]	 Batch:[2560/4840.0]	 Loss Sum:0.2839	forward Loss:0.0157;0.1003	 backward Loss:0.078;0.0362	 Sentiment Loss:0.0013	Valence Loss:0.1094	 Arousal Loss:0.1526	
[2025-11-20 05:06:23,357][run_task2&3_trainer_multilingual.py][line:1284][INFO] Epoch:[1/1]	 Batch:[2570/4840.0]	 Loss Sum:18.2335	forward Loss:7.6147;0.7791	 backward Loss:0.5537;7.3934	 Sentiment Loss:1.633	Valence Loss:0.2457	 Arousal Loss:1.052	
[2025-11-20 05:06:24,380][run_task2&3_trainer_multilingual.py][line:1284][INFO] Epoch:[1/1]	 Batch:[2580/4840.0]	 Loss Sum:1.4008	forward Loss:0.2554;0.4824	 backward Loss:0.32;0.2009	 Sentiment Loss:0.0703	Valence Loss:0.1175	 Arousal Loss:0.2417	
[2025-11-20 05:06:25,408][run_task2&3_trainer_multilingual.py][line:1284][INFO] Epoch:[1/1]	 Batch:[2590/4840.0]	 Loss Sum:0.6817	forward Loss:0.1905;0.1634	 backward Loss:0.1012;0.1517	 Sentiment Loss:0.009	Valence Loss:0.0863	 Arousal Loss:0.2424	
[2025-11-20 05:06:26,434][run_task2&3_trainer_multilingual.py][line:1284][INFO] Epoch:[1/1]	 Batch:[2600/4840.0]	 Loss Sum:29.4873	forward Loss:4.1578;11.1133	 backward Loss:11.471;2.1247	 Sentiment Loss:0.6004	Valence Loss:0.0943	 Arousal Loss:0.0067	
[2025-11-20 05:06:27,460][run_task2&3_trainer_multilingual.py][line:1284][INFO] Epoch:[1/1]	 Batch:[2610/4840.0]	 Loss Sum:0.4481	forward Loss:0.0585;0.1078	 backward Loss:0.1857;0.0483	 Sentiment Loss:0.0122	Valence Loss:0.1377	 Arousal Loss:0.0406	
[2025-11-20 05:06:28,485][run_task2&3_trainer_multilingual.py][line:1284][INFO] Epoch:[1/1]	 Batch:[2620/4840.0]	 Loss Sum:0.9169	forward Loss:0.1131;0.1755	 backward Loss:0.1096;0.1122	 Sentiment Loss:0.0919	Valence Loss:1.4966	 Arousal Loss:0.0765	
[2025-11-20 05:06:29,511][run_task2&3_trainer_multilingual.py][line:1284][INFO] Epoch:[1/1]	 Batch:[2630/4840.0]	 Loss Sum:19.2104	forward Loss:4.1867;4.8912	 backward Loss:1.0284;8.9461	 Sentiment Loss:0.0091	Valence Loss:0.5299	 Arousal Loss:0.2146	
[2025-11-20 05:06:30,536][run_task2&3_trainer_multilingual.py][line:1284][INFO] Epoch:[1/1]	 Batch:[2640/4840.0]	 Loss Sum:0.5195	forward Loss:0.1071;0.133	 backward Loss:0.0861;0.1051	 Sentiment Loss:0.0158	Valence Loss:0.1429	 Arousal Loss:0.2195	
[2025-11-20 05:06:31,563][run_task2&3_trainer_multilingual.py][line:1284][INFO] Epoch:[1/1]	 Batch:[2650/4840.0]	 Loss Sum:3.0992	forward Loss:0.586;1.1191	 backward Loss:0.7753;0.5733	 Sentiment Loss:0.0039	Valence Loss:0.1457	 Arousal Loss:0.062	
[2025-11-20 05:06:32,588][run_task2&3_trainer_multilingual.py][line:1284][INFO] Epoch:[1/1]	 Batch:[2660/4840.0]	 Loss Sum:11.436	forward Loss:5.3501;1.0515	 backward Loss:0.7325;4.2784	 Sentiment Loss:0.0036	Valence Loss:0.0435	 Arousal Loss:0.0557	
[2025-11-20 05:06:33,615][run_task2&3_trainer_multilingual.py][line:1284][INFO] Epoch:[1/1]	 Batch:[2670/4840.0]	 Loss Sum:0.7398	forward Loss:0.1536;0.1483	 backward Loss:0.1317;0.14	 Sentiment Loss:0.1061	Valence Loss:0.2685	 Arousal Loss:0.0322	
[2025-11-20 05:06:34,641][run_task2&3_trainer_multilingual.py][line:1284][INFO] Epoch:[1/1]	 Batch:[2680/4840.0]	 Loss Sum:3.4942	forward Loss:0.1112;1.4403	 backward Loss:1.7134;0.1055	 Sentiment Loss:0.0336	Valence Loss:0.3812	 Arousal Loss:0.0703	
[2025-11-20 05:06:35,666][run_task2&3_trainer_multilingual.py][line:1284][INFO] Epoch:[1/1]	 Batch:[2690/4840.0]	 Loss Sum:15.9709	forward Loss:0.1431;7.9692	 backward Loss:6.6398;0.1688	 Sentiment Loss:0.7888	Valence Loss:0.6262	 Arousal Loss:0.6802	
[2025-11-20 05:06:36,692][run_task2&3_trainer_multilingual.py][line:1284][INFO] Epoch:[1/1]	 Batch:[2700/4840.0]	 Loss Sum:7.5057	forward Loss:3.0841;1.1951	 backward Loss:2.1137;1.0572	 Sentiment Loss:0.0076	Valence Loss:0.2085	 Arousal Loss:0.0314	
[2025-11-20 05:06:37,717][run_task2&3_trainer_multilingual.py][line:1284][INFO] Epoch:[1/1]	 Batch:[2710/4840.0]	 Loss Sum:0.4326	forward Loss:0.0376;0.1751	 backward Loss:0.0946;0.0553	 Sentiment Loss:0.0008	Valence Loss:0.1537	 Arousal Loss:0.1917	
[2025-11-20 05:06:38,744][run_task2&3_trainer_multilingual.py][line:1284][INFO] Epoch:[1/1]	 Batch:[2720/4840.0]	 Loss Sum:10.2541	forward Loss:1.1371;2.8646	 backward Loss:4.783;1.4097	 Sentiment Loss:0.0271	Valence Loss:0.046	 Arousal Loss:0.117	
[2025-11-20 05:06:39,769][run_task2&3_trainer_multilingual.py][line:1284][INFO] Epoch:[1/1]	 Batch:[2730/4840.0]	 Loss Sum:5.5715	forward Loss:0.1689;2.5875	 backward Loss:2.3872;0.1462	 Sentiment Loss:0.0009	Valence Loss:0.4341	 Arousal Loss:0.9702	
[2025-11-20 05:06:40,795][run_task2&3_trainer_multilingual.py][line:1284][INFO] Epoch:[1/1]	 Batch:[2740/4840.0]	 Loss Sum:0.4775	forward Loss:0.0907;0.0804	 backward Loss:0.0666;0.0848	 Sentiment Loss:0.0016	Valence Loss:0.2289	 Arousal Loss:0.5378	
[2025-11-20 05:06:41,821][run_task2&3_trainer_multilingual.py][line:1284][INFO] Epoch:[1/1]	 Batch:[2750/4840.0]	 Loss Sum:4.0286	forward Loss:0.3611;0.1094	 backward Loss:0.153;0.3704	 Sentiment Loss:2.5947	Valence Loss:1.9097	 Arousal Loss:0.2903	
[2025-11-20 05:06:42,848][run_task2&3_trainer_multilingual.py][line:1284][INFO] Epoch:[1/1]	 Batch:[2760/4840.0]	 Loss Sum:0.5206	forward Loss:0.1796;0.1064	 backward Loss:0.0457;0.0623	 Sentiment Loss:0.031	Valence Loss:0.0483	 Arousal Loss:0.4301	
[2025-11-20 05:06:43,873][run_task2&3_trainer_multilingual.py][line:1284][INFO] Epoch:[1/1]	 Batch:[2770/4840.0]	 Loss Sum:0.8081	forward Loss:0.06;0.2002	 backward Loss:0.4657;0.0509	 Sentiment Loss:0.0078	Valence Loss:0.0554	 Arousal Loss:0.0622	
[2025-11-20 05:06:44,898][run_task2&3_trainer_multilingual.py][line:1284][INFO] Epoch:[1/1]	 Batch:[2780/4840.0]	 Loss Sum:2.5317	forward Loss:0.3324;0.6955	 backward Loss:0.4374;0.5859	 Sentiment Loss:0.005	Valence Loss:1.2408	 Arousal Loss:1.1365	
[2025-11-20 05:06:45,923][run_task2&3_trainer_multilingual.py][line:1284][INFO] Epoch:[1/1]	 Batch:[2790/4840.0]	 Loss Sum:0.1884	forward Loss:0.018;0.0518	 backward Loss:0.0389;0.019	 Sentiment Loss:0.0005	Valence Loss:0.217	 Arousal Loss:0.0839	
[2025-11-20 05:06:46,949][run_task2&3_trainer_multilingual.py][line:1284][INFO] Epoch:[1/1]	 Batch:[2800/4840.0]	 Loss Sum:3.3985	forward Loss:0.1056;2.1066	 backward Loss:0.8836;0.2466	 Sentiment Loss:0.015	Valence Loss:0.0594	 Arousal Loss:0.1458	
[2025-11-20 05:06:47,973][run_task2&3_trainer_multilingual.py][line:1284][INFO] Epoch:[1/1]	 Batch:[2810/4840.0]	 Loss Sum:8.7883	forward Loss:0.2244;3.2712	 backward Loss:5.1696;0.0606	 Sentiment Loss:0.0027	Valence Loss:0.0505	 Arousal Loss:0.2478	
[2025-11-20 05:06:48,999][run_task2&3_trainer_multilingual.py][line:1284][INFO] Epoch:[1/1]	 Batch:[2820/4840.0]	 Loss Sum:5.9823	forward Loss:2.9049;1.8602	 backward Loss:0.2814;0.8418	 Sentiment Loss:0.0075	Valence Loss:0.3325	 Arousal Loss:0.0997	
[2025-11-20 05:06:50,023][run_task2&3_trainer_multilingual.py][line:1284][INFO] Epoch:[1/1]	 Batch:[2830/4840.0]	 Loss Sum:0.3475	forward Loss:0.114;0.055	 backward Loss:0.073;0.0362	 Sentiment Loss:0.024	Valence Loss:0.1228	 Arousal Loss:0.1035	
[2025-11-20 05:06:51,059][run_task2&3_trainer_multilingual.py][line:1284][INFO] Epoch:[1/1]	 Batch:[2840/4840.0]	 Loss Sum:3.9018	forward Loss:0.0363;2.9629	 backward Loss:0.746;0.0748	 Sentiment Loss:0.0036	Valence Loss:0.0137	 Arousal Loss:0.3772	
[2025-11-20 05:06:52,084][run_task2&3_trainer_multilingual.py][line:1284][INFO] Epoch:[1/1]	 Batch:[2850/4840.0]	 Loss Sum:6.2883	forward Loss:1.0077;2.6334	 backward Loss:1.272;1.3252	 Sentiment Loss:0.0215	Valence Loss:0.0488	 Arousal Loss:0.0931	
[2025-11-20 05:06:53,112][run_task2&3_trainer_multilingual.py][line:1284][INFO] Epoch:[1/1]	 Batch:[2860/4840.0]	 Loss Sum:4.3149	forward Loss:0.1414;1.0787	 backward Loss:1.8437;1.1841	 Sentiment Loss:0.0026	Valence Loss:0.2874	 Arousal Loss:0.0347	
[2025-11-20 05:06:54,138][run_task2&3_trainer_multilingual.py][line:1284][INFO] Epoch:[1/1]	 Batch:[2870/4840.0]	 Loss Sum:27.3184	forward Loss:11.4281;0.584	 backward Loss:4.9643;10.2245	 Sentiment Loss:0.047	Valence Loss:0.295	 Arousal Loss:0.0573	
[2025-11-20 05:06:55,162][run_task2&3_trainer_multilingual.py][line:1284][INFO] Epoch:[1/1]	 Batch:[2880/4840.0]	 Loss Sum:2.8983	forward Loss:0.215;0.4569	 backward Loss:0.2449;1.578	 Sentiment Loss:0.0039	Valence Loss:1.7395	 Arousal Loss:0.2583	
[2025-11-20 05:06:56,187][run_task2&3_trainer_multilingual.py][line:1284][INFO] Epoch:[1/1]	 Batch:[2890/4840.0]	 Loss Sum:0.3214	forward Loss:0.0405;0.1036	 backward Loss:0.0894;0.0341	 Sentiment Loss:0.0148	Valence Loss:0.1109	 Arousal Loss:0.0843	
[2025-11-20 05:06:57,214][run_task2&3_trainer_multilingual.py][line:1284][INFO] Epoch:[1/1]	 Batch:[2900/4840.0]	 Loss Sum:0.4014	forward Loss:0.0193;0.0643	 backward Loss:0.0315;0.0439	 Sentiment Loss:0.0917	Valence Loss:0.6796	 Arousal Loss:0.0742	
[2025-11-20 05:06:58,241][run_task2&3_trainer_multilingual.py][line:1284][INFO] Epoch:[1/1]	 Batch:[2910/4840.0]	 Loss Sum:3.4105	forward Loss:0.9715;0.6208	 backward Loss:0.8829;0.8832	 Sentiment Loss:0.0107	Valence Loss:0.1177	 Arousal Loss:0.0887	
[2025-11-20 05:06:59,265][run_task2&3_trainer_multilingual.py][line:1284][INFO] Epoch:[1/1]	 Batch:[2920/4840.0]	 Loss Sum:0.8753	forward Loss:0.0271;0.2995	 backward Loss:0.2929;0.0258	 Sentiment Loss:0.0031	Valence Loss:0.2714	 Arousal Loss:0.8634	
[2025-11-20 05:07:00,291][run_task2&3_trainer_multilingual.py][line:1284][INFO] Epoch:[1/1]	 Batch:[2930/4840.0]	 Loss Sum:10.4016	forward Loss:2.9363;0.3373	 backward Loss:0.1986;3.2438	 Sentiment Loss:3.6272	Valence Loss:0.2705	 Arousal Loss:0.0213	
[2025-11-20 05:07:01,321][run_task2&3_trainer_multilingual.py][line:1284][INFO] Epoch:[1/1]	 Batch:[2940/4840.0]	 Loss Sum:0.2119	forward Loss:0.0522;0.0336	 backward Loss:0.0278;0.076	 Sentiment Loss:0.0027	Valence Loss:0.0743	 Arousal Loss:0.0238	
[2025-11-20 05:07:02,346][run_task2&3_trainer_multilingual.py][line:1284][INFO] Epoch:[1/1]	 Batch:[2950/4840.0]	 Loss Sum:2.6143	forward Loss:0.1226;1.1746	 backward Loss:0.5736;0.0538	 Sentiment Loss:0.0102	Valence Loss:3.3258	 Arousal Loss:0.072	
[2025-11-20 05:07:03,370][run_task2&3_trainer_multilingual.py][line:1284][INFO] Epoch:[1/1]	 Batch:[2960/4840.0]	 Loss Sum:0.577	forward Loss:0.0401;0.0848	 backward Loss:0.0362;0.0741	 Sentiment Loss:0.0068	Valence Loss:1.6191	 Arousal Loss:0.0557	
[2025-11-20 05:07:04,398][run_task2&3_trainer_multilingual.py][line:1284][INFO] Epoch:[1/1]	 Batch:[2970/4840.0]	 Loss Sum:10.7767	forward Loss:5.5633;0.4231	 backward Loss:4.4317;0.1796	 Sentiment Loss:0.0035	Valence Loss:0.7493	 Arousal Loss:0.1281	
[2025-11-20 05:07:05,426][run_task2&3_trainer_multilingual.py][line:1284][INFO] Epoch:[1/1]	 Batch:[2980/4840.0]	 Loss Sum:4.9356	forward Loss:0.038;2.4871	 backward Loss:2.2824;0.0392	 Sentiment Loss:0.0231	Valence Loss:0.1878	 Arousal Loss:0.1409	
[2025-11-20 05:07:06,451][run_task2&3_trainer_multilingual.py][line:1284][INFO] Epoch:[1/1]	 Batch:[2990/4840.0]	 Loss Sum:2.6328	forward Loss:0.5946;0.8195	 backward Loss:0.7961;0.3716	 Sentiment Loss:0.0368	Valence Loss:0.0435	 Arousal Loss:0.0277	
[2025-11-20 05:07:07,477][run_task2&3_trainer_multilingual.py][line:1284][INFO] Epoch:[1/1]	 Batch:[3000/4840.0]	 Loss Sum:2.6246	forward Loss:1.47;0.0513	 backward Loss:0.0819;0.7854	 Sentiment Loss:0.0048	Valence Loss:0.2795	 Arousal Loss:0.8758	
[2025-11-20 05:07:08,504][run_task2&3_trainer_multilingual.py][line:1284][INFO] Epoch:[1/1]	 Batch:[3010/4840.0]	 Loss Sum:11.2198	forward Loss:1.3562;1.8954	 backward Loss:0.7557;3.215	 Sentiment Loss:3.8246	Valence Loss:0.7656	 Arousal Loss:0.0989	
[2025-11-20 05:07:09,531][run_task2&3_trainer_multilingual.py][line:1284][INFO] Epoch:[1/1]	 Batch:[3020/4840.0]	 Loss Sum:0.8745	forward Loss:0.4195;0.041	 backward Loss:0.1102;0.0944	 Sentiment Loss:0.0024	Valence Loss:0.447	 Arousal Loss:0.588	
[2025-11-20 05:07:10,555][run_task2&3_trainer_multilingual.py][line:1284][INFO] Epoch:[1/1]	 Batch:[3030/4840.0]	 Loss Sum:3.6131	forward Loss:0.1746;2.7789	 backward Loss:0.4205;0.1377	 Sentiment Loss:0.0168	Valence Loss:0.2096	 Arousal Loss:0.2129	
[2025-11-20 05:07:11,582][run_task2&3_trainer_multilingual.py][line:1284][INFO] Epoch:[1/1]	 Batch:[3040/4840.0]	 Loss Sum:1.6957	forward Loss:0.0402;0.6675	 backward Loss:0.5467;0.0832	 Sentiment Loss:0.3325	Valence Loss:0.0738	 Arousal Loss:0.0539	
[2025-11-20 05:07:12,607][run_task2&3_trainer_multilingual.py][line:1284][INFO] Epoch:[1/1]	 Batch:[3050/4840.0]	 Loss Sum:2.5079	forward Loss:0.0644;0.8762	 backward Loss:1.4658;0.0208	 Sentiment Loss:0.0142	Valence Loss:0.2984	 Arousal Loss:0.0341	
[2025-11-20 05:07:13,635][run_task2&3_trainer_multilingual.py][line:1284][INFO] Epoch:[1/1]	 Batch:[3060/4840.0]	 Loss Sum:0.6189	forward Loss:0.0183;0.2729	 backward Loss:0.1514;0.028	 Sentiment Loss:0.0047	Valence Loss:0.3665	 Arousal Loss:0.3514	
[2025-11-20 05:07:14,660][run_task2&3_trainer_multilingual.py][line:1284][INFO] Epoch:[1/1]	 Batch:[3070/4840.0]	 Loss Sum:0.1845	forward Loss:0.0258;0.0553	 backward Loss:0.03;0.0353	 Sentiment Loss:0.0006	Valence Loss:0.0815	 Arousal Loss:0.1061	
[2025-11-20 05:07:15,689][run_task2&3_trainer_multilingual.py][line:1284][INFO] Epoch:[1/1]	 Batch:[3080/4840.0]	 Loss Sum:3.3301	forward Loss:1.9603;0.296	 backward Loss:0.4475;0.588	 Sentiment Loss:0.0029	Valence Loss:0.1315	 Arousal Loss:0.0459	
[2025-11-20 05:07:16,715][run_task2&3_trainer_multilingual.py][line:1284][INFO] Epoch:[1/1]	 Batch:[3090/4840.0]	 Loss Sum:8.7841	forward Loss:4.3759;0.4689	 backward Loss:0.089;3.7702	 Sentiment Loss:0.001	Valence Loss:0.0702	 Arousal Loss:0.3249	
[2025-11-20 05:07:17,742][run_task2&3_trainer_multilingual.py][line:1284][INFO] Epoch:[1/1]	 Batch:[3100/4840.0]	 Loss Sum:2.244	forward Loss:0.6701;0.5848	 backward Loss:0.3449;0.5983	 Sentiment Loss:0.0345	Valence Loss:0.0151	 Arousal Loss:0.042	
[2025-11-20 05:07:18,769][run_task2&3_trainer_multilingual.py][line:1284][INFO] Epoch:[1/1]	 Batch:[3110/4840.0]	 Loss Sum:2.4007	forward Loss:0.2002;0.5592	 backward Loss:0.3069;0.1053	 Sentiment Loss:1.0677	Valence Loss:0.19	 Arousal Loss:0.6164	
[2025-11-20 05:07:19,797][run_task2&3_trainer_multilingual.py][line:1284][INFO] Epoch:[1/1]	 Batch:[3120/4840.0]	 Loss Sum:0.4936	forward Loss:0.1528;0.0704	 backward Loss:0.0363;0.2035	 Sentiment Loss:0.006	Valence Loss:0.004	 Arousal Loss:0.1188	
[2025-11-20 05:07:20,823][run_task2&3_trainer_multilingual.py][line:1284][INFO] Epoch:[1/1]	 Batch:[3130/4840.0]	 Loss Sum:4.0757	forward Loss:1.2034;0.1501	 backward Loss:0.1121;2.4427	 Sentiment Loss:0.0285	Valence Loss:0.3546	 Arousal Loss:0.3395	
[2025-11-20 05:07:21,851][run_task2&3_trainer_multilingual.py][line:1284][INFO] Epoch:[1/1]	 Batch:[3140/4840.0]	 Loss Sum:3.0439	forward Loss:0.7431;0.1438	 backward Loss:0.1009;1.8836	 Sentiment Loss:0.1594	Valence Loss:0.0272	 Arousal Loss:0.0382	
[2025-11-20 05:07:22,877][run_task2&3_trainer_multilingual.py][line:1284][INFO] Epoch:[1/1]	 Batch:[3150/4840.0]	 Loss Sum:3.7588	forward Loss:0.4512;0.7598	 backward Loss:1.8651;0.3815	 Sentiment Loss:0.0052	Valence Loss:0.8977	 Arousal Loss:0.5818	
[2025-11-20 05:07:23,903][run_task2&3_trainer_multilingual.py][line:1284][INFO] Epoch:[1/1]	 Batch:[3160/4840.0]	 Loss Sum:6.4006	forward Loss:0.1175;3.63	 backward Loss:2.5372;0.0368	 Sentiment Loss:0.0012	Valence Loss:0.0527	 Arousal Loss:0.3364	
[2025-11-20 05:07:24,930][run_task2&3_trainer_multilingual.py][line:1284][INFO] Epoch:[1/1]	 Batch:[3170/4840.0]	 Loss Sum:0.2879	forward Loss:0.0177;0.0962	 backward Loss:0.0217;0.0182	 Sentiment Loss:0.0008	Valence Loss:0.5749	 Arousal Loss:0.0921	
[2025-11-20 05:07:25,956][run_task2&3_trainer_multilingual.py][line:1284][INFO] Epoch:[1/1]	 Batch:[3180/4840.0]	 Loss Sum:5.6698	forward Loss:1.9864;0.2015	 backward Loss:0.1755;3.2662	 Sentiment Loss:0.0136	Valence Loss:0.0358	 Arousal Loss:0.0973	
[2025-11-20 05:07:26,982][run_task2&3_trainer_multilingual.py][line:1284][INFO] Epoch:[1/1]	 Batch:[3190/4840.0]	 Loss Sum:1.2898	forward Loss:0.0313;0.6059	 backward Loss:0.3024;0.1615	 Sentiment Loss:0.1191	Valence Loss:0.1905	 Arousal Loss:0.1578	
[2025-11-20 05:07:28,008][run_task2&3_trainer_multilingual.py][line:1284][INFO] Epoch:[1/1]	 Batch:[3200/4840.0]	 Loss Sum:0.4116	forward Loss:0.0619;0.0756	 backward Loss:0.0497;0.0704	 Sentiment Loss:0.0034	Valence Loss:0.1434	 Arousal Loss:0.609	
[2025-11-20 05:07:29,034][run_task2&3_trainer_multilingual.py][line:1284][INFO] Epoch:[1/1]	 Batch:[3210/4840.0]	 Loss Sum:7.2863	forward Loss:2.2317;1.417	 backward Loss:2.4734;1.0224	 Sentiment Loss:0.006	Valence Loss:0.0646	 Arousal Loss:0.6143	
[2025-11-20 05:07:30,060][run_task2&3_trainer_multilingual.py][line:1284][INFO] Epoch:[1/1]	 Batch:[3220/4840.0]	 Loss Sum:0.2159	forward Loss:0.0233;0.0472	 backward Loss:0.0315;0.0674	 Sentiment Loss:0.0171	Valence Loss:0.0802	 Arousal Loss:0.0668	
[2025-11-20 05:07:31,087][run_task2&3_trainer_multilingual.py][line:1284][INFO] Epoch:[1/1]	 Batch:[3230/4840.0]	 Loss Sum:9.3096	forward Loss:0.064;0.055	 backward Loss:0.0214;0.0913	 Sentiment Loss:8.758	Valence Loss:1.2951	 Arousal Loss:0.3043	
[2025-11-20 05:07:32,113][run_task2&3_trainer_multilingual.py][line:1284][INFO] Epoch:[1/1]	 Batch:[3240/4840.0]	 Loss Sum:0.841	forward Loss:0.0271;0.4196	 backward Loss:0.3495;0.0257	 Sentiment Loss:0.0032	Valence Loss:0.0668	 Arousal Loss:0.0124	
[2025-11-20 05:07:33,139][run_task2&3_trainer_multilingual.py][line:1284][INFO] Epoch:[1/1]	 Batch:[3250/4840.0]	 Loss Sum:5.0058	forward Loss:0.1378;2.538	 backward Loss:2.1082;0.1161	 Sentiment Loss:0.0093	Valence Loss:0.1591	 Arousal Loss:0.3228	
[2025-11-20 05:07:34,165][run_task2&3_trainer_multilingual.py][line:1284][INFO] Epoch:[1/1]	 Batch:[3260/4840.0]	 Loss Sum:12.0722	forward Loss:3.6673;0.7232	 backward Loss:0.4802;7.1136	 Sentiment Loss:0.034	Valence Loss:0.0806	 Arousal Loss:0.1884	
[2025-11-20 05:07:35,192][run_task2&3_trainer_multilingual.py][line:1284][INFO] Epoch:[1/1]	 Batch:[3270/4840.0]	 Loss Sum:6.3519	forward Loss:0.4764;1.3122	 backward Loss:3.5756;0.6327	 Sentiment Loss:0.0078	Valence Loss:1.6496	 Arousal Loss:0.0866	
[2025-11-20 05:07:36,218][run_task2&3_trainer_multilingual.py][line:1284][INFO] Epoch:[1/1]	 Batch:[3280/4840.0]	 Loss Sum:0.7101	forward Loss:0.178;0.1346	 backward Loss:0.0911;0.2174	 Sentiment Loss:0.0423	Valence Loss:0.13	 Arousal Loss:0.104	
[2025-11-20 05:07:37,244][run_task2&3_trainer_multilingual.py][line:1284][INFO] Epoch:[1/1]	 Batch:[3290/4840.0]	 Loss Sum:0.2334	forward Loss:0.0195;0.0977	 backward Loss:0.0337;0.021	 Sentiment Loss:0.0214	Valence Loss:0.0519	 Arousal Loss:0.1484	
[2025-11-20 05:07:38,268][run_task2&3_trainer_multilingual.py][line:1284][INFO] Epoch:[1/1]	 Batch:[3300/4840.0]	 Loss Sum:0.4081	forward Loss:0.0099;0.3187	 backward Loss:0.0427;0.0167	 Sentiment Loss:0.0044	Valence Loss:0.0483	 Arousal Loss:0.0303	
[2025-11-20 05:07:39,294][run_task2&3_trainer_multilingual.py][line:1284][INFO] Epoch:[1/1]	 Batch:[3310/4840.0]	 Loss Sum:1.7371	forward Loss:0.128;0.6606	 backward Loss:0.5447;0.169	 Sentiment Loss:0.0075	Valence Loss:0.2399	 Arousal Loss:0.8965	
[2025-11-20 05:07:40,321][run_task2&3_trainer_multilingual.py][line:1284][INFO] Epoch:[1/1]	 Batch:[3320/4840.0]	 Loss Sum:3.7756	forward Loss:0.0395;0.1451	 backward Loss:0.0882;0.0361	 Sentiment Loss:3.3293	Valence Loss:0.629	 Arousal Loss:0.0581	
[2025-11-20 05:07:41,347][run_task2&3_trainer_multilingual.py][line:1284][INFO] Epoch:[1/1]	 Batch:[3330/4840.0]	 Loss Sum:3.093	forward Loss:0.8128;0.3359	 backward Loss:0.4006;1.5039	 Sentiment Loss:0.0005	Valence Loss:0.0467	 Arousal Loss:0.1497	
[2025-11-20 05:07:42,373][run_task2&3_trainer_multilingual.py][line:1284][INFO] Epoch:[1/1]	 Batch:[3340/4840.0]	 Loss Sum:0.271	forward Loss:0.0642;0.0347	 backward Loss:0.0686;0.0473	 Sentiment Loss:0.0032	Valence Loss:0.1843	 Arousal Loss:0.081	
[2025-11-20 05:07:43,399][run_task2&3_trainer_multilingual.py][line:1284][INFO] Epoch:[1/1]	 Batch:[3350/4840.0]	 Loss Sum:3.376	forward Loss:0.1867;0.5786	 backward Loss:2.4983;0.0413	 Sentiment Loss:0.0355	Valence Loss:0.0951	 Arousal Loss:0.0825	
[2025-11-20 05:07:44,426][run_task2&3_trainer_multilingual.py][line:1284][INFO] Epoch:[1/1]	 Batch:[3360/4840.0]	 Loss Sum:4.3859	forward Loss:1.0249;0.1672	 backward Loss:0.0917;3.0404	 Sentiment Loss:0.0058	Valence Loss:0.1766	 Arousal Loss:0.1031	
[2025-11-20 05:07:45,452][run_task2&3_trainer_multilingual.py][line:1284][INFO] Epoch:[1/1]	 Batch:[3370/4840.0]	 Loss Sum:10.6507	forward Loss:5.1182;0.0684	 backward Loss:0.0316;5.3198	 Sentiment Loss:0.0241	Valence Loss:0.3472	 Arousal Loss:0.0958	
[2025-11-20 05:07:46,480][run_task2&3_trainer_multilingual.py][line:1284][INFO] Epoch:[1/1]	 Batch:[3380/4840.0]	 Loss Sum:1.9423	forward Loss:0.187;1.0939	 backward Loss:0.4573;0.1591	 Sentiment Loss:0.0182	Valence Loss:0.0726	 Arousal Loss:0.0609	
[2025-11-20 05:07:47,506][run_task2&3_trainer_multilingual.py][line:1284][INFO] Epoch:[1/1]	 Batch:[3390/4840.0]	 Loss Sum:0.7212	forward Loss:0.149;0.2995	 backward Loss:0.0912;0.1665	 Sentiment Loss:0.0011	Valence Loss:0.0337	 Arousal Loss:0.0358	
[2025-11-20 05:07:48,531][run_task2&3_trainer_multilingual.py][line:1284][INFO] Epoch:[1/1]	 Batch:[3400/4840.0]	 Loss Sum:4.946	forward Loss:1.9294;1.3072	 backward Loss:0.3142;1.3386	 Sentiment Loss:0.0046	Valence Loss:0.2305	 Arousal Loss:0.029	
[2025-11-20 05:07:49,558][run_task2&3_trainer_multilingual.py][line:1284][INFO] Epoch:[1/1]	 Batch:[3410/4840.0]	 Loss Sum:33.1404	forward Loss:10.1631;6.9812	 backward Loss:6.2139;9.6139	 Sentiment Loss:0.0271	Valence Loss:0.5797	 Arousal Loss:0.1258	
[2025-11-20 05:07:50,585][run_task2&3_trainer_multilingual.py][line:1284][INFO] Epoch:[1/1]	 Batch:[3420/4840.0]	 Loss Sum:5.1338	forward Loss:2.9694;0.206	 backward Loss:0.2621;1.4756	 Sentiment Loss:0.0086	Valence Loss:0.119	 Arousal Loss:0.9416	
[2025-11-20 05:07:51,612][run_task2&3_trainer_multilingual.py][line:1284][INFO] Epoch:[1/1]	 Batch:[3430/4840.0]	 Loss Sum:4.6372	forward Loss:0.0662;1.9125	 backward Loss:2.1177;0.0959	 Sentiment Loss:0.0201	Valence Loss:1.236	 Arousal Loss:0.8876	
[2025-11-20 05:07:52,636][run_task2&3_trainer_multilingual.py][line:1284][INFO] Epoch:[1/1]	 Batch:[3440/4840.0]	 Loss Sum:15.2304	forward Loss:7.2977;0.7521	 backward Loss:0.6214;6.4604	 Sentiment Loss:0.0314	Valence Loss:0.125	 Arousal Loss:0.2122	
[2025-11-20 05:07:53,663][run_task2&3_trainer_multilingual.py][line:1284][INFO] Epoch:[1/1]	 Batch:[3450/4840.0]	 Loss Sum:2.8852	forward Loss:0.1355;0.4893	 backward Loss:0.4182;1.6684	 Sentiment Loss:0.1516	Valence Loss:0.0408	 Arousal Loss:0.0704	
[2025-11-20 05:07:54,689][run_task2&3_trainer_multilingual.py][line:1284][INFO] Epoch:[1/1]	 Batch:[3460/4840.0]	 Loss Sum:5.1277	forward Loss:1.8165;0.3243	 backward Loss:0.2792;2.502	 Sentiment Loss:0.1403	Valence Loss:0.0382	 Arousal Loss:0.2889	
[2025-11-20 05:07:55,716][run_task2&3_trainer_multilingual.py][line:1284][INFO] Epoch:[1/1]	 Batch:[3470/4840.0]	 Loss Sum:7.1712	forward Loss:0.2207;5.321	 backward Loss:1.3029;0.2131	 Sentiment Loss:0.0194	Valence Loss:0.0603	 Arousal Loss:0.4101	
[2025-11-20 05:07:56,741][run_task2&3_trainer_multilingual.py][line:1284][INFO] Epoch:[1/1]	 Batch:[3480/4840.0]	 Loss Sum:0.285	forward Loss:0.0441;0.0431	 backward Loss:0.0155;0.031	 Sentiment Loss:0.0154	Valence Loss:0.1108	 Arousal Loss:0.5683	
[2025-11-20 05:07:57,769][run_task2&3_trainer_multilingual.py][line:1284][INFO] Epoch:[1/1]	 Batch:[3490/4840.0]	 Loss Sum:7.3302	forward Loss:0.3104;5.3045	 backward Loss:1.3554;0.2999	 Sentiment Loss:0.0146	Valence Loss:0.1324	 Arousal Loss:0.0947	
[2025-11-20 05:07:58,793][run_task2&3_trainer_multilingual.py][line:1284][INFO] Epoch:[1/1]	 Batch:[3500/4840.0]	 Loss Sum:2.9724	forward Loss:0.1347;2.355	 backward Loss:0.329;0.0818	 Sentiment Loss:0.0187	Valence Loss:0.1431	 Arousal Loss:0.1224	
[2025-11-20 05:07:59,819][run_task2&3_trainer_multilingual.py][line:1284][INFO] Epoch:[1/1]	 Batch:[3510/4840.0]	 Loss Sum:0.3583	forward Loss:0.0668;0.0889	 backward Loss:0.0952;0.0708	 Sentiment Loss:0.0026	Valence Loss:0.1287	 Arousal Loss:0.0414	
[2025-11-20 05:08:00,843][run_task2&3_trainer_multilingual.py][line:1284][INFO] Epoch:[1/1]	 Batch:[3520/4840.0]	 Loss Sum:11.0998	forward Loss:0.0625;5.6998	 backward Loss:4.8892;0.2638	 Sentiment Loss:0.0073	Valence Loss:0.5413	 Arousal Loss:0.3449	
[2025-11-20 05:08:01,870][run_task2&3_trainer_multilingual.py][line:1284][INFO] Epoch:[1/1]	 Batch:[3530/4840.0]	 Loss Sum:0.2762	forward Loss:0.0601;0.0424	 backward Loss:0.0212;0.0726	 Sentiment Loss:0.0561	Valence Loss:0.0674	 Arousal Loss:0.0519	
[2025-11-20 05:08:02,894][run_task2&3_trainer_multilingual.py][line:1284][INFO] Epoch:[1/1]	 Batch:[3540/4840.0]	 Loss Sum:7.4216	forward Loss:2.0123;1.2555	 backward Loss:2.5624;0.5178	 Sentiment Loss:0.6553	Valence Loss:1.4745	 Arousal Loss:0.6172	
[2025-11-20 05:08:03,921][run_task2&3_trainer_multilingual.py][line:1284][INFO] Epoch:[1/1]	 Batch:[3550/4840.0]	 Loss Sum:1.1984	forward Loss:0.2909;0.1755	 backward Loss:0.438;0.0843	 Sentiment Loss:0.0076	Valence Loss:0.1639	 Arousal Loss:0.8467	
[2025-11-20 05:08:04,945][run_task2&3_trainer_multilingual.py][line:1284][INFO] Epoch:[1/1]	 Batch:[3560/4840.0]	 Loss Sum:0.4648	forward Loss:0.025;0.0486	 backward Loss:0.0181;0.0199	 Sentiment Loss:0.0038	Valence Loss:0.9007	 Arousal Loss:0.846	
[2025-11-20 05:08:05,972][run_task2&3_trainer_multilingual.py][line:1284][INFO] Epoch:[1/1]	 Batch:[3570/4840.0]	 Loss Sum:0.2061	forward Loss:0.0366;0.0443	 backward Loss:0.0533;0.0433	 Sentiment Loss:0.0113	Valence Loss:0.0306	 Arousal Loss:0.0564	
[2025-11-20 05:08:06,996][run_task2&3_trainer_multilingual.py][line:1284][INFO] Epoch:[1/1]	 Batch:[3580/4840.0]	 Loss Sum:3.0324	forward Loss:0.0541;1.7706	 backward Loss:1.0467;0.0515	 Sentiment Loss:0.0141	Valence Loss:0.4651	 Arousal Loss:0.0117	
[2025-11-20 05:08:08,024][run_task2&3_trainer_multilingual.py][line:1284][INFO] Epoch:[1/1]	 Batch:[3590/4840.0]	 Loss Sum:9.9691	forward Loss:0.2753;4.1291	 backward Loss:3.3999;0.0409	 Sentiment Loss:2.039	Valence Loss:0.263	 Arousal Loss:0.1618	
[2025-11-20 05:08:09,047][run_task2&3_trainer_multilingual.py][line:1284][INFO] Epoch:[1/1]	 Batch:[3600/4840.0]	 Loss Sum:2.3677	forward Loss:0.1169;1.5431	 backward Loss:0.5442;0.0481	 Sentiment Loss:0.0333	Valence Loss:0.0519	 Arousal Loss:0.3581	
[2025-11-20 05:08:10,074][run_task2&3_trainer_multilingual.py][line:1284][INFO] Epoch:[1/1]	 Batch:[3610/4840.0]	 Loss Sum:0.2634	forward Loss:0.1038;0.0383	 backward Loss:0.0426;0.0555	 Sentiment Loss:0.0011	Valence Loss:0.0292	 Arousal Loss:0.0812	
[2025-11-20 05:08:11,098][run_task2&3_trainer_multilingual.py][line:1284][INFO] Epoch:[1/1]	 Batch:[3620/4840.0]	 Loss Sum:0.3657	forward Loss:0.0448;0.0615	 backward Loss:0.0471;0.0284	 Sentiment Loss:0.0012	Valence Loss:0.73	 Arousal Loss:0.1832	
[2025-11-20 05:08:12,125][run_task2&3_trainer_multilingual.py][line:1284][INFO] Epoch:[1/1]	 Batch:[3630/4840.0]	 Loss Sum:0.7136	forward Loss:0.1548;0.2045	 backward Loss:0.1072;0.1439	 Sentiment Loss:0.0556	Valence Loss:0.1633	 Arousal Loss:0.0748	
[2025-11-20 05:08:13,149][run_task2&3_trainer_multilingual.py][line:1284][INFO] Epoch:[1/1]	 Batch:[3640/4840.0]	 Loss Sum:5.5224	forward Loss:1.1651;1.1051	 backward Loss:2.6422;0.4288	 Sentiment Loss:0.03	Valence Loss:0.5566	 Arousal Loss:0.1998	
[2025-11-20 05:08:14,176][run_task2&3_trainer_multilingual.py][line:1284][INFO] Epoch:[1/1]	 Batch:[3650/4840.0]	 Loss Sum:0.1041	forward Loss:0.0088;0.0325	 backward Loss:0.0202;0.0088	 Sentiment Loss:0.0113	Valence Loss:0.0179	 Arousal Loss:0.0946	
[2025-11-20 05:08:15,202][run_task2&3_trainer_multilingual.py][line:1284][INFO] Epoch:[1/1]	 Batch:[3660/4840.0]	 Loss Sum:2.5266	forward Loss:0.0674;0.411	 backward Loss:0.1727;0.089	 Sentiment Loss:1.6631	Valence Loss:0.0636	 Arousal Loss:0.5538	
[2025-11-20 05:08:16,227][run_task2&3_trainer_multilingual.py][line:1284][INFO] Epoch:[1/1]	 Batch:[3670/4840.0]	 Loss Sum:1.14	forward Loss:0.3018;0.1813	 backward Loss:0.2162;0.2696	 Sentiment Loss:0.0832	Valence Loss:0.4071	 Arousal Loss:0.0324	
[2025-11-20 05:08:17,251][run_task2&3_trainer_multilingual.py][line:1284][INFO] Epoch:[1/1]	 Batch:[3680/4840.0]	 Loss Sum:0.6113	forward Loss:0.3007;0.0712	 backward Loss:0.0228;0.1384	 Sentiment Loss:0.0079	Valence Loss:0.2068	 Arousal Loss:0.1447	
[2025-11-20 05:08:18,277][run_task2&3_trainer_multilingual.py][line:1284][INFO] Epoch:[1/1]	 Batch:[3690/4840.0]	 Loss Sum:0.2168	forward Loss:0.0112;0.115	 backward Loss:0.0218;0.0286	 Sentiment Loss:0.0007	Valence Loss:0.0852	 Arousal Loss:0.1122	
[2025-11-20 05:08:19,303][run_task2&3_trainer_multilingual.py][line:1284][INFO] Epoch:[1/1]	 Batch:[3700/4840.0]	 Loss Sum:20.1831	forward Loss:2.1499;7.6061	 backward Loss:4.1497;5.7205	 Sentiment Loss:0.4834	Valence Loss:0.1614	 Arousal Loss:0.2062	
[2025-11-20 05:08:20,327][run_task2&3_trainer_multilingual.py][line:1284][INFO] Epoch:[1/1]	 Batch:[3710/4840.0]	 Loss Sum:8.2497	forward Loss:3.7383;0.2479	 backward Loss:0.2075;4.0235	 Sentiment Loss:0.003	Valence Loss:0.0618	 Arousal Loss:0.0853	
[2025-11-20 05:08:21,356][run_task2&3_trainer_multilingual.py][line:1284][INFO] Epoch:[1/1]	 Batch:[3720/4840.0]	 Loss Sum:0.5012	forward Loss:0.0559;0.2248	 backward Loss:0.0315;0.0566	 Sentiment Loss:0.0019	Valence Loss:0.1435	 Arousal Loss:0.5087	
[2025-11-20 05:08:22,379][run_task2&3_trainer_multilingual.py][line:1284][INFO] Epoch:[1/1]	 Batch:[3730/4840.0]	 Loss Sum:3.8533	forward Loss:0.1094;1.528	 backward Loss:1.3872;0.3857	 Sentiment Loss:0.0066	Valence Loss:1.317	 Arousal Loss:0.8656	
[2025-11-20 05:08:23,406][run_task2&3_trainer_multilingual.py][line:1284][INFO] Epoch:[1/1]	 Batch:[3740/4840.0]	 Loss Sum:8.4196	forward Loss:1.0178;3.9928	 backward Loss:2.8786;0.4524	 Sentiment Loss:0.0013	Valence Loss:0.2497	 Arousal Loss:0.1331	
[2025-11-20 05:08:24,429][run_task2&3_trainer_multilingual.py][line:1284][INFO] Epoch:[1/1]	 Batch:[3750/4840.0]	 Loss Sum:3.3062	forward Loss:0.0343;2.0205	 backward Loss:0.885;0.0839	 Sentiment Loss:0.0181	Valence Loss:1.2655	 Arousal Loss:0.0566	
[2025-11-20 05:08:25,458][run_task2&3_trainer_multilingual.py][line:1284][INFO] Epoch:[1/1]	 Batch:[3760/4840.0]	 Loss Sum:5.9031	forward Loss:2.5238;0.7591	 backward Loss:0.2226;2.2024	 Sentiment Loss:0.0046	Valence Loss:0.0605	 Arousal Loss:0.8923	
[2025-11-20 05:08:26,482][run_task2&3_trainer_multilingual.py][line:1284][INFO] Epoch:[1/1]	 Batch:[3770/4840.0]	 Loss Sum:10.3579	forward Loss:0.568;3.3114	 backward Loss:3.5099;1.0523	 Sentiment Loss:1.8472	Valence Loss:0.0393	 Arousal Loss:0.3067	
[2025-11-20 05:08:27,509][run_task2&3_trainer_multilingual.py][line:1284][INFO] Epoch:[1/1]	 Batch:[3780/4840.0]	 Loss Sum:1.7	forward Loss:0.4028;0.159	 backward Loss:0.864;0.2288	 Sentiment Loss:0.006	Valence Loss:0.1312	 Arousal Loss:0.0664	
[2025-11-20 05:08:28,532][run_task2&3_trainer_multilingual.py][line:1284][INFO] Epoch:[1/1]	 Batch:[3790/4840.0]	 Loss Sum:3.1762	forward Loss:0.0551;2.5458	 backward Loss:0.418;0.0427	 Sentiment Loss:0.0044	Valence Loss:0.4013	 Arousal Loss:0.1496	
[2025-11-20 05:08:29,558][run_task2&3_trainer_multilingual.py][line:1284][INFO] Epoch:[1/1]	 Batch:[3800/4840.0]	 Loss Sum:9.2918	forward Loss:0.1502;5.6822	 backward Loss:3.147;0.2845	 Sentiment Loss:0.014	Valence Loss:0.0428	 Arousal Loss:0.0265	
[2025-11-20 05:08:30,583][run_task2&3_trainer_multilingual.py][line:1284][INFO] Epoch:[1/1]	 Batch:[3810/4840.0]	 Loss Sum:1.0248	forward Loss:0.2589;0.074	 backward Loss:0.0398;0.1491	 Sentiment Loss:0.3855	Valence Loss:0.3632	 Arousal Loss:0.2245	
[2025-11-20 05:08:31,611][run_task2&3_trainer_multilingual.py][line:1284][INFO] Epoch:[1/1]	 Batch:[3820/4840.0]	 Loss Sum:13.0076	forward Loss:5.039;4.3801	 backward Loss:0.3956;3.1248	 Sentiment Loss:0.0283	Valence Loss:0.0996	 Arousal Loss:0.0994	
[2025-11-20 05:08:32,634][run_task2&3_trainer_multilingual.py][line:1284][INFO] Epoch:[1/1]	 Batch:[3830/4840.0]	 Loss Sum:3.5993	forward Loss:0.1777;2.5772	 backward Loss:0.6416;0.1613	 Sentiment Loss:0.0008	Valence Loss:0.0121	 Arousal Loss:0.1915	
[2025-11-20 05:08:33,668][run_task2&3_trainer_multilingual.py][line:1284][INFO] Epoch:[1/1]	 Batch:[3840/4840.0]	 Loss Sum:0.7693	forward Loss:0.2187;0.0977	 backward Loss:0.0552;0.1414	 Sentiment Loss:0.1821	Valence Loss:0.29	 Arousal Loss:0.0812	
[2025-11-20 05:08:34,694][run_task2&3_trainer_multilingual.py][line:1284][INFO] Epoch:[1/1]	 Batch:[3850/4840.0]	 Loss Sum:3.6048	forward Loss:0.8536;0.0775	 backward Loss:0.3236;0.1509	 Sentiment Loss:2.1096	Valence Loss:0.1142	 Arousal Loss:0.3335	
[2025-11-20 05:08:35,719][run_task2&3_trainer_multilingual.py][line:1284][INFO] Epoch:[1/1]	 Batch:[3860/4840.0]	 Loss Sum:0.2675	forward Loss:0.0601;0.0328	 backward Loss:0.0462;0.0709	 Sentiment Loss:0.0147	Valence Loss:0.0916	 Arousal Loss:0.123	
[2025-11-20 05:08:36,744][run_task2&3_trainer_multilingual.py][line:1284][INFO] Epoch:[1/1]	 Batch:[3870/4840.0]	 Loss Sum:3.7171	forward Loss:0.4535;0.6595	 backward Loss:0.3191;2.2639	 Sentiment Loss:0.003	Valence Loss:0.0307	 Arousal Loss:0.0597	
[2025-11-20 05:08:37,770][run_task2&3_trainer_multilingual.py][line:1284][INFO] Epoch:[1/1]	 Batch:[3880/4840.0]	 Loss Sum:0.321	forward Loss:0.0474;0.0975	 backward Loss:0.0602;0.0347	 Sentiment Loss:0.0027	Valence Loss:0.0602	 Arousal Loss:0.332	
[2025-11-20 05:08:38,796][run_task2&3_trainer_multilingual.py][line:1284][INFO] Epoch:[1/1]	 Batch:[3890/4840.0]	 Loss Sum:4.9472	forward Loss:0.1673;2.6371	 backward Loss:1.9561;0.1608	 Sentiment Loss:0.0047	Valence Loss:0.0285	 Arousal Loss:0.0781	
[2025-11-20 05:08:39,821][run_task2&3_trainer_multilingual.py][line:1284][INFO] Epoch:[1/1]	 Batch:[3900/4840.0]	 Loss Sum:0.1346	forward Loss:0.0121;0.0563	 backward Loss:0.022;0.0214	 Sentiment Loss:0.0013	Valence Loss:0.0342	 Arousal Loss:0.0738	
[2025-11-20 05:08:40,845][run_task2&3_trainer_multilingual.py][line:1284][INFO] Epoch:[1/1]	 Batch:[3910/4840.0]	 Loss Sum:1.3801	forward Loss:0.0399;0.4789	 backward Loss:0.6723;0.0505	 Sentiment Loss:0.0007	Valence Loss:0.4083	 Arousal Loss:0.2807	
[2025-11-20 05:08:41,871][run_task2&3_trainer_multilingual.py][line:1284][INFO] Epoch:[1/1]	 Batch:[3920/4840.0]	 Loss Sum:9.961	forward Loss:0.0735;5.6863	 backward Loss:2.7374;0.0926	 Sentiment Loss:1.1177	Valence Loss:0.377	 Arousal Loss:0.8912	
[2025-11-20 05:08:43,142][run_task2&3_trainer_multilingual.py][line:1284][INFO] Epoch:[1/1]	 Batch:[3930/4840.0]	 Loss Sum:12.2196	forward Loss:1.1489;4.3855	 backward Loss:5.3016;1.0508	 Sentiment Loss:0.2084	Valence Loss:0.2572	 Arousal Loss:0.3639	
[2025-11-20 05:08:44,167][run_task2&3_trainer_multilingual.py][line:1284][INFO] Epoch:[1/1]	 Batch:[3940/4840.0]	 Loss Sum:1.4404	forward Loss:0.2171;0.6052	 backward Loss:0.3291;0.2623	 Sentiment Loss:0.0009	Valence Loss:0.091	 Arousal Loss:0.038	
[2025-11-20 05:08:45,192][run_task2&3_trainer_multilingual.py][line:1284][INFO] Epoch:[1/1]	 Batch:[3950/4840.0]	 Loss Sum:1.0565	forward Loss:0.0692;0.2478	 backward Loss:0.4728;0.0566	 Sentiment Loss:0.001	Valence Loss:0.6349	 Arousal Loss:0.4111	
[2025-11-20 05:08:46,218][run_task2&3_trainer_multilingual.py][line:1284][INFO] Epoch:[1/1]	 Batch:[3960/4840.0]	 Loss Sum:12.7839	forward Loss:1.3439;4.6365	 backward Loss:4.8207;1.7704	 Sentiment Loss:0.0779	Valence Loss:0.3293	 Arousal Loss:0.3435	
[2025-11-20 05:08:47,243][run_task2&3_trainer_multilingual.py][line:1284][INFO] Epoch:[1/1]	 Batch:[3970/4840.0]	 Loss Sum:3.4648	forward Loss:0.3856;1.4395	 backward Loss:1.3012;0.289	 Sentiment Loss:0.0178	Valence Loss:0.0643	 Arousal Loss:0.0942	
[2025-11-20 05:08:48,268][run_task2&3_trainer_multilingual.py][line:1284][INFO] Epoch:[1/1]	 Batch:[3980/4840.0]	 Loss Sum:0.3838	forward Loss:0.0954;0.0209	 backward Loss:0.0513;0.1177	 Sentiment Loss:0.0214	Valence Loss:0.3237	 Arousal Loss:0.0615	
[2025-11-20 05:08:49,294][run_task2&3_trainer_multilingual.py][line:1284][INFO] Epoch:[1/1]	 Batch:[3990/4840.0]	 Loss Sum:1.6201	forward Loss:0.7426;0.0529	 backward Loss:0.109;0.3397	 Sentiment Loss:0.0021	Valence Loss:1.5043	 Arousal Loss:0.3649	
[2025-11-20 05:08:50,319][run_task2&3_trainer_multilingual.py][line:1284][INFO] Epoch:[1/1]	 Batch:[4000/4840.0]	 Loss Sum:3.1065	forward Loss:0.1017;2.2506	 backward Loss:0.6491;0.0885	 Sentiment Loss:0.0016	Valence Loss:0.0601	 Arousal Loss:0.0151	
[2025-11-20 05:08:51,343][run_task2&3_trainer_multilingual.py][line:1284][INFO] Epoch:[1/1]	 Batch:[4010/4840.0]	 Loss Sum:3.6885	forward Loss:0.0104;1.9421	 backward Loss:1.6512;0.0399	 Sentiment Loss:0.0022	Valence Loss:0.088	 Arousal Loss:0.1262	
[2025-11-20 05:08:52,369][run_task2&3_trainer_multilingual.py][line:1284][INFO] Epoch:[1/1]	 Batch:[4020/4840.0]	 Loss Sum:0.1278	forward Loss:0.0212;0.0258	 backward Loss:0.008;0.0392	 Sentiment Loss:0.01	Valence Loss:0.0573	 Arousal Loss:0.0601	
[2025-11-20 05:08:53,394][run_task2&3_trainer_multilingual.py][line:1284][INFO] Epoch:[1/1]	 Batch:[4030/4840.0]	 Loss Sum:21.903	forward Loss:9.5072;2.2169	 backward Loss:2.9463;6.9597	 Sentiment Loss:0.1141	Valence Loss:0.472	 Arousal Loss:0.322	
[2025-11-20 05:08:54,419][run_task2&3_trainer_multilingual.py][line:1284][INFO] Epoch:[1/1]	 Batch:[4040/4840.0]	 Loss Sum:9.6793	forward Loss:3.4644;2.2375	 backward Loss:1.5196;2.2635	 Sentiment Loss:0.0631	Valence Loss:0.4597	 Arousal Loss:0.1964	
[2025-11-20 05:08:55,444][run_task2&3_trainer_multilingual.py][line:1284][INFO] Epoch:[1/1]	 Batch:[4050/4840.0]	 Loss Sum:0.4394	forward Loss:0.0323;0.0416	 backward Loss:0.0232;0.0781	 Sentiment Loss:0.0031	Valence Loss:0.5227	 Arousal Loss:0.7828	
[2025-11-20 05:08:56,470][run_task2&3_trainer_multilingual.py][line:1284][INFO] Epoch:[1/1]	 Batch:[4060/4840.0]	 Loss Sum:8.0962	forward Loss:4.2575;0.1077	 backward Loss:0.1164;3.5999	 Sentiment Loss:0.002	Valence Loss:0.0267	 Arousal Loss:0.0366	
[2025-11-20 05:08:57,496][run_task2&3_trainer_multilingual.py][line:1284][INFO] Epoch:[1/1]	 Batch:[4070/4840.0]	 Loss Sum:0.8626	forward Loss:0.3513;0.0527	 backward Loss:0.0307;0.3662	 Sentiment Loss:0.0089	Valence Loss:0.2395	 Arousal Loss:0.0246	
[2025-11-20 05:08:58,520][run_task2&3_trainer_multilingual.py][line:1284][INFO] Epoch:[1/1]	 Batch:[4080/4840.0]	 Loss Sum:0.4058	forward Loss:0.1525;0.0422	 backward Loss:0.0189;0.0445	 Sentiment Loss:0.0218	Valence Loss:0.4763	 Arousal Loss:0.1533	
[2025-11-20 05:08:59,545][run_task2&3_trainer_multilingual.py][line:1284][INFO] Epoch:[1/1]	 Batch:[4090/4840.0]	 Loss Sum:2.473	forward Loss:0.028;2.196	 backward Loss:0.1113;0.0327	 Sentiment Loss:0.0346	Valence Loss:0.0704	 Arousal Loss:0.281	
[2025-11-20 05:09:00,571][run_task2&3_trainer_multilingual.py][line:1284][INFO] Epoch:[1/1]	 Batch:[4100/4840.0]	 Loss Sum:1.7101	forward Loss:0.5187;0.3149	 backward Loss:0.5542;0.0557	 Sentiment Loss:0.0028	Valence Loss:0.7004	 Arousal Loss:0.6194	
[2025-11-20 05:09:01,598][run_task2&3_trainer_multilingual.py][line:1284][INFO] Epoch:[1/1]	 Batch:[4110/4840.0]	 Loss Sum:3.6209	forward Loss:0.6143;0.4124	 backward Loss:0.3145;2.2267	 Sentiment Loss:0.025	Valence Loss:0.1162	 Arousal Loss:0.0235	
[2025-11-20 05:09:02,623][run_task2&3_trainer_multilingual.py][line:1284][INFO] Epoch:[1/1]	 Batch:[4120/4840.0]	 Loss Sum:0.2163	forward Loss:0.0084;0.0332	 backward Loss:0.0091;0.016	 Sentiment Loss:0.0051	Valence Loss:0.119	 Arousal Loss:0.6038	
[2025-11-20 05:09:03,649][run_task2&3_trainer_multilingual.py][line:1284][INFO] Epoch:[1/1]	 Batch:[4130/4840.0]	 Loss Sum:28.0744	forward Loss:4.7945;5.729	 backward Loss:17.1028;0.3592	 Sentiment Loss:0.0043	Valence Loss:0.2678	 Arousal Loss:0.1554	
[2025-11-20 05:09:04,674][run_task2&3_trainer_multilingual.py][line:1284][INFO] Epoch:[1/1]	 Batch:[4140/4840.0]	 Loss Sum:0.5714	forward Loss:0.226;0.0628	 backward Loss:0.0456;0.2104	 Sentiment Loss:0.0065	Valence Loss:0.0743	 Arousal Loss:0.0265	
[2025-11-20 05:09:05,699][run_task2&3_trainer_multilingual.py][line:1284][INFO] Epoch:[1/1]	 Batch:[4150/4840.0]	 Loss Sum:0.3976	forward Loss:0.0289;0.0194	 backward Loss:0.0213;0.0206	 Sentiment Loss:0.013	Valence Loss:1.0652	 Arousal Loss:0.4074	
[2025-11-20 05:09:06,723][run_task2&3_trainer_multilingual.py][line:1284][INFO] Epoch:[1/1]	 Batch:[4160/4840.0]	 Loss Sum:11.5219	forward Loss:0.3349;3.4479	 backward Loss:6.612;0.3592	 Sentiment Loss:0.6801	Valence Loss:0.2586	 Arousal Loss:0.1805	
[2025-11-20 05:09:07,749][run_task2&3_trainer_multilingual.py][line:1284][INFO] Epoch:[1/1]	 Batch:[4170/4840.0]	 Loss Sum:0.1223	forward Loss:0.0211;0.0263	 backward Loss:0.0233;0.0305	 Sentiment Loss:0.0039	Valence Loss:0.0464	 Arousal Loss:0.0393	
[2025-11-20 05:09:08,776][run_task2&3_trainer_multilingual.py][line:1284][INFO] Epoch:[1/1]	 Batch:[4180/4840.0]	 Loss Sum:0.3597	forward Loss:0.0879;0.0628	 backward Loss:0.0706;0.1138	 Sentiment Loss:0.0018	Valence Loss:0.0648	 Arousal Loss:0.049	
[2025-11-20 05:09:09,801][run_task2&3_trainer_multilingual.py][line:1284][INFO] Epoch:[1/1]	 Batch:[4190/4840.0]	 Loss Sum:14.0952	forward Loss:2.8382;4.5321	 backward Loss:2.6962;3.948	 Sentiment Loss:0.0029	Valence Loss:0.17	 Arousal Loss:0.2194	
[2025-11-20 05:09:10,826][run_task2&3_trainer_multilingual.py][line:1284][INFO] Epoch:[1/1]	 Batch:[4200/4840.0]	 Loss Sum:0.7822	forward Loss:0.1079;0.1686	 backward Loss:0.128;0.3213	 Sentiment Loss:0.0035	Valence Loss:0.1431	 Arousal Loss:0.1217	
[2025-11-20 05:09:11,852][run_task2&3_trainer_multilingual.py][line:1284][INFO] Epoch:[1/1]	 Batch:[4210/4840.0]	 Loss Sum:2.3589	forward Loss:0.0233;0.8103	 backward Loss:0.6182;0.0205	 Sentiment Loss:0.5297	Valence Loss:1.1203	 Arousal Loss:0.6646	
[2025-11-20 05:09:12,878][run_task2&3_trainer_multilingual.py][line:1284][INFO] Epoch:[1/1]	 Batch:[4220/4840.0]	 Loss Sum:1.0713	forward Loss:0.402;0.0363	 backward Loss:0.052;0.5207	 Sentiment Loss:0.0016	Valence Loss:0.2524	 Arousal Loss:0.0408	
[2025-11-20 05:09:13,902][run_task2&3_trainer_multilingual.py][line:1284][INFO] Epoch:[1/1]	 Batch:[4230/4840.0]	 Loss Sum:0.6704	forward Loss:0.0411;0.2361	 backward Loss:0.2349;0.0548	 Sentiment Loss:0.0194	Valence Loss:0.1578	 Arousal Loss:0.2632	
[2025-11-20 05:09:14,927][run_task2&3_trainer_multilingual.py][line:1284][INFO] Epoch:[1/1]	 Batch:[4240/4840.0]	 Loss Sum:1.1655	forward Loss:0.179;0.0678	 backward Loss:0.7666;0.0573	 Sentiment Loss:0.0038	Valence Loss:0.0584	 Arousal Loss:0.3967	
[2025-11-20 05:09:15,953][run_task2&3_trainer_multilingual.py][line:1284][INFO] Epoch:[1/1]	 Batch:[4250/4840.0]	 Loss Sum:10.9105	forward Loss:0.3811;4.3518	 backward Loss:5.6188;0.513	 Sentiment Loss:0.0071	Valence Loss:0.054	 Arousal Loss:0.1396	
[2025-11-20 05:09:16,977][run_task2&3_trainer_multilingual.py][line:1284][INFO] Epoch:[1/1]	 Batch:[4260/4840.0]	 Loss Sum:6.157	forward Loss:0.9058;2.9765	 backward Loss:2.087;0.0708	 Sentiment Loss:0.0074	Valence Loss:0.1313	 Arousal Loss:0.4165	
[2025-11-20 05:09:18,004][run_task2&3_trainer_multilingual.py][line:1284][INFO] Epoch:[1/1]	 Batch:[4270/4840.0]	 Loss Sum:1.3496	forward Loss:0.0829;0.5994	 backward Loss:0.3432;0.2032	 Sentiment Loss:0.0128	Valence Loss:0.0551	 Arousal Loss:0.4853	
[2025-11-20 05:09:19,028][run_task2&3_trainer_multilingual.py][line:1284][INFO] Epoch:[1/1]	 Batch:[4280/4840.0]	 Loss Sum:9.4395	forward Loss:1.5268;1.9173	 backward Loss:3.6856;1.4246	 Sentiment Loss:0.7337	Valence Loss:0.1842	 Arousal Loss:0.5727	
[2025-11-20 05:09:20,057][run_task2&3_trainer_multilingual.py][line:1284][INFO] Epoch:[1/1]	 Batch:[4290/4840.0]	 Loss Sum:5.0354	forward Loss:0.3344;1.2731	 backward Loss:1.0256;2.2069	 Sentiment Loss:0.0589	Valence Loss:0.5786	 Arousal Loss:0.1029	
[2025-11-20 05:09:21,083][run_task2&3_trainer_multilingual.py][line:1284][INFO] Epoch:[1/1]	 Batch:[4300/4840.0]	 Loss Sum:17.4139	forward Loss:5.8831;2.7457	 backward Loss:1.8705;6.8236	 Sentiment Loss:0.0162	Valence Loss:0.113	 Arousal Loss:0.2613	
[2025-11-20 05:09:22,109][run_task2&3_trainer_multilingual.py][line:1284][INFO] Epoch:[1/1]	 Batch:[4310/4840.0]	 Loss Sum:1.2224	forward Loss:0.6223;0.0639	 backward Loss:0.0326;0.4033	 Sentiment Loss:0.0674	Valence Loss:0.0882	 Arousal Loss:0.0764	
[2025-11-20 05:09:23,134][run_task2&3_trainer_multilingual.py][line:1284][INFO] Epoch:[1/1]	 Batch:[4320/4840.0]	 Loss Sum:2.6973	forward Loss:0.0352;1.1528	 backward Loss:1.3982;0.0301	 Sentiment Loss:0.0027	Valence Loss:0.1049	 Arousal Loss:0.2867	
[2025-11-20 05:09:24,162][run_task2&3_trainer_multilingual.py][line:1284][INFO] Epoch:[1/1]	 Batch:[4330/4840.0]	 Loss Sum:0.3513	forward Loss:0.0107;0.0758	 backward Loss:0.0515;0.0211	 Sentiment Loss:0.0042	Valence Loss:0.0804	 Arousal Loss:0.8594	
[2025-11-20 05:09:25,186][run_task2&3_trainer_multilingual.py][line:1284][INFO] Epoch:[1/1]	 Batch:[4340/4840.0]	 Loss Sum:4.9637	forward Loss:0.1868;2.2121	 backward Loss:1.7509;0.6783	 Sentiment Loss:0.0072	Valence Loss:0.1067	 Arousal Loss:0.5359	
[2025-11-20 05:09:26,210][run_task2&3_trainer_multilingual.py][line:1284][INFO] Epoch:[1/1]	 Batch:[4350/4840.0]	 Loss Sum:6.0965	forward Loss:1.8083;1.233	 backward Loss:0.4429;2.537	 Sentiment Loss:0.0429	Valence Loss:0.0936	 Arousal Loss:0.0684	
[2025-11-20 05:09:27,235][run_task2&3_trainer_multilingual.py][line:1284][INFO] Epoch:[1/1]	 Batch:[4360/4840.0]	 Loss Sum:0.7705	forward Loss:0.077;0.4032	 backward Loss:0.2113;0.0337	 Sentiment Loss:0.0027	Valence Loss:0.1468	 Arousal Loss:0.0662	
[2025-11-20 05:09:28,261][run_task2&3_trainer_multilingual.py][line:1284][INFO] Epoch:[1/1]	 Batch:[4370/4840.0]	 Loss Sum:7.8539	forward Loss:3.8271;0.2368	 backward Loss:1.4356;2.3105	 Sentiment Loss:0.0009	Valence Loss:0.0652	 Arousal Loss:0.15	
[2025-11-20 05:09:29,286][run_task2&3_trainer_multilingual.py][line:1284][INFO] Epoch:[1/1]	 Batch:[4380/4840.0]	 Loss Sum:2.3463	forward Loss:0.0652;1.8765	 backward Loss:0.3067;0.057	 Sentiment Loss:0.0042	Valence Loss:0.0657	 Arousal Loss:0.1173	
[2025-11-20 05:09:30,313][run_task2&3_trainer_multilingual.py][line:1284][INFO] Epoch:[1/1]	 Batch:[4390/4840.0]	 Loss Sum:7.2525	forward Loss:2.4595;1.6637	 backward Loss:1.6529;0.6196	 Sentiment Loss:0.7529	Valence Loss:0.1613	 Arousal Loss:0.3582	
[2025-11-20 05:09:31,341][run_task2&3_trainer_multilingual.py][line:1284][INFO] Epoch:[1/1]	 Batch:[4400/4840.0]	 Loss Sum:6.6009	forward Loss:0.0452;2.3345	 backward Loss:4.1005;0.0699	 Sentiment Loss:0.0027	Valence Loss:0.1733	 Arousal Loss:0.0668	
[2025-11-20 05:09:32,368][run_task2&3_trainer_multilingual.py][line:1284][INFO] Epoch:[1/1]	 Batch:[4410/4840.0]	 Loss Sum:15.8474	forward Loss:6.9427;0.1876	 backward Loss:0.1258;8.4835	 Sentiment Loss:0.0555	Valence Loss:0.2047	 Arousal Loss:0.0569	
[2025-11-20 05:09:33,393][run_task2&3_trainer_multilingual.py][line:1284][INFO] Epoch:[1/1]	 Batch:[4420/4840.0]	 Loss Sum:0.1267	forward Loss:0.0095;0.0311	 backward Loss:0.014;0.0323	 Sentiment Loss:0.0066	Valence Loss:0.0459	 Arousal Loss:0.1208	
[2025-11-20 05:09:34,419][run_task2&3_trainer_multilingual.py][line:1284][INFO] Epoch:[1/1]	 Batch:[4430/4840.0]	 Loss Sum:24.5552	forward Loss:7.128;5.6018	 backward Loss:6.1428;5.517	 Sentiment Loss:0.0075	Valence Loss:0.2296	 Arousal Loss:0.5614	
[2025-11-20 05:09:35,444][run_task2&3_trainer_multilingual.py][line:1284][INFO] Epoch:[1/1]	 Batch:[4440/4840.0]	 Loss Sum:0.3189	forward Loss:0.0315;0.0664	 backward Loss:0.0383;0.0851	 Sentiment Loss:0.0025	Valence Loss:0.3061	 Arousal Loss:0.1685	
[2025-11-20 05:09:36,470][run_task2&3_trainer_multilingual.py][line:1284][INFO] Epoch:[1/1]	 Batch:[4450/4840.0]	 Loss Sum:12.6928	forward Loss:3.2898;4.0652	 backward Loss:2.4458;2.8011	 Sentiment Loss:0.0023	Valence Loss:0.3033	 Arousal Loss:0.139	
[2025-11-20 05:09:37,495][run_task2&3_trainer_multilingual.py][line:1284][INFO] Epoch:[1/1]	 Batch:[4460/4840.0]	 Loss Sum:0.8288	forward Loss:0.2112;0.1155	 backward Loss:0.0666;0.4014	 Sentiment Loss:0.0018	Valence Loss:0.0079	 Arousal Loss:0.1538	
[2025-11-20 05:09:38,522][run_task2&3_trainer_multilingual.py][line:1284][INFO] Epoch:[1/1]	 Batch:[4470/4840.0]	 Loss Sum:2.1793	forward Loss:0.0603;0.2692	 backward Loss:0.6528;0.102	 Sentiment Loss:1.0026	Valence Loss:0.0512	 Arousal Loss:0.411	
[2025-11-20 05:09:39,547][run_task2&3_trainer_multilingual.py][line:1284][INFO] Epoch:[1/1]	 Batch:[4480/4840.0]	 Loss Sum:4.7675	forward Loss:0.2661;1.6821	 backward Loss:2.1328;0.2151	 Sentiment Loss:0.4089	Valence Loss:0.2491	 Arousal Loss:0.0632	
[2025-11-20 05:09:40,573][run_task2&3_trainer_multilingual.py][line:1284][INFO] Epoch:[1/1]	 Batch:[4490/4840.0]	 Loss Sum:1.6666	forward Loss:0.1271;0.3895	 backward Loss:0.2409;0.3844	 Sentiment Loss:0.4588	Valence Loss:0.1964	 Arousal Loss:0.133	
[2025-11-20 05:09:41,599][run_task2&3_trainer_multilingual.py][line:1284][INFO] Epoch:[1/1]	 Batch:[4500/4840.0]	 Loss Sum:8.7296	forward Loss:2.2246;1.3371	 backward Loss:3.9738;1.1535	 Sentiment Loss:0.0061	Valence Loss:0.0749	 Arousal Loss:0.0974	
[2025-11-20 05:09:42,628][run_task2&3_trainer_multilingual.py][line:1284][INFO] Epoch:[1/1]	 Batch:[4510/4840.0]	 Loss Sum:9.7772	forward Loss:3.2289;3.4646	 backward Loss:0.6007;2.352	 Sentiment Loss:0.0141	Valence Loss:0.379	 Arousal Loss:0.206	
[2025-11-20 05:09:43,653][run_task2&3_trainer_multilingual.py][line:1284][INFO] Epoch:[1/1]	 Batch:[4520/4840.0]	 Loss Sum:6.3396	forward Loss:1.721;1.8648	 backward Loss:1.9149;0.8	 Sentiment Loss:0.0153	Valence Loss:0.0216	 Arousal Loss:0.0959	
[2025-11-20 05:09:44,679][run_task2&3_trainer_multilingual.py][line:1284][INFO] Epoch:[1/1]	 Batch:[4530/4840.0]	 Loss Sum:1.6897	forward Loss:0.3261;0.1587	 backward Loss:0.3411;0.5797	 Sentiment Loss:0.0109	Valence Loss:0.5635	 Arousal Loss:0.8024	
[2025-11-20 05:09:45,703][run_task2&3_trainer_multilingual.py][line:1284][INFO] Epoch:[1/1]	 Batch:[4540/4840.0]	 Loss Sum:1.4681	forward Loss:0.68;0.1182	 backward Loss:0.0776;0.5409	 Sentiment Loss:0.0278	Valence Loss:0.0259	 Arousal Loss:0.0918	
[2025-11-20 05:09:46,730][run_task2&3_trainer_multilingual.py][line:1284][INFO] Epoch:[1/1]	 Batch:[4550/4840.0]	 Loss Sum:4.4706	forward Loss:1.1373;0.7313	 backward Loss:1.4;0.5662	 Sentiment Loss:0.5886	Valence Loss:0.075	 Arousal Loss:0.1613	
[2025-11-20 05:09:47,757][run_task2&3_trainer_multilingual.py][line:1284][INFO] Epoch:[1/1]	 Batch:[4560/4840.0]	 Loss Sum:6.7285	forward Loss:0.8543;1.7237	 backward Loss:2.9242;0.8284	 Sentiment Loss:0.0047	Valence Loss:0.6919	 Arousal Loss:1.274	
[2025-11-20 05:09:48,785][run_task2&3_trainer_multilingual.py][line:1284][INFO] Epoch:[1/1]	 Batch:[4570/4840.0]	 Loss Sum:2.5615	forward Loss:0.6951;0.359	 backward Loss:0.1942;0.7979	 Sentiment Loss:0.3798	Valence Loss:0.4792	 Arousal Loss:0.1979	
[2025-11-20 05:09:49,811][run_task2&3_trainer_multilingual.py][line:1284][INFO] Epoch:[1/1]	 Batch:[4580/4840.0]	 Loss Sum:1.1013	forward Loss:0.1971;0.1797	 backward Loss:0.1782;0.3681	 Sentiment Loss:0.0033	Valence Loss:0.6592	 Arousal Loss:0.2155	
[2025-11-20 05:09:50,838][run_task2&3_trainer_multilingual.py][line:1284][INFO] Epoch:[1/1]	 Batch:[4590/4840.0]	 Loss Sum:0.4637	forward Loss:0.1191;0.0297	 backward Loss:0.0288;0.2436	 Sentiment Loss:0.0086	Valence Loss:0.1353	 Arousal Loss:0.0336	
[2025-11-20 05:09:51,863][run_task2&3_trainer_multilingual.py][line:1284][INFO] Epoch:[1/1]	 Batch:[4600/4840.0]	 Loss Sum:2.6827	forward Loss:1.9245;0.2389	 backward Loss:0.4354;0.0386	 Sentiment Loss:0.0017	Valence Loss:0.1572	 Arousal Loss:0.0607	
[2025-11-20 05:09:52,892][run_task2&3_trainer_multilingual.py][line:1284][INFO] Epoch:[1/1]	 Batch:[4610/4840.0]	 Loss Sum:7.9339	forward Loss:0.745;3.3402	 backward Loss:3.2807;0.1473	 Sentiment Loss:0.0036	Valence Loss:0.6982	 Arousal Loss:1.3877	
[2025-11-20 05:09:53,915][run_task2&3_trainer_multilingual.py][line:1284][INFO] Epoch:[1/1]	 Batch:[4620/4840.0]	 Loss Sum:0.2665	forward Loss:0.0266;0.0867	 backward Loss:0.0425;0.021	 Sentiment Loss:0.0005	Valence Loss:0.3555	 Arousal Loss:0.0906	
[2025-11-20 05:09:54,944][run_task2&3_trainer_multilingual.py][line:1284][INFO] Epoch:[1/1]	 Batch:[4630/4840.0]	 Loss Sum:1.0589	forward Loss:0.2847;0.3028	 backward Loss:0.3638;0.051	 Sentiment Loss:0.0093	Valence Loss:0.1964	 Arousal Loss:0.0403	
[2025-11-20 05:09:55,971][run_task2&3_trainer_multilingual.py][line:1284][INFO] Epoch:[1/1]	 Batch:[4640/4840.0]	 Loss Sum:1.1409	forward Loss:0.0668;0.5456	 backward Loss:0.3547;0.0985	 Sentiment Loss:0.0068	Valence Loss:0.162	 Arousal Loss:0.1804	
[2025-11-20 05:09:56,997][run_task2&3_trainer_multilingual.py][line:1284][INFO] Epoch:[1/1]	 Batch:[4650/4840.0]	 Loss Sum:4.8098	forward Loss:1.8177;0.8997	 backward Loss:0.4799;1.5971	 Sentiment Loss:0.0037	Valence Loss:0.0356	 Arousal Loss:0.0224	
[2025-11-20 05:09:58,023][run_task2&3_trainer_multilingual.py][line:1284][INFO] Epoch:[1/1]	 Batch:[4660/4840.0]	 Loss Sum:2.8779	forward Loss:0.178;0.1619	 backward Loss:0.1278;0.298	 Sentiment Loss:1.8764	Valence Loss:0.0853	 Arousal Loss:1.0943	
[2025-11-20 05:09:59,049][run_task2&3_trainer_multilingual.py][line:1284][INFO] Epoch:[1/1]	 Batch:[4670/4840.0]	 Loss Sum:0.8617	forward Loss:0.2103;0.0651	 backward Loss:0.081;0.1906	 Sentiment Loss:0.0289	Valence Loss:0.4575	 Arousal Loss:0.9717	
[2025-11-20 05:10:00,075][run_task2&3_trainer_multilingual.py][line:1284][INFO] Epoch:[1/1]	 Batch:[4680/4840.0]	 Loss Sum:0.4639	forward Loss:0.0322;0.0718	 backward Loss:0.0239;0.0389	 Sentiment Loss:0.0059	Valence Loss:0.9262	 Arousal Loss:0.5295	
[2025-11-20 05:10:01,101][run_task2&3_trainer_multilingual.py][line:1284][INFO] Epoch:[1/1]	 Batch:[4690/4840.0]	 Loss Sum:6.4195	forward Loss:4.3862;0.3198	 backward Loss:0.6134;1.0785	 Sentiment Loss:0.0041	Valence Loss:0.0805	 Arousal Loss:0.0073	
[2025-11-20 05:10:02,128][run_task2&3_trainer_multilingual.py][line:1284][INFO] Epoch:[1/1]	 Batch:[4700/4840.0]	 Loss Sum:5.7541	forward Loss:0.821;2.667	 backward Loss:1.1168;0.5887	 Sentiment Loss:0.0103	Valence Loss:1.5033	 Arousal Loss:1.2484	
[2025-11-20 05:10:03,156][run_task2&3_trainer_multilingual.py][line:1284][INFO] Epoch:[1/1]	 Batch:[4710/4840.0]	 Loss Sum:3.7951	forward Loss:1.001;0.7832	 backward Loss:0.8286;0.7384	 Sentiment Loss:0.3959	Valence Loss:0.1407	 Arousal Loss:0.0994	
[2025-11-20 05:10:04,183][run_task2&3_trainer_multilingual.py][line:1284][INFO] Epoch:[1/1]	 Batch:[4720/4840.0]	 Loss Sum:3.0536	forward Loss:0.3377;0.9711	 backward Loss:0.6378;0.7085	 Sentiment Loss:0.0265	Valence Loss:1.0457	 Arousal Loss:0.8145	
[2025-11-20 05:10:05,207][run_task2&3_trainer_multilingual.py][line:1284][INFO] Epoch:[1/1]	 Batch:[4730/4840.0]	 Loss Sum:15.7098	forward Loss:7.4431;1.3354	 backward Loss:1.3768;5.0856	 Sentiment Loss:0.387	Valence Loss:0.2727	 Arousal Loss:0.1363	
[2025-11-20 05:10:06,233][run_task2&3_trainer_multilingual.py][line:1284][INFO] Epoch:[1/1]	 Batch:[4740/4840.0]	 Loss Sum:3.5149	forward Loss:0.0764;1.7037	 backward Loss:1.3508;0.1856	 Sentiment Loss:0.1753	Valence Loss:0.0349	 Arousal Loss:0.0814	
[2025-11-20 05:10:07,259][run_task2&3_trainer_multilingual.py][line:1284][INFO] Epoch:[1/1]	 Batch:[4750/4840.0]	 Loss Sum:0.5595	forward Loss:0.1999;0.19	 backward Loss:0.0864;0.0555	 Sentiment Loss:0.0014	Valence Loss:0.0711	 Arousal Loss:0.0608	
[2025-11-20 05:10:08,285][run_task2&3_trainer_multilingual.py][line:1284][INFO] Epoch:[1/1]	 Batch:[4760/4840.0]	 Loss Sum:4.9642	forward Loss:0.278;2.708	 backward Loss:0.8403;0.1832	 Sentiment Loss:0.7784	Valence Loss:0.0477	 Arousal Loss:0.8338	
[2025-11-20 05:10:09,309][run_task2&3_trainer_multilingual.py][line:1284][INFO] Epoch:[1/1]	 Batch:[4770/4840.0]	 Loss Sum:0.413	forward Loss:0.1662;0.0614	 backward Loss:0.0321;0.0992	 Sentiment Loss:0.0442	Valence Loss:0.0221	 Arousal Loss:0.0267	
[2025-11-20 05:10:10,339][run_task2&3_trainer_multilingual.py][line:1284][INFO] Epoch:[1/1]	 Batch:[4780/4840.0]	 Loss Sum:5.984	forward Loss:1.0138;0.715	 backward Loss:0.1278;4.0169	 Sentiment Loss:0.0019	Valence Loss:0.159	 Arousal Loss:0.3839	
[2025-11-20 05:10:11,365][run_task2&3_trainer_multilingual.py][line:1284][INFO] Epoch:[1/1]	 Batch:[4790/4840.0]	 Loss Sum:1.3195	forward Loss:0.7895;0.0871	 backward Loss:0.166;0.2403	 Sentiment Loss:0.0116	Valence Loss:0.0603	 Arousal Loss:0.0648	
[2025-11-20 05:10:12,391][run_task2&3_trainer_multilingual.py][line:1284][INFO] Epoch:[1/1]	 Batch:[4800/4840.0]	 Loss Sum:2.3567	forward Loss:0.1561;1.0655	 backward Loss:0.9555;0.1472	 Sentiment Loss:0.0035	Valence Loss:0.0411	 Arousal Loss:0.1035	
[2025-11-20 05:10:13,418][run_task2&3_trainer_multilingual.py][line:1284][INFO] Epoch:[1/1]	 Batch:[4810/4840.0]	 Loss Sum:0.9726	forward Loss:0.21;0.1241	 backward Loss:0.3825;0.1032	 Sentiment Loss:0.0435	Valence Loss:0.2523	 Arousal Loss:0.2937	
[2025-11-20 05:10:14,445][run_task2&3_trainer_multilingual.py][line:1284][INFO] Epoch:[1/1]	 Batch:[4820/4840.0]	 Loss Sum:8.9765	forward Loss:2.6986;0.2051	 backward Loss:0.0785;5.9752	 Sentiment Loss:0.0043	Valence Loss:0.0596	 Arousal Loss:0.0146	
[2025-11-20 05:10:15,470][run_task2&3_trainer_multilingual.py][line:1284][INFO] Epoch:[1/1]	 Batch:[4830/4840.0]	 Loss Sum:8.4038	forward Loss:0.3383;3.1239	 backward Loss:2.0692;0.6276	 Sentiment Loss:1.9798	Valence Loss:1.1872	 Arousal Loss:0.1372	
[2025-11-20 05:10:16,495][run_task2&3_trainer_multilingual.py][line:1284][INFO] Epoch:[1/1]	 Batch:[4840/4840.0]	 Loss Sum:13.7666	forward Loss:3.798;2.2408	 backward Loss:1.5487;6.0773	 Sentiment Loss:0.0145	Valence Loss:0.3113	 Arousal Loss:0.1253	
[2025-11-20 05:10:16,495][run_task2&3_trainer_multilingual.py][line:1296][INFO] dev
[2025-11-20 05:10:47,412][run_task2&3_trainer_multilingual.py][line:578][INFO] Triplet - Precision: 0.7069377986202524	Recall: 0.6936619714239073	F1: 0.7002364664550919
[2025-11-20 05:10:47,412][run_task2&3_trainer_multilingual.py][line:583][INFO] Aspect - Precision: 0.8839972041341738	Recall: 0.8489932880208098	F1: 0.8661412318946993
[2025-11-20 05:10:47,412][run_task2&3_trainer_multilingual.py][line:588][INFO] Opinion - Precision: 0.8510911419441006	Recall: 0.8090298957846065	F1: 0.829527182004387
[2025-11-20 05:10:47,412][run_task2&3_trainer_multilingual.py][line:594][INFO] Aspect-Category - Precision: 0.83058984853869	Recall: 0.7977602102781552	F1: 0.8138435856781128
[2025-11-20 05:10:47,412][run_task2&3_trainer_multilingual.py][line:602][INFO] Aspect-Opinion - Precision: 0.7470095689312143	Recall: 0.7329812202271236	F1: 0.7399284095595204
[2025-11-20 05:10:47,413][run_task2&3_trainer_multilingual.py][line:1302][INFO] Model saved after epoch 1
[2025-11-20 05:10:48,251][run_task2&3_trainer_multilingual.py][line:1313][INFO] loading model......
[2025-11-20 05:10:48,933][run_task2&3_trainer_multilingual.py][line:1316][INFO] inference......
