[2025-11-20 04:33:58,319][_client.py][line:1025][INFO] HTTP Request: HEAD https://huggingface.co/bert-base-multilingual-cased/resolve/main/tokenizer_config.json "HTTP/1.1 200 OK"
[2025-11-20 04:33:58,868][_client.py][line:1025][INFO] HTTP Request: GET https://huggingface.co/api/models/bert-base-multilingual-cased/tree/main/additional_chat_templates?recursive=false&expand=false "HTTP/1.1 307 Temporary Redirect"
[2025-11-20 04:33:59,065][_client.py][line:1025][INFO] HTTP Request: GET https://huggingface.co/api/models/google-bert/bert-base-multilingual-cased/tree/main/additional_chat_templates?recursive=false&expand=false "HTTP/1.1 404 Not Found"
[2025-11-20 04:33:59,637][run_task2&3_trainer_multilingual.py][line:1127][INFO] initial optimizer......
[2025-11-20 04:33:59,638][run_task2&3_trainer_multilingual.py][line:1145][INFO] New model and optimizer from epoch 1
[2025-11-20 04:33:59,638][run_task2&3_trainer_multilingual.py][line:1154][INFO] begin training......
[2025-11-20 04:34:01,014][run_task2&3_trainer_multilingual.py][line:1284][INFO] Epoch:[1/1]	 Batch:[10/4840.0]	 Loss Sum:84.6394	forward Loss:13.2219;22.2242	 backward Loss:13.2442;15.5858	 Sentiment Loss:3.9194	Valence Loss:42.9268	 Arousal Loss:39.2926	
[2025-11-20 04:34:02,192][run_task2&3_trainer_multilingual.py][line:1284][INFO] Epoch:[1/1]	 Batch:[20/4840.0]	 Loss Sum:64.4689	forward Loss:11.8079;16.0539	 backward Loss:10.3625;11.1658	 Sentiment Loss:3.8249	Valence Loss:21.1279	 Arousal Loss:35.1415	
[2025-11-20 04:34:03,372][run_task2&3_trainer_multilingual.py][line:1284][INFO] Epoch:[1/1]	 Batch:[30/4840.0]	 Loss Sum:44.0425	forward Loss:6.931;7.9651	 backward Loss:6.4536;6.5695	 Sentiment Loss:3.638	Valence Loss:32.7695	 Arousal Loss:29.6573	
[2025-11-20 04:34:04,550][run_task2&3_trainer_multilingual.py][line:1284][INFO] Epoch:[1/1]	 Batch:[40/4840.0]	 Loss Sum:57.6753	forward Loss:11.7628;11.0204	 backward Loss:11.8844;9.8138	 Sentiment Loss:3.5683	Valence Loss:25.7835	 Arousal Loss:22.3451	
[2025-11-20 04:34:05,730][run_task2&3_trainer_multilingual.py][line:1284][INFO] Epoch:[1/1]	 Batch:[50/4840.0]	 Loss Sum:59.03	forward Loss:7.5256;9.3765	 backward Loss:8.4116;8.3279	 Sentiment Loss:3.2502	Valence Loss:53.2202	 Arousal Loss:57.4707	
[2025-11-20 04:34:06,909][run_task2&3_trainer_multilingual.py][line:1284][INFO] Epoch:[1/1]	 Batch:[60/4840.0]	 Loss Sum:53.2847	forward Loss:8.0886;8.623	 backward Loss:7.9412;7.5208	 Sentiment Loss:2.9049	Valence Loss:46.7048	 Arousal Loss:44.3254	
[2025-11-20 04:34:08,088][run_task2&3_trainer_multilingual.py][line:1284][INFO] Epoch:[1/1]	 Batch:[70/4840.0]	 Loss Sum:59.6225	forward Loss:11.3621;9.9815	 backward Loss:12.6774;10.4738	 Sentiment Loss:3.365	Valence Loss:33.0115	 Arousal Loss:25.8018	
[2025-11-20 04:34:09,266][run_task2&3_trainer_multilingual.py][line:1284][INFO] Epoch:[1/1]	 Batch:[80/4840.0]	 Loss Sum:50.8502	forward Loss:7.0983;7.6736	 backward Loss:12.103;7.3169	 Sentiment Loss:3.2999	Valence Loss:36.1414	 Arousal Loss:30.6508	
[2025-11-20 04:34:10,446][run_task2&3_trainer_multilingual.py][line:1284][INFO] Epoch:[1/1]	 Batch:[90/4840.0]	 Loss Sum:37.1194	forward Loss:6.3886;8.0558	 backward Loss:6.581;7.9987	 Sentiment Loss:1.5554	Valence Loss:19.3362	 Arousal Loss:13.3632	
[2025-11-20 04:34:11,624][run_task2&3_trainer_multilingual.py][line:1284][INFO] Epoch:[1/1]	 Batch:[100/4840.0]	 Loss Sum:28.5399	forward Loss:4.9711;6.54	 backward Loss:4.6015;6.4715	 Sentiment Loss:1.2221	Valence Loss:13.4704	 Arousal Loss:10.1979	
[2025-11-20 04:34:12,804][run_task2&3_trainer_multilingual.py][line:1284][INFO] Epoch:[1/1]	 Batch:[110/4840.0]	 Loss Sum:61.501	forward Loss:10.9711;12.1692	 backward Loss:13.7345;11.5368	 Sentiment Loss:5.4413	Valence Loss:18.6711	 Arousal Loss:19.5698	
[2025-11-20 04:34:13,983][run_task2&3_trainer_multilingual.py][line:1284][INFO] Epoch:[1/1]	 Batch:[120/4840.0]	 Loss Sum:43.7637	forward Loss:12.4344;9.5682	 backward Loss:11.4653;9.3963	 Sentiment Loss:0.4759	Valence Loss:0.2062	 Arousal Loss:1.912	
[2025-11-20 04:34:15,163][run_task2&3_trainer_multilingual.py][line:1284][INFO] Epoch:[1/1]	 Batch:[130/4840.0]	 Loss Sum:38.9239	forward Loss:6.3035;9.9877	 backward Loss:8.9301;8.1636	 Sentiment Loss:4.3334	Valence Loss:5.9388	 Arousal Loss:0.0888	
[2025-11-20 04:34:16,342][run_task2&3_trainer_multilingual.py][line:1284][INFO] Epoch:[1/1]	 Batch:[140/4840.0]	 Loss Sum:44.6677	forward Loss:11.446;8.7502	 backward Loss:11.3813;9.4695	 Sentiment Loss:3.3853	Valence Loss:0.7578	 Arousal Loss:0.4185	
[2025-11-20 04:34:17,523][run_task2&3_trainer_multilingual.py][line:1284][INFO] Epoch:[1/1]	 Batch:[150/4840.0]	 Loss Sum:37.3192	forward Loss:10.7958;7.6613	 backward Loss:9.6881;7.5345	 Sentiment Loss:1.3263	Valence Loss:1.1151	 Arousal Loss:0.4513	
[2025-11-20 04:34:18,703][run_task2&3_trainer_multilingual.py][line:1284][INFO] Epoch:[1/1]	 Batch:[160/4840.0]	 Loss Sum:23.9567	forward Loss:3.9572;5.9063	 backward Loss:6.008;4.8317	 Sentiment Loss:3.094	Valence Loss:0.0447	 Arousal Loss:0.7532	
[2025-11-20 04:34:19,889][run_task2&3_trainer_multilingual.py][line:1284][INFO] Epoch:[1/1]	 Batch:[170/4840.0]	 Loss Sum:23.259	forward Loss:4.6807;6.3403	 backward Loss:5.3477;5.7459	 Sentiment Loss:0.2943	Valence Loss:3.1655	 Arousal Loss:1.0849	
[2025-11-20 04:34:21,070][run_task2&3_trainer_multilingual.py][line:1284][INFO] Epoch:[1/1]	 Batch:[180/4840.0]	 Loss Sum:18.1822	forward Loss:3.2057;3.9231	 backward Loss:3.8486;3.6331	 Sentiment Loss:3.5233	Valence Loss:0.1528	 Arousal Loss:0.0895	
[2025-11-20 04:34:22,249][run_task2&3_trainer_multilingual.py][line:1284][INFO] Epoch:[1/1]	 Batch:[190/4840.0]	 Loss Sum:12.7071	forward Loss:2.6131;3.1356	 backward Loss:2.3931;2.9863	 Sentiment Loss:0.4343	Valence Loss:5.5843	 Arousal Loss:0.1389	
[2025-11-20 04:34:23,429][run_task2&3_trainer_multilingual.py][line:1284][INFO] Epoch:[1/1]	 Batch:[200/4840.0]	 Loss Sum:7.102	forward Loss:1.6027;1.2341	 backward Loss:1.7531;2.1457	 Sentiment Loss:0.3037	Valence Loss:0.0685	 Arousal Loss:0.245	
[2025-11-20 04:34:24,621][run_task2&3_trainer_multilingual.py][line:1284][INFO] Epoch:[1/1]	 Batch:[210/4840.0]	 Loss Sum:6.6759	forward Loss:1.4836;1.9231	 backward Loss:1.3487;1.3573	 Sentiment Loss:0.2694	Valence Loss:1.0327	 Arousal Loss:0.4362	
[2025-11-20 04:34:25,803][run_task2&3_trainer_multilingual.py][line:1284][INFO] Epoch:[1/1]	 Batch:[220/4840.0]	 Loss Sum:13.8494	forward Loss:4.8491;2.6475	 backward Loss:2.1547;3.881	 Sentiment Loss:0.2185	Valence Loss:0.263	 Arousal Loss:0.23	
[2025-11-20 04:34:26,983][run_task2&3_trainer_multilingual.py][line:1284][INFO] Epoch:[1/1]	 Batch:[230/4840.0]	 Loss Sum:10.1153	forward Loss:1.9408;3.063	 backward Loss:2.5574;2.1004	 Sentiment Loss:0.1675	Valence Loss:0.1571	 Arousal Loss:1.2736	
[2025-11-20 04:34:28,167][run_task2&3_trainer_multilingual.py][line:1284][INFO] Epoch:[1/1]	 Batch:[240/4840.0]	 Loss Sum:9.45	forward Loss:3.7338;1.4444	 backward Loss:1.2883;2.7945	 Sentiment Loss:0.1262	Valence Loss:0.251	 Arousal Loss:0.0633	
[2025-11-20 04:34:29,350][run_task2&3_trainer_multilingual.py][line:1284][INFO] Epoch:[1/1]	 Batch:[250/4840.0]	 Loss Sum:11.179	forward Loss:1.6003;2.9223	 backward Loss:2.4412;2.1067	 Sentiment Loss:0.7249	Valence Loss:2.9548	 Arousal Loss:3.9636	
[2025-11-20 04:34:30,533][run_task2&3_trainer_multilingual.py][line:1284][INFO] Epoch:[1/1]	 Batch:[260/4840.0]	 Loss Sum:31.9553	forward Loss:3.3477;9.8574	 backward Loss:9.6795;3.1203	 Sentiment Loss:4.0056	Valence Loss:6.4684	 Arousal Loss:3.2555	
[2025-11-20 04:34:31,714][run_task2&3_trainer_multilingual.py][line:1284][INFO] Epoch:[1/1]	 Batch:[270/4840.0]	 Loss Sum:38.7249	forward Loss:15.4301;1.1601	 backward Loss:0.8914;15.9042	 Sentiment Loss:4.8079	Valence Loss:1.8215	 Arousal Loss:0.8341	
[2025-11-20 04:34:32,894][run_task2&3_trainer_multilingual.py][line:1284][INFO] Epoch:[1/1]	 Batch:[280/4840.0]	 Loss Sum:25.6082	forward Loss:9.7954;1.7896	 backward Loss:1.6976;9.3189	 Sentiment Loss:2.5665	Valence Loss:1.9682	 Arousal Loss:0.2329	
[2025-11-20 04:34:34,075][run_task2&3_trainer_multilingual.py][line:1284][INFO] Epoch:[1/1]	 Batch:[290/4840.0]	 Loss Sum:6.8251	forward Loss:1.3579;1.1076	 backward Loss:0.8626;2.1281	 Sentiment Loss:0.5174	Valence Loss:4.2228	 Arousal Loss:0.0348	
[2025-11-20 04:34:35,258][run_task2&3_trainer_multilingual.py][line:1284][INFO] Epoch:[1/1]	 Batch:[300/4840.0]	 Loss Sum:9.1721	forward Loss:1.9287;1.5281	 backward Loss:1.6804;3.52	 Sentiment Loss:0.4658	Valence Loss:0.0279	 Arousal Loss:0.218	
[2025-11-20 04:34:36,439][run_task2&3_trainer_multilingual.py][line:1284][INFO] Epoch:[1/1]	 Batch:[310/4840.0]	 Loss Sum:13.4505	forward Loss:1.624;3.2352	 backward Loss:1.0884;2.1225	 Sentiment Loss:4.2824	Valence Loss:4.2327	 Arousal Loss:1.2573	
[2025-11-20 04:34:37,618][run_task2&3_trainer_multilingual.py][line:1284][INFO] Epoch:[1/1]	 Batch:[320/4840.0]	 Loss Sum:18.3994	forward Loss:3.2229;4.0841	 backward Loss:5.272;4.6953	 Sentiment Loss:0.3328	Valence Loss:2.3603	 Arousal Loss:1.6019	
[2025-11-20 04:34:38,801][run_task2&3_trainer_multilingual.py][line:1284][INFO] Epoch:[1/1]	 Batch:[330/4840.0]	 Loss Sum:10.9346	forward Loss:1.0097;4.2838	 backward Loss:2.9349;2.2377	 Sentiment Loss:0.3969	Valence Loss:0.1943	 Arousal Loss:0.1633	
[2025-11-20 04:34:39,980][run_task2&3_trainer_multilingual.py][line:1284][INFO] Epoch:[1/1]	 Batch:[340/4840.0]	 Loss Sum:15.2491	forward Loss:1.6577;6.2562	 backward Loss:2.9028;3.9777	 Sentiment Loss:0.3639	Valence Loss:0.3417	 Arousal Loss:0.1129	
[2025-11-20 04:34:41,162][run_task2&3_trainer_multilingual.py][line:1284][INFO] Epoch:[1/1]	 Batch:[350/4840.0]	 Loss Sum:18.7438	forward Loss:3.906;4.5518	 backward Loss:5.4128;1.6402	 Sentiment Loss:2.4355	Valence Loss:2.8087	 Arousal Loss:1.1786	
[2025-11-20 04:34:42,342][run_task2&3_trainer_multilingual.py][line:1284][INFO] Epoch:[1/1]	 Batch:[360/4840.0]	 Loss Sum:17.3133	forward Loss:1.2549;6.2578	 backward Loss:5.7892;2.1039	 Sentiment Loss:1.7386	Valence Loss:0.7606	 Arousal Loss:0.0842	
[2025-11-20 04:34:43,522][run_task2&3_trainer_multilingual.py][line:1284][INFO] Epoch:[1/1]	 Batch:[370/4840.0]	 Loss Sum:9.2598	forward Loss:3.8623;1.275	 backward Loss:0.7556;2.6392	 Sentiment Loss:0.6349	Valence Loss:0.2561	 Arousal Loss:0.2077	
[2025-11-20 04:34:44,705][run_task2&3_trainer_multilingual.py][line:1284][INFO] Epoch:[1/1]	 Batch:[380/4840.0]	 Loss Sum:18.8283	forward Loss:3.7906;6.8812	 backward Loss:5.311;2.516	 Sentiment Loss:0.1763	Valence Loss:0.7411	 Arousal Loss:0.0247	
[2025-11-20 04:34:45,888][run_task2&3_trainer_multilingual.py][line:1284][INFO] Epoch:[1/1]	 Batch:[390/4840.0]	 Loss Sum:13.959	forward Loss:4.4205;0.5933	 backward Loss:0.5073;4.3091	 Sentiment Loss:3.7102	Valence Loss:1.9683	 Arousal Loss:0.1246	
[2025-11-20 04:34:47,070][run_task2&3_trainer_multilingual.py][line:1284][INFO] Epoch:[1/1]	 Batch:[400/4840.0]	 Loss Sum:3.3536	forward Loss:0.5824;0.6116	 backward Loss:0.8545;0.522	 Sentiment Loss:0.4482	Valence Loss:0.2642	 Arousal Loss:1.4104	
[2025-11-20 04:34:48,252][run_task2&3_trainer_multilingual.py][line:1284][INFO] Epoch:[1/1]	 Batch:[410/4840.0]	 Loss Sum:25.0973	forward Loss:2.1353;9.2125	 backward Loss:10.4748;1.444	 Sentiment Loss:0.4795	Valence Loss:2.2756	 Arousal Loss:4.4803	
[2025-11-20 04:34:49,434][run_task2&3_trainer_multilingual.py][line:1284][INFO] Epoch:[1/1]	 Batch:[420/4840.0]	 Loss Sum:9.124	forward Loss:1.2376;2.7846	 backward Loss:2.3806;2.1889	 Sentiment Loss:0.2667	Valence Loss:0.7089	 Arousal Loss:0.6189	
[2025-11-20 04:34:50,613][run_task2&3_trainer_multilingual.py][line:1284][INFO] Epoch:[1/1]	 Batch:[430/4840.0]	 Loss Sum:11.8429	forward Loss:2.9876;2.5526	 backward Loss:2.8927;2.3798	 Sentiment Loss:0.3423	Valence Loss:3.0198	 Arousal Loss:0.4195	
[2025-11-20 04:34:51,796][run_task2&3_trainer_multilingual.py][line:1284][INFO] Epoch:[1/1]	 Batch:[440/4840.0]	 Loss Sum:4.4646	forward Loss:1.7796;0.4443	 backward Loss:0.2872;1.659	 Sentiment Loss:0.2359	Valence Loss:0.2345	 Arousal Loss:0.0589	
[2025-11-20 04:34:52,978][run_task2&3_trainer_multilingual.py][line:1284][INFO] Epoch:[1/1]	 Batch:[450/4840.0]	 Loss Sum:28.182	forward Loss:9.9897;3.9546	 backward Loss:3.0677;10.4693	 Sentiment Loss:0.2599	Valence Loss:1.3124	 Arousal Loss:0.8917	
[2025-11-20 04:34:54,158][run_task2&3_trainer_multilingual.py][line:1284][INFO] Epoch:[1/1]	 Batch:[460/4840.0]	 Loss Sum:7.1557	forward Loss:2.0901;1.4006	 backward Loss:1.0543;2.2295	 Sentiment Loss:0.1296	Valence Loss:0.2521	 Arousal Loss:1.0057	
[2025-11-20 04:34:55,338][run_task2&3_trainer_multilingual.py][line:1284][INFO] Epoch:[1/1]	 Batch:[470/4840.0]	 Loss Sum:8.0446	forward Loss:2.1198;1.5494	 backward Loss:0.9191;3.0033	 Sentiment Loss:0.0337	Valence Loss:0.7459	 Arousal Loss:1.351	
[2025-11-20 04:34:56,521][run_task2&3_trainer_multilingual.py][line:1284][INFO] Epoch:[1/1]	 Batch:[480/4840.0]	 Loss Sum:13.0291	forward Loss:1.2351;4.9718	 backward Loss:4.0249;2.666	 Sentiment Loss:0.0337	Valence Loss:0.321	 Arousal Loss:0.1671	
[2025-11-20 04:34:57,701][run_task2&3_trainer_multilingual.py][line:1284][INFO] Epoch:[1/1]	 Batch:[490/4840.0]	 Loss Sum:2.9083	forward Loss:0.6185;0.3545	 backward Loss:0.1592;0.6782	 Sentiment Loss:0.1309	Valence Loss:3.1307	 Arousal Loss:1.7038	
[2025-11-20 04:34:58,883][run_task2&3_trainer_multilingual.py][line:1284][INFO] Epoch:[1/1]	 Batch:[500/4840.0]	 Loss Sum:2.0349	forward Loss:0.516;0.1763	 backward Loss:0.2998;0.3555	 Sentiment Loss:0.4324	Valence Loss:0.2472	 Arousal Loss:1.0276	
[2025-11-20 04:35:00,067][run_task2&3_trainer_multilingual.py][line:1284][INFO] Epoch:[1/1]	 Batch:[510/4840.0]	 Loss Sum:17.9405	forward Loss:4.615;0.6416	 backward Loss:0.6375;4.967	 Sentiment Loss:4.7264	Valence Loss:11.0162	 Arousal Loss:0.7491	
[2025-11-20 04:35:01,250][run_task2&3_trainer_multilingual.py][line:1284][INFO] Epoch:[1/1]	 Batch:[520/4840.0]	 Loss Sum:9.5166	forward Loss:2.1464;2.355	 backward Loss:2.4585;1.8844	 Sentiment Loss:0.1552	Valence Loss:0.805	 Arousal Loss:1.7801	
[2025-11-20 04:35:02,433][run_task2&3_trainer_multilingual.py][line:1284][INFO] Epoch:[1/1]	 Batch:[530/4840.0]	 Loss Sum:29.0853	forward Loss:3.9222;11.0106	 backward Loss:9.7675;3.5132	 Sentiment Loss:0.6792	Valence Loss:0.1015	 Arousal Loss:0.8617	
[2025-11-20 04:35:03,615][run_task2&3_trainer_multilingual.py][line:1284][INFO] Epoch:[1/1]	 Batch:[540/4840.0]	 Loss Sum:15.6991	forward Loss:4.1739;3.4384	 backward Loss:3.8121;4.0741	 Sentiment Loss:0.1223	Valence Loss:0.2716	 Arousal Loss:0.1197	
[2025-11-20 04:35:04,794][run_task2&3_trainer_multilingual.py][line:1284][INFO] Epoch:[1/1]	 Batch:[550/4840.0]	 Loss Sum:11.6778	forward Loss:0.2801;3.8075	 backward Loss:3.139;0.2724	 Sentiment Loss:3.1522	Valence Loss:3.0093	 Arousal Loss:2.1239	
[2025-11-20 04:35:05,976][run_task2&3_trainer_multilingual.py][line:1284][INFO] Epoch:[1/1]	 Batch:[560/4840.0]	 Loss Sum:4.7145	forward Loss:2.0848;0.6393	 backward Loss:0.1789;1.1546	 Sentiment Loss:0.6189	Valence Loss:0.0314	 Arousal Loss:0.1586	
[2025-11-20 04:35:07,159][run_task2&3_trainer_multilingual.py][line:1284][INFO] Epoch:[1/1]	 Batch:[570/4840.0]	 Loss Sum:4.3743	forward Loss:0.2412;2.5367	 backward Loss:0.7241;0.3374	 Sentiment Loss:0.3766	Valence Loss:0.2126	 Arousal Loss:0.579	
[2025-11-20 04:35:08,343][run_task2&3_trainer_multilingual.py][line:1284][INFO] Epoch:[1/1]	 Batch:[580/4840.0]	 Loss Sum:28.9155	forward Loss:9.1433;2.9895	 backward Loss:2.5361;6.9576	 Sentiment Loss:5.9456	Valence Loss:4.8231	 Arousal Loss:1.8941	
[2025-11-20 04:35:09,523][run_task2&3_trainer_multilingual.py][line:1284][INFO] Epoch:[1/1]	 Batch:[590/4840.0]	 Loss Sum:19.8749	forward Loss:2.3566;5.6039	 backward Loss:5.6808;2.284	 Sentiment Loss:2.892	Valence Loss:4.0531	 Arousal Loss:1.2345	
[2025-11-20 04:35:10,705][run_task2&3_trainer_multilingual.py][line:1284][INFO] Epoch:[1/1]	 Batch:[600/4840.0]	 Loss Sum:32.0917	forward Loss:6.2295;9.9298	 backward Loss:6.9664;4.2064	 Sentiment Loss:4.6259	Valence Loss:0.2004	 Arousal Loss:0.4684	
[2025-11-20 04:35:11,885][run_task2&3_trainer_multilingual.py][line:1284][INFO] Epoch:[1/1]	 Batch:[610/4840.0]	 Loss Sum:12.7202	forward Loss:2.0195;2.2475	 backward Loss:2.4149;1.1211	 Sentiment Loss:4.7895	Valence Loss:0.1741	 Arousal Loss:0.4641	
[2025-11-20 04:35:13,067][run_task2&3_trainer_multilingual.py][line:1284][INFO] Epoch:[1/1]	 Batch:[620/4840.0]	 Loss Sum:9.5644	forward Loss:1.2166;3.5847	 backward Loss:1.6446;1.719	 Sentiment Loss:0.8087	Valence Loss:2.3843	 Arousal Loss:0.5697	
[2025-11-20 04:35:14,251][run_task2&3_trainer_multilingual.py][line:1284][INFO] Epoch:[1/1]	 Batch:[630/4840.0]	 Loss Sum:1.923	forward Loss:0.6959;0.226	 backward Loss:0.1446;0.553	 Sentiment Loss:0.2783	Valence Loss:0.0732	 Arousal Loss:0.053	
[2025-11-20 04:35:15,432][run_task2&3_trainer_multilingual.py][line:1284][INFO] Epoch:[1/1]	 Batch:[640/4840.0]	 Loss Sum:6.5995	forward Loss:0.9898;2.3748	 backward Loss:0.5079;2.3516	 Sentiment Loss:0.163	Valence Loss:0.7513	 Arousal Loss:0.3105	
[2025-11-20 04:35:16,613][run_task2&3_trainer_multilingual.py][line:1284][INFO] Epoch:[1/1]	 Batch:[650/4840.0]	 Loss Sum:26.8557	forward Loss:1.4433;7.9724	 backward Loss:8.3653;1.2087	 Sentiment Loss:7.4292	Valence Loss:1.4212	 Arousal Loss:0.7632	
[2025-11-20 04:35:17,796][run_task2&3_trainer_multilingual.py][line:1284][INFO] Epoch:[1/1]	 Batch:[660/4840.0]	 Loss Sum:3.8609	forward Loss:0.4171;0.2613	 backward Loss:0.1131;1.0542	 Sentiment Loss:1.9889	Valence Loss:0.1095	 Arousal Loss:0.0218	
[2025-11-20 04:35:18,976][run_task2&3_trainer_multilingual.py][line:1284][INFO] Epoch:[1/1]	 Batch:[670/4840.0]	 Loss Sum:11.3043	forward Loss:2.5868;2.41	 backward Loss:1.6882;3.2725	 Sentiment Loss:0.8617	Valence Loss:2.2752	 Arousal Loss:0.1509	
[2025-11-20 04:35:20,157][run_task2&3_trainer_multilingual.py][line:1284][INFO] Epoch:[1/1]	 Batch:[680/4840.0]	 Loss Sum:3.5791	forward Loss:0.1956;0.9385	 backward Loss:1.9;0.2042	 Sentiment Loss:0.2984	Valence Loss:0.1329	 Arousal Loss:0.0793	
[2025-11-20 04:35:21,338][run_task2&3_trainer_multilingual.py][line:1284][INFO] Epoch:[1/1]	 Batch:[690/4840.0]	 Loss Sum:21.8228	forward Loss:3.4549;3.6963	 backward Loss:12.2458;1.8927	 Sentiment Loss:0.1469	Valence Loss:0.9008	 Arousal Loss:1.0306	
[2025-11-20 04:35:22,520][run_task2&3_trainer_multilingual.py][line:1284][INFO] Epoch:[1/1]	 Batch:[700/4840.0]	 Loss Sum:11.4305	forward Loss:6.0516;0.2608	 backward Loss:0.5685;3.8156	 Sentiment Loss:0.3084	Valence Loss:1.8812	 Arousal Loss:0.2469	
[2025-11-20 04:35:23,701][run_task2&3_trainer_multilingual.py][line:1284][INFO] Epoch:[1/1]	 Batch:[710/4840.0]	 Loss Sum:31.0011	forward Loss:2.0326;12.1523	 backward Loss:11.3932;4.6821	 Sentiment Loss:0.4535	Valence Loss:1.2505	 Arousal Loss:0.1862	
[2025-11-20 04:35:24,882][run_task2&3_trainer_multilingual.py][line:1284][INFO] Epoch:[1/1]	 Batch:[720/4840.0]	 Loss Sum:16.0358	forward Loss:2.9952;3.0913	 backward Loss:1.8886;3.0435	 Sentiment Loss:4.2829	Valence Loss:1.7478	 Arousal Loss:1.9234	
[2025-11-20 04:35:26,063][run_task2&3_trainer_multilingual.py][line:1284][INFO] Epoch:[1/1]	 Batch:[730/4840.0]	 Loss Sum:8.8432	forward Loss:0.3593;3.8972	 backward Loss:1.1801;0.2393	 Sentiment Loss:3.1079	Valence Loss:0.0786	 Arousal Loss:0.218	
[2025-11-20 04:35:27,246][run_task2&3_trainer_multilingual.py][line:1284][INFO] Epoch:[1/1]	 Batch:[740/4840.0]	 Loss Sum:6.9279	forward Loss:0.2624;0.3394	 backward Loss:0.3144;0.2084	 Sentiment Loss:5.6693	Valence Loss:0.0848	 Arousal Loss:0.585	
[2025-11-20 04:35:28,426][run_task2&3_trainer_multilingual.py][line:1284][INFO] Epoch:[1/1]	 Batch:[750/4840.0]	 Loss Sum:19.6974	forward Loss:4.6436;3.4162	 backward Loss:0.566;9.2922	 Sentiment Loss:1.1151	Valence Loss:2.3278	 Arousal Loss:0.9941	
[2025-11-20 04:35:29,608][run_task2&3_trainer_multilingual.py][line:1284][INFO] Epoch:[1/1]	 Batch:[760/4840.0]	 Loss Sum:8.6104	forward Loss:0.8369;2.4737	 backward Loss:1.5253;3.5219	 Sentiment Loss:0.2016	Valence Loss:0.1582	 Arousal Loss:0.0969	
[2025-11-20 04:35:30,790][run_task2&3_trainer_multilingual.py][line:1284][INFO] Epoch:[1/1]	 Batch:[770/4840.0]	 Loss Sum:9.6985	forward Loss:0.9709;0.9944	 backward Loss:1.0364;0.9025	 Sentiment Loss:5.7623	Valence Loss:0.0568	 Arousal Loss:0.1028	
[2025-11-20 04:35:31,972][run_task2&3_trainer_multilingual.py][line:1284][INFO] Epoch:[1/1]	 Batch:[780/4840.0]	 Loss Sum:2.1206	forward Loss:0.4971;0.4494	 backward Loss:0.4505;0.4591	 Sentiment Loss:0.2241	Valence Loss:0.0205	 Arousal Loss:0.1811	
[2025-11-20 04:35:33,153][run_task2&3_trainer_multilingual.py][line:1284][INFO] Epoch:[1/1]	 Batch:[790/4840.0]	 Loss Sum:7.5575	forward Loss:1.7757;1.4341	 backward Loss:2.6502;1.2186	 Sentiment Loss:0.1143	Valence Loss:1.7812	 Arousal Loss:0.0413	
[2025-11-20 04:35:34,334][run_task2&3_trainer_multilingual.py][line:1284][INFO] Epoch:[1/1]	 Batch:[800/4840.0]	 Loss Sum:33.2542	forward Loss:0.8003;14.9041	 backward Loss:11.6309;0.6601	 Sentiment Loss:5.0394	Valence Loss:0.2356	 Arousal Loss:0.8616	
[2025-11-20 04:35:35,516][run_task2&3_trainer_multilingual.py][line:1284][INFO] Epoch:[1/1]	 Batch:[810/4840.0]	 Loss Sum:1.7968	forward Loss:0.2242;0.264	 backward Loss:0.1529;0.2724	 Sentiment Loss:0.433	Valence Loss:0.7041	 Arousal Loss:1.5479	
[2025-11-20 04:35:36,698][run_task2&3_trainer_multilingual.py][line:1284][INFO] Epoch:[1/1]	 Batch:[820/4840.0]	 Loss Sum:12.2003	forward Loss:4.5371;1.7312	 backward Loss:0.7682;4.3563	 Sentiment Loss:0.5028	Valence Loss:0.8075	 Arousal Loss:0.7162	
[2025-11-20 04:35:37,881][run_task2&3_trainer_multilingual.py][line:1284][INFO] Epoch:[1/1]	 Batch:[830/4840.0]	 Loss Sum:8.2201	forward Loss:0.727;4.7027	 backward Loss:2.1169;0.4569	 Sentiment Loss:0.0577	Valence Loss:0.0547	 Arousal Loss:0.7394	
[2025-11-20 04:35:39,064][run_task2&3_trainer_multilingual.py][line:1284][INFO] Epoch:[1/1]	 Batch:[840/4840.0]	 Loss Sum:0.9665	forward Loss:0.1463;0.1811	 backward Loss:0.2178;0.1825	 Sentiment Loss:0.0531	Valence Loss:0.0413	 Arousal Loss:0.8879	
[2025-11-20 04:35:40,247][run_task2&3_trainer_multilingual.py][line:1284][INFO] Epoch:[1/1]	 Batch:[850/4840.0]	 Loss Sum:27.9994	forward Loss:5.2451;3.973	 backward Loss:14.3529;2.9172	 Sentiment Loss:1.2745	Valence Loss:0.8352	 Arousal Loss:0.3478	
[2025-11-20 04:35:41,427][run_task2&3_trainer_multilingual.py][line:1284][INFO] Epoch:[1/1]	 Batch:[860/4840.0]	 Loss Sum:17.4764	forward Loss:5.2971;2.2339	 backward Loss:3.4241;5.754	 Sentiment Loss:0.6586	Valence Loss:0.4242	 Arousal Loss:0.1187	
[2025-11-20 04:35:42,610][run_task2&3_trainer_multilingual.py][line:1284][INFO] Epoch:[1/1]	 Batch:[870/4840.0]	 Loss Sum:6.5389	forward Loss:0.236;2.7042	 backward Loss:1.7298;1.4054	 Sentiment Loss:0.1016	Valence Loss:0.2847	 Arousal Loss:1.5246	
[2025-11-20 04:35:43,791][run_task2&3_trainer_multilingual.py][line:1284][INFO] Epoch:[1/1]	 Batch:[880/4840.0]	 Loss Sum:10.9468	forward Loss:0.3569;5.648	 backward Loss:4.6251;0.1241	 Sentiment Loss:0.1076	Valence Loss:0.348	 Arousal Loss:0.0778	
[2025-11-20 04:35:44,971][run_task2&3_trainer_multilingual.py][line:1284][INFO] Epoch:[1/1]	 Batch:[890/4840.0]	 Loss Sum:22.6386	forward Loss:6.6082;2.4276	 backward Loss:4.8335;1.497	 Sentiment Loss:6.1996	Valence Loss:4.521	 Arousal Loss:0.8434	
[2025-11-20 04:35:46,155][run_task2&3_trainer_multilingual.py][line:1284][INFO] Epoch:[1/1]	 Batch:[900/4840.0]	 Loss Sum:30.3982	forward Loss:9.6673;1.6524	 backward Loss:1.0594;13.9544	 Sentiment Loss:3.0733	Valence Loss:3.7026	 Arousal Loss:1.2543	
[2025-11-20 04:35:47,335][run_task2&3_trainer_multilingual.py][line:1284][INFO] Epoch:[1/1]	 Batch:[910/4840.0]	 Loss Sum:7.4809	forward Loss:0.6871;0.2772	 backward Loss:0.1835;0.6955	 Sentiment Loss:4.69	Valence Loss:2.7704	 Arousal Loss:1.9673	
[2025-11-20 04:35:48,784][run_task2&3_trainer_multilingual.py][line:1284][INFO] Epoch:[1/1]	 Batch:[920/4840.0]	 Loss Sum:1.7873	forward Loss:0.1389;0.1978	 backward Loss:0.1067;0.1852	 Sentiment Loss:0.3319	Valence Loss:3.7223	 Arousal Loss:0.4122	
[2025-11-20 04:35:49,966][run_task2&3_trainer_multilingual.py][line:1284][INFO] Epoch:[1/1]	 Batch:[930/4840.0]	 Loss Sum:6.0881	forward Loss:0.245;0.1613	 backward Loss:0.1654;0.1428	 Sentiment Loss:5.2852	Valence Loss:0.0392	 Arousal Loss:0.4023	
[2025-11-20 04:35:51,150][run_task2&3_trainer_multilingual.py][line:1284][INFO] Epoch:[1/1]	 Batch:[940/4840.0]	 Loss Sum:20.1596	forward Loss:3.8352;6.2251	 backward Loss:5.882;2.342	 Sentiment Loss:0.2674	Valence Loss:7.0436	 Arousal Loss:0.9961	
[2025-11-20 04:35:52,331][run_task2&3_trainer_multilingual.py][line:1284][INFO] Epoch:[1/1]	 Batch:[950/4840.0]	 Loss Sum:3.5582	forward Loss:0.2725;1.1852	 backward Loss:1.0235;0.3655	 Sentiment Loss:0.3792	Valence Loss:1.3336	 Arousal Loss:0.3281	
[2025-11-20 04:35:53,512][run_task2&3_trainer_multilingual.py][line:1284][INFO] Epoch:[1/1]	 Batch:[960/4840.0]	 Loss Sum:18.0671	forward Loss:5.5047;4.4774	 backward Loss:2.099;5.7254	 Sentiment Loss:0.2094	Valence Loss:0.0649	 Arousal Loss:0.1907	
[2025-11-20 04:35:54,693][run_task2&3_trainer_multilingual.py][line:1284][INFO] Epoch:[1/1]	 Batch:[970/4840.0]	 Loss Sum:11.5495	forward Loss:3.0352;3.3479	 backward Loss:0.5955;2.7974	 Sentiment Loss:1.2536	Valence Loss:1.7402	 Arousal Loss:0.8595	
[2025-11-20 04:35:55,875][run_task2&3_trainer_multilingual.py][line:1284][INFO] Epoch:[1/1]	 Batch:[980/4840.0]	 Loss Sum:15.5673	forward Loss:3.5957;2.8381	 backward Loss:2.1283;6.5705	 Sentiment Loss:0.3335	Valence Loss:0.2384	 Arousal Loss:0.268	
[2025-11-20 04:35:57,057][run_task2&3_trainer_multilingual.py][line:1284][INFO] Epoch:[1/1]	 Batch:[990/4840.0]	 Loss Sum:7.5377	forward Loss:2.6959;1.5981	 backward Loss:1.088;1.8339	 Sentiment Loss:0.1749	Valence Loss:0.1132	 Arousal Loss:0.6215	
[2025-11-20 04:35:58,239][run_task2&3_trainer_multilingual.py][line:1284][INFO] Epoch:[1/1]	 Batch:[1000/4840.0]	 Loss Sum:17.3887	forward Loss:3.0286;5.3276	 backward Loss:3.513;2.0514	 Sentiment Loss:3.4098	Valence Loss:0.2632	 Arousal Loss:0.0282	
[2025-11-20 04:35:59,422][run_task2&3_trainer_multilingual.py][line:1284][INFO] Epoch:[1/1]	 Batch:[1010/4840.0]	 Loss Sum:11.5717	forward Loss:0.6765;2.9018	 backward Loss:4.1347;0.5523	 Sentiment Loss:2.8767	Valence Loss:1.7447	 Arousal Loss:0.4041	
[2025-11-20 04:36:00,606][run_task2&3_trainer_multilingual.py][line:1284][INFO] Epoch:[1/1]	 Batch:[1020/4840.0]	 Loss Sum:3.1927	forward Loss:0.3056;0.2206	 backward Loss:0.1331;0.2383	 Sentiment Loss:2.1324	Valence Loss:0.0531	 Arousal Loss:0.7604	
[2025-11-20 04:36:01,789][run_task2&3_trainer_multilingual.py][line:1284][INFO] Epoch:[1/1]	 Batch:[1030/4840.0]	 Loss Sum:4.5407	forward Loss:1.2131;0.2776	 backward Loss:0.3176;0.8884	 Sentiment Loss:1.4097	Valence Loss:1.8596	 Arousal Loss:0.3122	
[2025-11-20 04:36:02,969][run_task2&3_trainer_multilingual.py][line:1284][INFO] Epoch:[1/1]	 Batch:[1040/4840.0]	 Loss Sum:13.8654	forward Loss:4.9875;0.6783	 backward Loss:1.4189;4.0834	 Sentiment Loss:2.5002	Valence Loss:0.6078	 Arousal Loss:0.3775	
[2025-11-20 04:36:04,150][run_task2&3_trainer_multilingual.py][line:1284][INFO] Epoch:[1/1]	 Batch:[1050/4840.0]	 Loss Sum:4.4551	forward Loss:0.462;0.6362	 backward Loss:0.2772;0.9952	 Sentiment Loss:0.3453	Valence Loss:8.3243	 Arousal Loss:0.3721	
[2025-11-20 04:36:05,332][run_task2&3_trainer_multilingual.py][line:1284][INFO] Epoch:[1/1]	 Batch:[1060/4840.0]	 Loss Sum:5.8109	forward Loss:2.0968;0.7133	 backward Loss:0.8208;1.7798	 Sentiment Loss:0.3765	Valence Loss:0.0244	 Arousal Loss:0.0944	
[2025-11-20 04:36:06,517][run_task2&3_trainer_multilingual.py][line:1284][INFO] Epoch:[1/1]	 Batch:[1070/4840.0]	 Loss Sum:2.8539	forward Loss:0.5784;0.3729	 backward Loss:0.5756;0.6682	 Sentiment Loss:0.0749	Valence Loss:1.7524	 Arousal Loss:1.167	
[2025-11-20 04:36:07,697][run_task2&3_trainer_multilingual.py][line:1284][INFO] Epoch:[1/1]	 Batch:[1080/4840.0]	 Loss Sum:16.6272	forward Loss:8.6788;1.4351	 backward Loss:0.2862;5.9908	 Sentiment Loss:0.0614	Valence Loss:0.7187	 Arousal Loss:0.1562	
[2025-11-20 04:36:08,880][run_task2&3_trainer_multilingual.py][line:1284][INFO] Epoch:[1/1]	 Batch:[1090/4840.0]	 Loss Sum:3.1527	forward Loss:0.6706;0.3613	 backward Loss:0.4904;1.169	 Sentiment Loss:0.1502	Valence Loss:0.4838	 Arousal Loss:1.0717	
[2025-11-20 04:36:10,063][run_task2&3_trainer_multilingual.py][line:1284][INFO] Epoch:[1/1]	 Batch:[1100/4840.0]	 Loss Sum:5.3622	forward Loss:3.2219;0.1108	 backward Loss:0.1191;1.4494	 Sentiment Loss:0.4279	Valence Loss:0.1085	 Arousal Loss:0.0574	
[2025-11-20 04:36:11,248][run_task2&3_trainer_multilingual.py][line:1284][INFO] Epoch:[1/1]	 Batch:[1110/4840.0]	 Loss Sum:1.2956	forward Loss:0.2661;0.1915	 backward Loss:0.1987;0.3559	 Sentiment Loss:0.2681	Valence Loss:0.0561	 Arousal Loss:0.021	
[2025-11-20 04:36:12,430][run_task2&3_trainer_multilingual.py][line:1284][INFO] Epoch:[1/1]	 Batch:[1120/4840.0]	 Loss Sum:7.7596	forward Loss:0.4291;2.4665	 backward Loss:0.5491;0.6583	 Sentiment Loss:3.5717	Valence Loss:0.2508	 Arousal Loss:0.1736	
[2025-11-20 04:36:13,612][run_task2&3_trainer_multilingual.py][line:1284][INFO] Epoch:[1/1]	 Batch:[1130/4840.0]	 Loss Sum:21.1681	forward Loss:10.3405;2.0704	 backward Loss:6.6312;2.0119	 Sentiment Loss:0.0963	Valence Loss:0.0591	 Arousal Loss:0.0296	
[2025-11-20 04:36:14,797][run_task2&3_trainer_multilingual.py][line:1284][INFO] Epoch:[1/1]	 Batch:[1140/4840.0]	 Loss Sum:4.621	forward Loss:1.8973;0.3251	 backward Loss:0.2391;1.4479	 Sentiment Loss:0.2062	Valence Loss:1.3896	 Arousal Loss:1.1374	
[2025-11-20 04:36:15,981][run_task2&3_trainer_multilingual.py][line:1284][INFO] Epoch:[1/1]	 Batch:[1150/4840.0]	 Loss Sum:9.2302	forward Loss:1.6282;0.7984	 backward Loss:0.6546;1.1812	 Sentiment Loss:4.3761	Valence Loss:2.7668	 Arousal Loss:0.1915	
[2025-11-20 04:36:17,164][run_task2&3_trainer_multilingual.py][line:1284][INFO] Epoch:[1/1]	 Batch:[1160/4840.0]	 Loss Sum:3.3991	forward Loss:0.2806;1.2113	 backward Loss:1.3809;0.2207	 Sentiment Loss:0.0758	Valence Loss:0.8851	 Arousal Loss:0.2645	
[2025-11-20 04:36:18,347][run_task2&3_trainer_multilingual.py][line:1284][INFO] Epoch:[1/1]	 Batch:[1170/4840.0]	 Loss Sum:5.1144	forward Loss:0.4654;2.2771	 backward Loss:1.6856;0.4827	 Sentiment Loss:0.1054	Valence Loss:0.3056	 Arousal Loss:0.1856	
[2025-11-20 04:36:19,529][run_task2&3_trainer_multilingual.py][line:1284][INFO] Epoch:[1/1]	 Batch:[1180/4840.0]	 Loss Sum:10.9047	forward Loss:5.9183;0.8781	 backward Loss:1.2491;2.7168	 Sentiment Loss:0.1077	Valence Loss:0.0688	 Arousal Loss:0.1046	
[2025-11-20 04:36:20,713][run_task2&3_trainer_multilingual.py][line:1284][INFO] Epoch:[1/1]	 Batch:[1190/4840.0]	 Loss Sum:2.9683	forward Loss:1.5229;0.143	 backward Loss:0.3546;0.5454	 Sentiment Loss:0.1104	Valence Loss:0.4595	 Arousal Loss:1.0003	
[2025-11-20 04:36:21,895][run_task2&3_trainer_multilingual.py][line:1284][INFO] Epoch:[1/1]	 Batch:[1200/4840.0]	 Loss Sum:23.7676	forward Loss:0.5239;13.0253	 backward Loss:9.5962;0.3167	 Sentiment Loss:0.2643	Valence Loss:0.0788	 Arousal Loss:0.1276	
[2025-11-20 04:36:23,078][run_task2&3_trainer_multilingual.py][line:1284][INFO] Epoch:[1/1]	 Batch:[1210/4840.0]	 Loss Sum:17.3683	forward Loss:3.611;3.1537	 backward Loss:7.3216;3.0107	 Sentiment Loss:0.0306	Valence Loss:0.3154	 Arousal Loss:0.888	
[2025-11-20 04:36:24,260][run_task2&3_trainer_multilingual.py][line:1284][INFO] Epoch:[1/1]	 Batch:[1220/4840.0]	 Loss Sum:18.904	forward Loss:4.1409;3.789	 backward Loss:8.0672;2.3595	 Sentiment Loss:0.1049	Valence Loss:1.2153	 Arousal Loss:0.9974	
[2025-11-20 04:36:25,444][run_task2&3_trainer_multilingual.py][line:1284][INFO] Epoch:[1/1]	 Batch:[1230/4840.0]	 Loss Sum:7.8734	forward Loss:0.2464;4.9751	 backward Loss:1.7479;0.4433	 Sentiment Loss:0.3199	Valence Loss:0.0966	 Arousal Loss:0.6077	
[2025-11-20 04:36:26,629][run_task2&3_trainer_multilingual.py][line:1284][INFO] Epoch:[1/1]	 Batch:[1240/4840.0]	 Loss Sum:9.2477	forward Loss:0.3532;0.2637	 backward Loss:0.2449;3.2686	 Sentiment Loss:4.8221	Valence Loss:1.3633	 Arousal Loss:0.1128	
[2025-11-20 04:36:27,813][run_task2&3_trainer_multilingual.py][line:1284][INFO] Epoch:[1/1]	 Batch:[1250/4840.0]	 Loss Sum:13.3827	forward Loss:1.4273;4.9275	 backward Loss:5.1483;0.8198	 Sentiment Loss:0.3133	Valence Loss:3.4965	 Arousal Loss:0.2355	
[2025-11-20 04:36:28,996][run_task2&3_trainer_multilingual.py][line:1284][INFO] Epoch:[1/1]	 Batch:[1260/4840.0]	 Loss Sum:11.595	forward Loss:0.1299;3.8813	 backward Loss:7.1672;0.1672	 Sentiment Loss:0.1078	Valence Loss:0.4251	 Arousal Loss:0.2831	
[2025-11-20 04:36:30,181][run_task2&3_trainer_multilingual.py][line:1284][INFO] Epoch:[1/1]	 Batch:[1270/4840.0]	 Loss Sum:9.1263	forward Loss:2.8445;1.9893	 backward Loss:1.8559;1.9004	 Sentiment Loss:0.1341	Valence Loss:1.8149	 Arousal Loss:0.1955	
[2025-11-20 04:36:31,364][run_task2&3_trainer_multilingual.py][line:1284][INFO] Epoch:[1/1]	 Batch:[1280/4840.0]	 Loss Sum:4.701	forward Loss:1.9792;0.1538	 backward Loss:0.207;2.2805	 Sentiment Loss:0.0658	Valence Loss:0.0372	 Arousal Loss:0.036	
[2025-11-20 04:36:32,547][run_task2&3_trainer_multilingual.py][line:1284][INFO] Epoch:[1/1]	 Batch:[1290/4840.0]	 Loss Sum:1.6801	forward Loss:0.4171;0.139	 backward Loss:0.1132;0.5705	 Sentiment Loss:0.0465	Valence Loss:0.9476	 Arousal Loss:1.0218	
[2025-11-20 04:36:33,730][run_task2&3_trainer_multilingual.py][line:1284][INFO] Epoch:[1/1]	 Batch:[1300/4840.0]	 Loss Sum:1.727	forward Loss:0.083;0.5199	 backward Loss:0.3486;0.0552	 Sentiment Loss:0.6623	Valence Loss:0.2055	 Arousal Loss:0.0851	
[2025-11-20 04:36:34,913][run_task2&3_trainer_multilingual.py][line:1284][INFO] Epoch:[1/1]	 Batch:[1310/4840.0]	 Loss Sum:5.8664	forward Loss:0.8095;2.5508	 backward Loss:1.8367;0.4635	 Sentiment Loss:0.0795	Valence Loss:0.0936	 Arousal Loss:0.5385	
[2025-11-20 04:36:36,095][run_task2&3_trainer_multilingual.py][line:1284][INFO] Epoch:[1/1]	 Batch:[1320/4840.0]	 Loss Sum:8.6129	forward Loss:0.3714;3.8583	 backward Loss:2.1855;2.0443	 Sentiment Loss:0.0671	Valence Loss:0.4186	 Arousal Loss:0.0135	
[2025-11-20 04:36:37,277][run_task2&3_trainer_multilingual.py][line:1284][INFO] Epoch:[1/1]	 Batch:[1330/4840.0]	 Loss Sum:5.2161	forward Loss:0.4236;0.272	 backward Loss:0.2194;0.5665	 Sentiment Loss:3.0869	Valence Loss:1.8445	 Arousal Loss:1.3942	
[2025-11-20 04:36:38,459][run_task2&3_trainer_multilingual.py][line:1284][INFO] Epoch:[1/1]	 Batch:[1340/4840.0]	 Loss Sum:12.2079	forward Loss:2.1262;4.7581	 backward Loss:3.1051;1.6265	 Sentiment Loss:0.1045	Valence Loss:2.2159	 Arousal Loss:0.2213	
[2025-11-20 04:36:39,639][run_task2&3_trainer_multilingual.py][line:1284][INFO] Epoch:[1/1]	 Batch:[1350/4840.0]	 Loss Sum:24.1745	forward Loss:7.4718;0.5698	 backward Loss:0.1785;10.3585	 Sentiment Loss:4.0737	Valence Loss:4.0404	 Arousal Loss:3.5703	
[2025-11-20 04:36:40,826][run_task2&3_trainer_multilingual.py][line:1284][INFO] Epoch:[1/1]	 Batch:[1360/4840.0]	 Loss Sum:9.8796	forward Loss:0.2884;1.4491	 backward Loss:1.2903;0.547	 Sentiment Loss:5.0657	Valence Loss:6.1777	 Arousal Loss:0.0183	
[2025-11-20 04:36:42,010][run_task2&3_trainer_multilingual.py][line:1284][INFO] Epoch:[1/1]	 Batch:[1370/4840.0]	 Loss Sum:18.6308	forward Loss:6.6689;3.1416	 backward Loss:1.7703;6.6246	 Sentiment Loss:0.2903	Valence Loss:0.448	 Arousal Loss:0.2276	
[2025-11-20 04:36:43,191][run_task2&3_trainer_multilingual.py][line:1284][INFO] Epoch:[1/1]	 Batch:[1380/4840.0]	 Loss Sum:15.6204	forward Loss:0.3423;6.5871	 backward Loss:5.9777;0.4081	 Sentiment Loss:2.2766	Valence Loss:0.1079	 Arousal Loss:0.0353	
[2025-11-20 04:36:44,376][run_task2&3_trainer_multilingual.py][line:1284][INFO] Epoch:[1/1]	 Batch:[1390/4840.0]	 Loss Sum:4.4287	forward Loss:1.412;1.7674	 backward Loss:0.3948;0.5855	 Sentiment Loss:0.0578	Valence Loss:0.4948	 Arousal Loss:0.5614	
[2025-11-20 04:36:45,558][run_task2&3_trainer_multilingual.py][line:1284][INFO] Epoch:[1/1]	 Batch:[1400/4840.0]	 Loss Sum:9.6163	forward Loss:1.5552;2.9869	 backward Loss:2.9753;1.6662	 Sentiment Loss:0.1685	Valence Loss:0.8539	 Arousal Loss:0.4672	
[2025-11-20 04:36:46,744][run_task2&3_trainer_multilingual.py][line:1284][INFO] Epoch:[1/1]	 Batch:[1410/4840.0]	 Loss Sum:10.0439	forward Loss:3.8637;0.7628	 backward Loss:2.2666;2.5443	 Sentiment Loss:0.5335	Valence Loss:0.1862	 Arousal Loss:0.1784	
[2025-11-20 04:36:47,926][run_task2&3_trainer_multilingual.py][line:1284][INFO] Epoch:[1/1]	 Batch:[1420/4840.0]	 Loss Sum:2.1401	forward Loss:0.3058;0.1501	 backward Loss:0.0999;0.2089	 Sentiment Loss:1.3065	Valence Loss:0.2931	 Arousal Loss:0.0509	
[2025-11-20 04:36:49,110][run_task2&3_trainer_multilingual.py][line:1284][INFO] Epoch:[1/1]	 Batch:[1430/4840.0]	 Loss Sum:1.0066	forward Loss:0.0474;0.3025	 backward Loss:0.1936;0.0685	 Sentiment Loss:0.2554	Valence Loss:0.3732	 Arousal Loss:0.3222	
[2025-11-20 04:36:50,293][run_task2&3_trainer_multilingual.py][line:1284][INFO] Epoch:[1/1]	 Batch:[1440/4840.0]	 Loss Sum:24.7756	forward Loss:2.0338;2.618	 backward Loss:12.0483;4.4867	 Sentiment Loss:3.1473	Valence Loss:1.6671	 Arousal Loss:0.5404	
[2025-11-20 04:36:51,476][run_task2&3_trainer_multilingual.py][line:1284][INFO] Epoch:[1/1]	 Batch:[1450/4840.0]	 Loss Sum:14.7119	forward Loss:0.5804;3.4188	 backward Loss:7.2232;2.7306	 Sentiment Loss:0.3876	Valence Loss:1.7605	 Arousal Loss:0.0961	
[2025-11-20 04:36:52,660][run_task2&3_trainer_multilingual.py][line:1284][INFO] Epoch:[1/1]	 Batch:[1460/4840.0]	 Loss Sum:11.3652	forward Loss:0.1622;5.1401	 backward Loss:5.6371;0.0742	 Sentiment Loss:0.2348	Valence Loss:0.4295	 Arousal Loss:0.1547	
[2025-11-20 04:36:53,840][run_task2&3_trainer_multilingual.py][line:1284][INFO] Epoch:[1/1]	 Batch:[1470/4840.0]	 Loss Sum:52.7937	forward Loss:17.4264;8.0839	 backward Loss:4.645;19.9711	 Sentiment Loss:2.6052	Valence Loss:0.113	 Arousal Loss:0.1973	
[2025-11-20 04:36:55,025][run_task2&3_trainer_multilingual.py][line:1284][INFO] Epoch:[1/1]	 Batch:[1480/4840.0]	 Loss Sum:15.6806	forward Loss:3.2305;3.9355	 backward Loss:5.8575;1.5703	 Sentiment Loss:0.3242	Valence Loss:1.52	 Arousal Loss:2.2931	
[2025-11-20 04:36:56,207][run_task2&3_trainer_multilingual.py][line:1284][INFO] Epoch:[1/1]	 Batch:[1490/4840.0]	 Loss Sum:12.5859	forward Loss:0.9183;6.2689	 backward Loss:3.772;1.0708	 Sentiment Loss:0.192	Valence Loss:0.2019	 Arousal Loss:1.6183	
[2025-11-20 04:36:57,390][run_task2&3_trainer_multilingual.py][line:1284][INFO] Epoch:[1/1]	 Batch:[1500/4840.0]	 Loss Sum:15.4742	forward Loss:0.7486;3.0273	 backward Loss:6.1033;0.3875	 Sentiment Loss:5.1372	Valence Loss:0.335	 Arousal Loss:0.016	
[2025-11-20 04:36:58,573][run_task2&3_trainer_multilingual.py][line:1284][INFO] Epoch:[1/1]	 Batch:[1510/4840.0]	 Loss Sum:17.8845	forward Loss:8.4997;2.9458	 backward Loss:4.0879;2.0257	 Sentiment Loss:0.0476	Valence Loss:1.1329	 Arousal Loss:0.2561	
[2025-11-20 04:36:59,758][run_task2&3_trainer_multilingual.py][line:1284][INFO] Epoch:[1/1]	 Batch:[1520/4840.0]	 Loss Sum:29.8415	forward Loss:3.5736;4.382	 backward Loss:18.8817;1.929	 Sentiment Loss:0.7837	Valence Loss:0.99	 Arousal Loss:0.4666	
[2025-11-20 04:37:00,941][run_task2&3_trainer_multilingual.py][line:1284][INFO] Epoch:[1/1]	 Batch:[1530/4840.0]	 Loss Sum:6.4679	forward Loss:2.3078;2.1161	 backward Loss:1.2655;0.4553	 Sentiment Loss:0.0439	Valence Loss:0.5195	 Arousal Loss:0.8771	
[2025-11-20 04:37:02,122][run_task2&3_trainer_multilingual.py][line:1284][INFO] Epoch:[1/1]	 Batch:[1540/4840.0]	 Loss Sum:9.2449	forward Loss:2.3037;3.1544	 backward Loss:1.8319;1.8555	 Sentiment Loss:0.0287	Valence Loss:0.3267	 Arousal Loss:0.0273	
[2025-11-20 04:37:03,307][run_task2&3_trainer_multilingual.py][line:1284][INFO] Epoch:[1/1]	 Batch:[1550/4840.0]	 Loss Sum:17.5733	forward Loss:1.626;4.7427	 backward Loss:8.9538;1.1586	 Sentiment Loss:0.0552	Valence Loss:4.1584	 Arousal Loss:1.0264	
[2025-11-20 04:37:04,489][run_task2&3_trainer_multilingual.py][line:1284][INFO] Epoch:[1/1]	 Batch:[1560/4840.0]	 Loss Sum:12.3965	forward Loss:2.5137;3.7344	 backward Loss:3.8714;1.8606	 Sentiment Loss:0.1506	Valence Loss:1.1827	 Arousal Loss:0.1468	
[2025-11-20 04:37:05,672][run_task2&3_trainer_multilingual.py][line:1284][INFO] Epoch:[1/1]	 Batch:[1570/4840.0]	 Loss Sum:11.4964	forward Loss:0.9593;6.1956	 backward Loss:3.5935;0.5404	 Sentiment Loss:0.0672	Valence Loss:0.1122	 Arousal Loss:0.5906	
[2025-11-20 04:37:06,855][run_task2&3_trainer_multilingual.py][line:1284][INFO] Epoch:[1/1]	 Batch:[1580/4840.0]	 Loss Sum:5.0034	forward Loss:0.4208;0.332	 backward Loss:0.2308;2.7093	 Sentiment Loss:0.1577	Valence Loss:4.0684	 Arousal Loss:1.6954	
[2025-11-20 04:37:08,043][run_task2&3_trainer_multilingual.py][line:1284][INFO] Epoch:[1/1]	 Batch:[1590/4840.0]	 Loss Sum:6.1156	forward Loss:2.3209;0.965	 backward Loss:0.4559;1.9364	 Sentiment Loss:0.2767	Valence Loss:0.7645	 Arousal Loss:0.0395	
[2025-11-20 04:37:09,227][run_task2&3_trainer_multilingual.py][line:1284][INFO] Epoch:[1/1]	 Batch:[1600/4840.0]	 Loss Sum:6.3743	forward Loss:0.0894;0.6903	 backward Loss:1.2872;0.1538	 Sentiment Loss:3.9216	Valence Loss:0.5934	 Arousal Loss:0.5668	
[2025-11-20 04:37:10,409][run_task2&3_trainer_multilingual.py][line:1284][INFO] Epoch:[1/1]	 Batch:[1610/4840.0]	 Loss Sum:2.2509	forward Loss:0.4684;0.6253	 backward Loss:0.1767;0.847	 Sentiment Loss:0.1045	Valence Loss:0.1046	 Arousal Loss:0.0411	
[2025-11-20 04:37:11,590][run_task2&3_trainer_multilingual.py][line:1284][INFO] Epoch:[1/1]	 Batch:[1620/4840.0]	 Loss Sum:10.0174	forward Loss:3.7796;0.6831	 backward Loss:0.9524;2.4483	 Sentiment Loss:2.0865	Valence Loss:0.0797	 Arousal Loss:0.2581	
[2025-11-20 04:37:12,774][run_task2&3_trainer_multilingual.py][line:1284][INFO] Epoch:[1/1]	 Batch:[1630/4840.0]	 Loss Sum:14.0269	forward Loss:1.2075;4.4273	 backward Loss:4.95;0.9115	 Sentiment Loss:1.6082	Valence Loss:2.7369	 Arousal Loss:1.8747	
[2025-11-20 04:37:13,956][run_task2&3_trainer_multilingual.py][line:1284][INFO] Epoch:[1/1]	 Batch:[1640/4840.0]	 Loss Sum:3.8227	forward Loss:0.759;0.3127	 backward Loss:1.1992;0.2302	 Sentiment Loss:0.1072	Valence Loss:5.9803	 Arousal Loss:0.0923	
[2025-11-20 04:37:15,140][run_task2&3_trainer_multilingual.py][line:1284][INFO] Epoch:[1/1]	 Batch:[1650/4840.0]	 Loss Sum:2.2122	forward Loss:0.1741;0.3076	 backward Loss:0.237;0.1036	 Sentiment Loss:1.2633	Valence Loss:0.1385	 Arousal Loss:0.4949	
[2025-11-20 04:37:16,314][run_task2&3_trainer_multilingual.py][line:1284][INFO] Epoch:[1/1]	 Batch:[1660/4840.0]	 Loss Sum:4.6824	forward Loss:0.0862;3.2249	 backward Loss:0.9679;0.0639	 Sentiment Loss:0.0468	Valence Loss:1.4007	 Arousal Loss:0.0634	
[2025-11-20 04:37:17,484][run_task2&3_trainer_multilingual.py][line:1284][INFO] Epoch:[1/1]	 Batch:[1670/4840.0]	 Loss Sum:12.406	forward Loss:3.6001;2.3303	 backward Loss:2.819;2.8856	 Sentiment Loss:0.5238	Valence Loss:0.6562	 Arousal Loss:0.5797	
[2025-11-20 04:37:18,655][run_task2&3_trainer_multilingual.py][line:1284][INFO] Epoch:[1/1]	 Batch:[1680/4840.0]	 Loss Sum:33.0918	forward Loss:9.5698;7.7385	 backward Loss:3.8201;11.4676	 Sentiment Loss:0.0909	Valence Loss:1.1677	 Arousal Loss:0.8566	
[2025-11-20 04:37:19,825][run_task2&3_trainer_multilingual.py][line:1284][INFO] Epoch:[1/1]	 Batch:[1690/4840.0]	 Loss Sum:0.7953	forward Loss:0.0483;0.1405	 backward Loss:0.1376;0.0459	 Sentiment Loss:0.0862	Valence Loss:1.5452	 Arousal Loss:0.1389	
[2025-11-20 04:37:20,994][run_task2&3_trainer_multilingual.py][line:1284][INFO] Epoch:[1/1]	 Batch:[1700/4840.0]	 Loss Sum:5.4012	forward Loss:1.5602;0.408	 backward Loss:0.343;2.1737	 Sentiment Loss:0.0791	Valence Loss:2.5868	 Arousal Loss:1.5986	
[2025-11-20 04:37:22,165][run_task2&3_trainer_multilingual.py][line:1284][INFO] Epoch:[1/1]	 Batch:[1710/4840.0]	 Loss Sum:3.1916	forward Loss:0.128;0.1265	 backward Loss:0.1546;0.2086	 Sentiment Loss:2.2986	Valence Loss:0.7057	 Arousal Loss:0.6708	
[2025-11-20 04:37:23,335][run_task2&3_trainer_multilingual.py][line:1284][INFO] Epoch:[1/1]	 Batch:[1720/4840.0]	 Loss Sum:13.3938	forward Loss:5.5279;3.0067	 backward Loss:0.2548;3.1631	 Sentiment Loss:1.3798	Valence Loss:0.0866	 Arousal Loss:0.2208	
[2025-11-20 04:37:24,505][run_task2&3_trainer_multilingual.py][line:1284][INFO] Epoch:[1/1]	 Batch:[1730/4840.0]	 Loss Sum:6.311	forward Loss:0.2918;1.5259	 backward Loss:3.5394;0.1344	 Sentiment Loss:0.028	Valence Loss:3.9389	 Arousal Loss:0.0184	
[2025-11-20 04:37:25,674][run_task2&3_trainer_multilingual.py][line:1284][INFO] Epoch:[1/1]	 Batch:[1740/4840.0]	 Loss Sum:10.445	forward Loss:0.8103;2.2293	 backward Loss:2.9518;2.9742	 Sentiment Loss:1.2869	Valence Loss:0.3571	 Arousal Loss:0.6056	
[2025-11-20 04:37:26,844][run_task2&3_trainer_multilingual.py][line:1284][INFO] Epoch:[1/1]	 Batch:[1750/4840.0]	 Loss Sum:2.4441	forward Loss:0.232;1.5882	 backward Loss:0.2537;0.0813	 Sentiment Loss:0.0867	Valence Loss:0.7269	 Arousal Loss:0.2838	
[2025-11-20 04:37:28,014][run_task2&3_trainer_multilingual.py][line:1284][INFO] Epoch:[1/1]	 Batch:[1760/4840.0]	 Loss Sum:5.6158	forward Loss:0.2189;1.9429	 backward Loss:2.532;0.7299	 Sentiment Loss:0.1003	Valence Loss:0.4221	 Arousal Loss:0.0367	
[2025-11-20 04:37:29,184][run_task2&3_trainer_multilingual.py][line:1284][INFO] Epoch:[1/1]	 Batch:[1770/4840.0]	 Loss Sum:11.9723	forward Loss:4.3797;1.1243	 backward Loss:0.205;5.9816	 Sentiment Loss:0.2048	Valence Loss:0.1529	 Arousal Loss:0.2311	
[2025-11-20 04:37:30,355][run_task2&3_trainer_multilingual.py][line:1284][INFO] Epoch:[1/1]	 Batch:[1780/4840.0]	 Loss Sum:2.3468	forward Loss:0.7281;0.3663	 backward Loss:0.3298;0.4977	 Sentiment Loss:0.2975	Valence Loss:0.0327	 Arousal Loss:0.6047	
[2025-11-20 04:37:31,524][run_task2&3_trainer_multilingual.py][line:1284][INFO] Epoch:[1/1]	 Batch:[1790/4840.0]	 Loss Sum:4.6487	forward Loss:0.1689;0.9631	 backward Loss:2.5185;0.6638	 Sentiment Loss:0.2666	Valence Loss:0.2619	 Arousal Loss:0.0771	
[2025-11-20 04:37:32,694][run_task2&3_trainer_multilingual.py][line:1284][INFO] Epoch:[1/1]	 Batch:[1800/4840.0]	 Loss Sum:18.0157	forward Loss:8.0758;4.1076	 backward Loss:0.7629;4.1225	 Sentiment Loss:0.0728	Valence Loss:2.8762	 Arousal Loss:1.494	
[2025-11-20 04:37:33,864][run_task2&3_trainer_multilingual.py][line:1284][INFO] Epoch:[1/1]	 Batch:[1810/4840.0]	 Loss Sum:16.8982	forward Loss:6.5878;0.8936	 backward Loss:0.8261;6.5501	 Sentiment Loss:1.1152	Valence Loss:2.2992	 Arousal Loss:2.3277	
[2025-11-20 04:37:35,034][run_task2&3_trainer_multilingual.py][line:1284][INFO] Epoch:[1/1]	 Batch:[1820/4840.0]	 Loss Sum:9.4625	forward Loss:0.3426;2.2856	 backward Loss:4.3777;0.6422	 Sentiment Loss:1.7061	Valence Loss:0.426	 Arousal Loss:0.1159	
[2025-11-20 04:37:36,204][run_task2&3_trainer_multilingual.py][line:1284][INFO] Epoch:[1/1]	 Batch:[1830/4840.0]	 Loss Sum:33.2939	forward Loss:11.8411;1.266	 backward Loss:1.6981;14.9217	 Sentiment Loss:3.4153	Valence Loss:0.7358	 Arousal Loss:0.0227	
[2025-11-20 04:37:37,374][run_task2&3_trainer_multilingual.py][line:1284][INFO] Epoch:[1/1]	 Batch:[1840/4840.0]	 Loss Sum:0.7546	forward Loss:0.0955;0.2257	 backward Loss:0.1177;0.0854	 Sentiment Loss:0.0665	Valence Loss:0.4659	 Arousal Loss:0.3535	
[2025-11-20 04:37:38,544][run_task2&3_trainer_multilingual.py][line:1284][INFO] Epoch:[1/1]	 Batch:[1850/4840.0]	 Loss Sum:0.8456	forward Loss:0.1254;0.0978	 backward Loss:0.0426;0.2492	 Sentiment Loss:0.2537	Valence Loss:0.2665	 Arousal Loss:0.1179	
[2025-11-20 04:37:39,714][run_task2&3_trainer_multilingual.py][line:1284][INFO] Epoch:[1/1]	 Batch:[1860/4840.0]	 Loss Sum:1.1085	forward Loss:0.0513;0.3912	 backward Loss:0.2698;0.042	 Sentiment Loss:0.2181	Valence Loss:0.1818	 Arousal Loss:0.4983	
[2025-11-20 04:37:40,884][run_task2&3_trainer_multilingual.py][line:1284][INFO] Epoch:[1/1]	 Batch:[1870/4840.0]	 Loss Sum:2.9501	forward Loss:1.7184;0.4949	 backward Loss:0.2369;0.2819	 Sentiment Loss:0.1524	Valence Loss:0.0334	 Arousal Loss:0.2944	
[2025-11-20 04:37:42,053][run_task2&3_trainer_multilingual.py][line:1284][INFO] Epoch:[1/1]	 Batch:[1880/4840.0]	 Loss Sum:5.3127	forward Loss:0.1458;3.4627	 backward Loss:0.3826;0.1178	 Sentiment Loss:0.2573	Valence Loss:1.3468	 Arousal Loss:3.3856	
[2025-11-20 04:37:43,224][run_task2&3_trainer_multilingual.py][line:1284][INFO] Epoch:[1/1]	 Batch:[1890/4840.0]	 Loss Sum:1.418	forward Loss:0.0638;0.2953	 backward Loss:0.0991;0.0435	 Sentiment Loss:0.0912	Valence Loss:1.7527	 Arousal Loss:2.373	
[2025-11-20 04:37:44,395][run_task2&3_trainer_multilingual.py][line:1284][INFO] Epoch:[1/1]	 Batch:[1900/4840.0]	 Loss Sum:3.2644	forward Loss:0.1888;0.0886	 backward Loss:0.1014;0.1983	 Sentiment Loss:2.4032	Valence Loss:1.0372	 Arousal Loss:0.3838	
[2025-11-20 04:37:45,567][run_task2&3_trainer_multilingual.py][line:1284][INFO] Epoch:[1/1]	 Batch:[1910/4840.0]	 Loss Sum:15.8341	forward Loss:0.2763;8.6168	 backward Loss:6.5684;0.2639	 Sentiment Loss:0.0699	Valence Loss:0.1056	 Arousal Loss:0.089	
[2025-11-20 04:37:46,737][run_task2&3_trainer_multilingual.py][line:1284][INFO] Epoch:[1/1]	 Batch:[1920/4840.0]	 Loss Sum:13.8378	forward Loss:0.3992;6.8392	 backward Loss:4.2992;0.63	 Sentiment Loss:0.8571	Valence Loss:2.7609	 Arousal Loss:1.3048	
[2025-11-20 04:37:47,908][run_task2&3_trainer_multilingual.py][line:1284][INFO] Epoch:[1/1]	 Batch:[1930/4840.0]	 Loss Sum:8.8746	forward Loss:0.3939;2.7628	 backward Loss:4.9784;0.2374	 Sentiment Loss:0.3732	Valence Loss:0.5478	 Arousal Loss:0.0963	
[2025-11-20 04:37:49,080][run_task2&3_trainer_multilingual.py][line:1284][INFO] Epoch:[1/1]	 Batch:[1940/4840.0]	 Loss Sum:12.0604	forward Loss:3.9385;0.7333	 backward Loss:0.6671;3.2789	 Sentiment Loss:2.296	Valence Loss:5.702	 Arousal Loss:0.0317	
[2025-11-20 04:37:50,250][run_task2&3_trainer_multilingual.py][line:1284][INFO] Epoch:[1/1]	 Batch:[1950/4840.0]	 Loss Sum:21.9469	forward Loss:8.5977;1.1628	 backward Loss:4.9917;6.5299	 Sentiment Loss:0.0365	Valence Loss:3.1295	 Arousal Loss:0.0124	
[2025-11-20 04:37:51,421][run_task2&3_trainer_multilingual.py][line:1284][INFO] Epoch:[1/1]	 Batch:[1960/4840.0]	 Loss Sum:5.5326	forward Loss:2.4371;0.531	 backward Loss:0.5225;1.0766	 Sentiment Loss:0.777	Valence Loss:0.4023	 Arousal Loss:0.5401	
[2025-11-20 04:37:52,592][run_task2&3_trainer_multilingual.py][line:1284][INFO] Epoch:[1/1]	 Batch:[1970/4840.0]	 Loss Sum:17.498	forward Loss:0.1307;8.3986	 backward Loss:8.26;0.1189	 Sentiment Loss:0.1391	Valence Loss:1.0563	 Arousal Loss:1.1958	
[2025-11-20 04:37:53,762][run_task2&3_trainer_multilingual.py][line:1284][INFO] Epoch:[1/1]	 Batch:[1980/4840.0]	 Loss Sum:2.0602	forward Loss:0.2408;0.5849	 backward Loss:0.5719;0.2214	 Sentiment Loss:0.119	Valence Loss:0.4655	 Arousal Loss:1.1461	
[2025-11-20 04:37:54,934][run_task2&3_trainer_multilingual.py][line:1284][INFO] Epoch:[1/1]	 Batch:[1990/4840.0]	 Loss Sum:0.8437	forward Loss:0.0507;0.3622	 backward Loss:0.0956;0.1001	 Sentiment Loss:0.0752	Valence Loss:0.4067	 Arousal Loss:0.3929	
[2025-11-20 04:37:56,107][run_task2&3_trainer_multilingual.py][line:1284][INFO] Epoch:[1/1]	 Batch:[2000/4840.0]	 Loss Sum:13.4648	forward Loss:0.9171;5.9777	 backward Loss:5.6053;0.6505	 Sentiment Loss:0.244	Valence Loss:0.218	 Arousal Loss:0.133	
[2025-11-20 04:37:57,277][run_task2&3_trainer_multilingual.py][line:1284][INFO] Epoch:[1/1]	 Batch:[2010/4840.0]	 Loss Sum:17.0404	forward Loss:1.0875;6.7078	 backward Loss:7.6503;1.0948	 Sentiment Loss:0.2151	Valence Loss:1.3992	 Arousal Loss:0.025	
[2025-11-20 04:37:58,447][run_task2&3_trainer_multilingual.py][line:1284][INFO] Epoch:[1/1]	 Batch:[2020/4840.0]	 Loss Sum:16.0892	forward Loss:0.2399;2.4017	 backward Loss:12.3612;0.5927	 Sentiment Loss:0.3434	Valence Loss:0.5898	 Arousal Loss:0.1615	
[2025-11-20 04:37:59,619][run_task2&3_trainer_multilingual.py][line:1284][INFO] Epoch:[1/1]	 Batch:[2030/4840.0]	 Loss Sum:5.3191	forward Loss:1.6022;0.3907	 backward Loss:0.202;2.7548	 Sentiment Loss:0.2786	Valence Loss:0.1157	 Arousal Loss:0.3385	
[2025-11-20 04:38:00,789][run_task2&3_trainer_multilingual.py][line:1284][INFO] Epoch:[1/1]	 Batch:[2040/4840.0]	 Loss Sum:4.496	forward Loss:0.1735;0.5978	 backward Loss:0.5165;0.2167	 Sentiment Loss:2.9041	Valence Loss:0.0637	 Arousal Loss:0.3734	
[2025-11-20 04:38:01,961][run_task2&3_trainer_multilingual.py][line:1284][INFO] Epoch:[1/1]	 Batch:[2050/4840.0]	 Loss Sum:2.1908	forward Loss:0.067;0.5789	 backward Loss:0.4069;0.1547	 Sentiment Loss:0.0841	Valence Loss:3.5649	 Arousal Loss:0.9311	
[2025-11-20 04:38:03,131][run_task2&3_trainer_multilingual.py][line:1284][INFO] Epoch:[1/1]	 Batch:[2060/4840.0]	 Loss Sum:10.333	forward Loss:0.4322;4.1359	 backward Loss:1.2229;0.8707	 Sentiment Loss:3.4727	Valence Loss:0.631	 Arousal Loss:0.3619	
[2025-11-20 04:38:04,308][run_task2&3_trainer_multilingual.py][line:1284][INFO] Epoch:[1/1]	 Batch:[2070/4840.0]	 Loss Sum:17.702	forward Loss:2.3729;1.9498	 backward Loss:1.2405;5.6575	 Sentiment Loss:6.2801	Valence Loss:0.4792	 Arousal Loss:0.5269	
[2025-11-20 04:38:05,494][run_task2&3_trainer_multilingual.py][line:1284][INFO] Epoch:[1/1]	 Batch:[2080/4840.0]	 Loss Sum:1.2037	forward Loss:0.23;0.1406	 backward Loss:0.0501;0.3706	 Sentiment Loss:0.202	Valence Loss:0.1046	 Arousal Loss:0.9474	
[2025-11-20 04:38:06,679][run_task2&3_trainer_multilingual.py][line:1284][INFO] Epoch:[1/1]	 Batch:[2090/4840.0]	 Loss Sum:6.3008	forward Loss:0.9602;3.4264	 backward Loss:0.9491;0.7574	 Sentiment Loss:0.1292	Valence Loss:0.3662	 Arousal Loss:0.0262	
[2025-11-20 04:38:07,861][run_task2&3_trainer_multilingual.py][line:1284][INFO] Epoch:[1/1]	 Batch:[2100/4840.0]	 Loss Sum:16.8229	forward Loss:0.4026;6.9947	 backward Loss:8.0299;0.987	 Sentiment Loss:0.0393	Valence Loss:0.3937	 Arousal Loss:1.4536	
[2025-11-20 04:38:09,043][run_task2&3_trainer_multilingual.py][line:1284][INFO] Epoch:[1/1]	 Batch:[2110/4840.0]	 Loss Sum:2.3971	forward Loss:0.4583;0.3564	 backward Loss:0.6458;0.6926	 Sentiment Loss:0.0339	Valence Loss:0.6163	 Arousal Loss:0.4339	
[2025-11-20 04:38:10,226][run_task2&3_trainer_multilingual.py][line:1284][INFO] Epoch:[1/1]	 Batch:[2120/4840.0]	 Loss Sum:23.8674	forward Loss:0.3233;12.9393	 backward Loss:10.2519;0.2419	 Sentiment Loss:0.099	Valence Loss:0.0298	 Arousal Loss:0.0302	
[2025-11-20 04:38:11,407][run_task2&3_trainer_multilingual.py][line:1284][INFO] Epoch:[1/1]	 Batch:[2130/4840.0]	 Loss Sum:1.4064	forward Loss:0.1209;0.1743	 backward Loss:0.0745;0.0683	 Sentiment Loss:0.2563	Valence Loss:2.6318	 Arousal Loss:0.9283	
[2025-11-20 04:38:12,591][run_task2&3_trainer_multilingual.py][line:1284][INFO] Epoch:[1/1]	 Batch:[2140/4840.0]	 Loss Sum:1.4682	forward Loss:0.402;0.1549	 backward Loss:0.0866;0.4182	 Sentiment Loss:0.287	Valence Loss:0.5169	 Arousal Loss:0.08	
[2025-11-20 04:38:13,771][run_task2&3_trainer_multilingual.py][line:1284][INFO] Epoch:[1/1]	 Batch:[2150/4840.0]	 Loss Sum:49.3188	forward Loss:20.1812;11.2516	 backward Loss:8.5764;8.0783	 Sentiment Loss:0.4323	Valence Loss:3.5473	 Arousal Loss:0.4475	
[2025-11-20 04:38:14,955][run_task2&3_trainer_multilingual.py][line:1284][INFO] Epoch:[1/1]	 Batch:[2160/4840.0]	 Loss Sum:4.6565	forward Loss:1.768;0.5614	 backward Loss:0.6336;1.2529	 Sentiment Loss:0.295	Valence Loss:0.6553	 Arousal Loss:0.0723	
[2025-11-20 04:38:16,139][run_task2&3_trainer_multilingual.py][line:1284][INFO] Epoch:[1/1]	 Batch:[2170/4840.0]	 Loss Sum:7.7744	forward Loss:0.3059;2.6861	 backward Loss:0.2965;1.8933	 Sentiment Loss:2.4335	Valence Loss:0.4162	 Arousal Loss:0.3794	
[2025-11-20 04:38:17,323][run_task2&3_trainer_multilingual.py][line:1284][INFO] Epoch:[1/1]	 Batch:[2180/4840.0]	 Loss Sum:0.8172	forward Loss:0.0846;0.1652	 backward Loss:0.1057;0.0574	 Sentiment Loss:0.2712	Valence Loss:0.6478	 Arousal Loss:0.0173	
[2025-11-20 04:38:18,509][run_task2&3_trainer_multilingual.py][line:1284][INFO] Epoch:[1/1]	 Batch:[2190/4840.0]	 Loss Sum:18.8587	forward Loss:0.2223;8.0212	 backward Loss:7.0248;0.433	 Sentiment Loss:3.0094	Valence Loss:0.7107	 Arousal Loss:0.0293	
[2025-11-20 04:38:19,693][run_task2&3_trainer_multilingual.py][line:1284][INFO] Epoch:[1/1]	 Batch:[2200/4840.0]	 Loss Sum:1.2947	forward Loss:0.2833;0.3087	 backward Loss:0.2612;0.216	 Sentiment Loss:0.0984	Valence Loss:0.2909	 Arousal Loss:0.345	
[2025-11-20 04:38:20,877][run_task2&3_trainer_multilingual.py][line:1284][INFO] Epoch:[1/1]	 Batch:[2210/4840.0]	 Loss Sum:5.8108	forward Loss:0.2123;3.2957	 backward Loss:1.253;0.9242	 Sentiment Loss:0.0507	Valence Loss:0.0694	 Arousal Loss:0.3049	
[2025-11-20 04:38:22,056][run_task2&3_trainer_multilingual.py][line:1284][INFO] Epoch:[1/1]	 Batch:[2220/4840.0]	 Loss Sum:0.2474	forward Loss:0.0179;0.0894	 backward Loss:0.0377;0.0397	 Sentiment Loss:0.0178	Valence Loss:0.0947	 Arousal Loss:0.1296	
[2025-11-20 04:38:23,240][run_task2&3_trainer_multilingual.py][line:1284][INFO] Epoch:[1/1]	 Batch:[2230/4840.0]	 Loss Sum:13.5655	forward Loss:5.5589;1.7757	 backward Loss:5.7412;0.4212	 Sentiment Loss:0.0269	Valence Loss:0.025	 Arousal Loss:0.1832	
[2025-11-20 04:38:24,424][run_task2&3_trainer_multilingual.py][line:1284][INFO] Epoch:[1/1]	 Batch:[2240/4840.0]	 Loss Sum:7.8407	forward Loss:0.489;2.4131	 backward Loss:2.9438;0.4606	 Sentiment Loss:1.2037	Valence Loss:1.2433	 Arousal Loss:0.4091	
[2025-11-20 04:38:25,606][run_task2&3_trainer_multilingual.py][line:1284][INFO] Epoch:[1/1]	 Batch:[2250/4840.0]	 Loss Sum:1.2437	forward Loss:0.4743;0.1129	 backward Loss:0.0574;0.4099	 Sentiment Loss:0.0199	Valence Loss:0.5507	 Arousal Loss:0.296	
[2025-11-20 04:38:26,790][run_task2&3_trainer_multilingual.py][line:1284][INFO] Epoch:[1/1]	 Batch:[2260/4840.0]	 Loss Sum:7.5608	forward Loss:1.5265;1.4535	 backward Loss:2.8272;0.8299	 Sentiment Loss:0.0336	Valence Loss:4.3751	 Arousal Loss:0.0754	
[2025-11-20 04:38:27,973][run_task2&3_trainer_multilingual.py][line:1284][INFO] Epoch:[1/1]	 Batch:[2270/4840.0]	 Loss Sum:1.8202	forward Loss:0.3012;0.3805	 backward Loss:0.3201;0.2332	 Sentiment Loss:0.0236	Valence Loss:1.3278	 Arousal Loss:1.4802	
[2025-11-20 04:38:29,155][run_task2&3_trainer_multilingual.py][line:1284][INFO] Epoch:[1/1]	 Batch:[2280/4840.0]	 Loss Sum:0.5054	forward Loss:0.1491;0.0744	 backward Loss:0.036;0.1369	 Sentiment Loss:0.0338	Valence Loss:0.2374	 Arousal Loss:0.1391	
[2025-11-20 04:38:30,339][run_task2&3_trainer_multilingual.py][line:1284][INFO] Epoch:[1/1]	 Batch:[2290/4840.0]	 Loss Sum:12.7769	forward Loss:3.5765;3.667	 backward Loss:3.8808;1.2718	 Sentiment Loss:0.1422	Valence Loss:0.8673	 Arousal Loss:0.3264	
[2025-11-20 04:38:31,521][run_task2&3_trainer_multilingual.py][line:1284][INFO] Epoch:[1/1]	 Batch:[2300/4840.0]	 Loss Sum:4.298	forward Loss:1.8005;0.6111	 backward Loss:1.3342;0.2864	 Sentiment Loss:0.167	Valence Loss:0.4458	 Arousal Loss:0.0487	
[2025-11-20 04:38:32,704][run_task2&3_trainer_multilingual.py][line:1284][INFO] Epoch:[1/1]	 Batch:[2310/4840.0]	 Loss Sum:1.1394	forward Loss:0.4519;0.0972	 backward Loss:0.0379;0.2104	 Sentiment Loss:0.2523	Valence Loss:0.0471	 Arousal Loss:0.4012	
[2025-11-20 04:38:33,887][run_task2&3_trainer_multilingual.py][line:1284][INFO] Epoch:[1/1]	 Batch:[2320/4840.0]	 Loss Sum:2.2443	forward Loss:0.1952;0.5805	 backward Loss:0.1987;0.1887	 Sentiment Loss:0.2896	Valence Loss:3.4733	 Arousal Loss:0.4846	
[2025-11-20 04:38:35,070][run_task2&3_trainer_multilingual.py][line:1284][INFO] Epoch:[1/1]	 Batch:[2330/4840.0]	 Loss Sum:6.7717	forward Loss:1.8538;1.5643	 backward Loss:0.53;2.6525	 Sentiment Loss:0.1257	Valence Loss:0.1331	 Arousal Loss:0.0939	
[2025-11-20 04:38:36,255][run_task2&3_trainer_multilingual.py][line:1284][INFO] Epoch:[1/1]	 Batch:[2340/4840.0]	 Loss Sum:6.6168	forward Loss:3.0814;0.3661	 backward Loss:0.4424;2.2894	 Sentiment Loss:0.0853	Valence Loss:1.1128	 Arousal Loss:0.6484	
[2025-11-20 04:38:37,440][run_task2&3_trainer_multilingual.py][line:1284][INFO] Epoch:[1/1]	 Batch:[2350/4840.0]	 Loss Sum:6.7234	forward Loss:0.7704;0.152	 backward Loss:0.1133;0.4228	 Sentiment Loss:2.9058	Valence Loss:11.4329	 Arousal Loss:0.3627	
[2025-11-20 04:38:38,621][run_task2&3_trainer_multilingual.py][line:1284][INFO] Epoch:[1/1]	 Batch:[2360/4840.0]	 Loss Sum:19.2781	forward Loss:0.7526;7.8082	 backward Loss:5.4326;0.486	 Sentiment Loss:4.608	Valence Loss:0.3447	 Arousal Loss:0.6088	
[2025-11-20 04:38:39,806][run_task2&3_trainer_multilingual.py][line:1284][INFO] Epoch:[1/1]	 Batch:[2370/4840.0]	 Loss Sum:6.5453	forward Loss:1.4894;2.2274	 backward Loss:1.0717;1.5714	 Sentiment Loss:0.1554	Valence Loss:0.0937	 Arousal Loss:0.0571	
[2025-11-20 04:38:40,987][run_task2&3_trainer_multilingual.py][line:1284][INFO] Epoch:[1/1]	 Batch:[2380/4840.0]	 Loss Sum:8.7127	forward Loss:2.0762;2.1658	 backward Loss:0.6487;1.0527	 Sentiment Loss:2.6126	Valence Loss:0.5535	 Arousal Loss:0.2303	
[2025-11-20 04:38:42,173][run_task2&3_trainer_multilingual.py][line:1284][INFO] Epoch:[1/1]	 Batch:[2390/4840.0]	 Loss Sum:34.667	forward Loss:15.7386;2.9392	 backward Loss:6.8469;7.8905	 Sentiment Loss:0.7754	Valence Loss:1.3264	 Arousal Loss:1.0555	
[2025-11-20 04:38:43,354][run_task2&3_trainer_multilingual.py][line:1284][INFO] Epoch:[1/1]	 Batch:[2400/4840.0]	 Loss Sum:7.6172	forward Loss:1.4404;1.8191	 backward Loss:2.6345;1.0686	 Sentiment Loss:0.2304	Valence Loss:1.9207	 Arousal Loss:0.1998	
[2025-11-20 04:38:44,539][run_task2&3_trainer_multilingual.py][line:1284][INFO] Epoch:[1/1]	 Batch:[2410/4840.0]	 Loss Sum:4.5707	forward Loss:1.004;1.2026	 backward Loss:1.3674;0.416	 Sentiment Loss:0.4277	Valence Loss:0.5502	 Arousal Loss:0.2147	
[2025-11-20 04:38:45,721][run_task2&3_trainer_multilingual.py][line:1284][INFO] Epoch:[1/1]	 Batch:[2420/4840.0]	 Loss Sum:0.7589	forward Loss:0.0981;0.2172	 backward Loss:0.1772;0.0363	 Sentiment Loss:0.0241	Valence Loss:0.3916	 Arousal Loss:0.6384	
[2025-11-20 04:38:46,905][run_task2&3_trainer_multilingual.py][line:1284][INFO] Epoch:[1/1]	 Batch:[2430/4840.0]	 Loss Sum:6.4873	forward Loss:1.7243;0.9968	 backward Loss:0.538;1.606	 Sentiment Loss:1.5886	Valence Loss:0.0939	 Arousal Loss:0.0736	
[2025-11-20 04:38:48,087][run_task2&3_trainer_multilingual.py][line:1284][INFO] Epoch:[1/1]	 Batch:[2440/4840.0]	 Loss Sum:5.2606	forward Loss:0.1948;3.6713	 backward Loss:1.0872;0.1073	 Sentiment Loss:0.1497	Valence Loss:0.2218	 Arousal Loss:0.03	
[2025-11-20 04:38:49,268][run_task2&3_trainer_multilingual.py][line:1284][INFO] Epoch:[1/1]	 Batch:[2450/4840.0]	 Loss Sum:0.5968	forward Loss:0.0266;0.0622	 backward Loss:0.0764;0.0275	 Sentiment Loss:0.2392	Valence Loss:0.0255	 Arousal Loss:0.7991	
[2025-11-20 04:38:50,453][run_task2&3_trainer_multilingual.py][line:1284][INFO] Epoch:[1/1]	 Batch:[2460/4840.0]	 Loss Sum:32.8051	forward Loss:11.5618;4.1254	 backward Loss:3.4305;11.1433	 Sentiment Loss:1.7039	Valence Loss:4.0702	 Arousal Loss:0.13	
[2025-11-20 04:38:51,634][run_task2&3_trainer_multilingual.py][line:1284][INFO] Epoch:[1/1]	 Batch:[2470/4840.0]	 Loss Sum:6.8574	forward Loss:0.0831;3.5756	 backward Loss:2.829;0.1347	 Sentiment Loss:0.2024	Valence Loss:0.1433	 Arousal Loss:0.0198	
[2025-11-20 04:38:52,818][run_task2&3_trainer_multilingual.py][line:1284][INFO] Epoch:[1/1]	 Batch:[2480/4840.0]	 Loss Sum:0.5935	forward Loss:0.1251;0.1171	 backward Loss:0.0932;0.1068	 Sentiment Loss:0.1185	Valence Loss:0.091	 Arousal Loss:0.0727	
[2025-11-20 04:38:53,999][run_task2&3_trainer_multilingual.py][line:1284][INFO] Epoch:[1/1]	 Batch:[2490/4840.0]	 Loss Sum:2.5466	forward Loss:0.4509;0.3157	 backward Loss:0.4608;0.3787	 Sentiment Loss:0.8479	Valence Loss:0.1492	 Arousal Loss:0.3138	
[2025-11-20 04:38:55,181][run_task2&3_trainer_multilingual.py][line:1284][INFO] Epoch:[1/1]	 Batch:[2500/4840.0]	 Loss Sum:13.0149	forward Loss:3.3087;3.7482	 backward Loss:3.9278;1.9386	 Sentiment Loss:0.0719	Valence Loss:0.0544	 Arousal Loss:0.0436	
[2025-11-20 04:38:56,366][run_task2&3_trainer_multilingual.py][line:1284][INFO] Epoch:[1/1]	 Batch:[2510/4840.0]	 Loss Sum:4.2165	forward Loss:1.745;1.005	 backward Loss:0.5;0.6576	 Sentiment Loss:0.236	Valence Loss:0.0187	 Arousal Loss:0.3458	
[2025-11-20 04:38:57,548][run_task2&3_trainer_multilingual.py][line:1284][INFO] Epoch:[1/1]	 Batch:[2520/4840.0]	 Loss Sum:9.2961	forward Loss:0.9397;2.6339	 backward Loss:4.2984;0.5636	 Sentiment Loss:0.4035	Valence Loss:1.5099	 Arousal Loss:0.7753	
[2025-11-20 04:38:58,735][run_task2&3_trainer_multilingual.py][line:1284][INFO] Epoch:[1/1]	 Batch:[2530/4840.0]	 Loss Sum:0.473	forward Loss:0.0352;0.1637	 backward Loss:0.212;0.0122	 Sentiment Loss:0.0224	Valence Loss:0.0491	 Arousal Loss:0.0882	
[2025-11-20 04:38:59,916][run_task2&3_trainer_multilingual.py][line:1284][INFO] Epoch:[1/1]	 Batch:[2540/4840.0]	 Loss Sum:1.3715	forward Loss:0.4541;0.1599	 backward Loss:0.1182;0.5626	 Sentiment Loss:0.0385	Valence Loss:0.1243	 Arousal Loss:0.0663	
[2025-11-20 04:39:01,101][run_task2&3_trainer_multilingual.py][line:1284][INFO] Epoch:[1/1]	 Batch:[2550/4840.0]	 Loss Sum:3.2496	forward Loss:0.0415;1.6228	 backward Loss:0.9008;0.0224	 Sentiment Loss:0.0445	Valence Loss:0.5848	 Arousal Loss:2.5029	
[2025-11-20 04:39:02,283][run_task2&3_trainer_multilingual.py][line:1284][INFO] Epoch:[1/1]	 Batch:[2560/4840.0]	 Loss Sum:15.325	forward Loss:10.1122;0.7363	 backward Loss:0.7749;3.3553	 Sentiment Loss:0.1275	Valence Loss:1.0653	 Arousal Loss:0.0285	
[2025-11-20 04:39:03,467][run_task2&3_trainer_multilingual.py][line:1284][INFO] Epoch:[1/1]	 Batch:[2570/4840.0]	 Loss Sum:3.9365	forward Loss:0.0305;2.2967	 backward Loss:1.4173;0.0553	 Sentiment Loss:0.114	Valence Loss:0.0701	 Arousal Loss:0.0436	
[2025-11-20 04:39:04,653][run_task2&3_trainer_multilingual.py][line:1284][INFO] Epoch:[1/1]	 Batch:[2580/4840.0]	 Loss Sum:41.3491	forward Loss:14.5106;1.1707	 backward Loss:0.5133;22.4282	 Sentiment Loss:2.2534	Valence Loss:1.267	 Arousal Loss:1.097	
[2025-11-20 04:39:05,833][run_task2&3_trainer_multilingual.py][line:1284][INFO] Epoch:[1/1]	 Batch:[2590/4840.0]	 Loss Sum:6.2039	forward Loss:0.2148;3.7718	 backward Loss:0.2319;0.1395	 Sentiment Loss:1.731	Valence Loss:0.2558	 Arousal Loss:0.3188	
[2025-11-20 04:39:07,017][run_task2&3_trainer_multilingual.py][line:1284][INFO] Epoch:[1/1]	 Batch:[2600/4840.0]	 Loss Sum:21.9534	forward Loss:5.8965;2.8139	 backward Loss:3.5934;9.2253	 Sentiment Loss:0.378	Valence Loss:0.0923	 Arousal Loss:0.1396	
[2025-11-20 04:39:08,199][run_task2&3_trainer_multilingual.py][line:1284][INFO] Epoch:[1/1]	 Batch:[2610/4840.0]	 Loss Sum:9.0192	forward Loss:1.6773;0.2821	 backward Loss:0.2306;2.7715	 Sentiment Loss:3.8307	Valence Loss:1.1114	 Arousal Loss:0.0235	
[2025-11-20 04:39:09,386][run_task2&3_trainer_multilingual.py][line:1284][INFO] Epoch:[1/1]	 Batch:[2620/4840.0]	 Loss Sum:6.3872	forward Loss:0.278;3.0162	 backward Loss:2.6857;0.0636	 Sentiment Loss:0.2906	Valence Loss:0.2353	 Arousal Loss:0.03	
[2025-11-20 04:39:10,567][run_task2&3_trainer_multilingual.py][line:1284][INFO] Epoch:[1/1]	 Batch:[2630/4840.0]	 Loss Sum:2.5841	forward Loss:0.338;0.0773	 backward Loss:1.4503;0.438	 Sentiment Loss:0.2107	Valence Loss:0.0726	 Arousal Loss:0.2764	
[2025-11-20 04:39:11,751][run_task2&3_trainer_multilingual.py][line:1284][INFO] Epoch:[1/1]	 Batch:[2640/4840.0]	 Loss Sum:0.9265	forward Loss:0.1632;0.1115	 backward Loss:0.1729;0.0881	 Sentiment Loss:0.122	Valence Loss:0.5132	 Arousal Loss:0.8308	
[2025-11-20 04:39:12,933][run_task2&3_trainer_multilingual.py][line:1284][INFO] Epoch:[1/1]	 Batch:[2650/4840.0]	 Loss Sum:0.4289	forward Loss:0.0405;0.0411	 backward Loss:0.0903;0.0769	 Sentiment Loss:0.0437	Valence Loss:0.2604	 Arousal Loss:0.4219	
[2025-11-20 04:39:14,117][run_task2&3_trainer_multilingual.py][line:1284][INFO] Epoch:[1/1]	 Batch:[2660/4840.0]	 Loss Sum:7.218	forward Loss:1.2754;0.8633	 backward Loss:1.7489;0.4902	 Sentiment Loss:2.6718	Valence Loss:0.5314	 Arousal Loss:0.3105	
[2025-11-20 04:39:15,303][run_task2&3_trainer_multilingual.py][line:1284][INFO] Epoch:[1/1]	 Batch:[2670/4840.0]	 Loss Sum:10.5535	forward Loss:2.8282;2.3938	 backward Loss:4.9576;0.2706	 Sentiment Loss:0.0355	Valence Loss:0.2536	 Arousal Loss:0.0849	
[2025-11-20 04:39:16,486][run_task2&3_trainer_multilingual.py][line:1284][INFO] Epoch:[1/1]	 Batch:[2680/4840.0]	 Loss Sum:3.3464	forward Loss:0.3468;0.252	 backward Loss:0.5452;0.4165	 Sentiment Loss:0.3607	Valence Loss:2.354	 Arousal Loss:4.7723	
[2025-11-20 04:39:17,670][run_task2&3_trainer_multilingual.py][line:1284][INFO] Epoch:[1/1]	 Batch:[2690/4840.0]	 Loss Sum:0.7093	forward Loss:0.2474;0.0468	 backward Loss:0.1268;0.0978	 Sentiment Loss:0.1561	Valence Loss:0.0423	 Arousal Loss:0.1297	
[2025-11-20 04:39:18,852][run_task2&3_trainer_multilingual.py][line:1284][INFO] Epoch:[1/1]	 Batch:[2700/4840.0]	 Loss Sum:7.2533	forward Loss:0.3407;2.7746	 backward Loss:0.2966;0.3718	 Sentiment Loss:3.452	Valence Loss:0.0222	 Arousal Loss:0.0655	
[2025-11-20 04:39:20,034][run_task2&3_trainer_multilingual.py][line:1284][INFO] Epoch:[1/1]	 Batch:[2710/4840.0]	 Loss Sum:13.8595	forward Loss:1.818;1.747	 backward Loss:8.6154;0.8704	 Sentiment Loss:0.0875	Valence Loss:3.2441	 Arousal Loss:0.3621	
[2025-11-20 04:39:21,218][run_task2&3_trainer_multilingual.py][line:1284][INFO] Epoch:[1/1]	 Batch:[2720/4840.0]	 Loss Sum:33.7241	forward Loss:19.6658;1.3126	 backward Loss:0.7094;11.5139	 Sentiment Loss:0.2371	Valence Loss:0.5878	 Arousal Loss:0.838	
[2025-11-20 04:39:22,402][run_task2&3_trainer_multilingual.py][line:1284][INFO] Epoch:[1/1]	 Batch:[2730/4840.0]	 Loss Sum:2.0016	forward Loss:0.4373;0.457	 backward Loss:0.1413;0.63	 Sentiment Loss:0.3018	Valence Loss:0.101	 Arousal Loss:0.07	
[2025-11-20 04:39:23,589][run_task2&3_trainer_multilingual.py][line:1284][INFO] Epoch:[1/1]	 Batch:[2740/4840.0]	 Loss Sum:0.8388	forward Loss:0.0249;0.133	 backward Loss:0.1709;0.0592	 Sentiment Loss:0.0926	Valence Loss:0.2526	 Arousal Loss:1.5386	
[2025-11-20 04:39:24,771][run_task2&3_trainer_multilingual.py][line:1284][INFO] Epoch:[1/1]	 Batch:[2750/4840.0]	 Loss Sum:1.3979	forward Loss:0.0395;0.3586	 backward Loss:0.8311;0.0295	 Sentiment Loss:0.0562	Valence Loss:0.1437	 Arousal Loss:0.2718	
[2025-11-20 04:39:25,956][run_task2&3_trainer_multilingual.py][line:1284][INFO] Epoch:[1/1]	 Batch:[2760/4840.0]	 Loss Sum:4.1633	forward Loss:1.5839;0.1703	 backward Loss:0.1919;0.7303	 Sentiment Loss:0.2695	Valence Loss:6.0304	 Arousal Loss:0.0563	
[2025-11-20 04:39:27,140][run_task2&3_trainer_multilingual.py][line:1284][INFO] Epoch:[1/1]	 Batch:[2770/4840.0]	 Loss Sum:4.4961	forward Loss:0.0578;2.6555	 backward Loss:0.9005;0.0713	 Sentiment Loss:0.1384	Valence Loss:1.862	 Arousal Loss:1.5006	
[2025-11-20 04:39:28,323][run_task2&3_trainer_multilingual.py][line:1284][INFO] Epoch:[1/1]	 Batch:[2780/4840.0]	 Loss Sum:1.1733	forward Loss:0.088;0.5043	 backward Loss:0.3455;0.0792	 Sentiment Loss:0.0706	Valence Loss:0.0456	 Arousal Loss:0.3827	
[2025-11-20 04:39:29,510][run_task2&3_trainer_multilingual.py][line:1284][INFO] Epoch:[1/1]	 Batch:[2790/4840.0]	 Loss Sum:1.5358	forward Loss:0.3991;0.1109	 backward Loss:0.0707;0.3939	 Sentiment Loss:0.0877	Valence Loss:1.4009	 Arousal Loss:0.9667	
[2025-11-20 04:39:30,695][run_task2&3_trainer_multilingual.py][line:1284][INFO] Epoch:[1/1]	 Batch:[2800/4840.0]	 Loss Sum:2.8789	forward Loss:0.5386;0.816	 backward Loss:0.9737;0.3299	 Sentiment Loss:0.0291	Valence Loss:0.6282	 Arousal Loss:0.3301	
[2025-11-20 04:39:31,872][run_task2&3_trainer_multilingual.py][line:1284][INFO] Epoch:[1/1]	 Batch:[2810/4840.0]	 Loss Sum:1.5366	forward Loss:0.0746;0.2527	 backward Loss:0.083;0.0509	 Sentiment Loss:0.0262	Valence Loss:4.1505	 Arousal Loss:1.0952	
[2025-11-20 04:39:33,044][run_task2&3_trainer_multilingual.py][line:1284][INFO] Epoch:[1/1]	 Batch:[2820/4840.0]	 Loss Sum:15.9464	forward Loss:1.9115;5.9526	 backward Loss:4.2946;3.4874	 Sentiment Loss:0.0366	Valence Loss:1.0878	 Arousal Loss:0.231	
[2025-11-20 04:39:34,218][run_task2&3_trainer_multilingual.py][line:1284][INFO] Epoch:[1/1]	 Batch:[2830/4840.0]	 Loss Sum:12.9245	forward Loss:4.2136;0.7108	 backward Loss:0.3699;7.244	 Sentiment Loss:0.0706	Valence Loss:1.4625	 Arousal Loss:0.1156	
[2025-11-20 04:39:35,390][run_task2&3_trainer_multilingual.py][line:1284][INFO] Epoch:[1/1]	 Batch:[2840/4840.0]	 Loss Sum:17.7774	forward Loss:3.5899;4.4515	 backward Loss:3.2561;5.3034	 Sentiment Loss:1.0614	Valence Loss:0.5072	 Arousal Loss:0.068	
[2025-11-20 04:39:36,564][run_task2&3_trainer_multilingual.py][line:1284][INFO] Epoch:[1/1]	 Batch:[2850/4840.0]	 Loss Sum:3.3611	forward Loss:0.136;0.0545	 backward Loss:0.0174;0.0523	 Sentiment Loss:2.9798	Valence Loss:0.1078	 Arousal Loss:0.4975	
[2025-11-20 04:39:37,737][run_task2&3_trainer_multilingual.py][line:1284][INFO] Epoch:[1/1]	 Batch:[2860/4840.0]	 Loss Sum:0.786	forward Loss:0.2482;0.0369	 backward Loss:0.0261;0.128	 Sentiment Loss:0.3016	Valence Loss:0.0726	 Arousal Loss:0.1528	
[2025-11-20 04:39:38,912][run_task2&3_trainer_multilingual.py][line:1284][INFO] Epoch:[1/1]	 Batch:[2870/4840.0]	 Loss Sum:13.036	forward Loss:3.733;2.7285	 backward Loss:4.9728;1.2174	 Sentiment Loss:0.1902	Valence Loss:0.6292	 Arousal Loss:0.3415	
[2025-11-20 04:39:40,090][run_task2&3_trainer_multilingual.py][line:1284][INFO] Epoch:[1/1]	 Batch:[2880/4840.0]	 Loss Sum:1.5129	forward Loss:0.1248;0.0831	 backward Loss:0.0249;0.0518	 Sentiment Loss:0.0635	Valence Loss:2.1629	 Arousal Loss:3.6613	
[2025-11-20 04:39:41,263][run_task2&3_trainer_multilingual.py][line:1284][INFO] Epoch:[1/1]	 Batch:[2890/4840.0]	 Loss Sum:22.6203	forward Loss:9.1923;1.7106	 backward Loss:1.9336;9.3835	 Sentiment Loss:0.0918	Valence Loss:1.251	 Arousal Loss:0.2912	
[2025-11-20 04:39:42,438][run_task2&3_trainer_multilingual.py][line:1284][INFO] Epoch:[1/1]	 Batch:[2900/4840.0]	 Loss Sum:8.7736	forward Loss:1.0527;4.1333	 backward Loss:2.8733;0.4764	 Sentiment Loss:0.1163	Valence Loss:0.0772	 Arousal Loss:0.5304	
[2025-11-20 04:39:43,611][run_task2&3_trainer_multilingual.py][line:1284][INFO] Epoch:[1/1]	 Batch:[2910/4840.0]	 Loss Sum:14.0578	forward Loss:4.1695;2.3001	 backward Loss:5.4208;1.7078	 Sentiment Loss:0.1559	Valence Loss:0.6938	 Arousal Loss:0.8252	
[2025-11-20 04:39:44,785][run_task2&3_trainer_multilingual.py][line:1284][INFO] Epoch:[1/1]	 Batch:[2920/4840.0]	 Loss Sum:3.911	forward Loss:0.2731;2.051	 backward Loss:0.8239;0.1824	 Sentiment Loss:0.0447	Valence Loss:2.458	 Arousal Loss:0.2216	
[2025-11-20 04:39:45,959][run_task2&3_trainer_multilingual.py][line:1284][INFO] Epoch:[1/1]	 Batch:[2930/4840.0]	 Loss Sum:4.3253	forward Loss:0.7079;0.3992	 backward Loss:0.4033;1.16	 Sentiment Loss:1.418	Valence Loss:1.0104	 Arousal Loss:0.1739	
[2025-11-20 04:39:47,132][run_task2&3_trainer_multilingual.py][line:1284][INFO] Epoch:[1/1]	 Batch:[2940/4840.0]	 Loss Sum:12.7069	forward Loss:4.5615;0.7608	 backward Loss:6.3806;0.8516	 Sentiment Loss:0.0924	Valence Loss:0.0304	 Arousal Loss:0.2696	
[2025-11-20 04:39:48,304][run_task2&3_trainer_multilingual.py][line:1284][INFO] Epoch:[1/1]	 Batch:[2950/4840.0]	 Loss Sum:25.3989	forward Loss:1.2174;12.9032	 backward Loss:9.9517;0.9613	 Sentiment Loss:0.1443	Valence Loss:1.0003	 Arousal Loss:0.1048	
[2025-11-20 04:39:49,479][run_task2&3_trainer_multilingual.py][line:1284][INFO] Epoch:[1/1]	 Batch:[2960/4840.0]	 Loss Sum:15.4888	forward Loss:1.2801;5.9008	 backward Loss:7.1708;0.8376	 Sentiment Loss:0.2301	Valence Loss:0.2239	 Arousal Loss:0.1233	
[2025-11-20 04:39:50,654][run_task2&3_trainer_multilingual.py][line:1284][INFO] Epoch:[1/1]	 Batch:[2970/4840.0]	 Loss Sum:9.0228	forward Loss:0.1541;2.2621	 backward Loss:6.2563;0.2	 Sentiment Loss:0.041	Valence Loss:0.0537	 Arousal Loss:0.493	
[2025-11-20 04:39:51,827][run_task2&3_trainer_multilingual.py][line:1284][INFO] Epoch:[1/1]	 Batch:[2980/4840.0]	 Loss Sum:0.8315	forward Loss:0.3348;0.1031	 backward Loss:0.0538;0.1871	 Sentiment Loss:0.0433	Valence Loss:0.4697	 Arousal Loss:0.0771	
[2025-11-20 04:39:53,001][run_task2&3_trainer_multilingual.py][line:1284][INFO] Epoch:[1/1]	 Batch:[2990/4840.0]	 Loss Sum:2.9567	forward Loss:0.0269;0.1895	 backward Loss:0.9016;0.0156	 Sentiment Loss:0.0464	Valence Loss:6.756	 Arousal Loss:2.1274	
[2025-11-20 04:39:54,175][run_task2&3_trainer_multilingual.py][line:1284][INFO] Epoch:[1/1]	 Batch:[3000/4840.0]	 Loss Sum:10.1846	forward Loss:1.5228;2.3852	 backward Loss:5.3332;0.7274	 Sentiment Loss:0.0735	Valence Loss:0.4955	 Arousal Loss:0.2166	
[2025-11-20 04:39:55,350][run_task2&3_trainer_multilingual.py][line:1284][INFO] Epoch:[1/1]	 Batch:[3010/4840.0]	 Loss Sum:2.2016	forward Loss:0.8608;0.0565	 backward Loss:0.0189;0.6893	 Sentiment Loss:0.2756	Valence Loss:1.4493	 Arousal Loss:0.0534	
[2025-11-20 04:39:56,521][run_task2&3_trainer_multilingual.py][line:1284][INFO] Epoch:[1/1]	 Batch:[3020/4840.0]	 Loss Sum:37.4973	forward Loss:0.7104;15.5594	 backward Loss:13.2775;7.5504	 Sentiment Loss:0.1267	Valence Loss:0.5381	 Arousal Loss:0.8267	
[2025-11-20 04:39:57,695][run_task2&3_trainer_multilingual.py][line:1284][INFO] Epoch:[1/1]	 Batch:[3030/4840.0]	 Loss Sum:13.2478	forward Loss:0.0868;6.761	 backward Loss:6.0187;0.0622	 Sentiment Loss:0.0529	Valence Loss:0.7551	 Arousal Loss:0.5761	
[2025-11-20 04:39:58,868][run_task2&3_trainer_multilingual.py][line:1284][INFO] Epoch:[1/1]	 Batch:[3040/4840.0]	 Loss Sum:1.8457	forward Loss:0.4292;0.2301	 backward Loss:0.2384;0.4707	 Sentiment Loss:0.074	Valence Loss:1.4196	 Arousal Loss:0.5971	
[2025-11-20 04:40:00,043][run_task2&3_trainer_multilingual.py][line:1284][INFO] Epoch:[1/1]	 Batch:[3050/4840.0]	 Loss Sum:17.4788	forward Loss:5.0031;5.0813	 backward Loss:1.8705;5.3589	 Sentiment Loss:0.0512	Valence Loss:0.3695	 Arousal Loss:0.1997	
[2025-11-20 04:40:01,219][run_task2&3_trainer_multilingual.py][line:1284][INFO] Epoch:[1/1]	 Batch:[3060/4840.0]	 Loss Sum:1.3579	forward Loss:0.2432;0.0461	 backward Loss:0.0902;0.3683	 Sentiment Loss:0.0407	Valence Loss:2.0593	 Arousal Loss:0.7876	
[2025-11-20 04:40:02,391][run_task2&3_trainer_multilingual.py][line:1284][INFO] Epoch:[1/1]	 Batch:[3070/4840.0]	 Loss Sum:11.5167	forward Loss:3.8488;1.9827	 backward Loss:4.5227;0.8014	 Sentiment Loss:0.096	Valence Loss:1.2374	 Arousal Loss:0.088	
[2025-11-20 04:40:03,578][run_task2&3_trainer_multilingual.py][line:1284][INFO] Epoch:[1/1]	 Batch:[3080/4840.0]	 Loss Sum:4.9617	forward Loss:0.0969;2.1358	 backward Loss:2.1111;0.0671	 Sentiment Loss:0.0427	Valence Loss:2.0416	 Arousal Loss:0.4994	
[2025-11-20 04:40:04,751][run_task2&3_trainer_multilingual.py][line:1284][INFO] Epoch:[1/1]	 Batch:[3090/4840.0]	 Loss Sum:3.5262	forward Loss:0.2084;0.6651	 backward Loss:0.1839;2.2916	 Sentiment Loss:0.0631	Valence Loss:0.0591	 Arousal Loss:0.5118	
[2025-11-20 04:40:05,925][run_task2&3_trainer_multilingual.py][line:1284][INFO] Epoch:[1/1]	 Batch:[3100/4840.0]	 Loss Sum:24.7007	forward Loss:3.3561;8.6878	 backward Loss:7.0318;1.9943	 Sentiment Loss:3.4194	Valence Loss:0.5422	 Arousal Loss:0.5146	
[2025-11-20 04:40:07,097][run_task2&3_trainer_multilingual.py][line:1284][INFO] Epoch:[1/1]	 Batch:[3110/4840.0]	 Loss Sum:2.6666	forward Loss:1.1186;0.2723	 backward Loss:0.1186;0.7116	 Sentiment Loss:0.3298	Valence Loss:0.0839	 Arousal Loss:0.4945	
[2025-11-20 04:40:08,271][run_task2&3_trainer_multilingual.py][line:1284][INFO] Epoch:[1/1]	 Batch:[3120/4840.0]	 Loss Sum:7.3373	forward Loss:0.0307;3.1548	 backward Loss:2.4955;0.0221	 Sentiment Loss:0.1796	Valence Loss:2.8411	 Arousal Loss:4.4316	
[2025-11-20 04:40:09,450][run_task2&3_trainer_multilingual.py][line:1284][INFO] Epoch:[1/1]	 Batch:[3130/4840.0]	 Loss Sum:10.5814	forward Loss:0.5457;3.4367	 backward Loss:4.2969;0.4799	 Sentiment Loss:1.6814	Valence Loss:0.3365	 Arousal Loss:0.3675	
[2025-11-20 04:40:10,623][run_task2&3_trainer_multilingual.py][line:1284][INFO] Epoch:[1/1]	 Batch:[3140/4840.0]	 Loss Sum:0.3981	forward Loss:0.0442;0.062	 backward Loss:0.0415;0.063	 Sentiment Loss:0.0791	Valence Loss:0.4157	 Arousal Loss:0.1257	
[2025-11-20 04:40:11,798][run_task2&3_trainer_multilingual.py][line:1284][INFO] Epoch:[1/1]	 Batch:[3150/4840.0]	 Loss Sum:2.2704	forward Loss:0.2764;0.6315	 backward Loss:1.0163;0.1458	 Sentiment Loss:0.0579	Valence Loss:0.0745	 Arousal Loss:0.6382	
[2025-11-20 04:40:12,971][run_task2&3_trainer_multilingual.py][line:1284][INFO] Epoch:[1/1]	 Batch:[3160/4840.0]	 Loss Sum:7.833	forward Loss:2.1458;2.2674	 backward Loss:1.3717;1.8193	 Sentiment Loss:0.1258	Valence Loss:0.2646	 Arousal Loss:0.2503	
[2025-11-20 04:40:14,146][run_task2&3_trainer_multilingual.py][line:1284][INFO] Epoch:[1/1]	 Batch:[3170/4840.0]	 Loss Sum:6.4032	forward Loss:0.0827;2.1926	 backward Loss:3.7716;0.0484	 Sentiment Loss:0.0742	Valence Loss:0.4459	 Arousal Loss:0.7232	
[2025-11-20 04:40:15,319][run_task2&3_trainer_multilingual.py][line:1284][INFO] Epoch:[1/1]	 Batch:[3180/4840.0]	 Loss Sum:29.135	forward Loss:7.8636;7.5745	 backward Loss:4.5839;8.5947	 Sentiment Loss:0.2252	Valence Loss:0.6177	 Arousal Loss:0.8484	
[2025-11-20 04:40:16,495][run_task2&3_trainer_multilingual.py][line:1284][INFO] Epoch:[1/1]	 Batch:[3190/4840.0]	 Loss Sum:13.1087	forward Loss:2.1886;3.449	 backward Loss:1.7267;4.0623	 Sentiment Loss:1.6153	Valence Loss:0.027	 Arousal Loss:0.3072	
[2025-11-20 04:40:17,670][run_task2&3_trainer_multilingual.py][line:1284][INFO] Epoch:[1/1]	 Batch:[3200/4840.0]	 Loss Sum:19.2413	forward Loss:2.736;6.5632	 backward Loss:6.3337;3.304	 Sentiment Loss:0.1976	Valence Loss:0.5073	 Arousal Loss:0.0258	
[2025-11-20 04:40:18,844][run_task2&3_trainer_multilingual.py][line:1284][INFO] Epoch:[1/1]	 Batch:[3210/4840.0]	 Loss Sum:1.4689	forward Loss:0.2652;0.3627	 backward Loss:0.2596;0.2523	 Sentiment Loss:0.2143	Valence Loss:0.2762	 Arousal Loss:0.2977	
[2025-11-20 04:40:20,021][run_task2&3_trainer_multilingual.py][line:1284][INFO] Epoch:[1/1]	 Batch:[3220/4840.0]	 Loss Sum:5.6136	forward Loss:0.0422;3.1889	 backward Loss:1.9871;0.0333	 Sentiment Loss:0.1042	Valence Loss:0.8453	 Arousal Loss:0.4443	
[2025-11-20 04:40:21,194][run_task2&3_trainer_multilingual.py][line:1284][INFO] Epoch:[1/1]	 Batch:[3230/4840.0]	 Loss Sum:16.4663	forward Loss:0.45;8.592	 backward Loss:6.8152;0.5254	 Sentiment Loss:0.0241	Valence Loss:0.1778	 Arousal Loss:0.1198	
[2025-11-20 04:40:22,370][run_task2&3_trainer_multilingual.py][line:1284][INFO] Epoch:[1/1]	 Batch:[3240/4840.0]	 Loss Sum:0.8806	forward Loss:0.4692;0.0709	 backward Loss:0.0255;0.2483	 Sentiment Loss:0.0266	Valence Loss:0.0551	 Arousal Loss:0.1448	
[2025-11-20 04:40:23,543][run_task2&3_trainer_multilingual.py][line:1284][INFO] Epoch:[1/1]	 Batch:[3250/4840.0]	 Loss Sum:0.8926	forward Loss:0.0394;0.0645	 backward Loss:0.0346;0.0476	 Sentiment Loss:0.6799	Valence Loss:0.085	 Arousal Loss:0.0478	
[2025-11-20 04:40:24,717][run_task2&3_trainer_multilingual.py][line:1284][INFO] Epoch:[1/1]	 Batch:[3260/4840.0]	 Loss Sum:0.4033	forward Loss:0.0301;0.0956	 backward Loss:0.0501;0.0652	 Sentiment Loss:0.0371	Valence Loss:0.5789	 Arousal Loss:0.0468	
[2025-11-20 04:40:25,889][run_task2&3_trainer_multilingual.py][line:1284][INFO] Epoch:[1/1]	 Batch:[3270/4840.0]	 Loss Sum:17.2209	forward Loss:7.0023;2.375	 backward Loss:1.4265;5.8093	 Sentiment Loss:0.3676	Valence Loss:0.5598	 Arousal Loss:0.6407	
[2025-11-20 04:40:27,063][run_task2&3_trainer_multilingual.py][line:1284][INFO] Epoch:[1/1]	 Batch:[3280/4840.0]	 Loss Sum:1.3706	forward Loss:0.0389;0.0735	 backward Loss:0.0324;0.0374	 Sentiment Loss:0.0629	Valence Loss:5.3248	 Arousal Loss:0.302	
[2025-11-20 04:40:28,237][run_task2&3_trainer_multilingual.py][line:1284][INFO] Epoch:[1/1]	 Batch:[3290/4840.0]	 Loss Sum:2.9617	forward Loss:0.4604;1.0644	 backward Loss:1.0148;0.3515	 Sentiment Loss:0.0185	Valence Loss:0.176	 Arousal Loss:0.0844	
[2025-11-20 04:40:29,410][run_task2&3_trainer_multilingual.py][line:1284][INFO] Epoch:[1/1]	 Batch:[3300/4840.0]	 Loss Sum:10.5726	forward Loss:0.1715;7.482	 backward Loss:2.4103;0.238	 Sentiment Loss:0.0161	Valence Loss:0.7444	 Arousal Loss:0.529	
[2025-11-20 04:40:30,584][run_task2&3_trainer_multilingual.py][line:1284][INFO] Epoch:[1/1]	 Batch:[3310/4840.0]	 Loss Sum:10.5	forward Loss:0.0549;5.7009	 backward Loss:4.5358;0.0574	 Sentiment Loss:0.1113	Valence Loss:0.1395	 Arousal Loss:0.0594	
[2025-11-20 04:40:31,757][run_task2&3_trainer_multilingual.py][line:1284][INFO] Epoch:[1/1]	 Batch:[3320/4840.0]	 Loss Sum:0.7954	forward Loss:0.0239;0.3349	 backward Loss:0.2831;0.0993	 Sentiment Loss:0.0057	Valence Loss:0.1401	 Arousal Loss:0.1026	
[2025-11-20 04:40:32,934][run_task2&3_trainer_multilingual.py][line:1284][INFO] Epoch:[1/1]	 Batch:[3330/4840.0]	 Loss Sum:8.3797	forward Loss:1.6638;3.6522	 backward Loss:1.6825;1.1471	 Sentiment Loss:0.0448	Valence Loss:0.7273	 Arousal Loss:0.2192	
[2025-11-20 04:40:34,107][run_task2&3_trainer_multilingual.py][line:1284][INFO] Epoch:[1/1]	 Batch:[3340/4840.0]	 Loss Sum:5.6197	forward Loss:0.1084;3.4379	 backward Loss:1.7471;0.2786	 Sentiment Loss:0.0063	Valence Loss:0.0591	 Arousal Loss:0.1474	
[2025-11-20 04:40:35,280][run_task2&3_trainer_multilingual.py][line:1284][INFO] Epoch:[1/1]	 Batch:[3350/4840.0]	 Loss Sum:1.0744	forward Loss:0.135;0.4623	 backward Loss:0.1798;0.1659	 Sentiment Loss:0.0083	Valence Loss:0.3405	 Arousal Loss:0.2749	
[2025-11-20 04:40:36,453][run_task2&3_trainer_multilingual.py][line:1284][INFO] Epoch:[1/1]	 Batch:[3360/4840.0]	 Loss Sum:5.6906	forward Loss:0.0201;2.6979	 backward Loss:1.7973;0.091	 Sentiment Loss:0.9017	Valence Loss:0.8728	 Arousal Loss:0.0398	
[2025-11-20 04:40:37,627][run_task2&3_trainer_multilingual.py][line:1284][INFO] Epoch:[1/1]	 Batch:[3370/4840.0]	 Loss Sum:8.8588	forward Loss:4.4353;0.106	 backward Loss:0.2224;3.9267	 Sentiment Loss:0.0208	Valence Loss:0.0836	 Arousal Loss:0.6546	
[2025-11-20 04:40:38,804][run_task2&3_trainer_multilingual.py][line:1284][INFO] Epoch:[1/1]	 Batch:[3380/4840.0]	 Loss Sum:6.2856	forward Loss:0.3722;2.938	 backward Loss:2.4856;0.3873	 Sentiment Loss:0.0138	Valence Loss:0.0582	 Arousal Loss:0.3857	
[2025-11-20 04:40:39,977][run_task2&3_trainer_multilingual.py][line:1284][INFO] Epoch:[1/1]	 Batch:[3390/4840.0]	 Loss Sum:9.6505	forward Loss:1.1607;0.1246	 backward Loss:0.0516;7.8461	 Sentiment Loss:0.0384	Valence Loss:2.1024	 Arousal Loss:0.0433	
[2025-11-20 04:40:41,151][run_task2&3_trainer_multilingual.py][line:1284][INFO] Epoch:[1/1]	 Batch:[3400/4840.0]	 Loss Sum:39.2976	forward Loss:1.8076;8.5256	 backward Loss:26.5278;1.0801	 Sentiment Loss:0.1504	Valence Loss:5.5765	 Arousal Loss:0.4537	
[2025-11-20 04:40:42,323][run_task2&3_trainer_multilingual.py][line:1284][INFO] Epoch:[1/1]	 Batch:[3410/4840.0]	 Loss Sum:3.2311	forward Loss:0.0377;2.4437	 backward Loss:0.678;0.0169	 Sentiment Loss:0.0236	Valence Loss:0.0919	 Arousal Loss:0.064	
[2025-11-20 04:40:43,497][run_task2&3_trainer_multilingual.py][line:1284][INFO] Epoch:[1/1]	 Batch:[3420/4840.0]	 Loss Sum:1.9738	forward Loss:0.2377;0.48	 backward Loss:0.4162;0.5047	 Sentiment Loss:0.2289	Valence Loss:0.4156	 Arousal Loss:0.1161	
[2025-11-20 04:40:44,670][run_task2&3_trainer_multilingual.py][line:1284][INFO] Epoch:[1/1]	 Batch:[3430/4840.0]	 Loss Sum:4.1483	forward Loss:1.6475;0.1445	 backward Loss:0.0566;0.7494	 Sentiment Loss:1.1729	Valence Loss:1.1423	 Arousal Loss:0.7454	
[2025-11-20 04:40:45,844][run_task2&3_trainer_multilingual.py][line:1284][INFO] Epoch:[1/1]	 Batch:[3440/4840.0]	 Loss Sum:8.0185	forward Loss:0.0193;2.5218	 backward Loss:4.6916;0.0255	 Sentiment Loss:0.058	Valence Loss:3.202	 Arousal Loss:0.3093	
[2025-11-20 04:40:47,016][run_task2&3_trainer_multilingual.py][line:1284][INFO] Epoch:[1/1]	 Batch:[3450/4840.0]	 Loss Sum:0.8927	forward Loss:0.0931;0.2408	 backward Loss:0.1617;0.1346	 Sentiment Loss:0.0464	Valence Loss:0.9199	 Arousal Loss:0.1608	
[2025-11-20 04:40:48,190][run_task2&3_trainer_multilingual.py][line:1284][INFO] Epoch:[1/1]	 Batch:[3460/4840.0]	 Loss Sum:2.4256	forward Loss:0.2365;0.7316	 backward Loss:0.6444;0.6288	 Sentiment Loss:0.0212	Valence Loss:0.3813	 Arousal Loss:0.4341	
[2025-11-20 04:40:49,362][run_task2&3_trainer_multilingual.py][line:1284][INFO] Epoch:[1/1]	 Batch:[3470/4840.0]	 Loss Sum:2.4049	forward Loss:0.0259;1.9501	 backward Loss:0.3359;0.0425	 Sentiment Loss:0.0041	Valence Loss:0.0791	 Arousal Loss:0.1532	
[2025-11-20 04:40:50,536][run_task2&3_trainer_multilingual.py][line:1284][INFO] Epoch:[1/1]	 Batch:[3480/4840.0]	 Loss Sum:3.1099	forward Loss:2.2373;0.1621	 backward Loss:0.0895;0.5642	 Sentiment Loss:0.0138	Valence Loss:0.1878	 Arousal Loss:0.0274	
[2025-11-20 04:40:51,719][run_task2&3_trainer_multilingual.py][line:1284][INFO] Epoch:[1/1]	 Batch:[3490/4840.0]	 Loss Sum:3.6153	forward Loss:1.5847;0.0536	 backward Loss:0.0555;1.5657	 Sentiment Loss:0.3301	Valence Loss:0.0646	 Arousal Loss:0.0632	
[2025-11-20 04:40:52,892][run_task2&3_trainer_multilingual.py][line:1284][INFO] Epoch:[1/1]	 Batch:[3500/4840.0]	 Loss Sum:2.6673	forward Loss:0.2514;1.4478	 backward Loss:0.3129;0.1953	 Sentiment Loss:0.0112	Valence Loss:1.1258	 Arousal Loss:1.1177	
[2025-11-20 04:40:54,066][run_task2&3_trainer_multilingual.py][line:1284][INFO] Epoch:[1/1]	 Batch:[3510/4840.0]	 Loss Sum:10.1695	forward Loss:4.6901;2.9432	 backward Loss:1.0494;1.2198	 Sentiment Loss:0.0157	Valence Loss:0.9463	 Arousal Loss:0.3102	
[2025-11-20 04:40:55,240][run_task2&3_trainer_multilingual.py][line:1284][INFO] Epoch:[1/1]	 Batch:[3520/4840.0]	 Loss Sum:6.3081	forward Loss:2.461;0.8344	 backward Loss:0.2096;2.3133	 Sentiment Loss:0.3928	Valence Loss:0.3832	 Arousal Loss:0.1013	
[2025-11-20 04:40:56,414][run_task2&3_trainer_multilingual.py][line:1284][INFO] Epoch:[1/1]	 Batch:[3530/4840.0]	 Loss Sum:11.4916	forward Loss:4.5175;3.1875	 backward Loss:1.8108;1.6722	 Sentiment Loss:0.0805	Valence Loss:0.8	 Arousal Loss:0.3158	
[2025-11-20 04:40:57,586][run_task2&3_trainer_multilingual.py][line:1284][INFO] Epoch:[1/1]	 Batch:[3540/4840.0]	 Loss Sum:3.912	forward Loss:0.5439;1.0997	 backward Loss:0.1437;2.0187	 Sentiment Loss:0.0657	Valence Loss:0.1879	 Arousal Loss:0.014	
[2025-11-20 04:40:58,761][run_task2&3_trainer_multilingual.py][line:1284][INFO] Epoch:[1/1]	 Batch:[3550/4840.0]	 Loss Sum:0.188	forward Loss:0.0051;0.0517	 backward Loss:0.0278;0.0216	 Sentiment Loss:0.0319	Valence Loss:0.1985	 Arousal Loss:0.0511	
[2025-11-20 04:40:59,936][run_task2&3_trainer_multilingual.py][line:1284][INFO] Epoch:[1/1]	 Batch:[3560/4840.0]	 Loss Sum:8.4827	forward Loss:0.0324;5.1181	 backward Loss:2.5465;0.1303	 Sentiment Loss:0.3695	Valence Loss:1.2759	 Arousal Loss:0.1539	
[2025-11-20 04:41:01,108][run_task2&3_trainer_multilingual.py][line:1284][INFO] Epoch:[1/1]	 Batch:[3570/4840.0]	 Loss Sum:15.6888	forward Loss:1.2495;6.1629	 backward Loss:4.4769;3.5154	 Sentiment Loss:0.2303	Valence Loss:0.2102	 Arousal Loss:0.0586	
[2025-11-20 04:41:02,282][run_task2&3_trainer_multilingual.py][line:1284][INFO] Epoch:[1/1]	 Batch:[3580/4840.0]	 Loss Sum:0.1232	forward Loss:0.0037;0.0259	 backward Loss:0.0145;0.0134	 Sentiment Loss:0.0303	Valence Loss:0.1568	 Arousal Loss:0.0203	
[2025-11-20 04:41:03,455][run_task2&3_trainer_multilingual.py][line:1284][INFO] Epoch:[1/1]	 Batch:[3590/4840.0]	 Loss Sum:5.7185	forward Loss:1.4342;0.3692	 backward Loss:0.5005;2.7567	 Sentiment Loss:0.4765	Valence Loss:0.864	 Arousal Loss:0.0433	
[2025-11-20 04:41:04,629][run_task2&3_trainer_multilingual.py][line:1284][INFO] Epoch:[1/1]	 Batch:[3600/4840.0]	 Loss Sum:5.7951	forward Loss:1.4029;1.3331	 backward Loss:0.9588;1.7375	 Sentiment Loss:0.2506	Valence Loss:0.1437	 Arousal Loss:0.4173	
[2025-11-20 04:41:05,801][run_task2&3_trainer_multilingual.py][line:1284][INFO] Epoch:[1/1]	 Batch:[3610/4840.0]	 Loss Sum:0.3017	forward Loss:0.0083;0.0295	 backward Loss:0.0428;0.0381	 Sentiment Loss:0.0586	Valence Loss:0.4832	 Arousal Loss:0.1388	
[2025-11-20 04:41:06,975][run_task2&3_trainer_multilingual.py][line:1284][INFO] Epoch:[1/1]	 Batch:[3620/4840.0]	 Loss Sum:2.0825	forward Loss:0.2063;0.3226	 backward Loss:0.1914;0.6043	 Sentiment Loss:0.6875	Valence Loss:0.2833	 Arousal Loss:0.0685	
[2025-11-20 04:41:08,149][run_task2&3_trainer_multilingual.py][line:1284][INFO] Epoch:[1/1]	 Batch:[3630/4840.0]	 Loss Sum:2.6229	forward Loss:1.0163;0.1554	 backward Loss:0.9253;0.4186	 Sentiment Loss:0.0314	Valence Loss:0.041	 Arousal Loss:0.3386	
[2025-11-20 04:41:09,322][run_task2&3_trainer_multilingual.py][line:1284][INFO] Epoch:[1/1]	 Batch:[3640/4840.0]	 Loss Sum:5.5504	forward Loss:0.6157;1.3274	 backward Loss:1.407;1.5299	 Sentiment Loss:0.0446	Valence Loss:3.0257	 Arousal Loss:0.1029	
[2025-11-20 04:41:10,496][run_task2&3_trainer_multilingual.py][line:1284][INFO] Epoch:[1/1]	 Batch:[3650/4840.0]	 Loss Sum:1.008	forward Loss:0.3768;0.2555	 backward Loss:0.0941;0.1781	 Sentiment Loss:0.0483	Valence Loss:0.1783	 Arousal Loss:0.0973	
[2025-11-20 04:41:11,668][run_task2&3_trainer_multilingual.py][line:1284][INFO] Epoch:[1/1]	 Batch:[3660/4840.0]	 Loss Sum:6.0174	forward Loss:0.4324;2.945	 backward Loss:1.814;0.6191	 Sentiment Loss:0.0881	Valence Loss:0.3594	 Arousal Loss:0.2344	
[2025-11-20 04:41:12,841][run_task2&3_trainer_multilingual.py][line:1284][INFO] Epoch:[1/1]	 Batch:[3670/4840.0]	 Loss Sum:0.3384	forward Loss:0.0298;0.0525	 backward Loss:0.0371;0.0495	 Sentiment Loss:0.0071	Valence Loss:0.4301	 Arousal Loss:0.3822	
[2025-11-20 04:41:14,016][run_task2&3_trainer_multilingual.py][line:1284][INFO] Epoch:[1/1]	 Batch:[3680/4840.0]	 Loss Sum:7.5221	forward Loss:0.5319;1.4443	 backward Loss:3.0443;2.3753	 Sentiment Loss:0.0656	Valence Loss:0.1902	 Arousal Loss:0.1133	
[2025-11-20 04:41:15,190][run_task2&3_trainer_multilingual.py][line:1284][INFO] Epoch:[1/1]	 Batch:[3690/4840.0]	 Loss Sum:39.6536	forward Loss:9.9667;10.1958	 backward Loss:7.9152;9.5372	 Sentiment Loss:1.9165	Valence Loss:0.5595	 Arousal Loss:0.0512	
[2025-11-20 04:41:16,362][run_task2&3_trainer_multilingual.py][line:1284][INFO] Epoch:[1/1]	 Batch:[3700/4840.0]	 Loss Sum:0.2827	forward Loss:0.0327;0.1023	 backward Loss:0.0376;0.0411	 Sentiment Loss:0.0117	Valence Loss:0.1006	 Arousal Loss:0.1856	
[2025-11-20 04:41:17,536][run_task2&3_trainer_multilingual.py][line:1284][INFO] Epoch:[1/1]	 Batch:[3710/4840.0]	 Loss Sum:1.4216	forward Loss:0.1642;0.2004	 backward Loss:0.2111;0.1881	 Sentiment Loss:0.4181	Valence Loss:1.0838	 Arousal Loss:0.1146	
[2025-11-20 04:41:18,710][run_task2&3_trainer_multilingual.py][line:1284][INFO] Epoch:[1/1]	 Batch:[3720/4840.0]	 Loss Sum:0.6012	forward Loss:0.1316;0.163	 backward Loss:0.1203;0.1244	 Sentiment Loss:0.0411	Valence Loss:0.0605	 Arousal Loss:0.0429	
[2025-11-20 04:41:19,885][run_task2&3_trainer_multilingual.py][line:1284][INFO] Epoch:[1/1]	 Batch:[3730/4840.0]	 Loss Sum:6.6051	forward Loss:0.049;2.3957	 backward Loss:0.3151;0.0846	 Sentiment Loss:3.7312	Valence Loss:0.1072	 Arousal Loss:0.0403	
[2025-11-20 04:41:21,059][run_task2&3_trainer_multilingual.py][line:1284][INFO] Epoch:[1/1]	 Batch:[3740/4840.0]	 Loss Sum:9.156	forward Loss:1.5636;3.4796	 backward Loss:2.4905;1.4785	 Sentiment Loss:0.0386	Valence Loss:0.4375	 Arousal Loss:0.0882	
[2025-11-20 04:41:22,231][run_task2&3_trainer_multilingual.py][line:1284][INFO] Epoch:[1/1]	 Batch:[3750/4840.0]	 Loss Sum:12.4549	forward Loss:3.0786;2.9745	 backward Loss:1.8221;4.4645	 Sentiment Loss:0.0703	Valence Loss:0.1397	 Arousal Loss:0.0848	
[2025-11-20 04:41:23,405][run_task2&3_trainer_multilingual.py][line:1284][INFO] Epoch:[1/1]	 Batch:[3760/4840.0]	 Loss Sum:8.2772	forward Loss:2.7593;0.2799	 backward Loss:4.6897;0.0916	 Sentiment Loss:0.1472	Valence Loss:1.2194	 Arousal Loss:0.3275	
[2025-11-20 04:41:24,578][run_task2&3_trainer_multilingual.py][line:1284][INFO] Epoch:[1/1]	 Batch:[3770/4840.0]	 Loss Sum:0.5807	forward Loss:0.1051;0.1041	 backward Loss:0.0976;0.1413	 Sentiment Loss:0.042	Valence Loss:0.0423	 Arousal Loss:0.4098	
[2025-11-20 04:41:25,752][run_task2&3_trainer_multilingual.py][line:1284][INFO] Epoch:[1/1]	 Batch:[3780/4840.0]	 Loss Sum:2.0932	forward Loss:0.1223;0.95	 backward Loss:0.7134;0.0722	 Sentiment Loss:0.1518	Valence Loss:0.3899	 Arousal Loss:0.0277	
[2025-11-20 04:41:26,925][run_task2&3_trainer_multilingual.py][line:1284][INFO] Epoch:[1/1]	 Batch:[3790/4840.0]	 Loss Sum:3.3379	forward Loss:1.15;0.3484	 backward Loss:0.2248;1.39	 Sentiment Loss:0.1367	Valence Loss:0.3011	 Arousal Loss:0.1393	
[2025-11-20 04:41:28,098][run_task2&3_trainer_multilingual.py][line:1284][INFO] Epoch:[1/1]	 Batch:[3800/4840.0]	 Loss Sum:7.1392	forward Loss:3.2125;0.5051	 backward Loss:0.3008;2.7061	 Sentiment Loss:0.0758	Valence Loss:1.4524	 Arousal Loss:0.2419	
[2025-11-20 04:41:29,271][run_task2&3_trainer_multilingual.py][line:1284][INFO] Epoch:[1/1]	 Batch:[3810/4840.0]	 Loss Sum:16.5505	forward Loss:0.0966;4.8929	 backward Loss:11.3484;0.103	 Sentiment Loss:0.052	Valence Loss:0.1254	 Arousal Loss:0.1631	
[2025-11-20 04:41:30,444][run_task2&3_trainer_multilingual.py][line:1284][INFO] Epoch:[1/1]	 Batch:[3820/4840.0]	 Loss Sum:1.5743	forward Loss:0.1434;0.1682	 backward Loss:0.0602;0.4651	 Sentiment Loss:0.0785	Valence Loss:3.2243	 Arousal Loss:0.0698	
[2025-11-20 04:41:31,618][run_task2&3_trainer_multilingual.py][line:1284][INFO] Epoch:[1/1]	 Batch:[3830/4840.0]	 Loss Sum:2.8413	forward Loss:1.3757;0.0498	 backward Loss:0.0195;1.1965	 Sentiment Loss:0.0901	Valence Loss:0.4088	 Arousal Loss:0.1398	
[2025-11-20 04:41:32,790][run_task2&3_trainer_multilingual.py][line:1284][INFO] Epoch:[1/1]	 Batch:[3840/4840.0]	 Loss Sum:12.8691	forward Loss:4.6973;0.413	 backward Loss:0.1179;7.4639	 Sentiment Loss:0.1264	Valence Loss:0.1138	 Arousal Loss:0.1393	
[2025-11-20 04:41:33,963][run_task2&3_trainer_multilingual.py][line:1284][INFO] Epoch:[1/1]	 Batch:[3850/4840.0]	 Loss Sum:12.6507	forward Loss:0.7045;4.3227	 backward Loss:6.5912;0.6955	 Sentiment Loss:0.2649	Valence Loss:0.1976	 Arousal Loss:0.1619	
[2025-11-20 04:41:35,137][run_task2&3_trainer_multilingual.py][line:1284][INFO] Epoch:[1/1]	 Batch:[3860/4840.0]	 Loss Sum:0.7536	forward Loss:0.062;0.1915	 backward Loss:0.092;0.1294	 Sentiment Loss:0.1799	Valence Loss:0.4162	 Arousal Loss:0.0778	
[2025-11-20 04:41:36,320][run_task2&3_trainer_multilingual.py][line:1284][INFO] Epoch:[1/1]	 Batch:[3870/4840.0]	 Loss Sum:13.3255	forward Loss:2.6125;3.7409	 backward Loss:4.8319;1.8885	 Sentiment Loss:0.2108	Valence Loss:0.1085	 Arousal Loss:0.0957	
[2025-11-20 04:41:37,503][run_task2&3_trainer_multilingual.py][line:1284][INFO] Epoch:[1/1]	 Batch:[3880/4840.0]	 Loss Sum:7.7551	forward Loss:0.0897;2.3719	 backward Loss:2.2026;0.0708	 Sentiment Loss:2.1218	Valence Loss:2.4106	 Arousal Loss:2.0817	
[2025-11-20 04:41:38,686][run_task2&3_trainer_multilingual.py][line:1284][INFO] Epoch:[1/1]	 Batch:[3890/4840.0]	 Loss Sum:0.9528	forward Loss:0.028;0.0469	 backward Loss:0.0152;0.0344	 Sentiment Loss:0.7985	Valence Loss:0.1192	 Arousal Loss:0.0293	
[2025-11-20 04:41:39,870][run_task2&3_trainer_multilingual.py][line:1284][INFO] Epoch:[1/1]	 Batch:[3900/4840.0]	 Loss Sum:0.66	forward Loss:0.299;0.0516	 backward Loss:0.0291;0.241	 Sentiment Loss:0.0164	Valence Loss:0.0988	 Arousal Loss:0.0155	
[2025-11-20 04:41:41,053][run_task2&3_trainer_multilingual.py][line:1284][INFO] Epoch:[1/1]	 Batch:[3910/4840.0]	 Loss Sum:0.2982	forward Loss:0.0316;0.0622	 backward Loss:0.0333;0.0405	 Sentiment Loss:0.0349	Valence Loss:0.181	 Arousal Loss:0.2976	
[2025-11-20 04:41:42,237][run_task2&3_trainer_multilingual.py][line:1284][INFO] Epoch:[1/1]	 Batch:[3920/4840.0]	 Loss Sum:1.2044	forward Loss:0.1491;0.1424	 backward Loss:0.0721;0.6589	 Sentiment Loss:0.1211	Valence Loss:0.2042	 Arousal Loss:0.0995	
[2025-11-20 04:41:43,671][run_task2&3_trainer_multilingual.py][line:1284][INFO] Epoch:[1/1]	 Batch:[3930/4840.0]	 Loss Sum:0.8737	forward Loss:0.2094;0.0934	 backward Loss:0.0433;0.1415	 Sentiment Loss:0.3232	Valence Loss:0.1485	 Arousal Loss:0.1662	
[2025-11-20 04:41:44,855][run_task2&3_trainer_multilingual.py][line:1284][INFO] Epoch:[1/1]	 Batch:[3940/4840.0]	 Loss Sum:23.3322	forward Loss:0.5701;7.6915	 backward Loss:9.0853;0.6566	 Sentiment Loss:5.2241	Valence Loss:0.0636	 Arousal Loss:0.4589	
[2025-11-20 04:41:46,042][run_task2&3_trainer_multilingual.py][line:1284][INFO] Epoch:[1/1]	 Batch:[3950/4840.0]	 Loss Sum:3.9585	forward Loss:0.2026;0.139	 backward Loss:0.1062;0.0753	 Sentiment Loss:2.7789	Valence Loss:2.664	 Arousal Loss:0.6187	
[2025-11-20 04:41:47,222][run_task2&3_trainer_multilingual.py][line:1284][INFO] Epoch:[1/1]	 Batch:[3960/4840.0]	 Loss Sum:3.1179	forward Loss:0.4526;1.014	 backward Loss:1.1447;0.3311	 Sentiment Loss:0.0752	Valence Loss:0.0509	 Arousal Loss:0.4505	
[2025-11-20 04:41:48,404][run_task2&3_trainer_multilingual.py][line:1284][INFO] Epoch:[1/1]	 Batch:[3970/4840.0]	 Loss Sum:9.9574	forward Loss:4.8865;0.4632	 backward Loss:2.1769;2.3305	 Sentiment Loss:0.0261	Valence Loss:0.3251	 Arousal Loss:0.046	
[2025-11-20 04:41:49,586][run_task2&3_trainer_multilingual.py][line:1284][INFO] Epoch:[1/1]	 Batch:[3980/4840.0]	 Loss Sum:5.4816	forward Loss:0.0861;3.2789	 backward Loss:1.2473;0.1124	 Sentiment Loss:0.678	Valence Loss:0.3514	 Arousal Loss:0.0433	
[2025-11-20 04:41:50,769][run_task2&3_trainer_multilingual.py][line:1284][INFO] Epoch:[1/1]	 Batch:[3990/4840.0]	 Loss Sum:5.0269	forward Loss:1.3479;0.8639	 backward Loss:2.3173;0.2772	 Sentiment Loss:0.0588	Valence Loss:0.7094	 Arousal Loss:0.1	
[2025-11-20 04:41:51,949][run_task2&3_trainer_multilingual.py][line:1284][INFO] Epoch:[1/1]	 Batch:[4000/4840.0]	 Loss Sum:4.0138	forward Loss:0.5716;2.1883	 backward Loss:0.5493;0.4883	 Sentiment Loss:0.0569	Valence Loss:0.6287	 Arousal Loss:0.1681	
[2025-11-20 04:41:53,133][run_task2&3_trainer_multilingual.py][line:1284][INFO] Epoch:[1/1]	 Batch:[4010/4840.0]	 Loss Sum:2.0738	forward Loss:0.3168;0.2313	 backward Loss:1.1621;0.1928	 Sentiment Loss:0.132	Valence Loss:0.1538	 Arousal Loss:0.0399	
[2025-11-20 04:41:54,335][run_task2&3_trainer_multilingual.py][line:1284][INFO] Epoch:[1/1]	 Batch:[4020/4840.0]	 Loss Sum:0.4464	forward Loss:0.0144;0.074	 backward Loss:0.0297;0.0433	 Sentiment Loss:0.0159	Valence Loss:0.6786	 Arousal Loss:0.6668	
[2025-11-20 04:41:55,519][run_task2&3_trainer_multilingual.py][line:1284][INFO] Epoch:[1/1]	 Batch:[4030/4840.0]	 Loss Sum:2.656	forward Loss:0.0379;0.3082	 backward Loss:0.3783;0.0314	 Sentiment Loss:0.0276	Valence Loss:9.2753	 Arousal Loss:0.0874	
[2025-11-20 04:41:56,703][run_task2&3_trainer_multilingual.py][line:1284][INFO] Epoch:[1/1]	 Batch:[4040/4840.0]	 Loss Sum:17.2296	forward Loss:5.9189;0.4143	 backward Loss:0.2965;10.404	 Sentiment Loss:0.0479	Valence Loss:0.7056	 Arousal Loss:0.0342	
[2025-11-20 04:41:57,883][run_task2&3_trainer_multilingual.py][line:1284][INFO] Epoch:[1/1]	 Batch:[4050/4840.0]	 Loss Sum:14.0517	forward Loss:2.2531;1.8214	 backward Loss:8.9168;0.9776	 Sentiment Loss:0.0338	Valence Loss:0.1556	 Arousal Loss:0.0896	
[2025-11-20 04:41:59,066][run_task2&3_trainer_multilingual.py][line:1284][INFO] Epoch:[1/1]	 Batch:[4060/4840.0]	 Loss Sum:6.8502	forward Loss:1.2528;1.7119	 backward Loss:2.2195;1.5858	 Sentiment Loss:0.024	Valence Loss:0.1604	 Arousal Loss:0.1204	
[2025-11-20 04:42:00,248][run_task2&3_trainer_multilingual.py][line:1284][INFO] Epoch:[1/1]	 Batch:[4070/4840.0]	 Loss Sum:5.3027	forward Loss:0.1613;2.8277	 backward Loss:1.9444;0.0943	 Sentiment Loss:0.1	Valence Loss:0.8116	 Arousal Loss:0.0631	
[2025-11-20 04:42:01,429][run_task2&3_trainer_multilingual.py][line:1284][INFO] Epoch:[1/1]	 Batch:[4080/4840.0]	 Loss Sum:14.8827	forward Loss:0.5439;7.8467	 backward Loss:5.8788;0.5236	 Sentiment Loss:0.0569	Valence Loss:0.0731	 Arousal Loss:0.0912	
[2025-11-20 04:42:02,612][run_task2&3_trainer_multilingual.py][line:1284][INFO] Epoch:[1/1]	 Batch:[4090/4840.0]	 Loss Sum:1.1124	forward Loss:0.4634;0.1166	 backward Loss:0.0702;0.3143	 Sentiment Loss:0.0553	Valence Loss:0.2339	 Arousal Loss:0.2291	
[2025-11-20 04:42:03,794][run_task2&3_trainer_multilingual.py][line:1284][INFO] Epoch:[1/1]	 Batch:[4100/4840.0]	 Loss Sum:0.4562	forward Loss:0.0102;0.1023	 backward Loss:0.0423;0.0299	 Sentiment Loss:0.0128	Valence Loss:1.14	 Arousal Loss:0.1533	
[2025-11-20 04:42:04,977][run_task2&3_trainer_multilingual.py][line:1284][INFO] Epoch:[1/1]	 Batch:[4110/4840.0]	 Loss Sum:4.2235	forward Loss:0.2664;2.6492	 backward Loss:1.1111;0.0967	 Sentiment Loss:0.0599	Valence Loss:0.1188	 Arousal Loss:0.0824	
[2025-11-20 04:42:06,160][run_task2&3_trainer_multilingual.py][line:1284][INFO] Epoch:[1/1]	 Batch:[4120/4840.0]	 Loss Sum:4.0585	forward Loss:0.0703;1.6192	 backward Loss:2.1305;0.0215	 Sentiment Loss:0.0276	Valence Loss:0.2716	 Arousal Loss:0.6762	
[2025-11-20 04:42:07,344][run_task2&3_trainer_multilingual.py][line:1284][INFO] Epoch:[1/1]	 Batch:[4130/4840.0]	 Loss Sum:0.3324	forward Loss:0.0145;0.1021	 backward Loss:0.0316;0.0366	 Sentiment Loss:0.0316	Valence Loss:0.0893	 Arousal Loss:0.4909	
[2025-11-20 04:42:08,525][run_task2&3_trainer_multilingual.py][line:1284][INFO] Epoch:[1/1]	 Batch:[4140/4840.0]	 Loss Sum:1.1823	forward Loss:0.0358;0.2711	 backward Loss:0.1645;0.0455	 Sentiment Loss:0.5774	Valence Loss:0.2388	 Arousal Loss:0.2005	
[2025-11-20 04:42:09,708][run_task2&3_trainer_multilingual.py][line:1284][INFO] Epoch:[1/1]	 Batch:[4150/4840.0]	 Loss Sum:8.573	forward Loss:0.0571;3.5407	 backward Loss:4.6929;0.0276	 Sentiment Loss:0.0396	Valence Loss:0.3217	 Arousal Loss:0.7541	
[2025-11-20 04:42:10,888][run_task2&3_trainer_multilingual.py][line:1284][INFO] Epoch:[1/1]	 Batch:[4160/4840.0]	 Loss Sum:3.148	forward Loss:0.1448;1.3431	 backward Loss:1.5206;0.0343	 Sentiment Loss:0.0297	Valence Loss:0.3156	 Arousal Loss:0.0616	
[2025-11-20 04:42:12,071][run_task2&3_trainer_multilingual.py][line:1284][INFO] Epoch:[1/1]	 Batch:[4170/4840.0]	 Loss Sum:15.5598	forward Loss:1.3297;3.3286	 backward Loss:5.627;2.2163	 Sentiment Loss:1.6344	Valence Loss:6.9298	 Arousal Loss:0.1887	
[2025-11-20 04:42:13,253][run_task2&3_trainer_multilingual.py][line:1284][INFO] Epoch:[1/1]	 Batch:[4180/4840.0]	 Loss Sum:12.7669	forward Loss:4.5429;1.767	 backward Loss:4.2552;1.9927	 Sentiment Loss:0.0584	Valence Loss:0.1746	 Arousal Loss:0.5788	
[2025-11-20 04:42:14,434][run_task2&3_trainer_multilingual.py][line:1284][INFO] Epoch:[1/1]	 Batch:[4190/4840.0]	 Loss Sum:0.9294	forward Loss:0.4738;0.0545	 backward Loss:0.1453;0.1726	 Sentiment Loss:0.0546	Valence Loss:0.0898	 Arousal Loss:0.0531	
[2025-11-20 04:42:15,617][run_task2&3_trainer_multilingual.py][line:1284][INFO] Epoch:[1/1]	 Batch:[4200/4840.0]	 Loss Sum:5.3576	forward Loss:2.2312;0.9369	 backward Loss:1.4594;0.4913	 Sentiment Loss:0.1605	Valence Loss:0.1366	 Arousal Loss:0.2547	
[2025-11-20 04:42:16,799][run_task2&3_trainer_multilingual.py][line:1284][INFO] Epoch:[1/1]	 Batch:[4210/4840.0]	 Loss Sum:6.649	forward Loss:0.327;2.8371	 backward Loss:2.4;0.9635	 Sentiment Loss:0.0384	Valence Loss:0.2721	 Arousal Loss:0.1432	
[2025-11-20 04:42:17,981][run_task2&3_trainer_multilingual.py][line:1284][INFO] Epoch:[1/1]	 Batch:[4220/4840.0]	 Loss Sum:0.9958	forward Loss:0.1837;0.1559	 backward Loss:0.0925;0.3679	 Sentiment Loss:0.0314	Valence Loss:0.5175	 Arousal Loss:0.3043	
[2025-11-20 04:42:19,161][run_task2&3_trainer_multilingual.py][line:1284][INFO] Epoch:[1/1]	 Batch:[4230/4840.0]	 Loss Sum:0.7206	forward Loss:0.1717;0.0277	 backward Loss:0.0197;0.145	 Sentiment Loss:0.0334	Valence Loss:1.4765	 Arousal Loss:0.1385	
[2025-11-20 04:42:20,344][run_task2&3_trainer_multilingual.py][line:1284][INFO] Epoch:[1/1]	 Batch:[4240/4840.0]	 Loss Sum:11.3501	forward Loss:4.5092;0.2426	 backward Loss:0.2277;3.8634	 Sentiment Loss:2.416	Valence Loss:0.3329	 Arousal Loss:0.1233	
[2025-11-20 04:42:21,527][run_task2&3_trainer_multilingual.py][line:1284][INFO] Epoch:[1/1]	 Batch:[4250/4840.0]	 Loss Sum:1.6909	forward Loss:0.2288;0.6691	 backward Loss:0.3212;0.1756	 Sentiment Loss:0.1871	Valence Loss:0.4127	 Arousal Loss:0.1334	
[2025-11-20 04:42:22,709][run_task2&3_trainer_multilingual.py][line:1284][INFO] Epoch:[1/1]	 Batch:[4260/4840.0]	 Loss Sum:1.1581	forward Loss:0.5351;0.0691	 backward Loss:0.0351;0.237	 Sentiment Loss:0.0164	Valence Loss:1.2973	 Arousal Loss:0.03	
[2025-11-20 04:42:23,890][run_task2&3_trainer_multilingual.py][line:1284][INFO] Epoch:[1/1]	 Batch:[4270/4840.0]	 Loss Sum:4.2179	forward Loss:0.1001;1.0348	 backward Loss:2.5561;0.0874	 Sentiment Loss:0.0272	Valence Loss:1.6898	 Arousal Loss:0.3719	
[2025-11-20 04:42:25,073][run_task2&3_trainer_multilingual.py][line:1284][INFO] Epoch:[1/1]	 Batch:[4280/4840.0]	 Loss Sum:4.4357	forward Loss:2.4386;0.297	 backward Loss:0.2282;0.9066	 Sentiment Loss:0.455	Valence Loss:0.153	 Arousal Loss:0.3978	
[2025-11-20 04:42:26,257][run_task2&3_trainer_multilingual.py][line:1284][INFO] Epoch:[1/1]	 Batch:[4290/4840.0]	 Loss Sum:11.1212	forward Loss:6.1838;0.2616	 backward Loss:0.1159;4.4158	 Sentiment Loss:0.0351	Valence Loss:0.1533	 Arousal Loss:0.3916	
[2025-11-20 04:42:27,441][run_task2&3_trainer_multilingual.py][line:1284][INFO] Epoch:[1/1]	 Batch:[4300/4840.0]	 Loss Sum:6.1606	forward Loss:2.7449;0.937	 backward Loss:0.4903;1.8966	 Sentiment Loss:0.0564	Valence Loss:0.123	 Arousal Loss:0.0542	
[2025-11-20 04:42:28,624][run_task2&3_trainer_multilingual.py][line:1284][INFO] Epoch:[1/1]	 Batch:[4310/4840.0]	 Loss Sum:8.4252	forward Loss:2.4641;1.6056	 backward Loss:2.6241;0.9053	 Sentiment Loss:0.2051	Valence Loss:1.392	 Arousal Loss:1.7131	
[2025-11-20 04:42:29,808][run_task2&3_trainer_multilingual.py][line:1284][INFO] Epoch:[1/1]	 Batch:[4320/4840.0]	 Loss Sum:18.062	forward Loss:9.3841;1.622	 backward Loss:2.9525;3.6657	 Sentiment Loss:0.2313	Valence Loss:0.2234	 Arousal Loss:0.8088	
[2025-11-20 04:42:30,992][run_task2&3_trainer_multilingual.py][line:1284][INFO] Epoch:[1/1]	 Batch:[4330/4840.0]	 Loss Sum:4.8401	forward Loss:0.1001;1.112	 backward Loss:1.5317;0.0456	 Sentiment Loss:1.8382	Valence Loss:0.5415	 Arousal Loss:0.5211	
[2025-11-20 04:42:32,172][run_task2&3_trainer_multilingual.py][line:1284][INFO] Epoch:[1/1]	 Batch:[4340/4840.0]	 Loss Sum:6.8836	forward Loss:0.114;3.0682	 backward Loss:3.4823;0.0912	 Sentiment Loss:0.0172	Valence Loss:0.0157	 Arousal Loss:0.5376	
[2025-11-20 04:42:33,355][run_task2&3_trainer_multilingual.py][line:1284][INFO] Epoch:[1/1]	 Batch:[4350/4840.0]	 Loss Sum:1.1049	forward Loss:0.0408;0.5139	 backward Loss:0.4408;0.0402	 Sentiment Loss:0.0119	Valence Loss:0.1361	 Arousal Loss:0.1502	
[2025-11-20 04:42:34,540][run_task2&3_trainer_multilingual.py][line:1284][INFO] Epoch:[1/1]	 Batch:[4360/4840.0]	 Loss Sum:25.9024	forward Loss:7.7182;4.8877	 backward Loss:4.447;7.7348	 Sentiment Loss:0.951	Valence Loss:0.0348	 Arousal Loss:0.7837	
[2025-11-20 04:42:35,722][run_task2&3_trainer_multilingual.py][line:1284][INFO] Epoch:[1/1]	 Batch:[4370/4840.0]	 Loss Sum:6.3897	forward Loss:0.3108;2.8681	 backward Loss:2.9333;0.1161	 Sentiment Loss:0.0081	Valence Loss:0.43	 Arousal Loss:0.337	
[2025-11-20 04:42:36,907][run_task2&3_trainer_multilingual.py][line:1284][INFO] Epoch:[1/1]	 Batch:[4380/4840.0]	 Loss Sum:12.1593	forward Loss:0.3603;3.5585	 backward Loss:5.5272;1.8882	 Sentiment Loss:0.5356	Valence Loss:0.5974	 Arousal Loss:0.8502	
[2025-11-20 04:42:38,088][run_task2&3_trainer_multilingual.py][line:1284][INFO] Epoch:[1/1]	 Batch:[4390/4840.0]	 Loss Sum:14.4907	forward Loss:3.3363;4.8722	 backward Loss:2.0982;3.5622	 Sentiment Loss:0.5226	Valence Loss:0.3271	 Arousal Loss:0.1688	
[2025-11-20 04:42:39,272][run_task2&3_trainer_multilingual.py][line:1284][INFO] Epoch:[1/1]	 Batch:[4400/4840.0]	 Loss Sum:13.2037	forward Loss:3.7871;2.7847	 backward Loss:4.4845;1.6632	 Sentiment Loss:0.3567	Valence Loss:0.6141	 Arousal Loss:0.0233	
[2025-11-20 04:42:40,453][run_task2&3_trainer_multilingual.py][line:1284][INFO] Epoch:[1/1]	 Batch:[4410/4840.0]	 Loss Sum:1.0594	forward Loss:0.4521;0.0511	 backward Loss:0.0494;0.3668	 Sentiment Loss:0.026	Valence Loss:0.4448	 Arousal Loss:0.1254	
[2025-11-20 04:42:41,635][run_task2&3_trainer_multilingual.py][line:1284][INFO] Epoch:[1/1]	 Batch:[4420/4840.0]	 Loss Sum:30.6868	forward Loss:3.7325;11.9196	 backward Loss:4.1225;9.553	 Sentiment Loss:1.1992	Valence Loss:0.5692	 Arousal Loss:0.231	
[2025-11-20 04:42:42,817][run_task2&3_trainer_multilingual.py][line:1284][INFO] Epoch:[1/1]	 Batch:[4430/4840.0]	 Loss Sum:6.0654	forward Loss:0.4733;0.9563	 backward Loss:2.2672;0.3894	 Sentiment Loss:1.8192	Valence Loss:0.4642	 Arousal Loss:0.3354	
[2025-11-20 04:42:44,000][run_task2&3_trainer_multilingual.py][line:1284][INFO] Epoch:[1/1]	 Batch:[4440/4840.0]	 Loss Sum:17.5163	forward Loss:3.95;4.9793	 backward Loss:3.0216;5.414	 Sentiment Loss:0.0961	Valence Loss:0.1361	 Arousal Loss:0.1401	
[2025-11-20 04:42:45,181][run_task2&3_trainer_multilingual.py][line:1284][INFO] Epoch:[1/1]	 Batch:[4450/4840.0]	 Loss Sum:21.6731	forward Loss:4.2428;4.1456	 backward Loss:0.602;11.9491	 Sentiment Loss:0.7183	Valence Loss:0.0344	 Arousal Loss:0.0418	
[2025-11-20 04:42:46,364][run_task2&3_trainer_multilingual.py][line:1284][INFO] Epoch:[1/1]	 Batch:[4460/4840.0]	 Loss Sum:0.3702	forward Loss:0.0102;0.0402	 backward Loss:0.0446;0.0176	 Sentiment Loss:0.0769	Valence Loss:0.6451	 Arousal Loss:0.2587	
[2025-11-20 04:42:47,545][run_task2&3_trainer_multilingual.py][line:1284][INFO] Epoch:[1/1]	 Batch:[4470/4840.0]	 Loss Sum:13.5192	forward Loss:0.2658;4.945	 backward Loss:7.6992;0.1958	 Sentiment Loss:0.2798	Valence Loss:0.5441	 Arousal Loss:0.1236	
[2025-11-20 04:42:48,727][run_task2&3_trainer_multilingual.py][line:1284][INFO] Epoch:[1/1]	 Batch:[4480/4840.0]	 Loss Sum:0.2539	forward Loss:0.0141;0.0471	 backward Loss:0.0466;0.0114	 Sentiment Loss:0.0129	Valence Loss:0.2431	 Arousal Loss:0.3658	
[2025-11-20 04:42:49,913][run_task2&3_trainer_multilingual.py][line:1284][INFO] Epoch:[1/1]	 Batch:[4490/4840.0]	 Loss Sum:6.5716	forward Loss:0.2268;0.9358	 backward Loss:4.896;0.1705	 Sentiment Loss:0.024	Valence Loss:0.8783	 Arousal Loss:0.7141	
[2025-11-20 04:42:51,094][run_task2&3_trainer_multilingual.py][line:1284][INFO] Epoch:[1/1]	 Batch:[4500/4840.0]	 Loss Sum:0.2224	forward Loss:0.0287;0.0538	 backward Loss:0.0462;0.0174	 Sentiment Loss:0.0317	Valence Loss:0.1196	 Arousal Loss:0.1037	
[2025-11-20 04:42:52,276][run_task2&3_trainer_multilingual.py][line:1284][INFO] Epoch:[1/1]	 Batch:[4510/4840.0]	 Loss Sum:1.7203	forward Loss:0.2399;0.1128	 backward Loss:0.0598;0.5088	 Sentiment Loss:0.2758	Valence Loss:2.0621	 Arousal Loss:0.5543	
[2025-11-20 04:42:53,460][run_task2&3_trainer_multilingual.py][line:1284][INFO] Epoch:[1/1]	 Batch:[4520/4840.0]	 Loss Sum:21.6541	forward Loss:6.5712;0.9832	 backward Loss:0.609;10.014	 Sentiment Loss:3.004	Valence Loss:1.8143	 Arousal Loss:0.5492	
[2025-11-20 04:42:54,643][run_task2&3_trainer_multilingual.py][line:1284][INFO] Epoch:[1/1]	 Batch:[4530/4840.0]	 Loss Sum:1.4046	forward Loss:0.5148;0.1905	 backward Loss:0.1203;0.4748	 Sentiment Loss:0.0462	Valence Loss:0.1254	 Arousal Loss:0.1649	
[2025-11-20 04:42:55,825][run_task2&3_trainer_multilingual.py][line:1284][INFO] Epoch:[1/1]	 Batch:[4540/4840.0]	 Loss Sum:9.952	forward Loss:0.0656;4.6334	 backward Loss:4.74;0.1405	 Sentiment Loss:0.1733	Valence Loss:0.4667	 Arousal Loss:0.5296	
[2025-11-20 04:42:57,007][run_task2&3_trainer_multilingual.py][line:1284][INFO] Epoch:[1/1]	 Batch:[4550/4840.0]	 Loss Sum:0.3978	forward Loss:0.1236;0.0504	 backward Loss:0.0313;0.0904	 Sentiment Loss:0.047	Valence Loss:0.1395	 Arousal Loss:0.1357	
[2025-11-20 04:42:58,191][run_task2&3_trainer_multilingual.py][line:1284][INFO] Epoch:[1/1]	 Batch:[4560/4840.0]	 Loss Sum:18.818	forward Loss:3.5586;6.042	 backward Loss:6.1329;0.6987	 Sentiment Loss:2.2936	Valence Loss:0.4365	 Arousal Loss:0.024	
[2025-11-20 04:42:59,373][run_task2&3_trainer_multilingual.py][line:1284][INFO] Epoch:[1/1]	 Batch:[4570/4840.0]	 Loss Sum:1.218	forward Loss:0.0798;0.2955	 backward Loss:0.477;0.0666	 Sentiment Loss:0.2377	Valence Loss:0.1645	 Arousal Loss:0.1421	
[2025-11-20 04:43:00,556][run_task2&3_trainer_multilingual.py][line:1284][INFO] Epoch:[1/1]	 Batch:[4580/4840.0]	 Loss Sum:10.8782	forward Loss:0.1352;5.9959	 backward Loss:4.1578;0.1749	 Sentiment Loss:0.1265	Valence Loss:0.8297	 Arousal Loss:0.6097	
[2025-11-20 04:43:01,741][run_task2&3_trainer_multilingual.py][line:1284][INFO] Epoch:[1/1]	 Batch:[4590/4840.0]	 Loss Sum:7.4844	forward Loss:2.1661;0.405	 backward Loss:0.3681;1.5058	 Sentiment Loss:2.6948	Valence Loss:1.6765	 Arousal Loss:0.0464	
[2025-11-20 04:43:02,924][run_task2&3_trainer_multilingual.py][line:1284][INFO] Epoch:[1/1]	 Batch:[4600/4840.0]	 Loss Sum:29.8465	forward Loss:11.3295;1.9602	 backward Loss:2.2108;12.3849	 Sentiment Loss:1.8089	Valence Loss:0.4042	 Arousal Loss:0.3567	
[2025-11-20 04:43:04,107][run_task2&3_trainer_multilingual.py][line:1284][INFO] Epoch:[1/1]	 Batch:[4610/4840.0]	 Loss Sum:4.4883	forward Loss:2.5231;0.2815	 backward Loss:0.1333;1.4241	 Sentiment Loss:0.031	Valence Loss:0.4143	 Arousal Loss:0.0621	
[2025-11-20 04:43:05,298][run_task2&3_trainer_multilingual.py][line:1284][INFO] Epoch:[1/1]	 Batch:[4620/4840.0]	 Loss Sum:12.7071	forward Loss:4.3801;0.5228	 backward Loss:0.3162;5.7083	 Sentiment Loss:0.7216	Valence Loss:3.4267	 Arousal Loss:1.8634	
[2025-11-20 04:43:06,480][run_task2&3_trainer_multilingual.py][line:1284][INFO] Epoch:[1/1]	 Batch:[4630/4840.0]	 Loss Sum:1.6889	forward Loss:0.1502;0.578	 backward Loss:0.3694;0.2553	 Sentiment Loss:0.2541	Valence Loss:0.0893	 Arousal Loss:0.321	
[2025-11-20 04:43:07,663][run_task2&3_trainer_multilingual.py][line:1284][INFO] Epoch:[1/1]	 Batch:[4640/4840.0]	 Loss Sum:0.9592	forward Loss:0.4328;0.0351	 backward Loss:0.0186;0.4076	 Sentiment Loss:0.0257	Valence Loss:0.1529	 Arousal Loss:0.0448	
[2025-11-20 04:43:08,847][run_task2&3_trainer_multilingual.py][line:1284][INFO] Epoch:[1/1]	 Batch:[4650/4840.0]	 Loss Sum:2.4234	forward Loss:0.2847;0.5301	 backward Loss:0.5812;0.4942	 Sentiment Loss:0.1163	Valence Loss:1.4969	 Arousal Loss:0.5874	
[2025-11-20 04:43:10,032][run_task2&3_trainer_multilingual.py][line:1284][INFO] Epoch:[1/1]	 Batch:[4660/4840.0]	 Loss Sum:26.5207	forward Loss:7.483;4.7586	 backward Loss:6.0522;6.4366	 Sentiment Loss:1.7252	Valence Loss:0.3021	 Arousal Loss:0.0233	
[2025-11-20 04:43:11,216][run_task2&3_trainer_multilingual.py][line:1284][INFO] Epoch:[1/1]	 Batch:[4670/4840.0]	 Loss Sum:0.4742	forward Loss:0.2248;0.0531	 backward Loss:0.0714;0.0952	 Sentiment Loss:0.0051	Valence Loss:0.0567	 Arousal Loss:0.0666	
[2025-11-20 04:43:12,401][run_task2&3_trainer_multilingual.py][line:1284][INFO] Epoch:[1/1]	 Batch:[4680/4840.0]	 Loss Sum:5.6457	forward Loss:1.5795;0.9878	 backward Loss:0.8132;1.1304	 Sentiment Loss:0.5177	Valence Loss:2.182	 Arousal Loss:0.904	
[2025-11-20 04:43:13,583][run_task2&3_trainer_multilingual.py][line:1284][INFO] Epoch:[1/1]	 Batch:[4690/4840.0]	 Loss Sum:2.0965	forward Loss:0.2345;0.5326	 backward Loss:0.8432;0.4107	 Sentiment Loss:0.0231	Valence Loss:0.1108	 Arousal Loss:0.1515	
[2025-11-20 04:43:14,768][run_task2&3_trainer_multilingual.py][line:1284][INFO] Epoch:[1/1]	 Batch:[4700/4840.0]	 Loss Sum:14.5686	forward Loss:2.9026;3.3512	 backward Loss:3.2112;4.6729	 Sentiment Loss:0.2811	Valence Loss:0.5876	 Arousal Loss:0.1602	
[2025-11-20 04:43:15,951][run_task2&3_trainer_multilingual.py][line:1284][INFO] Epoch:[1/1]	 Batch:[4710/4840.0]	 Loss Sum:4.9099	forward Loss:0.1577;0.1796	 backward Loss:0.2239;0.0665	 Sentiment Loss:4.0597	Valence Loss:0.9857	 Arousal Loss:0.1268	
[2025-11-20 04:43:17,135][run_task2&3_trainer_multilingual.py][line:1284][INFO] Epoch:[1/1]	 Batch:[4720/4840.0]	 Loss Sum:8.6277	forward Loss:1.1029;2.7986	 backward Loss:2.2534;1.1726	 Sentiment Loss:1.1993	Valence Loss:0.3749	 Arousal Loss:0.1294	
[2025-11-20 04:43:18,320][run_task2&3_trainer_multilingual.py][line:1284][INFO] Epoch:[1/1]	 Batch:[4730/4840.0]	 Loss Sum:2.7806	forward Loss:1.246;0.3432	 backward Loss:0.4792;0.6451	 Sentiment Loss:0.0387	Valence Loss:0.0556	 Arousal Loss:0.0864	
[2025-11-20 04:43:19,504][run_task2&3_trainer_multilingual.py][line:1284][INFO] Epoch:[1/1]	 Batch:[4740/4840.0]	 Loss Sum:2.4553	forward Loss:0.3625;0.5469	 backward Loss:0.4553;0.2686	 Sentiment Loss:0.5891	Valence Loss:0.8731	 Arousal Loss:0.2915	
[2025-11-20 04:43:20,688][run_task2&3_trainer_multilingual.py][line:1284][INFO] Epoch:[1/1]	 Batch:[4750/4840.0]	 Loss Sum:2.2739	forward Loss:0.0584;0.972	 backward Loss:0.3902;0.1017	 Sentiment Loss:0.7258	Valence Loss:0.0418	 Arousal Loss:0.0872	
[2025-11-20 04:43:21,869][run_task2&3_trainer_multilingual.py][line:1284][INFO] Epoch:[1/1]	 Batch:[4760/4840.0]	 Loss Sum:3.6856	forward Loss:0.6326;1.4494	 backward Loss:0.9336;0.4122	 Sentiment Loss:0.1172	Valence Loss:0.1855	 Arousal Loss:0.517	
[2025-11-20 04:43:23,053][run_task2&3_trainer_multilingual.py][line:1284][INFO] Epoch:[1/1]	 Batch:[4770/4840.0]	 Loss Sum:5.6274	forward Loss:0.144;3.865	 backward Loss:1.1673;0.1776	 Sentiment Loss:0.1376	Valence Loss:0.5617	 Arousal Loss:0.1179	
[2025-11-20 04:43:24,237][run_task2&3_trainer_multilingual.py][line:1284][INFO] Epoch:[1/1]	 Batch:[4780/4840.0]	 Loss Sum:2.2098	forward Loss:0.137;0.5858	 backward Loss:0.9697;0.1704	 Sentiment Loss:0.1152	Valence Loss:0.2609	 Arousal Loss:0.8977	
[2025-11-20 04:43:25,419][run_task2&3_trainer_multilingual.py][line:1284][INFO] Epoch:[1/1]	 Batch:[4790/4840.0]	 Loss Sum:11.5268	forward Loss:5.1797;3.0569	 backward Loss:0.4146;2.4976	 Sentiment Loss:0.2618	Valence Loss:0.09	 Arousal Loss:0.4915	
[2025-11-20 04:43:26,604][run_task2&3_trainer_multilingual.py][line:1284][INFO] Epoch:[1/1]	 Batch:[4800/4840.0]	 Loss Sum:7.335	forward Loss:1.3711;0.9248	 backward Loss:0.495;2.7939	 Sentiment Loss:0.7007	Valence Loss:5.1097	 Arousal Loss:0.1373	
[2025-11-20 04:43:27,786][run_task2&3_trainer_multilingual.py][line:1284][INFO] Epoch:[1/1]	 Batch:[4810/4840.0]	 Loss Sum:4.1592	forward Loss:0.3867;0.8182	 backward Loss:0.4115;2.4076	 Sentiment Loss:0.0663	Valence Loss:0.0609	 Arousal Loss:0.2835	
[2025-11-20 04:43:28,970][run_task2&3_trainer_multilingual.py][line:1284][INFO] Epoch:[1/1]	 Batch:[4820/4840.0]	 Loss Sum:20.5226	forward Loss:2.3753;6.4543	 backward Loss:7.7389;3.8585	 Sentiment Loss:0.0795	Valence Loss:0.0478	 Arousal Loss:0.0327	
[2025-11-20 04:43:30,154][run_task2&3_trainer_multilingual.py][line:1284][INFO] Epoch:[1/1]	 Batch:[4830/4840.0]	 Loss Sum:2.818	forward Loss:0.9112;0.0999	 backward Loss:0.6179;1.0632	 Sentiment Loss:0.0179	Valence Loss:0.4803	 Arousal Loss:0.059	
[2025-11-20 04:43:31,338][run_task2&3_trainer_multilingual.py][line:1284][INFO] Epoch:[1/1]	 Batch:[4840/4840.0]	 Loss Sum:1.1721	forward Loss:0.1091;0.5265	 backward Loss:0.348;0.0914	 Sentiment Loss:0.0446	Valence Loss:0.139	 Arousal Loss:0.1234	
[2025-11-20 04:43:31,339][run_task2&3_trainer_multilingual.py][line:1296][INFO] dev
[2025-11-20 04:44:01,996][run_task2&3_trainer_multilingual.py][line:578][INFO] Triplet - Precision: 0.6377245505163326	Recall: 0.624999999633216	F1: 0.6312976620954505
[2025-11-20 04:44:01,997][run_task2&3_trainer_multilingual.py][line:583][INFO] Aspect - Precision: 0.860416666069155	Recall: 0.8315436236029908	F1: 0.8457332879645117
[2025-11-20 04:44:01,997][run_task2&3_trainer_multilingual.py][line:588][INFO] Opinion - Precision: 0.819796953794545	Recall: 0.7882855394824371	F1: 0.8037320035803412
[2025-11-20 04:44:01,997][run_task2&3_trainer_multilingual.py][line:594][INFO] Aspect-Category - Precision: 0.7737276473358131	Recall: 0.7411067188793763	F1: 0.757065448578717
[2025-11-20 04:44:01,997][run_task2&3_trainer_multilingual.py][line:602][INFO] Aspect-Opinion - Precision: 0.7125748498727096	Recall: 0.6983568071019033	F1: 0.705393690504362
[2025-11-20 04:44:01,997][run_task2&3_trainer_multilingual.py][line:1302][INFO] Model saved after epoch 1
[2025-11-20 04:44:03,498][run_task2&3_trainer_multilingual.py][line:1313][INFO] loading model......
[2025-11-20 04:44:04,750][run_task2&3_trainer_multilingual.py][line:1316][INFO] inference......
