[2025-11-19 17:51:22,216][_client.py][line:1025][INFO] HTTP Request: HEAD https://huggingface.co/bert-base-chinese/resolve/main/tokenizer_config.json "HTTP/1.1 200 OK"
[2025-11-19 17:51:22,417][_client.py][line:1025][INFO] HTTP Request: GET https://huggingface.co/api/models/bert-base-chinese/tree/main/additional_chat_templates?recursive=false&expand=false "HTTP/1.1 307 Temporary Redirect"
[2025-11-19 17:51:22,612][_client.py][line:1025][INFO] HTTP Request: GET https://huggingface.co/api/models/google-bert/bert-base-chinese/tree/main/additional_chat_templates?recursive=false&expand=false "HTTP/1.1 404 Not Found"
[2025-11-19 17:51:23,319][run_task2&3_trainer_multilingual.py][line:1127][INFO] initial optimizer......
[2025-11-19 17:51:23,319][run_task2&3_trainer_multilingual.py][line:1145][INFO] New model and optimizer from epoch 1
[2025-11-19 17:51:23,319][run_task2&3_trainer_multilingual.py][line:1154][INFO] begin training......
[2025-11-19 17:51:24,701][run_task2&3_trainer_multilingual.py][line:1284][INFO] Epoch:[1/1]	 Batch:[10/4840.0]	 Loss Sum:51.3585	forward Loss:6.7146;7.8884	 backward Loss:6.954;7.8305	 Sentiment Loss:4.6726	Valence Loss:55.6028	 Arousal Loss:30.889	
[2025-11-19 17:51:25,888][run_task2&3_trainer_multilingual.py][line:1284][INFO] Epoch:[1/1]	 Batch:[20/4840.0]	 Loss Sum:73.8829	forward Loss:11.2695;13.3995	 backward Loss:19.0441;15.2893	 Sentiment Loss:3.9617	Valence Loss:31.1074	 Arousal Loss:23.4863	
[2025-11-19 17:51:27,076][run_task2&3_trainer_multilingual.py][line:1284][INFO] Epoch:[1/1]	 Batch:[30/4840.0]	 Loss Sum:63.8049	forward Loss:9.7335;11.5395	 backward Loss:12.5924;11.7919	 Sentiment Loss:3.965	Valence Loss:41.2105	 Arousal Loss:29.7027	
[2025-11-19 17:51:28,267][run_task2&3_trainer_multilingual.py][line:1284][INFO] Epoch:[1/1]	 Batch:[40/4840.0]	 Loss Sum:78.7898	forward Loss:17.7473;13.0986	 backward Loss:18.1598;14.1262	 Sentiment Loss:3.9335	Valence Loss:33.048	 Arousal Loss:25.5738	
[2025-11-19 17:51:29,455][run_task2&3_trainer_multilingual.py][line:1284][INFO] Epoch:[1/1]	 Batch:[50/4840.0]	 Loss Sum:35.4313	forward Loss:6.0605;8.4116	 backward Loss:6.8015;6.9801	 Sentiment Loss:2.9635	Valence Loss:9.8139	 Arousal Loss:11.2561	
[2025-11-19 17:51:30,646][run_task2&3_trainer_multilingual.py][line:1284][INFO] Epoch:[1/1]	 Batch:[60/4840.0]	 Loss Sum:47.757	forward Loss:12.6931;8.0349	 backward Loss:9.8009;10.685	 Sentiment Loss:2.4835	Valence Loss:12.6423	 Arousal Loss:7.6553	
[2025-11-19 17:51:31,836][run_task2&3_trainer_multilingual.py][line:1284][INFO] Epoch:[1/1]	 Batch:[70/4840.0]	 Loss Sum:35.7584	forward Loss:5.9691;7.3339	 backward Loss:6.2555;8.0253	 Sentiment Loss:1.6281	Valence Loss:20.7609	 Arousal Loss:11.972	
[2025-11-19 17:51:33,026][run_task2&3_trainer_multilingual.py][line:1284][INFO] Epoch:[1/1]	 Batch:[80/4840.0]	 Loss Sum:34.3618	forward Loss:5.8935;7.8311	 backward Loss:5.7794;7.5849	 Sentiment Loss:3.1151	Valence Loss:10.7687	 Arousal Loss:10.0203	
[2025-11-19 17:51:34,213][run_task2&3_trainer_multilingual.py][line:1284][INFO] Epoch:[1/1]	 Batch:[90/4840.0]	 Loss Sum:31.6193	forward Loss:5.302;7.5259	 backward Loss:9.0544;7.2449	 Sentiment Loss:0.6564	Valence Loss:7.6356	 Arousal Loss:1.5431	
[2025-11-19 17:51:35,404][run_task2&3_trainer_multilingual.py][line:1284][INFO] Epoch:[1/1]	 Batch:[100/4840.0]	 Loss Sum:25.4687	forward Loss:5.373;6.414	 backward Loss:6.9506;6.1873	 Sentiment Loss:0.3758	Valence Loss:0.0676	 Arousal Loss:0.7722	
[2025-11-19 17:51:36,593][run_task2&3_trainer_multilingual.py][line:1284][INFO] Epoch:[1/1]	 Batch:[110/4840.0]	 Loss Sum:58.6308	forward Loss:12.5094;13.0196	 backward Loss:15.9431;15.8974	 Sentiment Loss:0.5049	Valence Loss:1.4163	 Arousal Loss:2.3657	
[2025-11-19 17:51:37,782][run_task2&3_trainer_multilingual.py][line:1284][INFO] Epoch:[1/1]	 Batch:[120/4840.0]	 Loss Sum:19.8686	forward Loss:5.34;4.6014	 backward Loss:3.8336;5.6786	 Sentiment Loss:0.3475	Valence Loss:0.1462	 Arousal Loss:0.1913	
[2025-11-19 17:51:38,971][run_task2&3_trainer_multilingual.py][line:1284][INFO] Epoch:[1/1]	 Batch:[130/4840.0]	 Loss Sum:45.9718	forward Loss:11.2765;10.3164	 backward Loss:8.9338;12.2998	 Sentiment Loss:2.3264	Valence Loss:4.0303	 Arousal Loss:0.0643	
[2025-11-19 17:51:40,161][run_task2&3_trainer_multilingual.py][line:1284][INFO] Epoch:[1/1]	 Batch:[140/4840.0]	 Loss Sum:44.1263	forward Loss:12.4887;10.1971	 backward Loss:13.1806;7.4191	 Sentiment Loss:0.6118	Valence Loss:0.3264	 Arousal Loss:0.8183	
[2025-11-19 17:51:41,350][run_task2&3_trainer_multilingual.py][line:1284][INFO] Epoch:[1/1]	 Batch:[150/4840.0]	 Loss Sum:24.0758	forward Loss:6.5687;4.2066	 backward Loss:3.3111;9.0873	 Sentiment Loss:0.5198	Valence Loss:1.8186	 Arousal Loss:0.0929	
[2025-11-19 17:51:42,540][run_task2&3_trainer_multilingual.py][line:1284][INFO] Epoch:[1/1]	 Batch:[160/4840.0]	 Loss Sum:35.956	forward Loss:10.795;5.9865	 backward Loss:11.9368;6.3207	 Sentiment Loss:0.6401	Valence Loss:0.5051	 Arousal Loss:0.8794	
[2025-11-19 17:51:43,728][run_task2&3_trainer_multilingual.py][line:1284][INFO] Epoch:[1/1]	 Batch:[170/4840.0]	 Loss Sum:17.6353	forward Loss:4.2117;4.8213	 backward Loss:3.7784;4.0981	 Sentiment Loss:0.5244	Valence Loss:0.7466	 Arousal Loss:0.2609	
[2025-11-19 17:51:44,919][run_task2&3_trainer_multilingual.py][line:1284][INFO] Epoch:[1/1]	 Batch:[180/4840.0]	 Loss Sum:26.0289	forward Loss:4.9222;4.6633	 backward Loss:5.6606;4.956	 Sentiment Loss:5.6532	Valence Loss:0.1182	 Arousal Loss:0.7502	
[2025-11-19 17:51:46,107][run_task2&3_trainer_multilingual.py][line:1284][INFO] Epoch:[1/1]	 Batch:[190/4840.0]	 Loss Sum:13.107	forward Loss:3.3872;2.647	 backward Loss:2.1275;3.7559	 Sentiment Loss:0.4344	Valence Loss:2.3675	 Arousal Loss:1.4073	
[2025-11-19 17:51:47,298][run_task2&3_trainer_multilingual.py][line:1284][INFO] Epoch:[1/1]	 Batch:[200/4840.0]	 Loss Sum:18.842	forward Loss:5.0607;4.586	 backward Loss:4.4673;4.3604	 Sentiment Loss:0.2689	Valence Loss:0.3821	 Arousal Loss:0.1114	
[2025-11-19 17:51:48,487][run_task2&3_trainer_multilingual.py][line:1284][INFO] Epoch:[1/1]	 Batch:[210/4840.0]	 Loss Sum:4.2745	forward Loss:0.876;0.8402	 backward Loss:0.7381;1.4269	 Sentiment Loss:0.3159	Valence Loss:0.2353	 Arousal Loss:0.1522	
[2025-11-19 17:51:49,678][run_task2&3_trainer_multilingual.py][line:1284][INFO] Epoch:[1/1]	 Batch:[220/4840.0]	 Loss Sum:12.3644	forward Loss:1.0603;2.6135	 backward Loss:2.7959;1.5205	 Sentiment Loss:3.8147	Valence Loss:2.6479	 Arousal Loss:0.15	
[2025-11-19 17:51:50,865][run_task2&3_trainer_multilingual.py][line:1284][INFO] Epoch:[1/1]	 Batch:[230/4840.0]	 Loss Sum:24.1751	forward Loss:3.9495;5.6885	 backward Loss:5.3272;5.8611	 Sentiment Loss:2.7818	Valence Loss:2.151	 Arousal Loss:0.6837	
[2025-11-19 17:51:52,056][run_task2&3_trainer_multilingual.py][line:1284][INFO] Epoch:[1/1]	 Batch:[240/4840.0]	 Loss Sum:38.3568	forward Loss:12.806;1.5167	 backward Loss:1.1166;12.9804	 Sentiment Loss:9.2918	Valence Loss:2.8677	 Arousal Loss:0.359	
[2025-11-19 17:51:53,245][run_task2&3_trainer_multilingual.py][line:1284][INFO] Epoch:[1/1]	 Batch:[250/4840.0]	 Loss Sum:10.1055	forward Loss:2.7657;1.8899	 backward Loss:1.4167;3.7524	 Sentiment Loss:0.2631	Valence Loss:0.042	 Arousal Loss:0.046	
[2025-11-19 17:51:54,436][run_task2&3_trainer_multilingual.py][line:1284][INFO] Epoch:[1/1]	 Batch:[260/4840.0]	 Loss Sum:13.6014	forward Loss:4.5802;2.0146	 backward Loss:2.2636;4.5333	 Sentiment Loss:0.1776	Valence Loss:0.138	 Arousal Loss:0.023	
[2025-11-19 17:51:55,626][run_task2&3_trainer_multilingual.py][line:1284][INFO] Epoch:[1/1]	 Batch:[270/4840.0]	 Loss Sum:7.8442	forward Loss:0.8075;2.0356	 backward Loss:2.3125;1.3827	 Sentiment Loss:0.3517	Valence Loss:4.4691	 Arousal Loss:0.3014	
[2025-11-19 17:51:56,818][run_task2&3_trainer_multilingual.py][line:1284][INFO] Epoch:[1/1]	 Batch:[280/4840.0]	 Loss Sum:11.4909	forward Loss:0.7794;5.4377	 backward Loss:3.7519;1.1644	 Sentiment Loss:0.2824	Valence Loss:0.1214	 Arousal Loss:0.2543	
[2025-11-19 17:51:58,008][run_task2&3_trainer_multilingual.py][line:1284][INFO] Epoch:[1/1]	 Batch:[290/4840.0]	 Loss Sum:9.1506	forward Loss:3.0201;0.7678	 backward Loss:0.8603;3.9659	 Sentiment Loss:0.42	Valence Loss:0.4988	 Arousal Loss:0.0838	
[2025-11-19 17:51:59,199][run_task2&3_trainer_multilingual.py][line:1284][INFO] Epoch:[1/1]	 Batch:[300/4840.0]	 Loss Sum:3.0091	forward Loss:0.2802;1.2243	 backward Loss:0.4219;0.4902	 Sentiment Loss:0.4267	Valence Loss:0.0596	 Arousal Loss:0.7697	
[2025-11-19 17:52:00,390][run_task2&3_trainer_multilingual.py][line:1284][INFO] Epoch:[1/1]	 Batch:[310/4840.0]	 Loss Sum:7.887	forward Loss:3.1295;0.718	 backward Loss:0.5159;2.5656	 Sentiment Loss:0.7587	Valence Loss:0.0882	 Arousal Loss:0.9086	
[2025-11-19 17:52:01,581][run_task2&3_trainer_multilingual.py][line:1284][INFO] Epoch:[1/1]	 Batch:[320/4840.0]	 Loss Sum:14.5516	forward Loss:3.0719;1.9151	 backward Loss:1.888;4.2537	 Sentiment Loss:3.401	Valence Loss:0.0383	 Arousal Loss:0.0715	
[2025-11-19 17:52:02,775][run_task2&3_trainer_multilingual.py][line:1284][INFO] Epoch:[1/1]	 Batch:[330/4840.0]	 Loss Sum:12.2678	forward Loss:2.7076;3.3086	 backward Loss:1.9069;3.7215	 Sentiment Loss:0.3802	Valence Loss:0.9455	 Arousal Loss:0.2696	
[2025-11-19 17:52:03,965][run_task2&3_trainer_multilingual.py][line:1284][INFO] Epoch:[1/1]	 Batch:[340/4840.0]	 Loss Sum:5.3233	forward Loss:0.2607;0.4823	 backward Loss:0.7217;0.2727	 Sentiment Loss:3.5062	Valence Loss:0.2346	 Arousal Loss:0.1641	
[2025-11-19 17:52:05,157][run_task2&3_trainer_multilingual.py][line:1284][INFO] Epoch:[1/1]	 Batch:[350/4840.0]	 Loss Sum:62.1781	forward Loss:12.6481;16.7994	 backward Loss:15.5422;14.8518	 Sentiment Loss:1.6142	Valence Loss:1.8417	 Arousal Loss:1.7701	
[2025-11-19 17:52:06,352][run_task2&3_trainer_multilingual.py][line:1284][INFO] Epoch:[1/1]	 Batch:[360/4840.0]	 Loss Sum:4.6228	forward Loss:0.8309;1.066	 backward Loss:1.6165;0.9244	 Sentiment Loss:0.1677	Valence Loss:0.0354	 Arousal Loss:0.0509	
[2025-11-19 17:52:07,544][run_task2&3_trainer_multilingual.py][line:1284][INFO] Epoch:[1/1]	 Batch:[370/4840.0]	 Loss Sum:37.8003	forward Loss:13.0689;6.3077	 backward Loss:8.3174;4.9334	 Sentiment Loss:5.0426	Valence Loss:0.4907	 Arousal Loss:0.1613	
[2025-11-19 17:52:08,735][run_task2&3_trainer_multilingual.py][line:1284][INFO] Epoch:[1/1]	 Batch:[380/4840.0]	 Loss Sum:1.9512	forward Loss:0.5931;0.1704	 backward Loss:0.0779;0.7324	 Sentiment Loss:0.3239	Valence Loss:0.2316	 Arousal Loss:0.0355	
[2025-11-19 17:52:09,928][run_task2&3_trainer_multilingual.py][line:1284][INFO] Epoch:[1/1]	 Batch:[390/4840.0]	 Loss Sum:10.2195	forward Loss:0.284;1.407	 backward Loss:1.3913;0.3649	 Sentiment Loss:5.0684	Valence Loss:6.9654	 Arousal Loss:1.5537	
[2025-11-19 17:52:11,119][run_task2&3_trainer_multilingual.py][line:1284][INFO] Epoch:[1/1]	 Batch:[400/4840.0]	 Loss Sum:11.9063	forward Loss:1.4675;1.4474	 backward Loss:1.4874;1.3693	 Sentiment Loss:5.7087	Valence Loss:1.2854	 Arousal Loss:0.8444	
[2025-11-19 17:52:12,311][run_task2&3_trainer_multilingual.py][line:1284][INFO] Epoch:[1/1]	 Batch:[410/4840.0]	 Loss Sum:10.3419	forward Loss:3.2735;1.2582	 backward Loss:1.7448;3.1133	 Sentiment Loss:0.2574	Valence Loss:2.8418	 Arousal Loss:0.6314	
[2025-11-19 17:52:13,504][run_task2&3_trainer_multilingual.py][line:1284][INFO] Epoch:[1/1]	 Batch:[420/4840.0]	 Loss Sum:19.3922	forward Loss:4.9607;3.5615	 backward Loss:6.0596;4.3292	 Sentiment Loss:0.2945	Valence Loss:0.6323	 Arousal Loss:0.3012	
[2025-11-19 17:52:14,692][run_task2&3_trainer_multilingual.py][line:1284][INFO] Epoch:[1/1]	 Batch:[430/4840.0]	 Loss Sum:11.9594	forward Loss:0.8836;3.7608	 backward Loss:3.2631;1.0502	 Sentiment Loss:2.8258	Valence Loss:0.7923	 Arousal Loss:0.0875	
[2025-11-19 17:52:15,879][run_task2&3_trainer_multilingual.py][line:1284][INFO] Epoch:[1/1]	 Batch:[440/4840.0]	 Loss Sum:6.3042	forward Loss:0.2928;3.0116	 backward Loss:1.7304;0.2594	 Sentiment Loss:0.7737	Valence Loss:0.8718	 Arousal Loss:0.3093	
[2025-11-19 17:52:17,069][run_task2&3_trainer_multilingual.py][line:1284][INFO] Epoch:[1/1]	 Batch:[450/4840.0]	 Loss Sum:9.4864	forward Loss:0.4719;3.7155	 backward Loss:3.0584;0.4644	 Sentiment Loss:1.6404	Valence Loss:0.2457	 Arousal Loss:0.433	
[2025-11-19 17:52:18,256][run_task2&3_trainer_multilingual.py][line:1284][INFO] Epoch:[1/1]	 Batch:[460/4840.0]	 Loss Sum:19.6469	forward Loss:3.9509;4.7223	 backward Loss:6.0804;4.1386	 Sentiment Loss:0.475	Valence Loss:1.2562	 Arousal Loss:0.1426	
[2025-11-19 17:52:19,444][run_task2&3_trainer_multilingual.py][line:1284][INFO] Epoch:[1/1]	 Batch:[470/4840.0]	 Loss Sum:21.1375	forward Loss:9.3602;1.08	 backward Loss:1.2551;9.0251	 Sentiment Loss:0.1791	Valence Loss:1.1416	 Arousal Loss:0.0478	
[2025-11-19 17:52:20,631][run_task2&3_trainer_multilingual.py][line:1284][INFO] Epoch:[1/1]	 Batch:[480/4840.0]	 Loss Sum:5.2539	forward Loss:0.3979;0.6855	 backward Loss:2.2401;1.6142	 Sentiment Loss:0.0894	Valence Loss:0.4927	 Arousal Loss:0.6414	
[2025-11-19 17:52:21,818][run_task2&3_trainer_multilingual.py][line:1284][INFO] Epoch:[1/1]	 Batch:[490/4840.0]	 Loss Sum:35.9902	forward Loss:1.3367;9.8885	 backward Loss:21.4201;2.7495	 Sentiment Loss:0.4284	Valence Loss:0.4029	 Arousal Loss:0.432	
[2025-11-19 17:52:23,006][run_task2&3_trainer_multilingual.py][line:1284][INFO] Epoch:[1/1]	 Batch:[500/4840.0]	 Loss Sum:17.4078	forward Loss:5.1323;3.9431	 backward Loss:5.1692;2.7743	 Sentiment Loss:0.2902	Valence Loss:0.212	 Arousal Loss:0.2811	
[2025-11-19 17:52:24,194][run_task2&3_trainer_multilingual.py][line:1284][INFO] Epoch:[1/1]	 Batch:[510/4840.0]	 Loss Sum:1.6832	forward Loss:0.1683;0.2302	 backward Loss:0.2787;0.3371	 Sentiment Loss:0.0553	Valence Loss:2.9956	 Arousal Loss:0.0726	
[2025-11-19 17:52:25,383][run_task2&3_trainer_multilingual.py][line:1284][INFO] Epoch:[1/1]	 Batch:[520/4840.0]	 Loss Sum:2.6407	forward Loss:0.4965;0.4042	 backward Loss:0.4517;0.5419	 Sentiment Loss:0.0908	Valence Loss:1.9543	 Arousal Loss:1.3232	
[2025-11-19 17:52:26,570][run_task2&3_trainer_multilingual.py][line:1284][INFO] Epoch:[1/1]	 Batch:[530/4840.0]	 Loss Sum:10.5503	forward Loss:0.9071;2.1997	 backward Loss:1.6586;4.7848	 Sentiment Loss:0.2232	Valence Loss:3.1113	 Arousal Loss:0.7736	
[2025-11-19 17:52:27,760][run_task2&3_trainer_multilingual.py][line:1284][INFO] Epoch:[1/1]	 Batch:[540/4840.0]	 Loss Sum:7.4047	forward Loss:0.8161;0.4385	 backward Loss:0.9428;0.6818	 Sentiment Loss:3.5693	Valence Loss:3.9812	 Arousal Loss:0.8002	
[2025-11-19 17:52:28,951][run_task2&3_trainer_multilingual.py][line:1284][INFO] Epoch:[1/1]	 Batch:[550/4840.0]	 Loss Sum:10.1781	forward Loss:1.0903;2.4888	 backward Loss:3.4341;2.7381	 Sentiment Loss:0.2944	Valence Loss:0.416	 Arousal Loss:0.2459	
[2025-11-19 17:52:30,145][run_task2&3_trainer_multilingual.py][line:1284][INFO] Epoch:[1/1]	 Batch:[560/4840.0]	 Loss Sum:5.9343	forward Loss:0.2394;2.1314	 backward Loss:3.3945;0.0862	 Sentiment Loss:0.0258	Valence Loss:0.1705	 Arousal Loss:0.1142	
[2025-11-19 17:52:31,336][run_task2&3_trainer_multilingual.py][line:1284][INFO] Epoch:[1/1]	 Batch:[570/4840.0]	 Loss Sum:4.3307	forward Loss:0.3986;0.1859	 backward Loss:0.087;0.6395	 Sentiment Loss:2.1595	Valence Loss:3.8275	 Arousal Loss:0.4734	
[2025-11-19 17:52:32,527][run_task2&3_trainer_multilingual.py][line:1284][INFO] Epoch:[1/1]	 Batch:[580/4840.0]	 Loss Sum:1.8673	forward Loss:0.1321;0.1945	 backward Loss:0.1306;0.3932	 Sentiment Loss:0.5816	Valence Loss:1.6954	 Arousal Loss:0.4809	
[2025-11-19 17:52:33,719][run_task2&3_trainer_multilingual.py][line:1284][INFO] Epoch:[1/1]	 Batch:[590/4840.0]	 Loss Sum:2.8592	forward Loss:0.7076;0.6632	 backward Loss:0.3474;0.5846	 Sentiment Loss:0.3133	Valence Loss:0.9501	 Arousal Loss:0.2657	
[2025-11-19 17:52:34,912][run_task2&3_trainer_multilingual.py][line:1284][INFO] Epoch:[1/1]	 Batch:[600/4840.0]	 Loss Sum:6.6557	forward Loss:0.276;2.8029	 backward Loss:2.7979;0.34	 Sentiment Loss:0.1549	Valence Loss:1.2448	 Arousal Loss:0.1755	
[2025-11-19 17:52:36,103][run_task2&3_trainer_multilingual.py][line:1284][INFO] Epoch:[1/1]	 Batch:[610/4840.0]	 Loss Sum:7.6747	forward Loss:0.7906;3.2142	 backward Loss:2.276;1.0229	 Sentiment Loss:0.2854	Valence Loss:0.0932	 Arousal Loss:0.3349	
[2025-11-19 17:52:37,293][run_task2&3_trainer_multilingual.py][line:1284][INFO] Epoch:[1/1]	 Batch:[620/4840.0]	 Loss Sum:28.55	forward Loss:0.3803;13.518	 backward Loss:13.1099;0.9064	 Sentiment Loss:0.2343	Valence Loss:0.7046	 Arousal Loss:1.3003	
[2025-11-19 17:52:38,486][run_task2&3_trainer_multilingual.py][line:1284][INFO] Epoch:[1/1]	 Batch:[630/4840.0]	 Loss Sum:10.0277	forward Loss:1.6585;3.2486	 backward Loss:1.6439;2.9692	 Sentiment Loss:0.2919	Valence Loss:0.6667	 Arousal Loss:0.4111	
[2025-11-19 17:52:39,678][run_task2&3_trainer_multilingual.py][line:1284][INFO] Epoch:[1/1]	 Batch:[640/4840.0]	 Loss Sum:9.0648	forward Loss:1.6002;3.243	 backward Loss:1.7773;1.9835	 Sentiment Loss:0.4327	Valence Loss:0.0912	 Arousal Loss:0.0492	
[2025-11-19 17:52:40,870][run_task2&3_trainer_multilingual.py][line:1284][INFO] Epoch:[1/1]	 Batch:[650/4840.0]	 Loss Sum:13.5143	forward Loss:1.5441;3.8172	 backward Loss:3.6085;3.7833	 Sentiment Loss:0.588	Valence Loss:0.4033	 Arousal Loss:0.4633	
[2025-11-19 17:52:42,062][run_task2&3_trainer_multilingual.py][line:1284][INFO] Epoch:[1/1]	 Batch:[660/4840.0]	 Loss Sum:3.3503	forward Loss:0.19;0.262	 backward Loss:0.4307;0.3091	 Sentiment Loss:1.9134	Valence Loss:0.1198	 Arousal Loss:1.1053	
[2025-11-19 17:52:43,252][run_task2&3_trainer_multilingual.py][line:1284][INFO] Epoch:[1/1]	 Batch:[670/4840.0]	 Loss Sum:14.9561	forward Loss:6.853;2.9877	 backward Loss:1.7498;2.8227	 Sentiment Loss:0.4667	Valence Loss:0.2954	 Arousal Loss:0.0862	
[2025-11-19 17:52:44,445][run_task2&3_trainer_multilingual.py][line:1284][INFO] Epoch:[1/1]	 Batch:[680/4840.0]	 Loss Sum:6.0437	forward Loss:0.0542;1.6353	 backward Loss:1.0297;0.1209	 Sentiment Loss:2.8151	Valence Loss:1.0587	 Arousal Loss:0.8837	
[2025-11-19 17:52:45,640][run_task2&3_trainer_multilingual.py][line:1284][INFO] Epoch:[1/1]	 Batch:[690/4840.0]	 Loss Sum:9.988	forward Loss:1.3663;1.1185	 backward Loss:0.7256;1.7955	 Sentiment Loss:4.9494	Valence Loss:0.1173	 Arousal Loss:0.0459	
[2025-11-19 17:52:46,830][run_task2&3_trainer_multilingual.py][line:1284][INFO] Epoch:[1/1]	 Batch:[700/4840.0]	 Loss Sum:3.7371	forward Loss:0.279;0.5647	 backward Loss:0.6267;0.6341	 Sentiment Loss:0.2522	Valence Loss:5.0813	 Arousal Loss:1.8212	
[2025-11-19 17:52:48,024][run_task2&3_trainer_multilingual.py][line:1284][INFO] Epoch:[1/1]	 Batch:[710/4840.0]	 Loss Sum:12.7184	forward Loss:1.8288;4.3912	 backward Loss:4.6145;1.4264	 Sentiment Loss:0.371	Valence Loss:0.3805	 Arousal Loss:0.0521	
[2025-11-19 17:52:49,218][run_task2&3_trainer_multilingual.py][line:1284][INFO] Epoch:[1/1]	 Batch:[720/4840.0]	 Loss Sum:2.3194	forward Loss:0.7071;0.5306	 backward Loss:0.3388;0.5131	 Sentiment Loss:0.0936	Valence Loss:0.5375	 Arousal Loss:0.1438	
[2025-11-19 17:52:50,409][run_task2&3_trainer_multilingual.py][line:1284][INFO] Epoch:[1/1]	 Batch:[730/4840.0]	 Loss Sum:29.6041	forward Loss:1.704;8.4963	 backward Loss:16.0028;3.2634	 Sentiment Loss:0.0171	Valence Loss:0.3697	 Arousal Loss:0.2322	
[2025-11-19 17:52:51,602][run_task2&3_trainer_multilingual.py][line:1284][INFO] Epoch:[1/1]	 Batch:[740/4840.0]	 Loss Sum:1.1245	forward Loss:0.1747;0.3819	 backward Loss:0.209;0.214	 Sentiment Loss:0.0188	Valence Loss:0.4165	 Arousal Loss:0.2136	
[2025-11-19 17:52:52,793][run_task2&3_trainer_multilingual.py][line:1284][INFO] Epoch:[1/1]	 Batch:[750/4840.0]	 Loss Sum:6.4204	forward Loss:0.592;0.4682	 backward Loss:0.1638;0.9509	 Sentiment Loss:4.0292	Valence Loss:0.5914	 Arousal Loss:0.4898	
[2025-11-19 17:52:53,984][run_task2&3_trainer_multilingual.py][line:1284][INFO] Epoch:[1/1]	 Batch:[760/4840.0]	 Loss Sum:11.3224	forward Loss:2.1667;4.8223	 backward Loss:2.2315;1.8085	 Sentiment Loss:0.1229	Valence Loss:0.28	 Arousal Loss:0.5718	
[2025-11-19 17:52:55,178][run_task2&3_trainer_multilingual.py][line:1284][INFO] Epoch:[1/1]	 Batch:[770/4840.0]	 Loss Sum:4.6632	forward Loss:1.1067;0.7783	 backward Loss:0.5861;1.1854	 Sentiment Loss:0.0803	Valence Loss:2.4214	 Arousal Loss:2.2105	
[2025-11-19 17:52:56,369][run_task2&3_trainer_multilingual.py][line:1284][INFO] Epoch:[1/1]	 Batch:[780/4840.0]	 Loss Sum:3.3721	forward Loss:0.3495;0.6895	 backward Loss:1.1845;0.6806	 Sentiment Loss:0.2727	Valence Loss:0.8528	 Arousal Loss:0.1237	
[2025-11-19 17:52:57,561][run_task2&3_trainer_multilingual.py][line:1284][INFO] Epoch:[1/1]	 Batch:[790/4840.0]	 Loss Sum:9.6715	forward Loss:1.9191;2.6233	 backward Loss:0.973;2.308	 Sentiment Loss:0.1913	Valence Loss:5.7815	 Arousal Loss:2.5025	
[2025-11-19 17:52:58,751][run_task2&3_trainer_multilingual.py][line:1284][INFO] Epoch:[1/1]	 Batch:[800/4840.0]	 Loss Sum:6.999	forward Loss:0.3404;4.0604	 backward Loss:1.0159;1.2386	 Sentiment Loss:0.0154	Valence Loss:0.5031	 Arousal Loss:1.1377	
[2025-11-19 17:52:59,939][run_task2&3_trainer_multilingual.py][line:1284][INFO] Epoch:[1/1]	 Batch:[810/4840.0]	 Loss Sum:8.8792	forward Loss:0.1985;1.849	 backward Loss:1.7043;0.1222	 Sentiment Loss:4.9296	Valence Loss:0.3729	 Arousal Loss:0.0053	
[2025-11-19 17:53:01,126][run_task2&3_trainer_multilingual.py][line:1284][INFO] Epoch:[1/1]	 Batch:[820/4840.0]	 Loss Sum:17.3044	forward Loss:11.5814;1.3817	 backward Loss:0.3939;3.4819	 Sentiment Loss:0.2675	Valence Loss:0.2765	 Arousal Loss:0.7135	
[2025-11-19 17:53:02,314][run_task2&3_trainer_multilingual.py][line:1284][INFO] Epoch:[1/1]	 Batch:[830/4840.0]	 Loss Sum:23.6395	forward Loss:4.4084;7.8574	 backward Loss:3.6824;6.9447	 Sentiment Loss:0.5157	Valence Loss:0.97	 Arousal Loss:0.1845	
[2025-11-19 17:53:03,501][run_task2&3_trainer_multilingual.py][line:1284][INFO] Epoch:[1/1]	 Batch:[840/4840.0]	 Loss Sum:33.4429	forward Loss:4.9715;10.9011	 backward Loss:8.5713;3.9019	 Sentiment Loss:5.0709	Valence Loss:0.1021	 Arousal Loss:0.0287	
[2025-11-19 17:53:04,689][run_task2&3_trainer_multilingual.py][line:1284][INFO] Epoch:[1/1]	 Batch:[850/4840.0]	 Loss Sum:3.8336	forward Loss:1.6438;0.4024	 backward Loss:0.2339;1.2385	 Sentiment Loss:0.0555	Valence Loss:0.888	 Arousal Loss:0.4096	
[2025-11-19 17:53:05,877][run_task2&3_trainer_multilingual.py][line:1284][INFO] Epoch:[1/1]	 Batch:[860/4840.0]	 Loss Sum:18.8732	forward Loss:6.2325;0.8582	 backward Loss:0.9459;10.023	 Sentiment Loss:0.5318	Valence Loss:0.4611	 Arousal Loss:0.9483	
[2025-11-19 17:53:07,063][run_task2&3_trainer_multilingual.py][line:1284][INFO] Epoch:[1/1]	 Batch:[870/4840.0]	 Loss Sum:5.1605	forward Loss:1.505;1.0413	 backward Loss:0.9573;0.5448	 Sentiment Loss:0.8813	Valence Loss:0.5584	 Arousal Loss:0.596	
[2025-11-19 17:53:08,253][run_task2&3_trainer_multilingual.py][line:1284][INFO] Epoch:[1/1]	 Batch:[880/4840.0]	 Loss Sum:6.3062	forward Loss:0.1362;2.3547	 backward Loss:2.4469;0.2641	 Sentiment Loss:0.4356	Valence Loss:2.9783	 Arousal Loss:0.3652	
[2025-11-19 17:53:09,439][run_task2&3_trainer_multilingual.py][line:1284][INFO] Epoch:[1/1]	 Batch:[890/4840.0]	 Loss Sum:3.8749	forward Loss:0.1008;1.2994	 backward Loss:2.1432;0.1728	 Sentiment Loss:0.1411	Valence Loss:0.017	 Arousal Loss:0.0712	
[2025-11-19 17:53:10,627][run_task2&3_trainer_multilingual.py][line:1284][INFO] Epoch:[1/1]	 Batch:[900/4840.0]	 Loss Sum:3.8344	forward Loss:0.1284;0.6954	 backward Loss:0.6978;0.2276	 Sentiment Loss:1.8379	Valence Loss:1.0758	 Arousal Loss:0.1603	
[2025-11-19 17:53:11,815][run_task2&3_trainer_multilingual.py][line:1284][INFO] Epoch:[1/1]	 Batch:[910/4840.0]	 Loss Sum:9.3998	forward Loss:0.1428;3.4274	 backward Loss:3.0535;0.4204	 Sentiment Loss:2.334	Valence Loss:0.0983	 Arousal Loss:0.0101	
[2025-11-19 17:53:13,279][run_task2&3_trainer_multilingual.py][line:1284][INFO] Epoch:[1/1]	 Batch:[920/4840.0]	 Loss Sum:0.8777	forward Loss:0.0732;0.2949	 backward Loss:0.2157;0.1068	 Sentiment Loss:0.1195	Valence Loss:0.2427	 Arousal Loss:0.0955	
[2025-11-19 17:53:14,467][run_task2&3_trainer_multilingual.py][line:1284][INFO] Epoch:[1/1]	 Batch:[930/4840.0]	 Loss Sum:3.5473	forward Loss:0.6145;0.8181	 backward Loss:1.2924;0.5555	 Sentiment Loss:0.246	Valence Loss:0.0241	 Arousal Loss:0.0795	
[2025-11-19 17:53:15,657][run_task2&3_trainer_multilingual.py][line:1284][INFO] Epoch:[1/1]	 Batch:[940/4840.0]	 Loss Sum:2.6842	forward Loss:0.122;1.1165	 backward Loss:0.4347;0.7862	 Sentiment Loss:0.069	Valence Loss:0.4069	 Arousal Loss:0.3726	
[2025-11-19 17:53:16,844][run_task2&3_trainer_multilingual.py][line:1284][INFO] Epoch:[1/1]	 Batch:[950/4840.0]	 Loss Sum:2.2512	forward Loss:0.4242;0.7656	 backward Loss:0.2185;0.6959	 Sentiment Loss:0.1357	Valence Loss:0.0281	 Arousal Loss:0.0284	
[2025-11-19 17:53:18,031][run_task2&3_trainer_multilingual.py][line:1284][INFO] Epoch:[1/1]	 Batch:[960/4840.0]	 Loss Sum:2.0805	forward Loss:0.2479;0.6555	 backward Loss:0.3639;0.3576	 Sentiment Loss:0.0936	Valence Loss:1.4212	 Arousal Loss:0.3888	
[2025-11-19 17:53:19,218][run_task2&3_trainer_multilingual.py][line:1284][INFO] Epoch:[1/1]	 Batch:[970/4840.0]	 Loss Sum:5.0	forward Loss:0.1845;0.8408	 backward Loss:0.3892;0.1087	 Sentiment Loss:3.435	Valence Loss:0.157	 Arousal Loss:0.0515	
[2025-11-19 17:53:20,407][run_task2&3_trainer_multilingual.py][line:1284][INFO] Epoch:[1/1]	 Batch:[980/4840.0]	 Loss Sum:1.7363	forward Loss:0.0912;0.2399	 backward Loss:0.2468;0.2332	 Sentiment Loss:0.2643	Valence Loss:1.6303	 Arousal Loss:1.6744	
[2025-11-19 17:53:21,593][run_task2&3_trainer_multilingual.py][line:1284][INFO] Epoch:[1/1]	 Batch:[990/4840.0]	 Loss Sum:7.011	forward Loss:2.0589;0.1126	 backward Loss:0.2083;1.7317	 Sentiment Loss:2.1727	Valence Loss:2.0355	 Arousal Loss:1.5982	
[2025-11-19 17:53:22,780][run_task2&3_trainer_multilingual.py][line:1284][INFO] Epoch:[1/1]	 Batch:[1000/4840.0]	 Loss Sum:9.4067	forward Loss:2.1201;2.9834	 backward Loss:2.7855;0.7505	 Sentiment Loss:0.7322	Valence Loss:0.1289	 Arousal Loss:0.0462	
[2025-11-19 17:53:23,969][run_task2&3_trainer_multilingual.py][line:1284][INFO] Epoch:[1/1]	 Batch:[1010/4840.0]	 Loss Sum:5.237	forward Loss:0.2623;3.026	 backward Loss:0.4336;0.4065	 Sentiment Loss:1.038	Valence Loss:0.2497	 Arousal Loss:0.1032	
[2025-11-19 17:53:25,155][run_task2&3_trainer_multilingual.py][line:1284][INFO] Epoch:[1/1]	 Batch:[1020/4840.0]	 Loss Sum:17.4637	forward Loss:5.7677;1.1568	 backward Loss:0.3264;6.958	 Sentiment Loss:2.5644	Valence Loss:2.8898	 Arousal Loss:0.5628	
[2025-11-19 17:53:26,344][run_task2&3_trainer_multilingual.py][line:1284][INFO] Epoch:[1/1]	 Batch:[1030/4840.0]	 Loss Sum:10.7346	forward Loss:0.7243;2.2985	 backward Loss:6.0685;0.6677	 Sentiment Loss:0.1666	Valence Loss:2.6234	 Arousal Loss:1.4217	
[2025-11-19 17:53:27,531][run_task2&3_trainer_multilingual.py][line:1284][INFO] Epoch:[1/1]	 Batch:[1040/4840.0]	 Loss Sum:25.8486	forward Loss:6.4577;8.1454	 backward Loss:4.1794;6.8933	 Sentiment Loss:0.095	Valence Loss:0.023	 Arousal Loss:0.3659	
[2025-11-19 17:53:28,718][run_task2&3_trainer_multilingual.py][line:1284][INFO] Epoch:[1/1]	 Batch:[1050/4840.0]	 Loss Sum:3.4944	forward Loss:1.8324;0.1944	 backward Loss:0.1886;0.7338	 Sentiment Loss:0.4164	Valence Loss:0.1185	 Arousal Loss:0.5258	
[2025-11-19 17:53:29,907][run_task2&3_trainer_multilingual.py][line:1284][INFO] Epoch:[1/1]	 Batch:[1060/4840.0]	 Loss Sum:7.1424	forward Loss:1.8086;1.616	 backward Loss:0.855;1.4251	 Sentiment Loss:1.0339	Valence Loss:1.904	 Arousal Loss:0.1152	
[2025-11-19 17:53:31,094][run_task2&3_trainer_multilingual.py][line:1284][INFO] Epoch:[1/1]	 Batch:[1070/4840.0]	 Loss Sum:1.0309	forward Loss:0.3918;0.1172	 backward Loss:0.0903;0.1721	 Sentiment Loss:0.064	Valence Loss:0.1708	 Arousal Loss:0.8071	
[2025-11-19 17:53:32,283][run_task2&3_trainer_multilingual.py][line:1284][INFO] Epoch:[1/1]	 Batch:[1080/4840.0]	 Loss Sum:5.2293	forward Loss:0.7487;2.7285	 backward Loss:0.524;1.1256	 Sentiment Loss:0.0825	Valence Loss:0.03	 Arousal Loss:0.0697	
[2025-11-19 17:53:33,471][run_task2&3_trainer_multilingual.py][line:1284][INFO] Epoch:[1/1]	 Batch:[1090/4840.0]	 Loss Sum:4.181	forward Loss:0.7478;1.4025	 backward Loss:1.4801;0.3623	 Sentiment Loss:0.1424	Valence Loss:0.1583	 Arousal Loss:0.0707	
[2025-11-19 17:53:34,661][run_task2&3_trainer_multilingual.py][line:1284][INFO] Epoch:[1/1]	 Batch:[1100/4840.0]	 Loss Sum:40.4015	forward Loss:0.3096;19.5022	 backward Loss:18.6754;1.4861	 Sentiment Loss:0.3051	Valence Loss:0.5824	 Arousal Loss:0.0329	
[2025-11-19 17:53:35,848][run_task2&3_trainer_multilingual.py][line:1284][INFO] Epoch:[1/1]	 Batch:[1110/4840.0]	 Loss Sum:8.493	forward Loss:2.1856;0.5409	 backward Loss:0.6077;2.5209	 Sentiment Loss:2.5333	Valence Loss:0.2604	 Arousal Loss:0.2626	
[2025-11-19 17:53:37,037][run_task2&3_trainer_multilingual.py][line:1284][INFO] Epoch:[1/1]	 Batch:[1120/4840.0]	 Loss Sum:15.7466	forward Loss:1.777;2.6041	 backward Loss:8.7199;2.0348	 Sentiment Loss:0.5248	Valence Loss:0.0794	 Arousal Loss:0.3503	
[2025-11-19 17:53:38,225][run_task2&3_trainer_multilingual.py][line:1284][INFO] Epoch:[1/1]	 Batch:[1130/4840.0]	 Loss Sum:11.3678	forward Loss:0.8053;3.9847	 backward Loss:4.8331;1.3718	 Sentiment Loss:0.0791	Valence Loss:1.0223	 Arousal Loss:0.4466	
[2025-11-19 17:53:39,414][run_task2&3_trainer_multilingual.py][line:1284][INFO] Epoch:[1/1]	 Batch:[1140/4840.0]	 Loss Sum:6.6668	forward Loss:0.9474;2.4842	 backward Loss:1.3953;1.5874	 Sentiment Loss:0.0266	Valence Loss:0.7774	 Arousal Loss:0.3517	
[2025-11-19 17:53:40,602][run_task2&3_trainer_multilingual.py][line:1284][INFO] Epoch:[1/1]	 Batch:[1150/4840.0]	 Loss Sum:20.9294	forward Loss:7.1897;3.0795	 backward Loss:3.4186;5.6771	 Sentiment Loss:1.3733	Valence Loss:0.3318	 Arousal Loss:0.6238	
[2025-11-19 17:53:41,789][run_task2&3_trainer_multilingual.py][line:1284][INFO] Epoch:[1/1]	 Batch:[1160/4840.0]	 Loss Sum:1.8116	forward Loss:0.5877;0.0792	 backward Loss:0.0968;0.5964	 Sentiment Loss:0.4258	Valence Loss:0.0601	 Arousal Loss:0.0686	
[2025-11-19 17:53:42,977][run_task2&3_trainer_multilingual.py][line:1284][INFO] Epoch:[1/1]	 Batch:[1170/4840.0]	 Loss Sum:0.9613	forward Loss:0.1279;0.1569	 backward Loss:0.0801;0.1924	 Sentiment Loss:0.314	Valence Loss:0.2866	 Arousal Loss:0.1642	
[2025-11-19 17:53:44,164][run_task2&3_trainer_multilingual.py][line:1284][INFO] Epoch:[1/1]	 Batch:[1180/4840.0]	 Loss Sum:0.8283	forward Loss:0.1055;0.0976	 backward Loss:0.0557;0.1729	 Sentiment Loss:0.1682	Valence Loss:0.2904	 Arousal Loss:0.8516	
[2025-11-19 17:53:45,351][run_task2&3_trainer_multilingual.py][line:1284][INFO] Epoch:[1/1]	 Batch:[1190/4840.0]	 Loss Sum:3.9202	forward Loss:0.374;0.2521	 backward Loss:0.4244;0.5423	 Sentiment Loss:2.0917	Valence Loss:0.0804	 Arousal Loss:1.0981	
[2025-11-19 17:53:46,540][run_task2&3_trainer_multilingual.py][line:1284][INFO] Epoch:[1/1]	 Batch:[1200/4840.0]	 Loss Sum:4.7202	forward Loss:0.7069;0.2886	 backward Loss:0.4987;0.6655	 Sentiment Loss:2.3169	Valence Loss:0.5666	 Arousal Loss:0.6517	
[2025-11-19 17:53:47,727][run_task2&3_trainer_multilingual.py][line:1284][INFO] Epoch:[1/1]	 Batch:[1210/4840.0]	 Loss Sum:25.1847	forward Loss:4.6131;9.165	 backward Loss:9.5396;1.6215	 Sentiment Loss:0.0639	Valence Loss:0.19	 Arousal Loss:0.7181	
[2025-11-19 17:53:48,915][run_task2&3_trainer_multilingual.py][line:1284][INFO] Epoch:[1/1]	 Batch:[1220/4840.0]	 Loss Sum:0.7928	forward Loss:0.1358;0.2029	 backward Loss:0.2207;0.1128	 Sentiment Loss:0.018	Valence Loss:0.1597	 Arousal Loss:0.3532	
[2025-11-19 17:53:50,103][run_task2&3_trainer_multilingual.py][line:1284][INFO] Epoch:[1/1]	 Batch:[1230/4840.0]	 Loss Sum:9.4356	forward Loss:2.1994;2.1803	 backward Loss:1.4625;2.9635	 Sentiment Loss:0.0099	Valence Loss:2.9935	 Arousal Loss:0.1067	
[2025-11-19 17:53:51,291][run_task2&3_trainer_multilingual.py][line:1284][INFO] Epoch:[1/1]	 Batch:[1240/4840.0]	 Loss Sum:5.0529	forward Loss:1.8851;0.2311	 backward Loss:0.1453;2.6173	 Sentiment Loss:0.0662	Valence Loss:0.3283	 Arousal Loss:0.2115	
[2025-11-19 17:53:52,478][run_task2&3_trainer_multilingual.py][line:1284][INFO] Epoch:[1/1]	 Batch:[1250/4840.0]	 Loss Sum:1.073	forward Loss:0.2032;0.1554	 backward Loss:0.0695;0.2541	 Sentiment Loss:0.0011	Valence Loss:1.6912	 Arousal Loss:0.2573	
[2025-11-19 17:53:53,666][run_task2&3_trainer_multilingual.py][line:1284][INFO] Epoch:[1/1]	 Batch:[1260/4840.0]	 Loss Sum:0.7258	forward Loss:0.1394;0.1528	 backward Loss:0.0467;0.2247	 Sentiment Loss:0.0839	Valence Loss:0.064	 Arousal Loss:0.3272	
[2025-11-19 17:53:54,854][run_task2&3_trainer_multilingual.py][line:1284][INFO] Epoch:[1/1]	 Batch:[1270/4840.0]	 Loss Sum:1.5155	forward Loss:0.0904;0.4096	 backward Loss:0.4972;0.126	 Sentiment Loss:0.1179	Valence Loss:0.4473	 Arousal Loss:0.9244	
[2025-11-19 17:53:56,042][run_task2&3_trainer_multilingual.py][line:1284][INFO] Epoch:[1/1]	 Batch:[1280/4840.0]	 Loss Sum:1.2092	forward Loss:0.1121;0.1757	 backward Loss:0.1504;0.0495	 Sentiment Loss:0.661	Valence Loss:0.1569	 Arousal Loss:0.1454	
[2025-11-19 17:53:57,230][run_task2&3_trainer_multilingual.py][line:1284][INFO] Epoch:[1/1]	 Batch:[1290/4840.0]	 Loss Sum:0.8662	forward Loss:0.1954;0.2747	 backward Loss:0.1821;0.1424	 Sentiment Loss:0.0285	Valence Loss:0.1732	 Arousal Loss:0.0422	
[2025-11-19 17:53:58,418][run_task2&3_trainer_multilingual.py][line:1284][INFO] Epoch:[1/1]	 Batch:[1300/4840.0]	 Loss Sum:1.1299	forward Loss:0.0901;0.3911	 backward Loss:0.1924;0.0756	 Sentiment Loss:0.0942	Valence Loss:1.0857	 Arousal Loss:0.347	
[2025-11-19 17:53:59,606][run_task2&3_trainer_multilingual.py][line:1284][INFO] Epoch:[1/1]	 Batch:[1310/4840.0]	 Loss Sum:11.3718	forward Loss:0.132;3.4373	 backward Loss:3.317;0.124	 Sentiment Loss:3.6577	Valence Loss:2.0408	 Arousal Loss:1.4781	
[2025-11-19 17:54:00,795][run_task2&3_trainer_multilingual.py][line:1284][INFO] Epoch:[1/1]	 Batch:[1320/4840.0]	 Loss Sum:6.0482	forward Loss:0.1608;1.7674	 backward Loss:2.6586;0.2061	 Sentiment Loss:1.0909	Valence Loss:0.4388	 Arousal Loss:0.3826	
[2025-11-19 17:54:01,984][run_task2&3_trainer_multilingual.py][line:1284][INFO] Epoch:[1/1]	 Batch:[1330/4840.0]	 Loss Sum:12.9726	forward Loss:8.1246;1.7197	 backward Loss:1.0975;1.8765	 Sentiment Loss:0.0136	Valence Loss:0.3892	 Arousal Loss:0.3135	
[2025-11-19 17:54:03,171][run_task2&3_trainer_multilingual.py][line:1284][INFO] Epoch:[1/1]	 Batch:[1340/4840.0]	 Loss Sum:2.932	forward Loss:1.0605;0.8888	 backward Loss:0.5948;0.3355	 Sentiment Loss:0.0177	Valence Loss:0.112	 Arousal Loss:0.0625	
[2025-11-19 17:54:04,360][run_task2&3_trainer_multilingual.py][line:1284][INFO] Epoch:[1/1]	 Batch:[1350/4840.0]	 Loss Sum:1.9093	forward Loss:0.0852;0.9749	 backward Loss:0.6896;0.0489	 Sentiment Loss:0.0022	Valence Loss:0.3666	 Arousal Loss:0.1761	
[2025-11-19 17:54:05,545][run_task2&3_trainer_multilingual.py][line:1284][INFO] Epoch:[1/1]	 Batch:[1360/4840.0]	 Loss Sum:3.774	forward Loss:0.1021;1.5527	 backward Loss:1.6683;0.0928	 Sentiment Loss:0.0008	Valence Loss:0.4286	 Arousal Loss:1.3579	
[2025-11-19 17:54:06,733][run_task2&3_trainer_multilingual.py][line:1284][INFO] Epoch:[1/1]	 Batch:[1370/4840.0]	 Loss Sum:4.0265	forward Loss:0.7283;0.9836	 backward Loss:0.4984;1.1955	 Sentiment Loss:0.5396	Valence Loss:0.0439	 Arousal Loss:0.3619	
[2025-11-19 17:54:07,921][run_task2&3_trainer_multilingual.py][line:1284][INFO] Epoch:[1/1]	 Batch:[1380/4840.0]	 Loss Sum:17.7985	forward Loss:3.8408;2.5264	 backward Loss:9.9785;1.3728	 Sentiment Loss:0.0015	Valence Loss:0.0795	 Arousal Loss:0.3127	
[2025-11-19 17:54:09,110][run_task2&3_trainer_multilingual.py][line:1284][INFO] Epoch:[1/1]	 Batch:[1390/4840.0]	 Loss Sum:0.7073	forward Loss:0.2694;0.1038	 backward Loss:0.1187;0.1623	 Sentiment Loss:0.0225	Valence Loss:0.0488	 Arousal Loss:0.1048	
[2025-11-19 17:54:10,296][run_task2&3_trainer_multilingual.py][line:1284][INFO] Epoch:[1/1]	 Batch:[1400/4840.0]	 Loss Sum:0.4799	forward Loss:0.088;0.145	 backward Loss:0.0451;0.0953	 Sentiment Loss:0.0044	Valence Loss:0.4825	 Arousal Loss:0.0276	
[2025-11-19 17:54:11,483][run_task2&3_trainer_multilingual.py][line:1284][INFO] Epoch:[1/1]	 Batch:[1410/4840.0]	 Loss Sum:6.2488	forward Loss:1.1359;2.7332	 backward Loss:1.4393;0.4986	 Sentiment Loss:0.0735	Valence Loss:0.5852	 Arousal Loss:1.2559	
[2025-11-19 17:54:12,671][run_task2&3_trainer_multilingual.py][line:1284][INFO] Epoch:[1/1]	 Batch:[1420/4840.0]	 Loss Sum:1.3145	forward Loss:0.1198;0.2295	 backward Loss:0.1518;0.0837	 Sentiment Loss:0.0077	Valence Loss:0.8626	 Arousal Loss:2.7474	
[2025-11-19 17:54:13,857][run_task2&3_trainer_multilingual.py][line:1284][INFO] Epoch:[1/1]	 Batch:[1430/4840.0]	 Loss Sum:7.5845	forward Loss:4.1277;1.0521	 backward Loss:1.4414;0.8066	 Sentiment Loss:0.1243	Valence Loss:0.1393	 Arousal Loss:0.0224	
[2025-11-19 17:54:15,047][run_task2&3_trainer_multilingual.py][line:1284][INFO] Epoch:[1/1]	 Batch:[1440/4840.0]	 Loss Sum:31.229	forward Loss:7.5046;7.4159	 backward Loss:3.2837;11.305	 Sentiment Loss:1.5511	Valence Loss:0.6821	 Arousal Loss:0.1614	
[2025-11-19 17:54:16,236][run_task2&3_trainer_multilingual.py][line:1284][INFO] Epoch:[1/1]	 Batch:[1450/4840.0]	 Loss Sum:8.466	forward Loss:1.4272;3.3561	 backward Loss:3.3669;0.2371	 Sentiment Loss:0.0171	Valence Loss:0.241	 Arousal Loss:0.0671	
[2025-11-19 17:54:17,426][run_task2&3_trainer_multilingual.py][line:1284][INFO] Epoch:[1/1]	 Batch:[1460/4840.0]	 Loss Sum:12.3994	forward Loss:6.2984;1.6016	 backward Loss:0.1643;4.2276	 Sentiment Loss:0.0663	Valence Loss:0.1822	 Arousal Loss:0.0238	
[2025-11-19 17:54:18,615][run_task2&3_trainer_multilingual.py][line:1284][INFO] Epoch:[1/1]	 Batch:[1470/4840.0]	 Loss Sum:4.2886	forward Loss:0.4903;1.0804	 backward Loss:1.5698;0.3955	 Sentiment Loss:0.6877	Valence Loss:0.2435	 Arousal Loss:0.0808	
[2025-11-19 17:54:19,802][run_task2&3_trainer_multilingual.py][line:1284][INFO] Epoch:[1/1]	 Batch:[1480/4840.0]	 Loss Sum:2.9884	forward Loss:0.965;0.1204	 backward Loss:0.0735;1.6189	 Sentiment Loss:0.1127	Valence Loss:0.2624	 Arousal Loss:0.2264	
[2025-11-19 17:54:20,991][run_task2&3_trainer_multilingual.py][line:1284][INFO] Epoch:[1/1]	 Batch:[1490/4840.0]	 Loss Sum:13.1112	forward Loss:5.9048;0.4808	 backward Loss:1.4994;5.1986	 Sentiment Loss:0.0031	Valence Loss:0.0335	 Arousal Loss:0.0885	
[2025-11-19 17:54:22,179][run_task2&3_trainer_multilingual.py][line:1284][INFO] Epoch:[1/1]	 Batch:[1500/4840.0]	 Loss Sum:2.5871	forward Loss:0.6256;0.4006	 backward Loss:0.4854;0.864	 Sentiment Loss:0.0934	Valence Loss:0.0826	 Arousal Loss:0.5076	
[2025-11-19 17:54:23,367][run_task2&3_trainer_multilingual.py][line:1284][INFO] Epoch:[1/1]	 Batch:[1510/4840.0]	 Loss Sum:3.3633	forward Loss:0.4808;0.6953	 backward Loss:0.4537;1.6494	 Sentiment Loss:0.0077	Valence Loss:0.349	 Arousal Loss:0.0326	
[2025-11-19 17:54:24,554][run_task2&3_trainer_multilingual.py][line:1284][INFO] Epoch:[1/1]	 Batch:[1520/4840.0]	 Loss Sum:0.4347	forward Loss:0.0487;0.1611	 backward Loss:0.0992;0.0404	 Sentiment Loss:0.0113	Valence Loss:0.3018	 Arousal Loss:0.0681	
[2025-11-19 17:54:25,741][run_task2&3_trainer_multilingual.py][line:1284][INFO] Epoch:[1/1]	 Batch:[1530/4840.0]	 Loss Sum:10.247	forward Loss:5.3307;1.3699	 backward Loss:1.2974;1.7101	 Sentiment Loss:0.2272	Valence Loss:1.2932	 Arousal Loss:0.2658	
[2025-11-19 17:54:26,929][run_task2&3_trainer_multilingual.py][line:1284][INFO] Epoch:[1/1]	 Batch:[1540/4840.0]	 Loss Sum:5.9135	forward Loss:1.306;1.9381	 backward Loss:0.7388;0.8115	 Sentiment Loss:0.5718	Valence Loss:1.3196	 Arousal Loss:1.417	
[2025-11-19 17:54:28,116][run_task2&3_trainer_multilingual.py][line:1284][INFO] Epoch:[1/1]	 Batch:[1550/4840.0]	 Loss Sum:15.2314	forward Loss:0.7659;7.4721	 backward Loss:5.9738;0.8679	 Sentiment Loss:0.0184	Valence Loss:0.6464	 Arousal Loss:0.0198	
[2025-11-19 17:54:29,305][run_task2&3_trainer_multilingual.py][line:1284][INFO] Epoch:[1/1]	 Batch:[1560/4840.0]	 Loss Sum:29.2063	forward Loss:13.9855;1.6447	 backward Loss:1.216;12.2701	 Sentiment Loss:0.0226	Valence Loss:0.1802	 Arousal Loss:0.1575	
[2025-11-19 17:54:30,493][run_task2&3_trainer_multilingual.py][line:1284][INFO] Epoch:[1/1]	 Batch:[1570/4840.0]	 Loss Sum:5.9431	forward Loss:0.7056;1.7233	 backward Loss:3.0557;0.3467	 Sentiment Loss:0.0067	Valence Loss:0.0852	 Arousal Loss:0.4404	
[2025-11-19 17:54:31,683][run_task2&3_trainer_multilingual.py][line:1284][INFO] Epoch:[1/1]	 Batch:[1580/4840.0]	 Loss Sum:11.7437	forward Loss:4.5166;1.4231	 backward Loss:1.0943;4.6206	 Sentiment Loss:0.0435	Valence Loss:0.1577	 Arousal Loss:0.0702	
[2025-11-19 17:54:32,870][run_task2&3_trainer_multilingual.py][line:1284][INFO] Epoch:[1/1]	 Batch:[1590/4840.0]	 Loss Sum:6.2993	forward Loss:0.1779;2.9315	 backward Loss:2.8002;0.3401	 Sentiment Loss:0.0041	Valence Loss:0.0926	 Arousal Loss:0.1352	
[2025-11-19 17:54:34,069][run_task2&3_trainer_multilingual.py][line:1284][INFO] Epoch:[1/1]	 Batch:[1600/4840.0]	 Loss Sum:4.8468	forward Loss:0.2381;2.3615	 backward Loss:1.7739;0.1153	 Sentiment Loss:0.0254	Valence Loss:0.8591	 Arousal Loss:0.804	
[2025-11-19 17:54:35,256][run_task2&3_trainer_multilingual.py][line:1284][INFO] Epoch:[1/1]	 Batch:[1610/4840.0]	 Loss Sum:4.3963	forward Loss:0.2015;3.2546	 backward Loss:0.376;0.1109	 Sentiment Loss:0.0617	Valence Loss:0.2982	 Arousal Loss:1.6598	
[2025-11-19 17:54:36,445][run_task2&3_trainer_multilingual.py][line:1284][INFO] Epoch:[1/1]	 Batch:[1620/4840.0]	 Loss Sum:2.305	forward Loss:0.1202;1.0119	 backward Loss:0.9812;0.08	 Sentiment Loss:0.0824	Valence Loss:0.0563	 Arousal Loss:0.0903	
[2025-11-19 17:54:37,633][run_task2&3_trainer_multilingual.py][line:1284][INFO] Epoch:[1/1]	 Batch:[1630/4840.0]	 Loss Sum:0.8026	forward Loss:0.0828;0.317	 backward Loss:0.2848;0.0422	 Sentiment Loss:0.012	Valence Loss:0.1691	 Arousal Loss:0.1497	
[2025-11-19 17:54:38,821][run_task2&3_trainer_multilingual.py][line:1284][INFO] Epoch:[1/1]	 Batch:[1640/4840.0]	 Loss Sum:4.1226	forward Loss:0.5476;0.1854	 backward Loss:0.0984;0.4879	 Sentiment Loss:2.7116	Valence Loss:0.1279	 Arousal Loss:0.331	
[2025-11-19 17:54:40,008][run_task2&3_trainer_multilingual.py][line:1284][INFO] Epoch:[1/1]	 Batch:[1650/4840.0]	 Loss Sum:2.6586	forward Loss:0.145;1.4706	 backward Loss:0.7377;0.2053	 Sentiment Loss:0.0106	Valence Loss:0.3571	 Arousal Loss:0.0896	
[2025-11-19 17:54:41,194][run_task2&3_trainer_multilingual.py][line:1284][INFO] Epoch:[1/1]	 Batch:[1660/4840.0]	 Loss Sum:0.679	forward Loss:0.1247;0.0668	 backward Loss:0.0506;0.2326	 Sentiment Loss:0.0008	Valence Loss:0.5626	 Arousal Loss:0.4546	
[2025-11-19 17:54:42,388][run_task2&3_trainer_multilingual.py][line:1284][INFO] Epoch:[1/1]	 Batch:[1670/4840.0]	 Loss Sum:0.6288	forward Loss:0.1511;0.1729	 backward Loss:0.0723;0.1568	 Sentiment Loss:0.0042	Valence Loss:0.3063	 Arousal Loss:0.0513	
[2025-11-19 17:54:43,576][run_task2&3_trainer_multilingual.py][line:1284][INFO] Epoch:[1/1]	 Batch:[1680/4840.0]	 Loss Sum:0.753	forward Loss:0.0596;0.2832	 backward Loss:0.1649;0.0604	 Sentiment Loss:0.002	Valence Loss:0.7498	 Arousal Loss:0.1647	
[2025-11-19 17:54:44,763][run_task2&3_trainer_multilingual.py][line:1284][INFO] Epoch:[1/1]	 Batch:[1690/4840.0]	 Loss Sum:17.5464	forward Loss:0.0682;10.1456	 backward Loss:6.6918;0.1102	 Sentiment Loss:0.4045	Valence Loss:0.0926	 Arousal Loss:0.5377	
[2025-11-19 17:54:45,950][run_task2&3_trainer_multilingual.py][line:1284][INFO] Epoch:[1/1]	 Batch:[1700/4840.0]	 Loss Sum:26.9069	forward Loss:1.1912;12.1673	 backward Loss:11.5282;1.2023	 Sentiment Loss:0.7266	Valence Loss:0.1243	 Arousal Loss:0.3318	
[2025-11-19 17:54:47,139][run_task2&3_trainer_multilingual.py][line:1284][INFO] Epoch:[1/1]	 Batch:[1710/4840.0]	 Loss Sum:11.1999	forward Loss:1.1749;2.6134	 backward Loss:6.7899;0.5352	 Sentiment Loss:0.0128	Valence Loss:0.2676	 Arousal Loss:0.1005	
[2025-11-19 17:54:48,326][run_task2&3_trainer_multilingual.py][line:1284][INFO] Epoch:[1/1]	 Batch:[1720/4840.0]	 Loss Sum:1.4776	forward Loss:0.0595;0.439	 backward Loss:0.3094;0.0751	 Sentiment Loss:0.1072	Valence Loss:0.3999	 Arousal Loss:2.0362	
[2025-11-19 17:54:49,513][run_task2&3_trainer_multilingual.py][line:1284][INFO] Epoch:[1/1]	 Batch:[1730/4840.0]	 Loss Sum:6.5937	forward Loss:0.6167;1.7836	 backward Loss:3.1478;0.9897	 Sentiment Loss:0.0176	Valence Loss:0.0772	 Arousal Loss:0.1147	
[2025-11-19 17:54:50,703][run_task2&3_trainer_multilingual.py][line:1284][INFO] Epoch:[1/1]	 Batch:[1740/4840.0]	 Loss Sum:8.6083	forward Loss:4.4346;1.0433	 backward Loss:0.8219;2.1839	 Sentiment Loss:0.0308	Valence Loss:0.3138	 Arousal Loss:0.1551	
[2025-11-19 17:54:51,890][run_task2&3_trainer_multilingual.py][line:1284][INFO] Epoch:[1/1]	 Batch:[1750/4840.0]	 Loss Sum:21.8606	forward Loss:4.0056;6.7033	 backward Loss:4.684;6.2501	 Sentiment Loss:0.0048	Valence Loss:0.7027	 Arousal Loss:0.3611	
[2025-11-19 17:54:53,078][run_task2&3_trainer_multilingual.py][line:1284][INFO] Epoch:[1/1]	 Batch:[1760/4840.0]	 Loss Sum:31.9035	forward Loss:6.2794;10.3147	 backward Loss:11.2853;3.9357	 Sentiment Loss:0.0047	Valence Loss:0.0832	 Arousal Loss:0.3349	
[2025-11-19 17:54:54,268][run_task2&3_trainer_multilingual.py][line:1284][INFO] Epoch:[1/1]	 Batch:[1770/4840.0]	 Loss Sum:0.6266	forward Loss:0.1145;0.1135	 backward Loss:0.0767;0.1644	 Sentiment Loss:0.0638	Valence Loss:0.0527	 Arousal Loss:0.4156	
[2025-11-19 17:54:55,456][run_task2&3_trainer_multilingual.py][line:1284][INFO] Epoch:[1/1]	 Batch:[1780/4840.0]	 Loss Sum:1.8498	forward Loss:0.0494;0.5376	 backward Loss:0.9693;0.0407	 Sentiment Loss:0.0281	Valence Loss:0.7531	 Arousal Loss:0.3698	
[2025-11-19 17:54:56,644][run_task2&3_trainer_multilingual.py][line:1284][INFO] Epoch:[1/1]	 Batch:[1790/4840.0]	 Loss Sum:1.4271	forward Loss:0.5502;0.2577	 backward Loss:0.349;0.1986	 Sentiment Loss:0.0262	Valence Loss:0.1828	 Arousal Loss:0.0447	
[2025-11-19 17:54:57,832][run_task2&3_trainer_multilingual.py][line:1284][INFO] Epoch:[1/1]	 Batch:[1800/4840.0]	 Loss Sum:11.5932	forward Loss:4.4772;1.8676	 backward Loss:2.2634;2.819	 Sentiment Loss:0.1186	Valence Loss:0.0271	 Arousal Loss:0.21	
[2025-11-19 17:54:59,021][run_task2&3_trainer_multilingual.py][line:1284][INFO] Epoch:[1/1]	 Batch:[1810/4840.0]	 Loss Sum:29.4944	forward Loss:11.7686;3.2169	 backward Loss:7.4979;6.9379	 Sentiment Loss:0.0099	Valence Loss:0.1947	 Arousal Loss:0.1209	
[2025-11-19 17:55:00,208][run_task2&3_trainer_multilingual.py][line:1284][INFO] Epoch:[1/1]	 Batch:[1820/4840.0]	 Loss Sum:16.5063	forward Loss:2.7366;6.7906	 backward Loss:3.004;3.8544	 Sentiment Loss:0.0053	Valence Loss:0.5287	 Arousal Loss:0.048	
[2025-11-19 17:55:01,396][run_task2&3_trainer_multilingual.py][line:1284][INFO] Epoch:[1/1]	 Batch:[1830/4840.0]	 Loss Sum:6.5598	forward Loss:2.5763;0.6324	 backward Loss:0.4828;2.7963	 Sentiment Loss:0.0259	Valence Loss:0.1643	 Arousal Loss:0.0659	
[2025-11-19 17:55:02,586][run_task2&3_trainer_multilingual.py][line:1284][INFO] Epoch:[1/1]	 Batch:[1840/4840.0]	 Loss Sum:10.0957	forward Loss:0.843;1.8962	 backward Loss:3.0034;3.8191	 Sentiment Loss:0.0104	Valence Loss:1.4354	 Arousal Loss:1.1832	
[2025-11-19 17:55:03,776][run_task2&3_trainer_multilingual.py][line:1284][INFO] Epoch:[1/1]	 Batch:[1850/4840.0]	 Loss Sum:1.8207	forward Loss:0.3833;0.2766	 backward Loss:0.3005;0.8033	 Sentiment Loss:0.0041	Valence Loss:0.2408	 Arousal Loss:0.0244	
[2025-11-19 17:55:04,963][run_task2&3_trainer_multilingual.py][line:1284][INFO] Epoch:[1/1]	 Batch:[1860/4840.0]	 Loss Sum:3.954	forward Loss:0.4383;1.358	 backward Loss:1.3558;0.7194	 Sentiment Loss:0.031	Valence Loss:0.1271	 Arousal Loss:0.1299	
[2025-11-19 17:55:06,151][run_task2&3_trainer_multilingual.py][line:1284][INFO] Epoch:[1/1]	 Batch:[1870/4840.0]	 Loss Sum:4.034	forward Loss:0.0338;3.1638	 backward Loss:0.5355;0.0885	 Sentiment Loss:0.0026	Valence Loss:0.4288	 Arousal Loss:0.6201	
[2025-11-19 17:55:07,338][run_task2&3_trainer_multilingual.py][line:1284][INFO] Epoch:[1/1]	 Batch:[1880/4840.0]	 Loss Sum:4.139	forward Loss:0.8696;0.3985	 backward Loss:0.3968;2.1675	 Sentiment Loss:0.0011	Valence Loss:0.7692	 Arousal Loss:0.7588	
[2025-11-19 17:55:08,526][run_task2&3_trainer_multilingual.py][line:1284][INFO] Epoch:[1/1]	 Batch:[1890/4840.0]	 Loss Sum:20.6947	forward Loss:4.6166;5.3623	 backward Loss:3.585;6.783	 Sentiment Loss:0.1723	Valence Loss:0.4552	 Arousal Loss:0.4223	
[2025-11-19 17:55:09,714][run_task2&3_trainer_multilingual.py][line:1284][INFO] Epoch:[1/1]	 Batch:[1900/4840.0]	 Loss Sum:8.0076	forward Loss:0.1253;4.264	 backward Loss:3.2738;0.1361	 Sentiment Loss:0.0642	Valence Loss:0.5317	 Arousal Loss:0.1889	
[2025-11-19 17:55:10,903][run_task2&3_trainer_multilingual.py][line:1284][INFO] Epoch:[1/1]	 Batch:[1910/4840.0]	 Loss Sum:12.0248	forward Loss:6.1136;0.7003	 backward Loss:1.7084;3.0887	 Sentiment Loss:0.286	Valence Loss:0.4919	 Arousal Loss:0.1469	
[2025-11-19 17:55:12,092][run_task2&3_trainer_multilingual.py][line:1284][INFO] Epoch:[1/1]	 Batch:[1920/4840.0]	 Loss Sum:6.6136	forward Loss:2.9246;0.6576	 backward Loss:0.6801;2.2878	 Sentiment Loss:0.034	Valence Loss:0.0344	 Arousal Loss:0.1127	
[2025-11-19 17:55:13,279][run_task2&3_trainer_multilingual.py][line:1284][INFO] Epoch:[1/1]	 Batch:[1930/4840.0]	 Loss Sum:19.7746	forward Loss:2.5566;1.8298	 backward Loss:11.1476;0.732	 Sentiment Loss:3.4617	Valence Loss:0.0382	 Arousal Loss:0.1965	
[2025-11-19 17:55:14,467][run_task2&3_trainer_multilingual.py][line:1284][INFO] Epoch:[1/1]	 Batch:[1940/4840.0]	 Loss Sum:3.6623	forward Loss:0.0696;2.4216	 backward Loss:0.9729;0.1173	 Sentiment Loss:0.0457	Valence Loss:0.0751	 Arousal Loss:0.1013	
[2025-11-19 17:55:15,655][run_task2&3_trainer_multilingual.py][line:1284][INFO] Epoch:[1/1]	 Batch:[1950/4840.0]	 Loss Sum:33.4054	forward Loss:7.1262;6.0367	 backward Loss:7.1457;12.2116	 Sentiment Loss:0.8109	Valence Loss:0.2723	 Arousal Loss:0.0992	
[2025-11-19 17:55:16,843][run_task2&3_trainer_multilingual.py][line:1284][INFO] Epoch:[1/1]	 Batch:[1960/4840.0]	 Loss Sum:6.3329	forward Loss:0.1921;4.9431	 backward Loss:0.6922;0.2251	 Sentiment Loss:0.0454	Valence Loss:0.9467	 Arousal Loss:0.2281	
[2025-11-19 17:55:18,031][run_task2&3_trainer_multilingual.py][line:1284][INFO] Epoch:[1/1]	 Batch:[1970/4840.0]	 Loss Sum:2.2611	forward Loss:0.9162;0.2509	 backward Loss:0.1406;0.8042	 Sentiment Loss:0.0594	Valence Loss:0.3538	 Arousal Loss:0.0946	
[2025-11-19 17:55:19,220][run_task2&3_trainer_multilingual.py][line:1284][INFO] Epoch:[1/1]	 Batch:[1980/4840.0]	 Loss Sum:11.0785	forward Loss:0.9678;4.2443	 backward Loss:4.4129;1.4186	 Sentiment Loss:0.0108	Valence Loss:0.0814	 Arousal Loss:0.0394	
[2025-11-19 17:55:20,409][run_task2&3_trainer_multilingual.py][line:1284][INFO] Epoch:[1/1]	 Batch:[1990/4840.0]	 Loss Sum:2.2661	forward Loss:0.3199;0.7322	 backward Loss:0.3361;0.7758	 Sentiment Loss:0.0044	Valence Loss:0.4385	 Arousal Loss:0.0498	
[2025-11-19 17:55:21,598][run_task2&3_trainer_multilingual.py][line:1284][INFO] Epoch:[1/1]	 Batch:[2000/4840.0]	 Loss Sum:13.1914	forward Loss:5.709;0.1268	 backward Loss:0.1103;7.1793	 Sentiment Loss:0.0067	Valence Loss:0.171	 Arousal Loss:0.1253	
[2025-11-19 17:55:22,787][run_task2&3_trainer_multilingual.py][line:1284][INFO] Epoch:[1/1]	 Batch:[2010/4840.0]	 Loss Sum:4.0546	forward Loss:0.4915;1.7343	 backward Loss:0.2686;1.5401	 Sentiment Loss:0.002	Valence Loss:0.0659	 Arousal Loss:0.0243	
[2025-11-19 17:55:23,975][run_task2&3_trainer_multilingual.py][line:1284][INFO] Epoch:[1/1]	 Batch:[2020/4840.0]	 Loss Sum:2.7019	forward Loss:0.253;0.7555	 backward Loss:0.9315;0.6058	 Sentiment Loss:0.077	Valence Loss:0.3594	 Arousal Loss:0.0362	
[2025-11-19 17:55:25,162][run_task2&3_trainer_multilingual.py][line:1284][INFO] Epoch:[1/1]	 Batch:[2030/4840.0]	 Loss Sum:2.6742	forward Loss:0.1155;0.6483	 backward Loss:1.4661;0.2536	 Sentiment Loss:0.1646	Valence Loss:0.0304	 Arousal Loss:0.0997	
[2025-11-19 17:55:26,351][run_task2&3_trainer_multilingual.py][line:1284][INFO] Epoch:[1/1]	 Batch:[2040/4840.0]	 Loss Sum:29.6883	forward Loss:12.1348;1.7432	 backward Loss:5.4892;10.2126	 Sentiment Loss:0.0063	Valence Loss:0.3995	 Arousal Loss:0.1116	
[2025-11-19 17:55:27,538][run_task2&3_trainer_multilingual.py][line:1284][INFO] Epoch:[1/1]	 Batch:[2050/4840.0]	 Loss Sum:1.5512	forward Loss:0.8339;0.0744	 backward Loss:0.0371;0.5462	 Sentiment Loss:0.0033	Valence Loss:0.0211	 Arousal Loss:0.2602	
[2025-11-19 17:55:28,731][run_task2&3_trainer_multilingual.py][line:1284][INFO] Epoch:[1/1]	 Batch:[2060/4840.0]	 Loss Sum:0.8735	forward Loss:0.1371;0.1113	 backward Loss:0.1079;0.4426	 Sentiment Loss:0.0257	Valence Loss:0.1906	 Arousal Loss:0.0533	
[2025-11-19 17:55:29,921][run_task2&3_trainer_multilingual.py][line:1284][INFO] Epoch:[1/1]	 Batch:[2070/4840.0]	 Loss Sum:13.6831	forward Loss:3.4462;3.0125	 backward Loss:4.6783;1.5363	 Sentiment Loss:0.5944	Valence Loss:1.9702	 Arousal Loss:0.1058	
[2025-11-19 17:55:31,113][run_task2&3_trainer_multilingual.py][line:1284][INFO] Epoch:[1/1]	 Batch:[2080/4840.0]	 Loss Sum:2.5485	forward Loss:0.2169;0.3815	 backward Loss:0.9564;0.7801	 Sentiment Loss:0.0655	Valence Loss:0.4232	 Arousal Loss:0.3172	
[2025-11-19 17:55:32,306][run_task2&3_trainer_multilingual.py][line:1284][INFO] Epoch:[1/1]	 Batch:[2090/4840.0]	 Loss Sum:7.4959	forward Loss:0.8335;3.0292	 backward Loss:1.7461;1.4189	 Sentiment Loss:0.0312	Valence Loss:1.7529	 Arousal Loss:0.4315	
[2025-11-19 17:55:33,497][run_task2&3_trainer_multilingual.py][line:1284][INFO] Epoch:[1/1]	 Batch:[2100/4840.0]	 Loss Sum:14.0486	forward Loss:0.4042;5.5807	 backward Loss:5.5369;1.5164	 Sentiment Loss:0.0179	Valence Loss:0.8789	 Arousal Loss:4.0837	
[2025-11-19 17:55:34,690][run_task2&3_trainer_multilingual.py][line:1284][INFO] Epoch:[1/1]	 Batch:[2110/4840.0]	 Loss Sum:6.9237	forward Loss:1.1096;2.762	 backward Loss:1.9612;0.958	 Sentiment Loss:0.076	Valence Loss:0.1814	 Arousal Loss:0.103	
[2025-11-19 17:55:35,881][run_task2&3_trainer_multilingual.py][line:1284][INFO] Epoch:[1/1]	 Batch:[2120/4840.0]	 Loss Sum:5.6569	forward Loss:0.0877;2.0055	 backward Loss:1.0832;0.114	 Sentiment Loss:2.3231	Valence Loss:0.054	 Arousal Loss:0.1633	
[2025-11-19 17:55:37,072][run_task2&3_trainer_multilingual.py][line:1284][INFO] Epoch:[1/1]	 Batch:[2130/4840.0]	 Loss Sum:1.142	forward Loss:0.322;0.0868	 backward Loss:0.0637;0.362	 Sentiment Loss:0.1773	Valence Loss:0.3925	 Arousal Loss:0.2582	
[2025-11-19 17:55:38,264][run_task2&3_trainer_multilingual.py][line:1284][INFO] Epoch:[1/1]	 Batch:[2140/4840.0]	 Loss Sum:2.8119	forward Loss:0.7016;0.1321	 backward Loss:0.0593;1.8815	 Sentiment Loss:0.0136	Valence Loss:0.0536	 Arousal Loss:0.0654	
[2025-11-19 17:55:39,455][run_task2&3_trainer_multilingual.py][line:1284][INFO] Epoch:[1/1]	 Batch:[2150/4840.0]	 Loss Sum:4.2741	forward Loss:0.2398;1.628	 backward Loss:2.0003;0.2915	 Sentiment Loss:0.0029	Valence Loss:0.1639	 Arousal Loss:0.3946	
[2025-11-19 17:55:40,647][run_task2&3_trainer_multilingual.py][line:1284][INFO] Epoch:[1/1]	 Batch:[2160/4840.0]	 Loss Sum:1.147	forward Loss:0.2493;0.3312	 backward Loss:0.161;0.2639	 Sentiment Loss:0.0132	Valence Loss:0.2886	 Arousal Loss:0.3529	
[2025-11-19 17:55:41,838][run_task2&3_trainer_multilingual.py][line:1284][INFO] Epoch:[1/1]	 Batch:[2170/4840.0]	 Loss Sum:6.285	forward Loss:2.0375;1.5539	 backward Loss:0.3058;0.7332	 Sentiment Loss:1.4315	Valence Loss:0.2986	 Arousal Loss:0.8172	
[2025-11-19 17:55:43,029][run_task2&3_trainer_multilingual.py][line:1284][INFO] Epoch:[1/1]	 Batch:[2180/4840.0]	 Loss Sum:0.3824	forward Loss:0.0538;0.1111	 backward Loss:0.0232;0.0485	 Sentiment Loss:0.0045	Valence Loss:0.4	 Arousal Loss:0.3064	
[2025-11-19 17:55:44,221][run_task2&3_trainer_multilingual.py][line:1284][INFO] Epoch:[1/1]	 Batch:[2190/4840.0]	 Loss Sum:5.115	forward Loss:2.8512;0.2563	 backward Loss:0.3744;1.4512	 Sentiment Loss:0.1219	Valence Loss:0.0616	 Arousal Loss:0.2386	
[2025-11-19 17:55:45,412][run_task2&3_trainer_multilingual.py][line:1284][INFO] Epoch:[1/1]	 Batch:[2200/4840.0]	 Loss Sum:4.1394	forward Loss:0.8878;0.6263	 backward Loss:0.7872;0.6895	 Sentiment Loss:1.1161	Valence Loss:0.076	 Arousal Loss:0.086	
[2025-11-19 17:55:46,606][run_task2&3_trainer_multilingual.py][line:1284][INFO] Epoch:[1/1]	 Batch:[2210/4840.0]	 Loss Sum:0.4083	forward Loss:0.0336;0.1119	 backward Loss:0.1245;0.0524	 Sentiment Loss:0.0091	Valence Loss:0.1187	 Arousal Loss:0.2652	
[2025-11-19 17:55:47,798][run_task2&3_trainer_multilingual.py][line:1284][INFO] Epoch:[1/1]	 Batch:[2220/4840.0]	 Loss Sum:7.5252	forward Loss:1.3182;2.0678	 backward Loss:1.2041;1.4656	 Sentiment Loss:1.4147	Valence Loss:0.0649	 Arousal Loss:0.2092	
[2025-11-19 17:55:48,989][run_task2&3_trainer_multilingual.py][line:1284][INFO] Epoch:[1/1]	 Batch:[2230/4840.0]	 Loss Sum:0.5535	forward Loss:0.068;0.1681	 backward Loss:0.1461;0.1187	 Sentiment Loss:0.0005	Valence Loss:0.0527	 Arousal Loss:0.2082	
[2025-11-19 17:55:50,181][run_task2&3_trainer_multilingual.py][line:1284][INFO] Epoch:[1/1]	 Batch:[2240/4840.0]	 Loss Sum:4.8917	forward Loss:1.7445;0.6115	 backward Loss:0.3483;1.223	 Sentiment Loss:0.9369	Valence Loss:0.0555	 Arousal Loss:0.0816	
[2025-11-19 17:55:51,372][run_task2&3_trainer_multilingual.py][line:1284][INFO] Epoch:[1/1]	 Batch:[2250/4840.0]	 Loss Sum:16.0921	forward Loss:0.1137;7.62	 backward Loss:7.9747;0.0906	 Sentiment Loss:0.017	Valence Loss:0.6302	 Arousal Loss:0.7508	
[2025-11-19 17:55:52,565][run_task2&3_trainer_multilingual.py][line:1284][INFO] Epoch:[1/1]	 Batch:[2260/4840.0]	 Loss Sum:3.9553	forward Loss:0.4747;1.2816	 backward Loss:1.4749;0.2602	 Sentiment Loss:0.3181	Valence Loss:0.0839	 Arousal Loss:0.6453	
[2025-11-19 17:55:53,757][run_task2&3_trainer_multilingual.py][line:1284][INFO] Epoch:[1/1]	 Batch:[2270/4840.0]	 Loss Sum:0.4905	forward Loss:0.0998;0.0738	 backward Loss:0.053;0.1542	 Sentiment Loss:0.0407	Valence Loss:0.061	 Arousal Loss:0.284	
[2025-11-19 17:55:54,949][run_task2&3_trainer_multilingual.py][line:1284][INFO] Epoch:[1/1]	 Batch:[2280/4840.0]	 Loss Sum:5.6747	forward Loss:0.1822;2.0013	 backward Loss:3.3507;0.0734	 Sentiment Loss:0.0019	Valence Loss:0.0649	 Arousal Loss:0.2604	
[2025-11-19 17:55:56,141][run_task2&3_trainer_multilingual.py][line:1284][INFO] Epoch:[1/1]	 Batch:[2290/4840.0]	 Loss Sum:2.3232	forward Loss:1.141;0.0572	 backward Loss:0.044;0.9318	 Sentiment Loss:0.0049	Valence Loss:0.5038	 Arousal Loss:0.218	
[2025-11-19 17:55:57,336][run_task2&3_trainer_multilingual.py][line:1284][INFO] Epoch:[1/1]	 Batch:[2300/4840.0]	 Loss Sum:8.2175	forward Loss:0.4923;2.9671	 backward Loss:4.5022;0.1641	 Sentiment Loss:0.0275	Valence Loss:0.2044	 Arousal Loss:0.117	
[2025-11-19 17:55:58,527][run_task2&3_trainer_multilingual.py][line:1284][INFO] Epoch:[1/1]	 Batch:[2310/4840.0]	 Loss Sum:7.3073	forward Loss:3.7205;1.6169	 backward Loss:0.5643;1.1622	 Sentiment Loss:0.0271	Valence Loss:0.5484	 Arousal Loss:0.5335	
[2025-11-19 17:55:59,721][run_task2&3_trainer_multilingual.py][line:1284][INFO] Epoch:[1/1]	 Batch:[2320/4840.0]	 Loss Sum:8.1177	forward Loss:0.5207;2.6626	 backward Loss:3.8214;0.625	 Sentiment Loss:0.1065	Valence Loss:0.6895	 Arousal Loss:1.2183	
[2025-11-19 17:56:00,914][run_task2&3_trainer_multilingual.py][line:1284][INFO] Epoch:[1/1]	 Batch:[2330/4840.0]	 Loss Sum:3.2284	forward Loss:0.6267;0.2996	 backward Loss:0.281;1.8779	 Sentiment Loss:0.0384	Valence Loss:0.1246	 Arousal Loss:0.3996	
[2025-11-19 17:56:02,107][run_task2&3_trainer_multilingual.py][line:1284][INFO] Epoch:[1/1]	 Batch:[2340/4840.0]	 Loss Sum:4.3007	forward Loss:0.977;1.6232	 backward Loss:1.122;0.4724	 Sentiment Loss:0.0514	Valence Loss:0.0605	 Arousal Loss:0.2128	
[2025-11-19 17:56:03,300][run_task2&3_trainer_multilingual.py][line:1284][INFO] Epoch:[1/1]	 Batch:[2350/4840.0]	 Loss Sum:4.8503	forward Loss:2.125;0.3248	 backward Loss:1.8453;0.4595	 Sentiment Loss:0.0424	Valence Loss:0.1775	 Arousal Loss:0.0886	
[2025-11-19 17:56:04,493][run_task2&3_trainer_multilingual.py][line:1284][INFO] Epoch:[1/1]	 Batch:[2360/4840.0]	 Loss Sum:8.8367	forward Loss:3.9504;1.563	 backward Loss:0.4838;2.5539	 Sentiment Loss:0.0268	Valence Loss:0.178	 Arousal Loss:1.1156	
[2025-11-19 17:56:05,685][run_task2&3_trainer_multilingual.py][line:1284][INFO] Epoch:[1/1]	 Batch:[2370/4840.0]	 Loss Sum:1.3485	forward Loss:0.3834;0.237	 backward Loss:0.1622;0.4196	 Sentiment Loss:0.008	Valence Loss:0.5719	 Arousal Loss:0.1196	
[2025-11-19 17:56:06,880][run_task2&3_trainer_multilingual.py][line:1284][INFO] Epoch:[1/1]	 Batch:[2380/4840.0]	 Loss Sum:11.5174	forward Loss:4.9673;0.446	 backward Loss:1.8684;3.9053	 Sentiment Loss:0.0053	Valence Loss:0.2478	 Arousal Loss:1.3774	
[2025-11-19 17:56:08,073][run_task2&3_trainer_multilingual.py][line:1284][INFO] Epoch:[1/1]	 Batch:[2390/4840.0]	 Loss Sum:1.6175	forward Loss:0.2465;0.4994	 backward Loss:0.5723;0.1509	 Sentiment Loss:0.0018	Valence Loss:0.3985	 Arousal Loss:0.3346	
[2025-11-19 17:56:09,264][run_task2&3_trainer_multilingual.py][line:1284][INFO] Epoch:[1/1]	 Batch:[2400/4840.0]	 Loss Sum:5.5161	forward Loss:0.1425;2.9407	 backward Loss:2.034;0.1304	 Sentiment Loss:0.0072	Valence Loss:0.4741	 Arousal Loss:0.8324	
[2025-11-19 17:56:10,457][run_task2&3_trainer_multilingual.py][line:1284][INFO] Epoch:[1/1]	 Batch:[2410/4840.0]	 Loss Sum:3.265	forward Loss:1.7196;0.3434	 backward Loss:0.2572;0.2498	 Sentiment Loss:0.1927	Valence Loss:1.4008	 Arousal Loss:1.1108	
[2025-11-19 17:56:11,650][run_task2&3_trainer_multilingual.py][line:1284][INFO] Epoch:[1/1]	 Batch:[2420/4840.0]	 Loss Sum:16.7733	forward Loss:0.8033;8.1821	 backward Loss:7.1136;0.2077	 Sentiment Loss:0.0096	Valence Loss:1.1593	 Arousal Loss:1.1253	
[2025-11-19 17:56:12,843][run_task2&3_trainer_multilingual.py][line:1284][INFO] Epoch:[1/1]	 Batch:[2430/4840.0]	 Loss Sum:2.222	forward Loss:0.0558;0.5222	 backward Loss:1.4384;0.1136	 Sentiment Loss:0.0078	Valence Loss:0.0996	 Arousal Loss:0.3216	
[2025-11-19 17:56:14,036][run_task2&3_trainer_multilingual.py][line:1284][INFO] Epoch:[1/1]	 Batch:[2440/4840.0]	 Loss Sum:0.3496	forward Loss:0.1622;0.0588	 backward Loss:0.0361;0.0631	 Sentiment Loss:0.0019	Valence Loss:0.0443	 Arousal Loss:0.094	
[2025-11-19 17:56:15,230][run_task2&3_trainer_multilingual.py][line:1284][INFO] Epoch:[1/1]	 Batch:[2450/4840.0]	 Loss Sum:4.5129	forward Loss:0.0435;2.4933	 backward Loss:1.8021;0.0476	 Sentiment Loss:0.0149	Valence Loss:0.2157	 Arousal Loss:0.342	
[2025-11-19 17:56:16,421][run_task2&3_trainer_multilingual.py][line:1284][INFO] Epoch:[1/1]	 Batch:[2460/4840.0]	 Loss Sum:6.1973	forward Loss:1.867;0.5786	 backward Loss:0.3057;3.1285	 Sentiment Loss:0.1022	Valence Loss:0.5867	 Arousal Loss:0.4892	
[2025-11-19 17:56:17,614][run_task2&3_trainer_multilingual.py][line:1284][INFO] Epoch:[1/1]	 Batch:[2470/4840.0]	 Loss Sum:3.4768	forward Loss:1.0834;0.8453	 backward Loss:0.9684;0.515	 Sentiment Loss:0.0071	Valence Loss:0.1407	 Arousal Loss:0.1478	
[2025-11-19 17:56:18,806][run_task2&3_trainer_multilingual.py][line:1284][INFO] Epoch:[1/1]	 Batch:[2480/4840.0]	 Loss Sum:2.4716	forward Loss:0.8453;0.5769	 backward Loss:0.2562;0.7091	 Sentiment Loss:0.0193	Valence Loss:0.0689	 Arousal Loss:0.2551	
[2025-11-19 17:56:19,999][run_task2&3_trainer_multilingual.py][line:1284][INFO] Epoch:[1/1]	 Batch:[2490/4840.0]	 Loss Sum:16.448	forward Loss:0.253;5.7257	 backward Loss:8.3891;1.7178	 Sentiment Loss:0.216	Valence Loss:0.1094	 Arousal Loss:0.6222	
[2025-11-19 17:56:21,192][run_task2&3_trainer_multilingual.py][line:1284][INFO] Epoch:[1/1]	 Batch:[2500/4840.0]	 Loss Sum:1.4898	forward Loss:0.0544;0.8499	 backward Loss:0.1417;0.2335	 Sentiment Loss:0.0191	Valence Loss:0.8038	 Arousal Loss:0.1522	
[2025-11-19 17:56:22,383][run_task2&3_trainer_multilingual.py][line:1284][INFO] Epoch:[1/1]	 Batch:[2510/4840.0]	 Loss Sum:3.1207	forward Loss:0.3109;0.4686	 backward Loss:0.126;2.149	 Sentiment Loss:0.0266	Valence Loss:0.0663	 Arousal Loss:0.1321	
[2025-11-19 17:56:23,576][run_task2&3_trainer_multilingual.py][line:1284][INFO] Epoch:[1/1]	 Batch:[2520/4840.0]	 Loss Sum:1.0043	forward Loss:0.058;0.2146	 backward Loss:0.1804;0.0493	 Sentiment Loss:0.0008	Valence Loss:2.0026	 Arousal Loss:0.5039	
[2025-11-19 17:56:24,770][run_task2&3_trainer_multilingual.py][line:1284][INFO] Epoch:[1/1]	 Batch:[2530/4840.0]	 Loss Sum:2.7811	forward Loss:0.3845;1.0225	 backward Loss:0.9721;0.2096	 Sentiment Loss:0.0496	Valence Loss:0.1703	 Arousal Loss:0.5433	
[2025-11-19 17:56:25,960][run_task2&3_trainer_multilingual.py][line:1284][INFO] Epoch:[1/1]	 Batch:[2540/4840.0]	 Loss Sum:4.7895	forward Loss:0.9188;0.7222	 backward Loss:0.3534;0.7996	 Sentiment Loss:1.7916	Valence Loss:0.9951	 Arousal Loss:0.0245	
[2025-11-19 17:56:27,155][run_task2&3_trainer_multilingual.py][line:1284][INFO] Epoch:[1/1]	 Batch:[2550/4840.0]	 Loss Sum:2.9376	forward Loss:0.3095;1.7986	 backward Loss:0.535;0.265	 Sentiment Loss:0.0021	Valence Loss:0.0687	 Arousal Loss:0.0682	
[2025-11-19 17:56:28,348][run_task2&3_trainer_multilingual.py][line:1284][INFO] Epoch:[1/1]	 Batch:[2560/4840.0]	 Loss Sum:4.1671	forward Loss:0.7824;0.7995	 backward Loss:1.4492;1.0555	 Sentiment Loss:0.002	Valence Loss:0.1013	 Arousal Loss:0.2907	
[2025-11-19 17:56:29,539][run_task2&3_trainer_multilingual.py][line:1284][INFO] Epoch:[1/1]	 Batch:[2570/4840.0]	 Loss Sum:7.2233	forward Loss:2.2418;1.692	 backward Loss:0.3293;2.8967	 Sentiment Loss:0.0115	Valence Loss:0.1873	 Arousal Loss:0.073	
[2025-11-19 17:56:30,733][run_task2&3_trainer_multilingual.py][line:1284][INFO] Epoch:[1/1]	 Batch:[2580/4840.0]	 Loss Sum:4.6512	forward Loss:0.1303;2.2031	 backward Loss:2.0853;0.1821	 Sentiment Loss:0.0172	Valence Loss:0.0998	 Arousal Loss:0.0661	
[2025-11-19 17:56:31,927][run_task2&3_trainer_multilingual.py][line:1284][INFO] Epoch:[1/1]	 Batch:[2590/4840.0]	 Loss Sum:7.9747	forward Loss:1.5375;3.9694	 backward Loss:1.3817;0.7453	 Sentiment Loss:0.0992	Valence Loss:0.1597	 Arousal Loss:1.0481	
[2025-11-19 17:56:33,119][run_task2&3_trainer_multilingual.py][line:1284][INFO] Epoch:[1/1]	 Batch:[2600/4840.0]	 Loss Sum:19.2219	forward Loss:2.3741;12.9331	 backward Loss:3.3429;0.5062	 Sentiment Loss:0.0032	Valence Loss:0.1821	 Arousal Loss:0.1294	
[2025-11-19 17:56:34,313][run_task2&3_trainer_multilingual.py][line:1284][INFO] Epoch:[1/1]	 Batch:[2610/4840.0]	 Loss Sum:2.2041	forward Loss:1.4;0.0872	 backward Loss:0.2028;0.2633	 Sentiment Loss:0.0004	Valence Loss:0.1617	 Arousal Loss:1.0901	
[2025-11-19 17:56:35,506][run_task2&3_trainer_multilingual.py][line:1284][INFO] Epoch:[1/1]	 Batch:[2620/4840.0]	 Loss Sum:5.6749	forward Loss:1.4883;0.2937	 backward Loss:0.1797;2.3411	 Sentiment Loss:1.3333	Valence Loss:0.176	 Arousal Loss:0.0181	
[2025-11-19 17:56:36,697][run_task2&3_trainer_multilingual.py][line:1284][INFO] Epoch:[1/1]	 Batch:[2630/4840.0]	 Loss Sum:5.6758	forward Loss:0.7464;0.5006	 backward Loss:1.7074;0.5774	 Sentiment Loss:1.9951	Valence Loss:0.5837	 Arousal Loss:0.1609	
[2025-11-19 17:56:37,892][run_task2&3_trainer_multilingual.py][line:1284][INFO] Epoch:[1/1]	 Batch:[2640/4840.0]	 Loss Sum:4.8606	forward Loss:0.9576;0.9899	 backward Loss:0.4063;1.8027	 Sentiment Loss:0.1258	Valence Loss:1.7289	 Arousal Loss:1.1629	
[2025-11-19 17:56:39,085][run_task2&3_trainer_multilingual.py][line:1284][INFO] Epoch:[1/1]	 Batch:[2650/4840.0]	 Loss Sum:0.5163	forward Loss:0.0434;0.2186	 backward Loss:0.1356;0.0507	 Sentiment Loss:0.0102	Valence Loss:0.1941	 Arousal Loss:0.0947	
[2025-11-19 17:56:40,278][run_task2&3_trainer_multilingual.py][line:1284][INFO] Epoch:[1/1]	 Batch:[2660/4840.0]	 Loss Sum:1.3785	forward Loss:0.5521;0.0908	 backward Loss:0.0652;0.5166	 Sentiment Loss:0.0113	Valence Loss:0.5997	 Arousal Loss:0.1128	
[2025-11-19 17:56:41,470][run_task2&3_trainer_multilingual.py][line:1284][INFO] Epoch:[1/1]	 Batch:[2670/4840.0]	 Loss Sum:6.1001	forward Loss:0.7814;2.2192	 backward Loss:1.9982;1.018	 Sentiment Loss:0.0689	Valence Loss:0.043	 Arousal Loss:0.029	
[2025-11-19 17:56:42,663][run_task2&3_trainer_multilingual.py][line:1284][INFO] Epoch:[1/1]	 Batch:[2680/4840.0]	 Loss Sum:8.0333	forward Loss:0.3821;0.779	 backward Loss:4.2721;0.1783	 Sentiment Loss:2.3158	Valence Loss:0.3183	 Arousal Loss:0.2117	
[2025-11-19 17:56:43,853][run_task2&3_trainer_multilingual.py][line:1284][INFO] Epoch:[1/1]	 Batch:[2690/4840.0]	 Loss Sum:5.2098	forward Loss:1.926;0.0766	 backward Loss:0.0466;3.0616	 Sentiment Loss:0.0028	Valence Loss:0.0498	 Arousal Loss:0.4311	
[2025-11-19 17:56:45,046][run_task2&3_trainer_multilingual.py][line:1284][INFO] Epoch:[1/1]	 Batch:[2700/4840.0]	 Loss Sum:1.0535	forward Loss:0.1438;0.41	 backward Loss:0.1581;0.2739	 Sentiment Loss:0.0024	Valence Loss:0.1491	 Arousal Loss:0.1772	
[2025-11-19 17:56:46,239][run_task2&3_trainer_multilingual.py][line:1284][INFO] Epoch:[1/1]	 Batch:[2710/4840.0]	 Loss Sum:4.2414	forward Loss:0.4278;2.1523	 backward Loss:1.3593;0.2166	 Sentiment Loss:0.0334	Valence Loss:0.1924	 Arousal Loss:0.0678	
[2025-11-19 17:56:47,430][run_task2&3_trainer_multilingual.py][line:1284][INFO] Epoch:[1/1]	 Batch:[2720/4840.0]	 Loss Sum:3.3688	forward Loss:0.1034;0.8855	 backward Loss:0.3226;1.9273	 Sentiment Loss:0.0007	Valence Loss:0.0373	 Arousal Loss:0.6092	
[2025-11-19 17:56:48,624][run_task2&3_trainer_multilingual.py][line:1284][INFO] Epoch:[1/1]	 Batch:[2730/4840.0]	 Loss Sum:4.1019	forward Loss:1.7759;0.1992	 backward Loss:1.6925;0.2093	 Sentiment Loss:0.0018	Valence Loss:0.4567	 Arousal Loss:0.6591	
[2025-11-19 17:56:49,815][run_task2&3_trainer_multilingual.py][line:1284][INFO] Epoch:[1/1]	 Batch:[2740/4840.0]	 Loss Sum:0.3387	forward Loss:0.0488;0.1161	 backward Loss:0.1009;0.0418	 Sentiment Loss:0.0002	Valence Loss:0.0881	 Arousal Loss:0.066	
[2025-11-19 17:56:51,007][run_task2&3_trainer_multilingual.py][line:1284][INFO] Epoch:[1/1]	 Batch:[2750/4840.0]	 Loss Sum:6.3106	forward Loss:1.7678;1.1374	 backward Loss:1.058;1.4031	 Sentiment Loss:0.9039	Valence Loss:0.0927	 Arousal Loss:0.1092	
[2025-11-19 17:56:52,203][run_task2&3_trainer_multilingual.py][line:1284][INFO] Epoch:[1/1]	 Batch:[2760/4840.0]	 Loss Sum:0.588	forward Loss:0.0731;0.2535	 backward Loss:0.1751;0.0493	 Sentiment Loss:0.0234	Valence Loss:0.0324	 Arousal Loss:0.0356	
[2025-11-19 17:56:53,396][run_task2&3_trainer_multilingual.py][line:1284][INFO] Epoch:[1/1]	 Batch:[2770/4840.0]	 Loss Sum:31.5398	forward Loss:9.2356;10.5354	 backward Loss:5.3534;6.1212	 Sentiment Loss:0.0539	Valence Loss:0.9668	 Arousal Loss:0.2343	
[2025-11-19 17:56:54,587][run_task2&3_trainer_multilingual.py][line:1284][INFO] Epoch:[1/1]	 Batch:[2780/4840.0]	 Loss Sum:5.3262	forward Loss:2.1149;0.4782	 backward Loss:0.2675;1.9073	 Sentiment Loss:0.0571	Valence Loss:1.3578	 Arousal Loss:1.1484	
[2025-11-19 17:56:55,782][run_task2&3_trainer_multilingual.py][line:1284][INFO] Epoch:[1/1]	 Batch:[2790/4840.0]	 Loss Sum:0.5313	forward Loss:0.2515;0.0474	 backward Loss:0.0406;0.1539	 Sentiment Loss:0.0025	Valence Loss:0.0565	 Arousal Loss:0.1201	
[2025-11-19 17:56:56,977][run_task2&3_trainer_multilingual.py][line:1284][INFO] Epoch:[1/1]	 Batch:[2800/4840.0]	 Loss Sum:3.4733	forward Loss:1.5111;0.2366	 backward Loss:0.3125;1.3362	 Sentiment Loss:0.0181	Valence Loss:0.1221	 Arousal Loss:0.172	
[2025-11-19 17:56:58,170][run_task2&3_trainer_multilingual.py][line:1284][INFO] Epoch:[1/1]	 Batch:[2810/4840.0]	 Loss Sum:1.8303	forward Loss:0.1219;0.8994	 backward Loss:0.4629;0.2465	 Sentiment Loss:0.0011	Valence Loss:0.4814	 Arousal Loss:0.0115	
[2025-11-19 17:56:59,363][run_task2&3_trainer_multilingual.py][line:1284][INFO] Epoch:[1/1]	 Batch:[2820/4840.0]	 Loss Sum:3.0542	forward Loss:0.3304;1.8556	 backward Loss:0.2528;0.304	 Sentiment Loss:0.0003	Valence Loss:1.2029	 Arousal Loss:0.3533	
[2025-11-19 17:57:00,558][run_task2&3_trainer_multilingual.py][line:1284][INFO] Epoch:[1/1]	 Batch:[2830/4840.0]	 Loss Sum:4.772	forward Loss:0.7503;1.7915	 backward Loss:0.619;1.2996	 Sentiment Loss:0.034	Valence Loss:0.944	 Arousal Loss:0.4433	
[2025-11-19 17:57:01,749][run_task2&3_trainer_multilingual.py][line:1284][INFO] Epoch:[1/1]	 Batch:[2840/4840.0]	 Loss Sum:1.1424	forward Loss:0.1933;0.3827	 backward Loss:0.3746;0.0838	 Sentiment Loss:0.0235	Valence Loss:0.3542	 Arousal Loss:0.0681	
[2025-11-19 17:57:02,943][run_task2&3_trainer_multilingual.py][line:1284][INFO] Epoch:[1/1]	 Batch:[2850/4840.0]	 Loss Sum:10.0814	forward Loss:4.9763;0.3374	 backward Loss:0.1962;4.3106	 Sentiment Loss:0.0181	Valence Loss:0.7195	 Arousal Loss:0.4942	
[2025-11-19 17:57:04,139][run_task2&3_trainer_multilingual.py][line:1284][INFO] Epoch:[1/1]	 Batch:[2860/4840.0]	 Loss Sum:16.7767	forward Loss:11.4592;1.2531	 backward Loss:0.5754;2.5769	 Sentiment Loss:0.8796	Valence Loss:0.0502	 Arousal Loss:0.1118	
[2025-11-19 17:57:05,330][run_task2&3_trainer_multilingual.py][line:1284][INFO] Epoch:[1/1]	 Batch:[2870/4840.0]	 Loss Sum:3.6824	forward Loss:0.2767;0.9877	 backward Loss:2.3171;0.0862	 Sentiment Loss:0.0013	Valence Loss:0.0326	 Arousal Loss:0.0341	
[2025-11-19 17:57:06,524][run_task2&3_trainer_multilingual.py][line:1284][INFO] Epoch:[1/1]	 Batch:[2880/4840.0]	 Loss Sum:6.5145	forward Loss:0.5736;0.2957	 backward Loss:0.1108;2.4688	 Sentiment Loss:3.0153	Valence Loss:0.1314	 Arousal Loss:0.1198	
[2025-11-19 17:57:07,717][run_task2&3_trainer_multilingual.py][line:1284][INFO] Epoch:[1/1]	 Batch:[2890/4840.0]	 Loss Sum:0.2733	forward Loss:0.0443;0.0923	 backward Loss:0.0447;0.0558	 Sentiment Loss:0.0009	Valence Loss:0.0615	 Arousal Loss:0.1153	
[2025-11-19 17:57:08,909][run_task2&3_trainer_multilingual.py][line:1284][INFO] Epoch:[1/1]	 Batch:[2900/4840.0]	 Loss Sum:3.637	forward Loss:2.0562;0.1141	 backward Loss:0.0862;1.0423	 Sentiment Loss:0.0124	Valence Loss:1.2675	 Arousal Loss:0.3616	
[2025-11-19 17:57:10,102][run_task2&3_trainer_multilingual.py][line:1284][INFO] Epoch:[1/1]	 Batch:[2910/4840.0]	 Loss Sum:0.3616	forward Loss:0.1257;0.0496	 backward Loss:0.03;0.0621	 Sentiment Loss:0.0133	Valence Loss:0.1129	 Arousal Loss:0.2912	
[2025-11-19 17:57:11,298][run_task2&3_trainer_multilingual.py][line:1284][INFO] Epoch:[1/1]	 Batch:[2920/4840.0]	 Loss Sum:0.4473	forward Loss:0.0196;0.0346	 backward Loss:0.0128;0.0209	 Sentiment Loss:0.028	Valence Loss:0.4372	 Arousal Loss:1.2197	
[2025-11-19 17:57:12,496][run_task2&3_trainer_multilingual.py][line:1284][INFO] Epoch:[1/1]	 Batch:[2930/4840.0]	 Loss Sum:14.3271	forward Loss:5.4063;2.2535	 backward Loss:2.5561;3.9009	 Sentiment Loss:0.0184	Valence Loss:0.0836	 Arousal Loss:0.8756	
[2025-11-19 17:57:13,689][run_task2&3_trainer_multilingual.py][line:1284][INFO] Epoch:[1/1]	 Batch:[2940/4840.0]	 Loss Sum:1.5349	forward Loss:0.4215;0.0474	 backward Loss:0.0881;0.3159	 Sentiment Loss:0.5955	Valence Loss:0.2214	 Arousal Loss:0.1108	
[2025-11-19 17:57:14,881][run_task2&3_trainer_multilingual.py][line:1284][INFO] Epoch:[1/1]	 Batch:[2950/4840.0]	 Loss Sum:0.4617	forward Loss:0.135;0.0704	 backward Loss:0.0432;0.1566	 Sentiment Loss:0.0072	Valence Loss:0.0637	 Arousal Loss:0.1833	
[2025-11-19 17:57:16,075][run_task2&3_trainer_multilingual.py][line:1284][INFO] Epoch:[1/1]	 Batch:[2960/4840.0]	 Loss Sum:23.5996	forward Loss:10.9115;1.7655	 backward Loss:0.5597;10.2177	 Sentiment Loss:0.0775	Valence Loss:0.2825	 Arousal Loss:0.0562	
[2025-11-19 17:57:17,267][run_task2&3_trainer_multilingual.py][line:1284][INFO] Epoch:[1/1]	 Batch:[2970/4840.0]	 Loss Sum:0.1847	forward Loss:0.0165;0.0378	 backward Loss:0.0132;0.0132	 Sentiment Loss:0.0003	Valence Loss:0.0457	 Arousal Loss:0.4727	
[2025-11-19 17:57:18,462][run_task2&3_trainer_multilingual.py][line:1284][INFO] Epoch:[1/1]	 Batch:[2980/4840.0]	 Loss Sum:0.7846	forward Loss:0.1255;0.3522	 backward Loss:0.1211;0.1139	 Sentiment Loss:0.0511	Valence Loss:0.0634	 Arousal Loss:0.04	
[2025-11-19 17:57:19,655][run_task2&3_trainer_multilingual.py][line:1284][INFO] Epoch:[1/1]	 Batch:[2990/4840.0]	 Loss Sum:0.3186	forward Loss:0.0783;0.0701	 backward Loss:0.0424;0.0734	 Sentiment Loss:0.0032	Valence Loss:0.0824	 Arousal Loss:0.1737	
[2025-11-19 17:57:20,847][run_task2&3_trainer_multilingual.py][line:1284][INFO] Epoch:[1/1]	 Batch:[3000/4840.0]	 Loss Sum:7.7595	forward Loss:3.9994;1.7137	 backward Loss:1.2089;0.7768	 Sentiment Loss:0.0057	Valence Loss:0.2125	 Arousal Loss:0.062	
[2025-11-19 17:57:22,039][run_task2&3_trainer_multilingual.py][line:1284][INFO] Epoch:[1/1]	 Batch:[3010/4840.0]	 Loss Sum:4.5323	forward Loss:0.609;1.237	 backward Loss:0.5939;1.9068	 Sentiment Loss:0.0025	Valence Loss:0.8778	 Arousal Loss:0.0378	
[2025-11-19 17:57:23,232][run_task2&3_trainer_multilingual.py][line:1284][INFO] Epoch:[1/1]	 Batch:[3020/4840.0]	 Loss Sum:12.5397	forward Loss:0.5193;4.0976	 backward Loss:5.1665;0.895	 Sentiment Loss:1.1289	Valence Loss:3.1442	 Arousal Loss:0.5175	
[2025-11-19 17:57:24,431][run_task2&3_trainer_multilingual.py][line:1284][INFO] Epoch:[1/1]	 Batch:[3030/4840.0]	 Loss Sum:12.0398	forward Loss:0.9368;5.8337	 backward Loss:4.199;0.9487	 Sentiment Loss:0.0037	Valence Loss:0.5674	 Arousal Loss:0.0225	
[2025-11-19 17:57:25,622][run_task2&3_trainer_multilingual.py][line:1284][INFO] Epoch:[1/1]	 Batch:[3040/4840.0]	 Loss Sum:0.9696	forward Loss:0.254;0.1901	 backward Loss:0.1584;0.2382	 Sentiment Loss:0.0688	Valence Loss:0.1061	 Arousal Loss:0.1938	
[2025-11-19 17:57:26,815][run_task2&3_trainer_multilingual.py][line:1284][INFO] Epoch:[1/1]	 Batch:[3050/4840.0]	 Loss Sum:7.6351	forward Loss:0.1394;2.4484	 backward Loss:2.8992;0.5356	 Sentiment Loss:0.0149	Valence Loss:7.8788	 Arousal Loss:0.1093	
[2025-11-19 17:57:28,007][run_task2&3_trainer_multilingual.py][line:1284][INFO] Epoch:[1/1]	 Batch:[3060/4840.0]	 Loss Sum:8.5622	forward Loss:0.1015;5.2869	 backward Loss:2.4852;0.3354	 Sentiment Loss:0.0201	Valence Loss:0.491	 Arousal Loss:1.1745	
[2025-11-19 17:57:29,199][run_task2&3_trainer_multilingual.py][line:1284][INFO] Epoch:[1/1]	 Batch:[3070/4840.0]	 Loss Sum:1.6573	forward Loss:0.3794;0.4616	 backward Loss:0.1569;0.5866	 Sentiment Loss:0.0126	Valence Loss:0.2312	 Arousal Loss:0.0695	
[2025-11-19 17:57:30,391][run_task2&3_trainer_multilingual.py][line:1284][INFO] Epoch:[1/1]	 Batch:[3080/4840.0]	 Loss Sum:24.1293	forward Loss:2.6044;8.2624	 backward Loss:11.5119;1.4038	 Sentiment Loss:0.1724	Valence Loss:0.8257	 Arousal Loss:0.0463	
[2025-11-19 17:57:31,582][run_task2&3_trainer_multilingual.py][line:1284][INFO] Epoch:[1/1]	 Batch:[3090/4840.0]	 Loss Sum:4.4706	forward Loss:0.2961;2.3972	 backward Loss:1.3355;0.4155	 Sentiment Loss:0.0006	Valence Loss:0.0892	 Arousal Loss:0.039	
[2025-11-19 17:57:32,774][run_task2&3_trainer_multilingual.py][line:1284][INFO] Epoch:[1/1]	 Batch:[3100/4840.0]	 Loss Sum:1.4821	forward Loss:0.0658;0.8542	 backward Loss:0.3068;0.0875	 Sentiment Loss:0.1222	Valence Loss:0.1066	 Arousal Loss:0.1214	
[2025-11-19 17:57:33,968][run_task2&3_trainer_multilingual.py][line:1284][INFO] Epoch:[1/1]	 Batch:[3110/4840.0]	 Loss Sum:1.2292	forward Loss:0.3296;0.3709	 backward Loss:0.1924;0.2758	 Sentiment Loss:0.006	Valence Loss:0.2312	 Arousal Loss:0.0415	
[2025-11-19 17:57:35,158][run_task2&3_trainer_multilingual.py][line:1284][INFO] Epoch:[1/1]	 Batch:[3120/4840.0]	 Loss Sum:10.6457	forward Loss:0.6292;3.3986	 backward Loss:3.4128;3.0302	 Sentiment Loss:0.0007	Valence Loss:0.4265	 Arousal Loss:0.4445	
[2025-11-19 17:57:36,351][run_task2&3_trainer_multilingual.py][line:1284][INFO] Epoch:[1/1]	 Batch:[3130/4840.0]	 Loss Sum:5.9984	forward Loss:0.1653;2.7358	 backward Loss:2.8678;0.1754	 Sentiment Loss:0.0009	Valence Loss:0.0382	 Arousal Loss:0.2277	
[2025-11-19 17:57:37,543][run_task2&3_trainer_multilingual.py][line:1284][INFO] Epoch:[1/1]	 Batch:[3140/4840.0]	 Loss Sum:0.5052	forward Loss:0.0637;0.1923	 backward Loss:0.0968;0.0839	 Sentiment Loss:0.0008	Valence Loss:0.0278	 Arousal Loss:0.311	
[2025-11-19 17:57:38,734][run_task2&3_trainer_multilingual.py][line:1284][INFO] Epoch:[1/1]	 Batch:[3150/4840.0]	 Loss Sum:21.2237	forward Loss:8.9637;1.8783	 backward Loss:7.1899;2.9837	 Sentiment Loss:0.0421	Valence Loss:0.2447	 Arousal Loss:0.5852	
[2025-11-19 17:57:39,927][run_task2&3_trainer_multilingual.py][line:1284][INFO] Epoch:[1/1]	 Batch:[3160/4840.0]	 Loss Sum:15.396	forward Loss:5.4548;0.5916	 backward Loss:2.0826;6.9345	 Sentiment Loss:0.0018	Valence Loss:1.2123	 Arousal Loss:0.4408	
[2025-11-19 17:57:41,117][run_task2&3_trainer_multilingual.py][line:1284][INFO] Epoch:[1/1]	 Batch:[3170/4840.0]	 Loss Sum:1.0917	forward Loss:0.1984;0.4465	 backward Loss:0.2414;0.0897	 Sentiment Loss:0.0011	Valence Loss:0.1685	 Arousal Loss:0.4042	
[2025-11-19 17:57:42,310][run_task2&3_trainer_multilingual.py][line:1284][INFO] Epoch:[1/1]	 Batch:[3180/4840.0]	 Loss Sum:9.1423	forward Loss:0.6183;3.469	 backward Loss:4.1006;0.7213	 Sentiment Loss:0.2007	Valence Loss:0.1214	 Arousal Loss:0.0408	
[2025-11-19 17:57:43,501][run_task2&3_trainer_multilingual.py][line:1284][INFO] Epoch:[1/1]	 Batch:[3190/4840.0]	 Loss Sum:13.1197	forward Loss:2.983;2.2477	 backward Loss:4.8018;3.0337	 Sentiment Loss:0.0199	Valence Loss:0.0359	 Arousal Loss:0.1322	
[2025-11-19 17:57:44,692][run_task2&3_trainer_multilingual.py][line:1284][INFO] Epoch:[1/1]	 Batch:[3200/4840.0]	 Loss Sum:6.443	forward Loss:1.2952;1.3677	 backward Loss:1.2519;2.4583	 Sentiment Loss:0.0125	Valence Loss:0.053	 Arousal Loss:0.2341	
[2025-11-19 17:57:45,885][run_task2&3_trainer_multilingual.py][line:1284][INFO] Epoch:[1/1]	 Batch:[3210/4840.0]	 Loss Sum:4.3872	forward Loss:1.4445;0.1664	 backward Loss:0.0912;2.6155	 Sentiment Loss:0.0024	Valence Loss:0.1462	 Arousal Loss:0.1898	
[2025-11-19 17:57:47,074][run_task2&3_trainer_multilingual.py][line:1284][INFO] Epoch:[1/1]	 Batch:[3220/4840.0]	 Loss Sum:4.1114	forward Loss:0.0614;1.9491	 backward Loss:1.9377;0.0973	 Sentiment Loss:0.0057	Valence Loss:0.1465	 Arousal Loss:0.1548	
[2025-11-19 17:57:48,267][run_task2&3_trainer_multilingual.py][line:1284][INFO] Epoch:[1/1]	 Batch:[3230/4840.0]	 Loss Sum:11.357	forward Loss:4.5108;0.1811	 backward Loss:0.084;6.4839	 Sentiment Loss:0.0041	Valence Loss:0.2372	 Arousal Loss:0.2288	
[2025-11-19 17:57:49,459][run_task2&3_trainer_multilingual.py][line:1284][INFO] Epoch:[1/1]	 Batch:[3240/4840.0]	 Loss Sum:1.0662	forward Loss:0.5747;0.147	 backward Loss:0.0747;0.2494	 Sentiment Loss:0.006	Valence Loss:0.0276	 Arousal Loss:0.0454	
[2025-11-19 17:57:50,651][run_task2&3_trainer_multilingual.py][line:1284][INFO] Epoch:[1/1]	 Batch:[3250/4840.0]	 Loss Sum:0.7868	forward Loss:0.0494;0.1878	 backward Loss:0.3551;0.1576	 Sentiment Loss:0.0002	Valence Loss:0.1276	 Arousal Loss:0.0556	
[2025-11-19 17:57:51,843][run_task2&3_trainer_multilingual.py][line:1284][INFO] Epoch:[1/1]	 Batch:[3260/4840.0]	 Loss Sum:17.853	forward Loss:0.6761;8.9772	 backward Loss:6.6943;0.5855	 Sentiment Loss:0.0075	Valence Loss:3.4101	 Arousal Loss:1.1517	
[2025-11-19 17:57:53,034][run_task2&3_trainer_multilingual.py][line:1284][INFO] Epoch:[1/1]	 Batch:[3270/4840.0]	 Loss Sum:10.1078	forward Loss:2.1729;3.5204	 backward Loss:2.8477;0.5444	 Sentiment Loss:0.9764	Valence Loss:0.1012	 Arousal Loss:0.1281	
[2025-11-19 17:57:54,226][run_task2&3_trainer_multilingual.py][line:1284][INFO] Epoch:[1/1]	 Batch:[3280/4840.0]	 Loss Sum:1.8194	forward Loss:0.1128;0.8097	 backward Loss:0.6341;0.1116	 Sentiment Loss:0.0352	Valence Loss:0.3383	 Arousal Loss:0.2418	
[2025-11-19 17:57:55,417][run_task2&3_trainer_multilingual.py][line:1284][INFO] Epoch:[1/1]	 Batch:[3290/4840.0]	 Loss Sum:1.4611	forward Loss:0.0348;0.7414	 backward Loss:0.6259;0.0219	 Sentiment Loss:0.0055	Valence Loss:0.0614	 Arousal Loss:0.0964	
[2025-11-19 17:57:56,608][run_task2&3_trainer_multilingual.py][line:1284][INFO] Epoch:[1/1]	 Batch:[3300/4840.0]	 Loss Sum:11.152	forward Loss:1.7341;4.8533	 backward Loss:3.4672;0.7674	 Sentiment Loss:0.0028	Valence Loss:0.4491	 Arousal Loss:1.1867	
[2025-11-19 17:57:57,801][run_task2&3_trainer_multilingual.py][line:1284][INFO] Epoch:[1/1]	 Batch:[3310/4840.0]	 Loss Sum:0.9505	forward Loss:0.0549;0.6183	 backward Loss:0.2084;0.0377	 Sentiment Loss:0.0194	Valence Loss:0.0289	 Arousal Loss:0.0296	
[2025-11-19 17:57:58,992][run_task2&3_trainer_multilingual.py][line:1284][INFO] Epoch:[1/1]	 Batch:[3320/4840.0]	 Loss Sum:10.6462	forward Loss:3.5697;1.5781	 backward Loss:1.1587;4.2198	 Sentiment Loss:0.034	Valence Loss:0.2965	 Arousal Loss:0.1326	
[2025-11-19 17:58:00,183][run_task2&3_trainer_multilingual.py][line:1284][INFO] Epoch:[1/1]	 Batch:[3330/4840.0]	 Loss Sum:0.6083	forward Loss:0.013;0.1223	 backward Loss:0.2893;0.0646	 Sentiment Loss:0.0363	Valence Loss:0.3589	 Arousal Loss:0.0545	
[2025-11-19 17:58:01,374][run_task2&3_trainer_multilingual.py][line:1284][INFO] Epoch:[1/1]	 Batch:[3340/4840.0]	 Loss Sum:5.6146	forward Loss:1.2681;1.7162	 backward Loss:0.3807;2.1589	 Sentiment Loss:0.0112	Valence Loss:0.0516	 Arousal Loss:0.3455	
[2025-11-19 17:58:02,565][run_task2&3_trainer_multilingual.py][line:1284][INFO] Epoch:[1/1]	 Batch:[3350/4840.0]	 Loss Sum:4.5262	forward Loss:0.5134;0.7745	 backward Loss:0.4538;2.5216	 Sentiment Loss:0.087	Valence Loss:0.139	 Arousal Loss:0.7403	
[2025-11-19 17:58:03,758][run_task2&3_trainer_multilingual.py][line:1284][INFO] Epoch:[1/1]	 Batch:[3360/4840.0]	 Loss Sum:0.2544	forward Loss:0.0197;0.0697	 backward Loss:0.072;0.0168	 Sentiment Loss:0.0027	Valence Loss:0.2186	 Arousal Loss:0.1492	
[2025-11-19 17:58:04,949][run_task2&3_trainer_multilingual.py][line:1284][INFO] Epoch:[1/1]	 Batch:[3370/4840.0]	 Loss Sum:3.4229	forward Loss:0.699;0.142	 backward Loss:0.1156;2.0212	 Sentiment Loss:0.41	Valence Loss:0.0582	 Arousal Loss:0.1175	
[2025-11-19 17:58:06,142][run_task2&3_trainer_multilingual.py][line:1284][INFO] Epoch:[1/1]	 Batch:[3380/4840.0]	 Loss Sum:0.5745	forward Loss:0.148;0.0376	 backward Loss:0.0201;0.2521	 Sentiment Loss:0.0027	Valence Loss:0.4067	 Arousal Loss:0.1638	
[2025-11-19 17:58:07,333][run_task2&3_trainer_multilingual.py][line:1284][INFO] Epoch:[1/1]	 Batch:[3390/4840.0]	 Loss Sum:3.4194	forward Loss:0.0286;1.6826	 backward Loss:1.2986;0.0605	 Sentiment Loss:0.066	Valence Loss:0.1775	 Arousal Loss:1.2379	
[2025-11-19 17:58:08,525][run_task2&3_trainer_multilingual.py][line:1284][INFO] Epoch:[1/1]	 Batch:[3400/4840.0]	 Loss Sum:5.9702	forward Loss:0.6141;2.1114	 backward Loss:3.0616;0.0814	 Sentiment Loss:0.0432	Valence Loss:0.2456	 Arousal Loss:0.0469	
[2025-11-19 17:58:09,719][run_task2&3_trainer_multilingual.py][line:1284][INFO] Epoch:[1/1]	 Batch:[3410/4840.0]	 Loss Sum:3.6924	forward Loss:0.2164;1.8678	 backward Loss:1.3167;0.1994	 Sentiment Loss:0.0407	Valence Loss:0.0622	 Arousal Loss:0.1949	
[2025-11-19 17:58:10,910][run_task2&3_trainer_multilingual.py][line:1284][INFO] Epoch:[1/1]	 Batch:[3420/4840.0]	 Loss Sum:11.2864	forward Loss:5.9301;0.1706	 backward Loss:0.0463;5.0387	 Sentiment Loss:0.0163	Valence Loss:0.2789	 Arousal Loss:0.144	
[2025-11-19 17:58:12,100][run_task2&3_trainer_multilingual.py][line:1284][INFO] Epoch:[1/1]	 Batch:[3430/4840.0]	 Loss Sum:10.0359	forward Loss:3.0411;0.6251	 backward Loss:0.433;5.829	 Sentiment Loss:0.054	Valence Loss:0.1428	 Arousal Loss:0.1264	
[2025-11-19 17:58:13,291][run_task2&3_trainer_multilingual.py][line:1284][INFO] Epoch:[1/1]	 Batch:[3440/4840.0]	 Loss Sum:9.5123	forward Loss:1.4075;3.7225	 backward Loss:1.5638;2.6693	 Sentiment Loss:0.0179	Valence Loss:0.483	 Arousal Loss:0.1732	
[2025-11-19 17:58:14,481][run_task2&3_trainer_multilingual.py][line:1284][INFO] Epoch:[1/1]	 Batch:[3450/4840.0]	 Loss Sum:0.7433	forward Loss:0.1822;0.1798	 backward Loss:0.1282;0.1451	 Sentiment Loss:0.0035	Valence Loss:0.0302	 Arousal Loss:0.4924	
[2025-11-19 17:58:15,672][run_task2&3_trainer_multilingual.py][line:1284][INFO] Epoch:[1/1]	 Batch:[3460/4840.0]	 Loss Sum:8.3043	forward Loss:5.0086;0.2053	 backward Loss:0.2347;2.6876	 Sentiment Loss:0.1255	Valence Loss:0.0477	 Arousal Loss:0.1651	
[2025-11-19 17:58:16,862][run_task2&3_trainer_multilingual.py][line:1284][INFO] Epoch:[1/1]	 Batch:[3470/4840.0]	 Loss Sum:5.3204	forward Loss:0.4494;1.3097	 backward Loss:2.37;0.8804	 Sentiment Loss:0.032	Valence Loss:1.0309	 Arousal Loss:0.3642	
[2025-11-19 17:58:18,053][run_task2&3_trainer_multilingual.py][line:1284][INFO] Epoch:[1/1]	 Batch:[3480/4840.0]	 Loss Sum:7.2581	forward Loss:0.2561;3.8411	 backward Loss:2.9227;0.1725	 Sentiment Loss:0.0167	Valence Loss:0.1999	 Arousal Loss:0.0455	
[2025-11-19 17:58:19,242][run_task2&3_trainer_multilingual.py][line:1284][INFO] Epoch:[1/1]	 Batch:[3490/4840.0]	 Loss Sum:3.9386	forward Loss:0.1306;1.41	 backward Loss:2.1731;0.1553	 Sentiment Loss:0.0189	Valence Loss:0.1533	 Arousal Loss:0.1001	
[2025-11-19 17:58:20,434][run_task2&3_trainer_multilingual.py][line:1284][INFO] Epoch:[1/1]	 Batch:[3500/4840.0]	 Loss Sum:5.4072	forward Loss:0.0429;2.7692	 backward Loss:2.454;0.0637	 Sentiment Loss:0.0283	Valence Loss:0.1852	 Arousal Loss:0.0604	
[2025-11-19 17:58:21,623][run_task2&3_trainer_multilingual.py][line:1284][INFO] Epoch:[1/1]	 Batch:[3510/4840.0]	 Loss Sum:0.1951	forward Loss:0.0543;0.022	 backward Loss:0.0174;0.0429	 Sentiment Loss:0.0048	Valence Loss:0.087	 Arousal Loss:0.1815	
[2025-11-19 17:58:22,815][run_task2&3_trainer_multilingual.py][line:1284][INFO] Epoch:[1/1]	 Batch:[3520/4840.0]	 Loss Sum:7.2439	forward Loss:3.4652;0.7916	 backward Loss:1.0468;0.7681	 Sentiment Loss:1.0036	Valence Loss:0.4514	 Arousal Loss:0.3909	
[2025-11-19 17:58:24,005][run_task2&3_trainer_multilingual.py][line:1284][INFO] Epoch:[1/1]	 Batch:[3530/4840.0]	 Loss Sum:5.6834	forward Loss:0.3445;2.1369	 backward Loss:2.3039;0.6315	 Sentiment Loss:0.1521	Valence Loss:0.118	 Arousal Loss:0.4542	
[2025-11-19 17:58:25,198][run_task2&3_trainer_multilingual.py][line:1284][INFO] Epoch:[1/1]	 Batch:[3540/4840.0]	 Loss Sum:12.8728	forward Loss:1.9361;4.6188	 backward Loss:5.2197;0.9066	 Sentiment Loss:0.0959	Valence Loss:0.2596	 Arousal Loss:0.2196	
[2025-11-19 17:58:26,391][run_task2&3_trainer_multilingual.py][line:1284][INFO] Epoch:[1/1]	 Batch:[3550/4840.0]	 Loss Sum:12.7067	forward Loss:0.9801;4.6582	 backward Loss:6.483;0.405	 Sentiment Loss:0.1046	Valence Loss:0.1064	 Arousal Loss:0.2721	
[2025-11-19 17:58:27,580][run_task2&3_trainer_multilingual.py][line:1284][INFO] Epoch:[1/1]	 Batch:[3560/4840.0]	 Loss Sum:0.265	forward Loss:0.0968;0.0191	 backward Loss:0.0176;0.0506	 Sentiment Loss:0.009	Valence Loss:0.0312	 Arousal Loss:0.3283	
[2025-11-19 17:58:28,773][run_task2&3_trainer_multilingual.py][line:1284][INFO] Epoch:[1/1]	 Batch:[3570/4840.0]	 Loss Sum:0.8862	forward Loss:0.0445;0.1536	 backward Loss:0.6111;0.0219	 Sentiment Loss:0.0021	Valence Loss:0.2132	 Arousal Loss:0.0523	
[2025-11-19 17:58:29,965][run_task2&3_trainer_multilingual.py][line:1284][INFO] Epoch:[1/1]	 Batch:[3580/4840.0]	 Loss Sum:3.3014	forward Loss:0.6568;0.7926	 backward Loss:0.5728;0.5347	 Sentiment Loss:0.0035	Valence Loss:3.0177	 Arousal Loss:0.6874	
[2025-11-19 17:58:31,156][run_task2&3_trainer_multilingual.py][line:1284][INFO] Epoch:[1/1]	 Batch:[3590/4840.0]	 Loss Sum:11.085	forward Loss:2.0969;1.616	 backward Loss:0.2493;6.8838	 Sentiment Loss:0.0031	Valence Loss:1.0352	 Arousal Loss:0.1446	
[2025-11-19 17:58:32,347][run_task2&3_trainer_multilingual.py][line:1284][INFO] Epoch:[1/1]	 Batch:[3600/4840.0]	 Loss Sum:3.2492	forward Loss:0.324;1.7504	 backward Loss:0.6473;0.3855	 Sentiment Loss:0.0631	Valence Loss:0.0929	 Arousal Loss:0.301	
[2025-11-19 17:58:33,537][run_task2&3_trainer_multilingual.py][line:1284][INFO] Epoch:[1/1]	 Batch:[3610/4840.0]	 Loss Sum:0.6404	forward Loss:0.0997;0.0545	 backward Loss:0.1314;0.2526	 Sentiment Loss:0.002	Valence Loss:0.1685	 Arousal Loss:0.3328	
[2025-11-19 17:58:34,730][run_task2&3_trainer_multilingual.py][line:1284][INFO] Epoch:[1/1]	 Batch:[3620/4840.0]	 Loss Sum:0.5433	forward Loss:0.0959;0.0932	 backward Loss:0.1192;0.0815	 Sentiment Loss:0.003	Valence Loss:0.2695	 Arousal Loss:0.4832	
[2025-11-19 17:58:35,920][run_task2&3_trainer_multilingual.py][line:1284][INFO] Epoch:[1/1]	 Batch:[3630/4840.0]	 Loss Sum:0.2858	forward Loss:0.0183;0.1078	 backward Loss:0.0405;0.07	 Sentiment Loss:0.0007	Valence Loss:0.1872	 Arousal Loss:0.0552	
[2025-11-19 17:58:37,112][run_task2&3_trainer_multilingual.py][line:1284][INFO] Epoch:[1/1]	 Batch:[3640/4840.0]	 Loss Sum:0.3665	forward Loss:0.0524;0.0472	 backward Loss:0.0193;0.0241	 Sentiment Loss:0.1793	Valence Loss:0.0838	 Arousal Loss:0.1369	
[2025-11-19 17:58:38,303][run_task2&3_trainer_multilingual.py][line:1284][INFO] Epoch:[1/1]	 Batch:[3650/4840.0]	 Loss Sum:0.4312	forward Loss:0.0708;0.0893	 backward Loss:0.0318;0.0454	 Sentiment Loss:0.0161	Valence Loss:0.1569	 Arousal Loss:0.7317	
[2025-11-19 17:58:39,493][run_task2&3_trainer_multilingual.py][line:1284][INFO] Epoch:[1/1]	 Batch:[3660/4840.0]	 Loss Sum:4.0105	forward Loss:2.0134;0.6275	 backward Loss:0.2108;0.5441	 Sentiment Loss:0.3883	Valence Loss:0.5287	 Arousal Loss:0.6034	
[2025-11-19 17:58:40,688][run_task2&3_trainer_multilingual.py][line:1284][INFO] Epoch:[1/1]	 Batch:[3670/4840.0]	 Loss Sum:7.6752	forward Loss:2.9588;0.0698	 backward Loss:0.0783;4.4191	 Sentiment Loss:0.1164	Valence Loss:0.0903	 Arousal Loss:0.0733	
[2025-11-19 17:58:41,876][run_task2&3_trainer_multilingual.py][line:1284][INFO] Epoch:[1/1]	 Batch:[3680/4840.0]	 Loss Sum:0.2267	forward Loss:0.0869;0.0489	 backward Loss:0.0235;0.0336	 Sentiment Loss:0.0068	Valence Loss:0.0791	 Arousal Loss:0.056	
[2025-11-19 17:58:43,068][run_task2&3_trainer_multilingual.py][line:1284][INFO] Epoch:[1/1]	 Batch:[3690/4840.0]	 Loss Sum:5.1512	forward Loss:2.1007;0.1253	 backward Loss:0.1199;2.7128	 Sentiment Loss:0.059	Valence Loss:0.0556	 Arousal Loss:0.1112	
[2025-11-19 17:58:44,258][run_task2&3_trainer_multilingual.py][line:1284][INFO] Epoch:[1/1]	 Batch:[3700/4840.0]	 Loss Sum:10.2811	forward Loss:4.3215;0.4836	 backward Loss:0.4344;4.9295	 Sentiment Loss:0.0097	Valence Loss:0.3591	 Arousal Loss:0.1533	
[2025-11-19 17:58:45,449][run_task2&3_trainer_multilingual.py][line:1284][INFO] Epoch:[1/1]	 Batch:[3710/4840.0]	 Loss Sum:0.6041	forward Loss:0.0089;0.2039	 backward Loss:0.2653;0.0501	 Sentiment Loss:0.0041	Valence Loss:0.0304	 Arousal Loss:0.3285	
[2025-11-19 17:58:46,638][run_task2&3_trainer_multilingual.py][line:1284][INFO] Epoch:[1/1]	 Batch:[3720/4840.0]	 Loss Sum:0.8453	forward Loss:0.0228;0.3924	 backward Loss:0.316;0.051	 Sentiment Loss:0.0167	Valence Loss:0.2073	 Arousal Loss:0.025	
[2025-11-19 17:58:47,830][run_task2&3_trainer_multilingual.py][line:1284][INFO] Epoch:[1/1]	 Batch:[3730/4840.0]	 Loss Sum:0.6828	forward Loss:0.12;0.1653	 backward Loss:0.203;0.0532	 Sentiment Loss:0.062	Valence Loss:0.083	 Arousal Loss:0.3132	
[2025-11-19 17:58:49,024][run_task2&3_trainer_multilingual.py][line:1284][INFO] Epoch:[1/1]	 Batch:[3740/4840.0]	 Loss Sum:0.703	forward Loss:0.0697;0.2039	 backward Loss:0.0842;0.2878	 Sentiment Loss:0.0042	Valence Loss:0.0271	 Arousal Loss:0.239	
[2025-11-19 17:58:50,214][run_task2&3_trainer_multilingual.py][line:1284][INFO] Epoch:[1/1]	 Batch:[3750/4840.0]	 Loss Sum:3.5169	forward Loss:0.045;1.3959	 backward Loss:1.3643;0.0355	 Sentiment Loss:0.0481	Valence Loss:2.82	 Arousal Loss:0.3208	
[2025-11-19 17:58:51,407][run_task2&3_trainer_multilingual.py][line:1284][INFO] Epoch:[1/1]	 Batch:[3760/4840.0]	 Loss Sum:3.2015	forward Loss:0.0807;1.87	 backward Loss:1.1708;0.0381	 Sentiment Loss:0.0064	Valence Loss:0.1187	 Arousal Loss:0.0587	
[2025-11-19 17:58:52,598][run_task2&3_trainer_multilingual.py][line:1284][INFO] Epoch:[1/1]	 Batch:[3770/4840.0]	 Loss Sum:12.0646	forward Loss:2.6387;5.2499	 backward Loss:3.9601;0.1015	 Sentiment Loss:0.01	Valence Loss:0.0407	 Arousal Loss:0.4816	
[2025-11-19 17:58:53,790][run_task2&3_trainer_multilingual.py][line:1284][INFO] Epoch:[1/1]	 Batch:[3780/4840.0]	 Loss Sum:3.5156	forward Loss:0.0666;2.1726	 backward Loss:0.939;0.1168	 Sentiment Loss:0.001	Valence Loss:0.2372	 Arousal Loss:0.861	
[2025-11-19 17:58:54,982][run_task2&3_trainer_multilingual.py][line:1284][INFO] Epoch:[1/1]	 Batch:[3790/4840.0]	 Loss Sum:3.934	forward Loss:2.245;0.3351	 backward Loss:0.1897;1.0706	 Sentiment Loss:0.0091	Valence Loss:0.2928	 Arousal Loss:0.1294	
[2025-11-19 17:58:56,173][run_task2&3_trainer_multilingual.py][line:1284][INFO] Epoch:[1/1]	 Batch:[3800/4840.0]	 Loss Sum:0.3214	forward Loss:0.0597;0.0772	 backward Loss:0.0172;0.039	 Sentiment Loss:0.0005	Valence Loss:0.0944	 Arousal Loss:0.545	
[2025-11-19 17:58:57,364][run_task2&3_trainer_multilingual.py][line:1284][INFO] Epoch:[1/1]	 Batch:[3810/4840.0]	 Loss Sum:1.2888	forward Loss:0.5364;0.2324	 backward Loss:0.2192;0.0866	 Sentiment Loss:0.0075	Valence Loss:0.5153	 Arousal Loss:0.5182	
[2025-11-19 17:58:58,555][run_task2&3_trainer_multilingual.py][line:1284][INFO] Epoch:[1/1]	 Batch:[3820/4840.0]	 Loss Sum:5.2954	forward Loss:0.8642;2.7137	 backward Loss:1.054;0.4502	 Sentiment Loss:0.0012	Valence Loss:0.5314	 Arousal Loss:0.5294	
[2025-11-19 17:58:59,746][run_task2&3_trainer_multilingual.py][line:1284][INFO] Epoch:[1/1]	 Batch:[3830/4840.0]	 Loss Sum:9.5691	forward Loss:5.2188;0.1645	 backward Loss:0.0981;4.0498	 Sentiment Loss:0.0051	Valence Loss:0.0767	 Arousal Loss:0.0879	
[2025-11-19 17:59:00,937][run_task2&3_trainer_multilingual.py][line:1284][INFO] Epoch:[1/1]	 Batch:[3840/4840.0]	 Loss Sum:0.5089	forward Loss:0.052;0.0234	 backward Loss:0.0068;0.0273	 Sentiment Loss:0.1901	Valence Loss:0.8847	 Arousal Loss:0.1611	
[2025-11-19 17:59:02,128][run_task2&3_trainer_multilingual.py][line:1284][INFO] Epoch:[1/1]	 Batch:[3850/4840.0]	 Loss Sum:2.2055	forward Loss:0.0528;0.5287	 backward Loss:0.1716;0.0402	 Sentiment Loss:0.9123	Valence Loss:2.2924	 Arousal Loss:0.207	
[2025-11-19 17:59:03,320][run_task2&3_trainer_multilingual.py][line:1284][INFO] Epoch:[1/1]	 Batch:[3860/4840.0]	 Loss Sum:0.5203	forward Loss:0.0513;0.0269	 backward Loss:0.0107;0.0844	 Sentiment Loss:0.2597	Valence Loss:0.2242	 Arousal Loss:0.2127	
[2025-11-19 17:59:04,511][run_task2&3_trainer_multilingual.py][line:1284][INFO] Epoch:[1/1]	 Batch:[3870/4840.0]	 Loss Sum:8.058	forward Loss:0.0917;4.9126	 backward Loss:2.9577;0.0645	 Sentiment Loss:0.0117	Valence Loss:0.0289	 Arousal Loss:0.0702	
[2025-11-19 17:59:05,703][run_task2&3_trainer_multilingual.py][line:1284][INFO] Epoch:[1/1]	 Batch:[3880/4840.0]	 Loss Sum:0.4015	forward Loss:0.0416;0.027	 backward Loss:0.0312;0.28	 Sentiment Loss:0.0066	Valence Loss:0.0503	 Arousal Loss:0.0252	
[2025-11-19 17:59:06,892][run_task2&3_trainer_multilingual.py][line:1284][INFO] Epoch:[1/1]	 Batch:[3890/4840.0]	 Loss Sum:0.1561	forward Loss:0.0188;0.0433	 backward Loss:0.0207;0.0268	 Sentiment Loss:0.001	Valence Loss:0.1392	 Arousal Loss:0.0882	
[2025-11-19 17:59:08,084][run_task2&3_trainer_multilingual.py][line:1284][INFO] Epoch:[1/1]	 Batch:[3900/4840.0]	 Loss Sum:7.4363	forward Loss:1.2379;1.5943	 backward Loss:3.2154;1.2818	 Sentiment Loss:0.0037	Valence Loss:0.3207	 Arousal Loss:0.1954	
[2025-11-19 17:59:09,274][run_task2&3_trainer_multilingual.py][line:1284][INFO] Epoch:[1/1]	 Batch:[3910/4840.0]	 Loss Sum:44.3597	forward Loss:0.0484;23.9899	 backward Loss:19.4966;0.6235	 Sentiment Loss:0.0017	Valence Loss:0.5306	 Arousal Loss:0.467	
[2025-11-19 17:59:10,464][run_task2&3_trainer_multilingual.py][line:1284][INFO] Epoch:[1/1]	 Batch:[3920/4840.0]	 Loss Sum:0.3905	forward Loss:0.11;0.0328	 backward Loss:0.0179;0.1164	 Sentiment Loss:0.0023	Valence Loss:0.404	 Arousal Loss:0.1516	
[2025-11-19 17:59:11,932][run_task2&3_trainer_multilingual.py][line:1284][INFO] Epoch:[1/1]	 Batch:[3930/4840.0]	 Loss Sum:6.7735	forward Loss:3.5692;0.3158	 backward Loss:0.9627;1.8992	 Sentiment Loss:0.002	Valence Loss:0.0149	 Arousal Loss:0.108	
[2025-11-19 17:59:13,122][run_task2&3_trainer_multilingual.py][line:1284][INFO] Epoch:[1/1]	 Batch:[3940/4840.0]	 Loss Sum:10.8292	forward Loss:0.569;4.429	 backward Loss:3.7419;1.6329	 Sentiment Loss:0.0011	Valence Loss:0.271	 Arousal Loss:2.0059	
[2025-11-19 17:59:14,314][run_task2&3_trainer_multilingual.py][line:1284][INFO] Epoch:[1/1]	 Batch:[3950/4840.0]	 Loss Sum:4.265	forward Loss:1.775;0.682	 backward Loss:0.1061;1.4114	 Sentiment Loss:0.2676	Valence Loss:0.0973	 Arousal Loss:0.017	
[2025-11-19 17:59:15,503][run_task2&3_trainer_multilingual.py][line:1284][INFO] Epoch:[1/1]	 Batch:[3960/4840.0]	 Loss Sum:5.0712	forward Loss:0.0139;2.036	 backward Loss:2.9801;0.0199	 Sentiment Loss:0.001	Valence Loss:0.0799	 Arousal Loss:0.0212	
[2025-11-19 17:59:16,697][run_task2&3_trainer_multilingual.py][line:1284][INFO] Epoch:[1/1]	 Batch:[3970/4840.0]	 Loss Sum:10.1775	forward Loss:0.9768;2.1202	 backward Loss:2.8139;0.1993	 Sentiment Loss:4.0487	Valence Loss:0.0493	 Arousal Loss:0.044	
[2025-11-19 17:59:17,887][run_task2&3_trainer_multilingual.py][line:1284][INFO] Epoch:[1/1]	 Batch:[3980/4840.0]	 Loss Sum:9.4565	forward Loss:2.1362;3.53	 backward Loss:1.8457;1.8977	 Sentiment Loss:0.0058	Valence Loss:0.1097	 Arousal Loss:0.0954	
[2025-11-19 17:59:19,078][run_task2&3_trainer_multilingual.py][line:1284][INFO] Epoch:[1/1]	 Batch:[3990/4840.0]	 Loss Sum:3.5129	forward Loss:0.8693;0.5611	 backward Loss:0.1519;1.8995	 Sentiment Loss:0.0021	Valence Loss:0.0872	 Arousal Loss:0.0576	
[2025-11-19 17:59:20,268][run_task2&3_trainer_multilingual.py][line:1284][INFO] Epoch:[1/1]	 Batch:[4000/4840.0]	 Loss Sum:3.1007	forward Loss:1.087;0.5002	 backward Loss:0.7841;0.6512	 Sentiment Loss:0.0091	Valence Loss:0.0466	 Arousal Loss:0.2981	
[2025-11-19 17:59:21,458][run_task2&3_trainer_multilingual.py][line:1284][INFO] Epoch:[1/1]	 Batch:[4010/4840.0]	 Loss Sum:8.9987	forward Loss:0.9333;5.5948	 backward Loss:1.999;0.322	 Sentiment Loss:0.0085	Valence Loss:0.3414	 Arousal Loss:0.3647	
[2025-11-19 17:59:22,651][run_task2&3_trainer_multilingual.py][line:1284][INFO] Epoch:[1/1]	 Batch:[4020/4840.0]	 Loss Sum:7.2716	forward Loss:1.6895;1.9205	 backward Loss:3.0291;0.6047	 Sentiment Loss:0.0037	Valence Loss:0.0942	 Arousal Loss:0.0266	
[2025-11-19 17:59:23,840][run_task2&3_trainer_multilingual.py][line:1284][INFO] Epoch:[1/1]	 Batch:[4030/4840.0]	 Loss Sum:2.662	forward Loss:0.7919;0.0778	 backward Loss:0.0503;1.6814	 Sentiment Loss:0.0033	Valence Loss:0.1986	 Arousal Loss:0.0884	
[2025-11-19 17:59:25,032][run_task2&3_trainer_multilingual.py][line:1284][INFO] Epoch:[1/1]	 Batch:[4040/4840.0]	 Loss Sum:2.4735	forward Loss:0.0933;1.7771	 backward Loss:0.3151;0.2482	 Sentiment Loss:0.0028	Valence Loss:0.071	 Arousal Loss:0.1147	
[2025-11-19 17:59:26,221][run_task2&3_trainer_multilingual.py][line:1284][INFO] Epoch:[1/1]	 Batch:[4050/4840.0]	 Loss Sum:2.6058	forward Loss:0.0409;2.334	 backward Loss:0.1512;0.0424	 Sentiment Loss:0.014	Valence Loss:0.074	 Arousal Loss:0.0432	
[2025-11-19 17:59:27,412][run_task2&3_trainer_multilingual.py][line:1284][INFO] Epoch:[1/1]	 Batch:[4060/4840.0]	 Loss Sum:1.284	forward Loss:0.1065;0.4695	 backward Loss:0.411;0.1331	 Sentiment Loss:0.0131	Valence Loss:0.3332	 Arousal Loss:0.4209	
[2025-11-19 17:59:28,603][run_task2&3_trainer_multilingual.py][line:1284][INFO] Epoch:[1/1]	 Batch:[4070/4840.0]	 Loss Sum:27.2244	forward Loss:2.2409;10.8074	 backward Loss:9.7596;3.9704	 Sentiment Loss:0.1029	Valence Loss:0.7358	 Arousal Loss:0.9809	
[2025-11-19 17:59:29,796][run_task2&3_trainer_multilingual.py][line:1284][INFO] Epoch:[1/1]	 Batch:[4080/4840.0]	 Loss Sum:8.192	forward Loss:2.7245;0.2715	 backward Loss:0.2378;3.0022	 Sentiment Loss:1.8648	Valence Loss:0.3015	 Arousal Loss:0.1543	
[2025-11-19 17:59:30,988][run_task2&3_trainer_multilingual.py][line:1284][INFO] Epoch:[1/1]	 Batch:[4090/4840.0]	 Loss Sum:9.6549	forward Loss:2.1804;1.8374	 backward Loss:1.7985;3.5232	 Sentiment Loss:0.2181	Valence Loss:0.0468	 Arousal Loss:0.4394	
[2025-11-19 17:59:32,178][run_task2&3_trainer_multilingual.py][line:1284][INFO] Epoch:[1/1]	 Batch:[4100/4840.0]	 Loss Sum:0.1715	forward Loss:0.0394;0.0392	 backward Loss:0.0096;0.032	 Sentiment Loss:0.0022	Valence Loss:0.0843	 Arousal Loss:0.1607	
[2025-11-19 17:59:33,372][run_task2&3_trainer_multilingual.py][line:1284][INFO] Epoch:[1/1]	 Batch:[4110/4840.0]	 Loss Sum:0.3746	forward Loss:0.0958;0.1457	 backward Loss:0.0515;0.0341	 Sentiment Loss:0.0025	Valence Loss:0.1907	 Arousal Loss:0.0341	
[2025-11-19 17:59:34,563][run_task2&3_trainer_multilingual.py][line:1284][INFO] Epoch:[1/1]	 Batch:[4120/4840.0]	 Loss Sum:0.2073	forward Loss:0.0492;0.0628	 backward Loss:0.0488;0.0297	 Sentiment Loss:0.0013	Valence Loss:0.0267	 Arousal Loss:0.0505	
[2025-11-19 17:59:35,754][run_task2&3_trainer_multilingual.py][line:1284][INFO] Epoch:[1/1]	 Batch:[4130/4840.0]	 Loss Sum:16.2955	forward Loss:1.4635;3.5765	 backward Loss:10.8121;0.4046	 Sentiment Loss:0.0018	Valence Loss:0.0715	 Arousal Loss:0.1137	
[2025-11-19 17:59:36,945][run_task2&3_trainer_multilingual.py][line:1284][INFO] Epoch:[1/1]	 Batch:[4140/4840.0]	 Loss Sum:5.5714	forward Loss:2.3621;0.4148	 backward Loss:2.4266;0.3279	 Sentiment Loss:0.0054	Valence Loss:0.0786	 Arousal Loss:0.0948	
[2025-11-19 17:59:38,137][run_task2&3_trainer_multilingual.py][line:1284][INFO] Epoch:[1/1]	 Batch:[4150/4840.0]	 Loss Sum:7.0371	forward Loss:2.6083;1.7807	 backward Loss:0.6031;1.6275	 Sentiment Loss:0.0535	Valence Loss:0.681	 Arousal Loss:1.1389	
[2025-11-19 17:59:39,330][run_task2&3_trainer_multilingual.py][line:1284][INFO] Epoch:[1/1]	 Batch:[4160/4840.0]	 Loss Sum:0.4896	forward Loss:0.1027;0.1121	 backward Loss:0.0517;0.2027	 Sentiment Loss:0.0017	Valence Loss:0.0597	 Arousal Loss:0.0337	
[2025-11-19 17:59:40,521][run_task2&3_trainer_multilingual.py][line:1284][INFO] Epoch:[1/1]	 Batch:[4170/4840.0]	 Loss Sum:0.4778	forward Loss:0.0841;0.135	 backward Loss:0.1097;0.131	 Sentiment Loss:0.0015	Valence Loss:0.0575	 Arousal Loss:0.0251	
[2025-11-19 17:59:41,713][run_task2&3_trainer_multilingual.py][line:1284][INFO] Epoch:[1/1]	 Batch:[4180/4840.0]	 Loss Sum:0.983	forward Loss:0.1282;0.3801	 backward Loss:0.2968;0.0598	 Sentiment Loss:0.0129	Valence Loss:0.4658	 Arousal Loss:0.0607	
[2025-11-19 17:59:42,906][run_task2&3_trainer_multilingual.py][line:1284][INFO] Epoch:[1/1]	 Batch:[4190/4840.0]	 Loss Sum:9.4367	forward Loss:1.3202;2.6188	 backward Loss:3.4777;1.8344	 Sentiment Loss:0.0027	Valence Loss:0.671	 Arousal Loss:0.2438	
[2025-11-19 17:59:44,097][run_task2&3_trainer_multilingual.py][line:1284][INFO] Epoch:[1/1]	 Batch:[4200/4840.0]	 Loss Sum:24.922	forward Loss:8.7365;2.3803	 backward Loss:1.6622;11.9402	 Sentiment Loss:0.1463	Valence Loss:0.1618	 Arousal Loss:0.1207	
[2025-11-19 17:59:45,290][run_task2&3_trainer_multilingual.py][line:1284][INFO] Epoch:[1/1]	 Batch:[4210/4840.0]	 Loss Sum:1.2147	forward Loss:0.1341;0.1787	 backward Loss:0.8248;0.0408	 Sentiment Loss:0.0018	Valence Loss:0.1245	 Arousal Loss:0.0476	
[2025-11-19 17:59:46,481][run_task2&3_trainer_multilingual.py][line:1284][INFO] Epoch:[1/1]	 Batch:[4220/4840.0]	 Loss Sum:6.8883	forward Loss:3.0831;0.0622	 backward Loss:3.2358;0.3218	 Sentiment Loss:0.1066	Valence Loss:0.2971	 Arousal Loss:0.0969	
[2025-11-19 17:59:47,673][run_task2&3_trainer_multilingual.py][line:1284][INFO] Epoch:[1/1]	 Batch:[4230/4840.0]	 Loss Sum:17.7513	forward Loss:6.5921;4.7927	 backward Loss:4.4485;1.8175	 Sentiment Loss:0.0082	Valence Loss:0.2659	 Arousal Loss:0.1962	
[2025-11-19 17:59:48,865][run_task2&3_trainer_multilingual.py][line:1284][INFO] Epoch:[1/1]	 Batch:[4240/4840.0]	 Loss Sum:0.3563	forward Loss:0.0259;0.1715	 backward Loss:0.06;0.0528	 Sentiment Loss:0.0114	Valence Loss:0.0814	 Arousal Loss:0.0918	
[2025-11-19 17:59:50,056][run_task2&3_trainer_multilingual.py][line:1284][INFO] Epoch:[1/1]	 Batch:[4250/4840.0]	 Loss Sum:0.4491	forward Loss:0.0416;0.0618	 backward Loss:0.0282;0.0158	 Sentiment Loss:0.2473	Valence Loss:0.1591	 Arousal Loss:0.1125	
[2025-11-19 17:59:51,247][run_task2&3_trainer_multilingual.py][line:1284][INFO] Epoch:[1/1]	 Batch:[4260/4840.0]	 Loss Sum:0.5328	forward Loss:0.1377;0.0603	 backward Loss:0.0267;0.0412	 Sentiment Loss:0.0099	Valence Loss:0.2605	 Arousal Loss:1.0249	
[2025-11-19 17:59:52,439][run_task2&3_trainer_multilingual.py][line:1284][INFO] Epoch:[1/1]	 Batch:[4270/4840.0]	 Loss Sum:11.9908	forward Loss:6.643;0.2476	 backward Loss:0.1359;4.8535	 Sentiment Loss:0.01	Valence Loss:0.2214	 Arousal Loss:0.2825	
[2025-11-19 17:59:53,630][run_task2&3_trainer_multilingual.py][line:1284][INFO] Epoch:[1/1]	 Batch:[4280/4840.0]	 Loss Sum:8.5351	forward Loss:2.7545;2.6092	 backward Loss:3.0169;0.0742	 Sentiment Loss:0.0042	Valence Loss:0.2136	 Arousal Loss:0.1674	
[2025-11-19 17:59:54,823][run_task2&3_trainer_multilingual.py][line:1284][INFO] Epoch:[1/1]	 Batch:[4290/4840.0]	 Loss Sum:3.5036	forward Loss:0.2042;0.722	 backward Loss:2.1597;0.1674	 Sentiment Loss:0.0169	Valence Loss:0.5874	 Arousal Loss:0.5802	
[2025-11-19 17:59:56,012][run_task2&3_trainer_multilingual.py][line:1284][INFO] Epoch:[1/1]	 Batch:[4300/4840.0]	 Loss Sum:11.9408	forward Loss:2.7166;2.6133	 backward Loss:1.9002;4.6525	 Sentiment Loss:0.0181	Valence Loss:0.188	 Arousal Loss:0.0122	
[2025-11-19 17:59:57,203][run_task2&3_trainer_multilingual.py][line:1284][INFO] Epoch:[1/1]	 Batch:[4310/4840.0]	 Loss Sum:4.0582	forward Loss:0.0226;1.9413	 backward Loss:1.7102;0.018	 Sentiment Loss:0.1162	Valence Loss:0.9139	 Arousal Loss:0.3354	
[2025-11-19 17:59:58,394][run_task2&3_trainer_multilingual.py][line:1284][INFO] Epoch:[1/1]	 Batch:[4320/4840.0]	 Loss Sum:23.0797	forward Loss:12.8301;3.8255	 backward Loss:1.7998;4.517	 Sentiment Loss:0.0968	Valence Loss:0.0227	 Arousal Loss:0.0298	
[2025-11-19 17:59:59,585][run_task2&3_trainer_multilingual.py][line:1284][INFO] Epoch:[1/1]	 Batch:[4330/4840.0]	 Loss Sum:13.8846	forward Loss:3.5602;3.6154	 backward Loss:1.7211;4.8638	 Sentiment Loss:0.0848	Valence Loss:0.0927	 Arousal Loss:0.1044	
[2025-11-19 18:00:00,775][run_task2&3_trainer_multilingual.py][line:1284][INFO] Epoch:[1/1]	 Batch:[4340/4840.0]	 Loss Sum:0.1856	forward Loss:0.0245;0.0599	 backward Loss:0.0237;0.023	 Sentiment Loss:0.0037	Valence Loss:0.1338	 Arousal Loss:0.1199	
[2025-11-19 18:00:01,967][run_task2&3_trainer_multilingual.py][line:1284][INFO] Epoch:[1/1]	 Batch:[4350/4840.0]	 Loss Sum:9.0931	forward Loss:2.2116;2.1182	 backward Loss:3.8544;0.8342	 Sentiment Loss:0.0314	Valence Loss:0.1367	 Arousal Loss:0.0795	
[2025-11-19 18:00:03,158][run_task2&3_trainer_multilingual.py][line:1284][INFO] Epoch:[1/1]	 Batch:[4360/4840.0]	 Loss Sum:0.2921	forward Loss:0.0152;0.0426	 backward Loss:0.0951;0.0277	 Sentiment Loss:0.0031	Valence Loss:0.0259	 Arousal Loss:0.5158	
[2025-11-19 18:00:04,346][run_task2&3_trainer_multilingual.py][line:1284][INFO] Epoch:[1/1]	 Batch:[4370/4840.0]	 Loss Sum:0.3981	forward Loss:0.048;0.1381	 backward Loss:0.0594;0.0455	 Sentiment Loss:0.0177	Valence Loss:0.3535	 Arousal Loss:0.0936	
[2025-11-19 18:00:05,538][run_task2&3_trainer_multilingual.py][line:1284][INFO] Epoch:[1/1]	 Batch:[4380/4840.0]	 Loss Sum:12.1632	forward Loss:4.3128;2.7074	 backward Loss:2.0383;3.0259	 Sentiment Loss:0.0249	Valence Loss:0.1376	 Arousal Loss:0.1317	
[2025-11-19 18:00:06,728][run_task2&3_trainer_multilingual.py][line:1284][INFO] Epoch:[1/1]	 Batch:[4390/4840.0]	 Loss Sum:0.2832	forward Loss:0.1217;0.0183	 backward Loss:0.0136;0.0424	 Sentiment Loss:0.0027	Valence Loss:0.2233	 Arousal Loss:0.1987	
[2025-11-19 18:00:07,919][run_task2&3_trainer_multilingual.py][line:1284][INFO] Epoch:[1/1]	 Batch:[4400/4840.0]	 Loss Sum:16.0182	forward Loss:5.6567;0.8954	 backward Loss:0.8423;8.4234	 Sentiment Loss:0.1578	Valence Loss:0.1764	 Arousal Loss:0.0366	
[2025-11-19 18:00:09,109][run_task2&3_trainer_multilingual.py][line:1284][INFO] Epoch:[1/1]	 Batch:[4410/4840.0]	 Loss Sum:0.1967	forward Loss:0.0233;0.056	 backward Loss:0.0658;0.0171	 Sentiment Loss:0.0075	Valence Loss:0.1053	 Arousal Loss:0.0295	
[2025-11-19 18:00:10,301][run_task2&3_trainer_multilingual.py][line:1284][INFO] Epoch:[1/1]	 Batch:[4420/4840.0]	 Loss Sum:0.5286	forward Loss:0.2911;0.1109	 backward Loss:0.0417;0.0586	 Sentiment Loss:0.0088	Valence Loss:0.0706	 Arousal Loss:0.0169	
[2025-11-19 18:00:11,490][run_task2&3_trainer_multilingual.py][line:1284][INFO] Epoch:[1/1]	 Batch:[4430/4840.0]	 Loss Sum:0.2087	forward Loss:0.03;0.0729	 backward Loss:0.0272;0.0165	 Sentiment Loss:0.014	Valence Loss:0.09	 Arousal Loss:0.15	
[2025-11-19 18:00:12,681][run_task2&3_trainer_multilingual.py][line:1284][INFO] Epoch:[1/1]	 Batch:[4440/4840.0]	 Loss Sum:1.5734	forward Loss:0.6156;0.1952	 backward Loss:0.1361;0.2344	 Sentiment Loss:0.0044	Valence Loss:1.1892	 Arousal Loss:0.7488	
[2025-11-19 18:00:13,871][run_task2&3_trainer_multilingual.py][line:1284][INFO] Epoch:[1/1]	 Batch:[4450/4840.0]	 Loss Sum:0.1879	forward Loss:0.0215;0.0664	 backward Loss:0.0257;0.0152	 Sentiment Loss:0.0231	Valence Loss:0.083	 Arousal Loss:0.0967	
[2025-11-19 18:00:15,061][run_task2&3_trainer_multilingual.py][line:1284][INFO] Epoch:[1/1]	 Batch:[4460/4840.0]	 Loss Sum:0.5259	forward Loss:0.2181;0.0515	 backward Loss:0.0241;0.1746	 Sentiment Loss:0.0081	Valence Loss:0.2344	 Arousal Loss:0.0134	
[2025-11-19 18:00:16,251][run_task2&3_trainer_multilingual.py][line:1284][INFO] Epoch:[1/1]	 Batch:[4470/4840.0]	 Loss Sum:2.9918	forward Loss:0.0728;0.4399	 backward Loss:0.4305;1.9326	 Sentiment Loss:0.0902	Valence Loss:0.0422	 Arousal Loss:0.0865	
[2025-11-19 18:00:17,442][run_task2&3_trainer_multilingual.py][line:1284][INFO] Epoch:[1/1]	 Batch:[4480/4840.0]	 Loss Sum:10.8086	forward Loss:0.0471;6.1324	 backward Loss:4.4522;0.0547	 Sentiment Loss:0.0113	Valence Loss:0.0976	 Arousal Loss:0.457	
[2025-11-19 18:00:18,636][run_task2&3_trainer_multilingual.py][line:1284][INFO] Epoch:[1/1]	 Batch:[4490/4840.0]	 Loss Sum:0.8416	forward Loss:0.0532;0.2748	 backward Loss:0.1967;0.2287	 Sentiment Loss:0.0597	Valence Loss:0.0913	 Arousal Loss:0.0506	
[2025-11-19 18:00:19,826][run_task2&3_trainer_multilingual.py][line:1284][INFO] Epoch:[1/1]	 Batch:[4500/4840.0]	 Loss Sum:2.8551	forward Loss:0.1328;1.3192	 backward Loss:1.1078;0.1109	 Sentiment Loss:0.0112	Valence Loss:0.3375	 Arousal Loss:0.5282	
[2025-11-19 18:00:21,018][run_task2&3_trainer_multilingual.py][line:1284][INFO] Epoch:[1/1]	 Batch:[4510/4840.0]	 Loss Sum:14.0741	forward Loss:0.1354;7.5835	 backward Loss:5.8286;0.0873	 Sentiment Loss:0.1491	Valence Loss:1.3912	 Arousal Loss:0.0598	
[2025-11-19 18:00:22,207][run_task2&3_trainer_multilingual.py][line:1284][INFO] Epoch:[1/1]	 Batch:[4520/4840.0]	 Loss Sum:0.4707	forward Loss:0.0282;0.0818	 backward Loss:0.0259;0.0236	 Sentiment Loss:0.2896	Valence Loss:0.0839	 Arousal Loss:0.0245	
[2025-11-19 18:00:23,398][run_task2&3_trainer_multilingual.py][line:1284][INFO] Epoch:[1/1]	 Batch:[4530/4840.0]	 Loss Sum:3.4493	forward Loss:0.0188;1.3631	 backward Loss:1.769;0.0383	 Sentiment Loss:0.2387	Valence Loss:0.0839	 Arousal Loss:0.0225	
[2025-11-19 18:00:24,588][run_task2&3_trainer_multilingual.py][line:1284][INFO] Epoch:[1/1]	 Batch:[4540/4840.0]	 Loss Sum:0.6719	forward Loss:0.0216;0.2042	 backward Loss:0.2866;0.0175	 Sentiment Loss:0.0027	Valence Loss:0.1166	 Arousal Loss:0.5798	
[2025-11-19 18:00:25,778][run_task2&3_trainer_multilingual.py][line:1284][INFO] Epoch:[1/1]	 Batch:[4550/4840.0]	 Loss Sum:1.3961	forward Loss:0.1197;0.5552	 backward Loss:0.4096;0.2075	 Sentiment Loss:0.0089	Valence Loss:0.2541	 Arousal Loss:0.2216	
[2025-11-19 18:00:26,968][run_task2&3_trainer_multilingual.py][line:1284][INFO] Epoch:[1/1]	 Batch:[4560/4840.0]	 Loss Sum:2.9744	forward Loss:1.059;0.6016	 backward Loss:0.5008;0.5178	 Sentiment Loss:0.1095	Valence Loss:0.2072	 Arousal Loss:0.7212	
[2025-11-19 18:00:28,160][run_task2&3_trainer_multilingual.py][line:1284][INFO] Epoch:[1/1]	 Batch:[4570/4840.0]	 Loss Sum:1.7853	forward Loss:0.2127;0.4464	 backward Loss:0.3733;0.7331	 Sentiment Loss:0.0027	Valence Loss:0.0308	 Arousal Loss:0.0544	
[2025-11-19 18:00:29,352][run_task2&3_trainer_multilingual.py][line:1284][INFO] Epoch:[1/1]	 Batch:[4580/4840.0]	 Loss Sum:1.5642	forward Loss:0.6504;0.1904	 backward Loss:0.472;0.0316	 Sentiment Loss:0.0034	Valence Loss:0.7109	 Arousal Loss:0.3711	
[2025-11-19 18:00:30,542][run_task2&3_trainer_multilingual.py][line:1284][INFO] Epoch:[1/1]	 Batch:[4590/4840.0]	 Loss Sum:5.1232	forward Loss:0.0398;2.9469	 backward Loss:2.0127;0.0631	 Sentiment Loss:0.0076	Valence Loss:0.0513	 Arousal Loss:0.2147	
[2025-11-19 18:00:31,733][run_task2&3_trainer_multilingual.py][line:1284][INFO] Epoch:[1/1]	 Batch:[4600/4840.0]	 Loss Sum:3.8502	forward Loss:1.9521;0.0644	 backward Loss:0.0368;1.7642	 Sentiment Loss:0.0115	Valence Loss:0.0473	 Arousal Loss:0.0582	
[2025-11-19 18:00:32,924][run_task2&3_trainer_multilingual.py][line:1284][INFO] Epoch:[1/1]	 Batch:[4610/4840.0]	 Loss Sum:15.1341	forward Loss:2.8428;3.8502	 backward Loss:4.575;3.4992	 Sentiment Loss:0.1402	Valence Loss:0.4102	 Arousal Loss:0.7241	
[2025-11-19 18:00:34,115][run_task2&3_trainer_multilingual.py][line:1284][INFO] Epoch:[1/1]	 Batch:[4620/4840.0]	 Loss Sum:6.4955	forward Loss:2.5503;2.0993	 backward Loss:1.1494;0.5585	 Sentiment Loss:0.0117	Valence Loss:0.0586	 Arousal Loss:0.5729	
[2025-11-19 18:00:35,307][run_task2&3_trainer_multilingual.py][line:1284][INFO] Epoch:[1/1]	 Batch:[4630/4840.0]	 Loss Sum:2.2188	forward Loss:0.0126;0.4613	 backward Loss:1.6638;0.0319	 Sentiment Loss:0.0016	Valence Loss:0.116	 Arousal Loss:0.1223	
[2025-11-19 18:00:36,498][run_task2&3_trainer_multilingual.py][line:1284][INFO] Epoch:[1/1]	 Batch:[4640/4840.0]	 Loss Sum:4.3988	forward Loss:0.3373;1.4537	 backward Loss:1.9255;0.6004	 Sentiment Loss:0.0275	Valence Loss:0.0536	 Arousal Loss:0.2187	
[2025-11-19 18:00:37,688][run_task2&3_trainer_multilingual.py][line:1284][INFO] Epoch:[1/1]	 Batch:[4650/4840.0]	 Loss Sum:0.3743	forward Loss:0.1244;0.0279	 backward Loss:0.0264;0.1464	 Sentiment Loss:0.0019	Valence Loss:0.1677	 Arousal Loss:0.0687	
[2025-11-19 18:00:38,877][run_task2&3_trainer_multilingual.py][line:1284][INFO] Epoch:[1/1]	 Batch:[4660/4840.0]	 Loss Sum:8.0456	forward Loss:0.1355;3.5049	 backward Loss:2.6946;1.6716	 Sentiment Loss:0.0075	Valence Loss:0.0173	 Arousal Loss:0.1397	
[2025-11-19 18:00:40,068][run_task2&3_trainer_multilingual.py][line:1284][INFO] Epoch:[1/1]	 Batch:[4670/4840.0]	 Loss Sum:1.4889	forward Loss:0.0703;0.4077	 backward Loss:0.9577;0.0192	 Sentiment Loss:0.0072	Valence Loss:0.0226	 Arousal Loss:0.1115	
[2025-11-19 18:00:41,257][run_task2&3_trainer_multilingual.py][line:1284][INFO] Epoch:[1/1]	 Batch:[4680/4840.0]	 Loss Sum:6.5766	forward Loss:1.636;3.6859	 backward Loss:0.2613;0.9344	 Sentiment Loss:0.0126	Valence Loss:0.1255	 Arousal Loss:0.1067	
[2025-11-19 18:00:42,449][run_task2&3_trainer_multilingual.py][line:1284][INFO] Epoch:[1/1]	 Batch:[4690/4840.0]	 Loss Sum:4.5836	forward Loss:0.2077;1.5568	 backward Loss:2.4829;0.2567	 Sentiment Loss:0.0161	Valence Loss:0.2241	 Arousal Loss:0.0932	
[2025-11-19 18:00:43,639][run_task2&3_trainer_multilingual.py][line:1284][INFO] Epoch:[1/1]	 Batch:[4700/4840.0]	 Loss Sum:5.6258	forward Loss:0.6645;4.0293	 backward Loss:0.7279;0.0706	 Sentiment Loss:0.0065	Valence Loss:0.1582	 Arousal Loss:0.4773	
[2025-11-19 18:00:44,831][run_task2&3_trainer_multilingual.py][line:1284][INFO] Epoch:[1/1]	 Batch:[4710/4840.0]	 Loss Sum:11.7698	forward Loss:1.9508;5.4643	 backward Loss:2.2235;1.9182	 Sentiment Loss:0.1251	Valence Loss:0.1084	 Arousal Loss:0.3314	
[2025-11-19 18:00:46,021][run_task2&3_trainer_multilingual.py][line:1284][INFO] Epoch:[1/1]	 Batch:[4720/4840.0]	 Loss Sum:1.4385	forward Loss:0.1013;0.5319	 backward Loss:0.7252;0.0416	 Sentiment Loss:0.0185	Valence Loss:0.0775	 Arousal Loss:0.0227	
[2025-11-19 18:00:47,211][run_task2&3_trainer_multilingual.py][line:1284][INFO] Epoch:[1/1]	 Batch:[4730/4840.0]	 Loss Sum:9.6807	forward Loss:1.6657;3.9157	 backward Loss:1.2223;2.7243	 Sentiment Loss:0.0055	Valence Loss:0.2125	 Arousal Loss:0.5235	
[2025-11-19 18:00:48,401][run_task2&3_trainer_multilingual.py][line:1284][INFO] Epoch:[1/1]	 Batch:[4740/4840.0]	 Loss Sum:6.7041	forward Loss:2.5398;1.3904	 backward Loss:1.9929;0.7313	 Sentiment Loss:0.0304	Valence Loss:0.0342	 Arousal Loss:0.0616	
[2025-11-19 18:00:49,592][run_task2&3_trainer_multilingual.py][line:1284][INFO] Epoch:[1/1]	 Batch:[4750/4840.0]	 Loss Sum:4.3448	forward Loss:0.5786;0.7677	 backward Loss:2.4047;0.0497	 Sentiment Loss:0.5304	Valence Loss:0.046	 Arousal Loss:0.0224	
[2025-11-19 18:00:50,784][run_task2&3_trainer_multilingual.py][line:1284][INFO] Epoch:[1/1]	 Batch:[4760/4840.0]	 Loss Sum:0.2211	forward Loss:0.0276;0.0478	 backward Loss:0.0172;0.0151	 Sentiment Loss:0.0008	Valence Loss:0.4446	 Arousal Loss:0.1184	
[2025-11-19 18:00:51,973][run_task2&3_trainer_multilingual.py][line:1284][INFO] Epoch:[1/1]	 Batch:[4770/4840.0]	 Loss Sum:5.0853	forward Loss:2.5805;0.5636	 backward Loss:0.6454;1.2363	 Sentiment Loss:0.0421	Valence Loss:0.0521	 Arousal Loss:0.0345	
[2025-11-19 18:00:53,174][run_task2&3_trainer_multilingual.py][line:1284][INFO] Epoch:[1/1]	 Batch:[4780/4840.0]	 Loss Sum:1.6285	forward Loss:0.0325;0.9825	 backward Loss:0.5403;0.051	 Sentiment Loss:0.0027	Valence Loss:0.0494	 Arousal Loss:0.0479	
[2025-11-19 18:00:54,367][run_task2&3_trainer_multilingual.py][line:1284][INFO] Epoch:[1/1]	 Batch:[4790/4840.0]	 Loss Sum:17.8975	forward Loss:5.7262;2.974	 backward Loss:0.0767;9.051	 Sentiment Loss:0.0289	Valence Loss:0.1391	 Arousal Loss:0.0646	
[2025-11-19 18:00:55,558][run_task2&3_trainer_multilingual.py][line:1284][INFO] Epoch:[1/1]	 Batch:[4800/4840.0]	 Loss Sum:0.3905	forward Loss:0.0238;0.1316	 backward Loss:0.0749;0.0365	 Sentiment Loss:0.0015	Valence Loss:0.5626	 Arousal Loss:0.0481	
[2025-11-19 18:00:56,750][run_task2&3_trainer_multilingual.py][line:1284][INFO] Epoch:[1/1]	 Batch:[4810/4840.0]	 Loss Sum:2.4397	forward Loss:0.9924;0.2887	 backward Loss:0.2856;0.407	 Sentiment Loss:0.3308	Valence Loss:0.4652	 Arousal Loss:0.211	
[2025-11-19 18:00:57,943][run_task2&3_trainer_multilingual.py][line:1284][INFO] Epoch:[1/1]	 Batch:[4820/4840.0]	 Loss Sum:3.7284	forward Loss:0.5814;0.6591	 backward Loss:1.6003;0.7327	 Sentiment Loss:0.0037	Valence Loss:0.2281	 Arousal Loss:0.5276	
[2025-11-19 18:00:59,134][run_task2&3_trainer_multilingual.py][line:1284][INFO] Epoch:[1/1]	 Batch:[4830/4840.0]	 Loss Sum:28.191	forward Loss:10.3042;3.9219	 backward Loss:8.8383;4.8794	 Sentiment Loss:0.1735	Valence Loss:0.0931	 Arousal Loss:0.276	
[2025-11-19 18:01:00,327][run_task2&3_trainer_multilingual.py][line:1284][INFO] Epoch:[1/1]	 Batch:[4840/4840.0]	 Loss Sum:12.025	forward Loss:8.2881;1.4342	 backward Loss:0.3313;1.5487	 Sentiment Loss:0.3434	Valence Loss:0.3165	 Arousal Loss:0.0795	
[2025-11-19 18:01:00,327][run_task2&3_trainer_multilingual.py][line:1296][INFO] dev
[2025-11-19 18:01:32,158][run_task2&3_trainer_multilingual.py][line:578][INFO] Triplet - Precision: 0.7154811711204535	Recall: 0.7024647883201497	F1: 0.7089127362231715
[2025-11-19 18:01:32,158][run_task2&3_trainer_multilingual.py][line:583][INFO] Aspect - Precision: 0.8806896545650416	Recall: 0.8570469792905724	F1: 0.8687069824950815
[2025-11-19 18:01:32,158][run_task2&3_trainer_multilingual.py][line:588][INFO] Opinion - Precision: 0.851377321683935	Recall: 0.8108602801642096	F1: 0.8306244997782303
[2025-11-19 18:01:32,158][run_task2&3_trainer_multilingual.py][line:594][INFO] Aspect-Category - Precision: 0.8328804342167931	Recall: 0.8076416331965469	F1: 0.8200663892022152
[2025-11-19 18:01:32,158][run_task2&3_trainer_multilingual.py][line:602][INFO] Aspect-Opinion - Precision: 0.751942617601947	Recall: 0.7382629103648691	F1: 0.7450394759115604
[2025-11-19 18:01:32,159][run_task2&3_trainer_multilingual.py][line:1302][INFO] Model saved after epoch 1
[2025-11-19 18:01:32,995][run_task2&3_trainer_multilingual.py][line:1313][INFO] loading model......
[2025-11-19 18:01:33,651][run_task2&3_trainer_multilingual.py][line:1316][INFO] inference......
