[2025-11-19 17:19:47,113][_client.py][line:1025][INFO] HTTP Request: HEAD https://huggingface.co/bert-base-multilingual-cased/resolve/main/tokenizer_config.json "HTTP/1.1 200 OK"
[2025-11-19 17:19:47,310][_client.py][line:1025][INFO] HTTP Request: GET https://huggingface.co/api/models/bert-base-multilingual-cased/tree/main/additional_chat_templates?recursive=false&expand=false "HTTP/1.1 307 Temporary Redirect"
[2025-11-19 17:19:47,511][_client.py][line:1025][INFO] HTTP Request: GET https://huggingface.co/api/models/google-bert/bert-base-multilingual-cased/tree/main/additional_chat_templates?recursive=false&expand=false "HTTP/1.1 404 Not Found"
[2025-11-19 17:19:48,405][run_task2&3_trainer_multilingual.py][line:1127][INFO] initial optimizer......
[2025-11-19 17:19:48,405][run_task2&3_trainer_multilingual.py][line:1145][INFO] New model and optimizer from epoch 1
[2025-11-19 17:19:48,406][run_task2&3_trainer_multilingual.py][line:1154][INFO] begin training......
[2025-11-19 17:19:49,929][run_task2&3_trainer_multilingual.py][line:1284][INFO] Epoch:[1/1]	 Batch:[10/4840.0]	 Loss Sum:91.4458	forward Loss:13.4467;21.1622	 backward Loss:19.9918;23.4297	 Sentiment Loss:4.1071	Valence Loss:17.718	 Arousal Loss:28.8239	
[2025-11-19 17:19:51,265][run_task2&3_trainer_multilingual.py][line:1284][INFO] Epoch:[1/1]	 Batch:[20/4840.0]	 Loss Sum:42.4927	forward Loss:5.4592;6.5347	 backward Loss:5.357;6.3208	 Sentiment Loss:3.6388	Valence Loss:44.3702	 Arousal Loss:31.5404	
[2025-11-19 17:19:52,601][run_task2&3_trainer_multilingual.py][line:1284][INFO] Epoch:[1/1]	 Batch:[30/4840.0]	 Loss Sum:48.1368	forward Loss:5.821;6.5491	 backward Loss:5.4193;6.8988	 Sentiment Loss:3.4902	Valence Loss:51.555	 Arousal Loss:48.237	
[2025-11-19 17:19:53,937][run_task2&3_trainer_multilingual.py][line:1284][INFO] Epoch:[1/1]	 Batch:[40/4840.0]	 Loss Sum:77.2398	forward Loss:15.1281;15.0389	 backward Loss:16.4553;16.3608	 Sentiment Loss:3.6655	Valence Loss:22.1183	 Arousal Loss:30.8372	
[2025-11-19 17:19:55,275][run_task2&3_trainer_multilingual.py][line:1284][INFO] Epoch:[1/1]	 Batch:[50/4840.0]	 Loss Sum:57.2271	forward Loss:6.9963;8.342	 backward Loss:14.6796;8.9147	 Sentiment Loss:3.0091	Valence Loss:40.8311	 Arousal Loss:35.5962	
[2025-11-19 17:19:56,611][run_task2&3_trainer_multilingual.py][line:1284][INFO] Epoch:[1/1]	 Batch:[60/4840.0]	 Loss Sum:43.5043	forward Loss:7.5568;7.4963	 backward Loss:7.3155;8.2101	 Sentiment Loss:2.6469	Valence Loss:29.6498	 Arousal Loss:21.744	
[2025-11-19 17:19:57,947][run_task2&3_trainer_multilingual.py][line:1284][INFO] Epoch:[1/1]	 Batch:[70/4840.0]	 Loss Sum:54.4679	forward Loss:10.7009;9.9257	 backward Loss:12.2767;11.406	 Sentiment Loss:2.3842	Valence Loss:16.2673	 Arousal Loss:22.6047	
[2025-11-19 17:19:59,283][run_task2&3_trainer_multilingual.py][line:1284][INFO] Epoch:[1/1]	 Batch:[80/4840.0]	 Loss Sum:32.8282	forward Loss:5.7416;7.1103	 backward Loss:5.2216;6.7612	 Sentiment Loss:1.637	Valence Loss:21.1252	 Arousal Loss:10.6574	
[2025-11-19 17:20:00,618][run_task2&3_trainer_multilingual.py][line:1284][INFO] Epoch:[1/1]	 Batch:[90/4840.0]	 Loss Sum:33.6258	forward Loss:5.6732;6.8636	 backward Loss:5.9843;7.0633	 Sentiment Loss:3.0171	Valence Loss:16.4881	 Arousal Loss:8.6341	
[2025-11-19 17:20:01,954][run_task2&3_trainer_multilingual.py][line:1284][INFO] Epoch:[1/1]	 Batch:[100/4840.0]	 Loss Sum:36.2128	forward Loss:7.3859;7.951	 backward Loss:6.2241;8.6982	 Sentiment Loss:2.9879	Valence Loss:7.0855	 Arousal Loss:7.7423	
[2025-11-19 17:20:03,289][run_task2&3_trainer_multilingual.py][line:1284][INFO] Epoch:[1/1]	 Batch:[110/4840.0]	 Loss Sum:33.8254	forward Loss:6.6718;7.7193	 backward Loss:7.9235;7.5139	 Sentiment Loss:3.3419	Valence Loss:1.7458	 Arousal Loss:1.5291	
[2025-11-19 17:20:04,627][run_task2&3_trainer_multilingual.py][line:1284][INFO] Epoch:[1/1]	 Batch:[120/4840.0]	 Loss Sum:26.2765	forward Loss:6.3208;5.9632	 backward Loss:6.3567;6.8139	 Sentiment Loss:0.5699	Valence Loss:0.8661	 Arousal Loss:0.3936	
[2025-11-19 17:20:05,963][run_task2&3_trainer_multilingual.py][line:1284][INFO] Epoch:[1/1]	 Batch:[130/4840.0]	 Loss Sum:23.5134	forward Loss:4.9275;5.3908	 backward Loss:5.9771;6.3728	 Sentiment Loss:0.3485	Valence Loss:1.3362	 Arousal Loss:1.1473	
[2025-11-19 17:20:07,299][run_task2&3_trainer_multilingual.py][line:1284][INFO] Epoch:[1/1]	 Batch:[140/4840.0]	 Loss Sum:25.0783	forward Loss:4.8595;6.8325	 backward Loss:6.2162;6.7613	 Sentiment Loss:0.3728	Valence Loss:0.0667	 Arousal Loss:0.1126	
[2025-11-19 17:20:08,637][run_task2&3_trainer_multilingual.py][line:1284][INFO] Epoch:[1/1]	 Batch:[150/4840.0]	 Loss Sum:26.1323	forward Loss:4.831;5.9832	 backward Loss:8.8318;5.3076	 Sentiment Loss:0.9382	Valence Loss:1.0498	 Arousal Loss:0.1528	
[2025-11-19 17:20:09,976][run_task2&3_trainer_multilingual.py][line:1284][INFO] Epoch:[1/1]	 Batch:[160/4840.0]	 Loss Sum:36.8301	forward Loss:7.5979;8.2386	 backward Loss:8.1274;8.0754	 Sentiment Loss:3.8116	Valence Loss:4.8316	 Arousal Loss:0.0641	
[2025-11-19 17:20:11,315][run_task2&3_trainer_multilingual.py][line:1284][INFO] Epoch:[1/1]	 Batch:[170/4840.0]	 Loss Sum:26.6236	forward Loss:4.9944;6.8799	 backward Loss:6.6688;5.0646	 Sentiment Loss:2.9375	Valence Loss:0.194	 Arousal Loss:0.1987	
[2025-11-19 17:20:12,653][run_task2&3_trainer_multilingual.py][line:1284][INFO] Epoch:[1/1]	 Batch:[180/4840.0]	 Loss Sum:16.3772	forward Loss:3.226;2.9481	 backward Loss:2.0511;4.3583	 Sentiment Loss:3.4568	Valence Loss:0.5682	 Arousal Loss:1.1164	
[2025-11-19 17:20:13,991][run_task2&3_trainer_multilingual.py][line:1284][INFO] Epoch:[1/1]	 Batch:[190/4840.0]	 Loss Sum:31.855	forward Loss:8.5288;6.981	 backward Loss:8.6342;6.8395	 Sentiment Loss:0.762	Valence Loss:0.0645	 Arousal Loss:0.4831	
[2025-11-19 17:20:15,329][run_task2&3_trainer_multilingual.py][line:1284][INFO] Epoch:[1/1]	 Batch:[200/4840.0]	 Loss Sum:9.4487	forward Loss:1.7924;2.5885	 backward Loss:2.2941;2.1139	 Sentiment Loss:0.3805	Valence Loss:0.7426	 Arousal Loss:0.654	
[2025-11-19 17:20:16,667][run_task2&3_trainer_multilingual.py][line:1284][INFO] Epoch:[1/1]	 Batch:[210/4840.0]	 Loss Sum:22.8848	forward Loss:6.4721;3.8861	 backward Loss:3.7345;8.043	 Sentiment Loss:0.6126	Valence Loss:0.4188	 Arousal Loss:0.2637	
[2025-11-19 17:20:18,005][run_task2&3_trainer_multilingual.py][line:1284][INFO] Epoch:[1/1]	 Batch:[220/4840.0]	 Loss Sum:17.2879	forward Loss:4.3703;4.7731	 backward Loss:3.7374;3.3746	 Sentiment Loss:0.6595	Valence Loss:1.3459	 Arousal Loss:0.5192	
[2025-11-19 17:20:19,341][run_task2&3_trainer_multilingual.py][line:1284][INFO] Epoch:[1/1]	 Batch:[230/4840.0]	 Loss Sum:22.3113	forward Loss:4.1845;5.5059	 backward Loss:3.7627;4.0286	 Sentiment Loss:4.7625	Valence Loss:0.1454	 Arousal Loss:0.1902	
[2025-11-19 17:20:20,676][run_task2&3_trainer_multilingual.py][line:1284][INFO] Epoch:[1/1]	 Batch:[240/4840.0]	 Loss Sum:6.3067	forward Loss:0.8495;2.1478	 backward Loss:1.6384;1.2555	 Sentiment Loss:0.1925	Valence Loss:0.9307	 Arousal Loss:0.1842	
[2025-11-19 17:20:22,014][run_task2&3_trainer_multilingual.py][line:1284][INFO] Epoch:[1/1]	 Batch:[250/4840.0]	 Loss Sum:12.9879	forward Loss:4.2032;2.3755	 backward Loss:2.5599;3.5987	 Sentiment Loss:0.1337	Valence Loss:0.391	 Arousal Loss:0.1941	
[2025-11-19 17:20:23,351][run_task2&3_trainer_multilingual.py][line:1284][INFO] Epoch:[1/1]	 Batch:[260/4840.0]	 Loss Sum:14.7995	forward Loss:3.4508;5.3354	 backward Loss:2.2324;2.9007	 Sentiment Loss:0.1791	Valence Loss:1.6673	 Arousal Loss:1.8377	
[2025-11-19 17:20:24,686][run_task2&3_trainer_multilingual.py][line:1284][INFO] Epoch:[1/1]	 Batch:[270/4840.0]	 Loss Sum:7.5738	forward Loss:1.3119;1.5815	 backward Loss:1.7772;2.3275	 Sentiment Loss:0.4605	Valence Loss:0.4764	 Arousal Loss:0.0993	
[2025-11-19 17:20:26,025][run_task2&3_trainer_multilingual.py][line:1284][INFO] Epoch:[1/1]	 Batch:[280/4840.0]	 Loss Sum:13.8259	forward Loss:1.9907;4.9477	 backward Loss:3.8697;2.119	 Sentiment Loss:0.8241	Valence Loss:0.2853	 Arousal Loss:0.0881	
[2025-11-19 17:20:27,365][run_task2&3_trainer_multilingual.py][line:1284][INFO] Epoch:[1/1]	 Batch:[290/4840.0]	 Loss Sum:28.3958	forward Loss:4.9507;6.1088	 backward Loss:7.3242;5.0325	 Sentiment Loss:4.6974	Valence Loss:0.7845	 Arousal Loss:0.627	
[2025-11-19 17:20:28,708][run_task2&3_trainer_multilingual.py][line:1284][INFO] Epoch:[1/1]	 Batch:[300/4840.0]	 Loss Sum:33.7314	forward Loss:0.7471;19.0037	 backward Loss:11.7068;1.1448	 Sentiment Loss:0.2348	Valence Loss:2.6734	 Arousal Loss:1.7976	
[2025-11-19 17:20:30,048][run_task2&3_trainer_multilingual.py][line:1284][INFO] Epoch:[1/1]	 Batch:[310/4840.0]	 Loss Sum:13.8848	forward Loss:1.0121;3.6169	 backward Loss:5.0319;2.9144	 Sentiment Loss:0.1261	Valence Loss:5.1815	 Arousal Loss:0.7358	
[2025-11-19 17:20:31,387][run_task2&3_trainer_multilingual.py][line:1284][INFO] Epoch:[1/1]	 Batch:[320/4840.0]	 Loss Sum:27.7852	forward Loss:10.3747;4.6957	 backward Loss:6.5261;5.812	 Sentiment Loss:0.1699	Valence Loss:0.9545	 Arousal Loss:0.0794	
[2025-11-19 17:20:32,724][run_task2&3_trainer_multilingual.py][line:1284][INFO] Epoch:[1/1]	 Batch:[330/4840.0]	 Loss Sum:3.9442	forward Loss:1.2282;0.3453	 backward Loss:0.2643;1.5028	 Sentiment Loss:0.2935	Valence Loss:0.134	 Arousal Loss:1.4165	
[2025-11-19 17:20:34,061][run_task2&3_trainer_multilingual.py][line:1284][INFO] Epoch:[1/1]	 Batch:[340/4840.0]	 Loss Sum:5.0578	forward Loss:0.8733;1.4041	 backward Loss:1.2871;1.0872	 Sentiment Loss:0.308	Valence Loss:0.2191	 Arousal Loss:0.271	
[2025-11-19 17:20:35,399][run_task2&3_trainer_multilingual.py][line:1284][INFO] Epoch:[1/1]	 Batch:[350/4840.0]	 Loss Sum:4.8158	forward Loss:0.2165;1.9524	 backward Loss:2.0099;0.4334	 Sentiment Loss:0.1694	Valence Loss:0.1368	 Arousal Loss:0.0343	
[2025-11-19 17:20:36,738][run_task2&3_trainer_multilingual.py][line:1284][INFO] Epoch:[1/1]	 Batch:[360/4840.0]	 Loss Sum:13.2016	forward Loss:2.028;4.4706	 backward Loss:2.7913;3.4625	 Sentiment Loss:0.226	Valence Loss:0.1779	 Arousal Loss:0.9388	
[2025-11-19 17:20:38,075][run_task2&3_trainer_multilingual.py][line:1284][INFO] Epoch:[1/1]	 Batch:[370/4840.0]	 Loss Sum:11.4076	forward Loss:1.0105;0.9332	 backward Loss:0.5035;3.0445	 Sentiment Loss:5.8014	Valence Loss:0.4301	 Arousal Loss:0.1425	
[2025-11-19 17:20:39,411][run_task2&3_trainer_multilingual.py][line:1284][INFO] Epoch:[1/1]	 Batch:[380/4840.0]	 Loss Sum:17.5787	forward Loss:0.8229;5.5036	 backward Loss:4.6121;1.2775	 Sentiment Loss:5.1121	Valence Loss:1.1447	 Arousal Loss:0.1082	
[2025-11-19 17:20:40,750][run_task2&3_trainer_multilingual.py][line:1284][INFO] Epoch:[1/1]	 Batch:[390/4840.0]	 Loss Sum:9.0864	forward Loss:0.4911;1.7167	 backward Loss:1.2658;0.5427	 Sentiment Loss:4.833	Valence Loss:0.6598	 Arousal Loss:0.5253	
[2025-11-19 17:20:42,089][run_task2&3_trainer_multilingual.py][line:1284][INFO] Epoch:[1/1]	 Batch:[400/4840.0]	 Loss Sum:13.4712	forward Loss:3.4217;1.0434	 backward Loss:0.9427;3.296	 Sentiment Loss:4.7334	Valence Loss:0.0699	 Arousal Loss:0.1004	
[2025-11-19 17:20:43,429][run_task2&3_trainer_multilingual.py][line:1284][INFO] Epoch:[1/1]	 Batch:[410/4840.0]	 Loss Sum:3.8155	forward Loss:0.3731;0.9761	 backward Loss:0.7445;0.4111	 Sentiment Loss:0.5647	Valence Loss:2.7147	 Arousal Loss:1.0155	
[2025-11-19 17:20:44,768][run_task2&3_trainer_multilingual.py][line:1284][INFO] Epoch:[1/1]	 Batch:[420/4840.0]	 Loss Sum:7.6366	forward Loss:1.314;2.1606	 backward Loss:2.2894;1.405	 Sentiment Loss:0.366	Valence Loss:0.0953	 Arousal Loss:0.4129	
[2025-11-19 17:20:46,108][run_task2&3_trainer_multilingual.py][line:1284][INFO] Epoch:[1/1]	 Batch:[430/4840.0]	 Loss Sum:8.9986	forward Loss:1.092;2.0962	 backward Loss:1.8703;1.6896	 Sentiment Loss:0.6957	Valence Loss:5.7077	 Arousal Loss:2.0666	
[2025-11-19 17:20:47,447][run_task2&3_trainer_multilingual.py][line:1284][INFO] Epoch:[1/1]	 Batch:[440/4840.0]	 Loss Sum:5.174	forward Loss:0.5105;2.1269	 backward Loss:1.2318;0.4333	 Sentiment Loss:0.2675	Valence Loss:2.9751	 Arousal Loss:0.0447	
[2025-11-19 17:20:48,785][run_task2&3_trainer_multilingual.py][line:1284][INFO] Epoch:[1/1]	 Batch:[450/4840.0]	 Loss Sum:22.1471	forward Loss:7.2051;3.2515	 backward Loss:2.4243;8.4418	 Sentiment Loss:0.5591	Valence Loss:0.4334	 Arousal Loss:0.8935	
[2025-11-19 17:20:50,122][run_task2&3_trainer_multilingual.py][line:1284][INFO] Epoch:[1/1]	 Batch:[460/4840.0]	 Loss Sum:6.4112	forward Loss:0.3208;0.3096	 backward Loss:0.2843;0.4666	 Sentiment Loss:4.968	Valence Loss:0.0874	 Arousal Loss:0.2222	
[2025-11-19 17:20:51,457][run_task2&3_trainer_multilingual.py][line:1284][INFO] Epoch:[1/1]	 Batch:[470/4840.0]	 Loss Sum:2.2524	forward Loss:0.4724;0.3043	 backward Loss:0.4402;0.5547	 Sentiment Loss:0.3659	Valence Loss:0.4231	 Arousal Loss:0.151	
[2025-11-19 17:20:52,795][run_task2&3_trainer_multilingual.py][line:1284][INFO] Epoch:[1/1]	 Batch:[480/4840.0]	 Loss Sum:3.2578	forward Loss:0.5624;0.8949	 backward Loss:0.7533;0.4781	 Sentiment Loss:0.4004	Valence Loss:0.5672	 Arousal Loss:0.2765	
[2025-11-19 17:20:54,134][run_task2&3_trainer_multilingual.py][line:1284][INFO] Epoch:[1/1]	 Batch:[490/4840.0]	 Loss Sum:25.4423	forward Loss:0.9015;10.2725	 backward Loss:9.3184;0.865	 Sentiment Loss:4.0213	Valence Loss:0.0598	 Arousal Loss:0.2582	
[2025-11-19 17:20:55,472][run_task2&3_trainer_multilingual.py][line:1284][INFO] Epoch:[1/1]	 Batch:[500/4840.0]	 Loss Sum:18.3048	forward Loss:3.2281;5.1641	 backward Loss:6.6541;2.5299	 Sentiment Loss:0.2561	Valence Loss:1.5075	 Arousal Loss:0.8545	
[2025-11-19 17:20:56,811][run_task2&3_trainer_multilingual.py][line:1284][INFO] Epoch:[1/1]	 Batch:[510/4840.0]	 Loss Sum:4.3935	forward Loss:0.1761;0.6075	 backward Loss:0.6861;0.2115	 Sentiment Loss:2.544	Valence Loss:0.4048	 Arousal Loss:0.436	
[2025-11-19 17:20:58,150][run_task2&3_trainer_multilingual.py][line:1284][INFO] Epoch:[1/1]	 Batch:[520/4840.0]	 Loss Sum:9.7137	forward Loss:2.6263;1.7199	 backward Loss:1.9137;1.5227	 Sentiment Loss:1.0327	Valence Loss:2.9803	 Arousal Loss:1.5116	
[2025-11-19 17:20:59,488][run_task2&3_trainer_multilingual.py][line:1284][INFO] Epoch:[1/1]	 Batch:[530/4840.0]	 Loss Sum:28.0345	forward Loss:9.4855;5.5061	 backward Loss:2.3966;10.2579	 Sentiment Loss:0.2684	Valence Loss:0.2845	 Arousal Loss:0.316	
[2025-11-19 17:21:00,830][run_task2&3_trainer_multilingual.py][line:1284][INFO] Epoch:[1/1]	 Batch:[540/4840.0]	 Loss Sum:12.3871	forward Loss:1.476;2.1851	 backward Loss:2.7119;1.1634	 Sentiment Loss:4.8167	Valence Loss:0.0655	 Arousal Loss:0.1048	
[2025-11-19 17:21:02,169][run_task2&3_trainer_multilingual.py][line:1284][INFO] Epoch:[1/1]	 Batch:[550/4840.0]	 Loss Sum:48.1438	forward Loss:12.8393;8.7673	 backward Loss:14.1125;11.5344	 Sentiment Loss:0.5821	Valence Loss:0.728	 Arousal Loss:0.8135	
[2025-11-19 17:21:03,507][run_task2&3_trainer_multilingual.py][line:1284][INFO] Epoch:[1/1]	 Batch:[560/4840.0]	 Loss Sum:4.4837	forward Loss:0.4072;1.7033	 backward Loss:1.22;0.3637	 Sentiment Loss:0.3594	Valence Loss:1.9519	 Arousal Loss:0.1989	
[2025-11-19 17:21:04,846][run_task2&3_trainer_multilingual.py][line:1284][INFO] Epoch:[1/1]	 Batch:[570/4840.0]	 Loss Sum:1.246	forward Loss:0.1449;0.3459	 backward Loss:0.2122;0.1928	 Sentiment Loss:0.1952	Valence Loss:0.1044	 Arousal Loss:0.6705	
[2025-11-19 17:21:06,183][run_task2&3_trainer_multilingual.py][line:1284][INFO] Epoch:[1/1]	 Batch:[580/4840.0]	 Loss Sum:1.569	forward Loss:0.2036;0.4657	 backward Loss:0.4828;0.255	 Sentiment Loss:0.0639	Valence Loss:0.3414	 Arousal Loss:0.1486	
[2025-11-19 17:21:07,521][run_task2&3_trainer_multilingual.py][line:1284][INFO] Epoch:[1/1]	 Batch:[590/4840.0]	 Loss Sum:22.3559	forward Loss:8.0706;2.5715	 backward Loss:3.3555;7.8147	 Sentiment Loss:0.1717	Valence Loss:1.5256	 Arousal Loss:0.3346	
[2025-11-19 17:21:08,858][run_task2&3_trainer_multilingual.py][line:1284][INFO] Epoch:[1/1]	 Batch:[600/4840.0]	 Loss Sum:14.3127	forward Loss:3.0362;5.302	 backward Loss:3.811;1.6759	 Sentiment Loss:0.3548	Valence Loss:0.4908	 Arousal Loss:0.1741	
[2025-11-19 17:21:10,197][run_task2&3_trainer_multilingual.py][line:1284][INFO] Epoch:[1/1]	 Batch:[610/4840.0]	 Loss Sum:31.1305	forward Loss:10.1656;4.9843	 backward Loss:10.7376;4.6201	 Sentiment Loss:0.3745	Valence Loss:0.5411	 Arousal Loss:0.7011	
[2025-11-19 17:21:11,535][run_task2&3_trainer_multilingual.py][line:1284][INFO] Epoch:[1/1]	 Batch:[620/4840.0]	 Loss Sum:16.8161	forward Loss:3.0233;3.9453	 backward Loss:4.5753;2.7146	 Sentiment Loss:0.3537	Valence Loss:5.9327	 Arousal Loss:5.087	
[2025-11-19 17:21:12,873][run_task2&3_trainer_multilingual.py][line:1284][INFO] Epoch:[1/1]	 Batch:[630/4840.0]	 Loss Sum:12.8784	forward Loss:1.1841;6.1687	 backward Loss:4.0602;0.7129	 Sentiment Loss:0.2574	Valence Loss:1.073	 Arousal Loss:1.4023	
[2025-11-19 17:21:14,212][run_task2&3_trainer_multilingual.py][line:1284][INFO] Epoch:[1/1]	 Batch:[640/4840.0]	 Loss Sum:5.6315	forward Loss:0.7982;2.0716	 backward Loss:1.5568;0.9164	 Sentiment Loss:0.2707	Valence Loss:0.0434	 Arousal Loss:0.0462	
[2025-11-19 17:21:15,549][run_task2&3_trainer_multilingual.py][line:1284][INFO] Epoch:[1/1]	 Batch:[650/4840.0]	 Loss Sum:12.3807	forward Loss:0.6608;6.1059	 backward Loss:3.4849;0.5794	 Sentiment Loss:0.9418	Valence Loss:2.4936	 Arousal Loss:0.5465	
[2025-11-19 17:21:16,887][run_task2&3_trainer_multilingual.py][line:1284][INFO] Epoch:[1/1]	 Batch:[660/4840.0]	 Loss Sum:15.9235	forward Loss:1.936;2.4964	 backward Loss:2.0253;3.8271	 Sentiment Loss:4.7333	Valence Loss:1.897	 Arousal Loss:2.6306	
[2025-11-19 17:21:18,225][run_task2&3_trainer_multilingual.py][line:1284][INFO] Epoch:[1/1]	 Batch:[670/4840.0]	 Loss Sum:6.5947	forward Loss:1.3709;1.4164	 backward Loss:2.005;0.8262	 Sentiment Loss:0.6407	Valence Loss:1.3729	 Arousal Loss:0.3046	
[2025-11-19 17:21:19,565][run_task2&3_trainer_multilingual.py][line:1284][INFO] Epoch:[1/1]	 Batch:[680/4840.0]	 Loss Sum:4.162	forward Loss:1.8443;0.22	 backward Loss:0.2431;1.2867	 Sentiment Loss:0.3653	Valence Loss:0.778	 Arousal Loss:0.2353	
[2025-11-19 17:21:20,903][run_task2&3_trainer_multilingual.py][line:1284][INFO] Epoch:[1/1]	 Batch:[690/4840.0]	 Loss Sum:43.265	forward Loss:5.586;8.2364	 backward Loss:24.8795;3.4654	 Sentiment Loss:0.507	Valence Loss:1.5067	 Arousal Loss:1.4466	
[2025-11-19 17:21:22,243][run_task2&3_trainer_multilingual.py][line:1284][INFO] Epoch:[1/1]	 Batch:[700/4840.0]	 Loss Sum:5.3907	forward Loss:0.5613;1.2916	 backward Loss:2.9734;0.1756	 Sentiment Loss:0.1247	Valence Loss:0.3512	 Arousal Loss:0.9686	
[2025-11-19 17:21:23,579][run_task2&3_trainer_multilingual.py][line:1284][INFO] Epoch:[1/1]	 Batch:[710/4840.0]	 Loss Sum:17.7106	forward Loss:5.5258;1.9463	 backward Loss:1.0768;6.8613	 Sentiment Loss:0.5685	Valence Loss:3.8943	 Arousal Loss:4.765	
[2025-11-19 17:21:24,915][run_task2&3_trainer_multilingual.py][line:1284][INFO] Epoch:[1/1]	 Batch:[720/4840.0]	 Loss Sum:23.4278	forward Loss:1.0379;8.3726	 backward Loss:11.7769;1.5533	 Sentiment Loss:0.5953	Valence Loss:0.065	 Arousal Loss:0.3934	
[2025-11-19 17:21:26,253][run_task2&3_trainer_multilingual.py][line:1284][INFO] Epoch:[1/1]	 Batch:[730/4840.0]	 Loss Sum:11.1138	forward Loss:1.46;1.5307	 backward Loss:2.0065;2.0203	 Sentiment Loss:3.7459	Valence Loss:1.3787	 Arousal Loss:0.3738	
[2025-11-19 17:21:27,590][run_task2&3_trainer_multilingual.py][line:1284][INFO] Epoch:[1/1]	 Batch:[740/4840.0]	 Loss Sum:5.7554	forward Loss:0.2499;0.5558	 backward Loss:0.5612;0.2111	 Sentiment Loss:4.139	Valence Loss:0.083	 Arousal Loss:0.1091	
[2025-11-19 17:21:28,931][run_task2&3_trainer_multilingual.py][line:1284][INFO] Epoch:[1/1]	 Batch:[750/4840.0]	 Loss Sum:14.4691	forward Loss:0.6504;3.8695	 backward Loss:3.7765;0.4897	 Sentiment Loss:5.6569	Valence Loss:0.0683	 Arousal Loss:0.0618	
[2025-11-19 17:21:30,270][run_task2&3_trainer_multilingual.py][line:1284][INFO] Epoch:[1/1]	 Batch:[760/4840.0]	 Loss Sum:12.6636	forward Loss:0.7565;2.4689	 backward Loss:1.4384;1.2433	 Sentiment Loss:4.6081	Valence Loss:10.3248	 Arousal Loss:0.4168	
[2025-11-19 17:21:31,609][run_task2&3_trainer_multilingual.py][line:1284][INFO] Epoch:[1/1]	 Batch:[770/4840.0]	 Loss Sum:2.5455	forward Loss:0.5918;0.1294	 backward Loss:0.155;0.9574	 Sentiment Loss:0.4411	Valence Loss:0.777	 Arousal Loss:0.5768	
[2025-11-19 17:21:32,948][run_task2&3_trainer_multilingual.py][line:1284][INFO] Epoch:[1/1]	 Batch:[780/4840.0]	 Loss Sum:3.3232	forward Loss:1.2797;0.2261	 backward Loss:0.2036;0.5071	 Sentiment Loss:0.8611	Valence Loss:1.2118	 Arousal Loss:0.016	
[2025-11-19 17:21:34,289][run_task2&3_trainer_multilingual.py][line:1284][INFO] Epoch:[1/1]	 Batch:[790/4840.0]	 Loss Sum:10.842	forward Loss:0.5616;4.2205	 backward Loss:4.0598;1.4824	 Sentiment Loss:0.1132	Valence Loss:0.3384	 Arousal Loss:1.6841	
[2025-11-19 17:21:35,626][run_task2&3_trainer_multilingual.py][line:1284][INFO] Epoch:[1/1]	 Batch:[800/4840.0]	 Loss Sum:27.3998	forward Loss:1.3416;6.3962	 backward Loss:17.6186;1.6571	 Sentiment Loss:0.1188	Valence Loss:0.056	 Arousal Loss:1.2817	
[2025-11-19 17:21:36,965][run_task2&3_trainer_multilingual.py][line:1284][INFO] Epoch:[1/1]	 Batch:[810/4840.0]	 Loss Sum:17.8754	forward Loss:4.5894;2.3244	 backward Loss:1.4696;4.5018	 Sentiment Loss:4.646	Valence Loss:1.0573	 Arousal Loss:0.664	
[2025-11-19 17:21:38,304][run_task2&3_trainer_multilingual.py][line:1284][INFO] Epoch:[1/1]	 Batch:[820/4840.0]	 Loss Sum:14.7974	forward Loss:3.3045;1.6535	 backward Loss:4.4798;3.08	 Sentiment Loss:2.1584	Valence Loss:0.3827	 Arousal Loss:0.223	
[2025-11-19 17:21:39,641][run_task2&3_trainer_multilingual.py][line:1284][INFO] Epoch:[1/1]	 Batch:[830/4840.0]	 Loss Sum:5.0706	forward Loss:1.0195;0.3578	 backward Loss:0.6228;1.2866	 Sentiment Loss:1.0263	Valence Loss:1.7259	 Arousal Loss:2.0622	
[2025-11-19 17:21:40,978][run_task2&3_trainer_multilingual.py][line:1284][INFO] Epoch:[1/1]	 Batch:[840/4840.0]	 Loss Sum:11.7634	forward Loss:2.9804;2.1488	 backward Loss:1.9803;4.2279	 Sentiment Loss:0.3578	Valence Loss:0.0712	 Arousal Loss:0.2699	
[2025-11-19 17:21:42,316][run_task2&3_trainer_multilingual.py][line:1284][INFO] Epoch:[1/1]	 Batch:[850/4840.0]	 Loss Sum:29.1696	forward Loss:4.8289;9.7018	 backward Loss:9.5927;4.3372	 Sentiment Loss:0.268	Valence Loss:1.4268	 Arousal Loss:0.7787	
[2025-11-19 17:21:43,654][run_task2&3_trainer_multilingual.py][line:1284][INFO] Epoch:[1/1]	 Batch:[860/4840.0]	 Loss Sum:25.1888	forward Loss:2.6691;6.1226	 backward Loss:9.8527;3.035	 Sentiment Loss:3.2823	Valence Loss:0.6314	 Arousal Loss:0.504	
[2025-11-19 17:21:44,993][run_task2&3_trainer_multilingual.py][line:1284][INFO] Epoch:[1/1]	 Batch:[870/4840.0]	 Loss Sum:2.6375	forward Loss:0.6192;0.5376	 backward Loss:0.4125;0.5112	 Sentiment Loss:0.4812	Valence Loss:0.0409	 Arousal Loss:0.3385	
[2025-11-19 17:21:46,331][run_task2&3_trainer_multilingual.py][line:1284][INFO] Epoch:[1/1]	 Batch:[880/4840.0]	 Loss Sum:1.701	forward Loss:0.2428;0.4397	 backward Loss:0.4244;0.2277	 Sentiment Loss:0.2959	Valence Loss:0.179	 Arousal Loss:0.1731	
[2025-11-19 17:21:47,670][run_task2&3_trainer_multilingual.py][line:1284][INFO] Epoch:[1/1]	 Batch:[890/4840.0]	 Loss Sum:12.1293	forward Loss:0.448;5.1024	 backward Loss:4.3878;0.7236	 Sentiment Loss:0.34	Valence Loss:4.2985	 Arousal Loss:1.3394	
[2025-11-19 17:21:49,010][run_task2&3_trainer_multilingual.py][line:1284][INFO] Epoch:[1/1]	 Batch:[900/4840.0]	 Loss Sum:2.7386	forward Loss:0.9049;0.1541	 backward Loss:0.1452;0.24	 Sentiment Loss:0.1727	Valence Loss:4.2228	 Arousal Loss:1.3858	
[2025-11-19 17:21:50,350][run_task2&3_trainer_multilingual.py][line:1284][INFO] Epoch:[1/1]	 Batch:[910/4840.0]	 Loss Sum:3.8993	forward Loss:0.6007;0.5619	 backward Loss:1.508;0.5776	 Sentiment Loss:0.443	Valence Loss:0.9075	 Arousal Loss:0.1328	
[2025-11-19 17:21:51,973][run_task2&3_trainer_multilingual.py][line:1284][INFO] Epoch:[1/1]	 Batch:[920/4840.0]	 Loss Sum:22.3583	forward Loss:11.7399;0.6402	 backward Loss:0.2158;9.4195	 Sentiment Loss:0.3	Valence Loss:0.0932	 Arousal Loss:0.1213	
[2025-11-19 17:21:53,311][run_task2&3_trainer_multilingual.py][line:1284][INFO] Epoch:[1/1]	 Batch:[930/4840.0]	 Loss Sum:25.8579	forward Loss:9.4501;1.3528	 backward Loss:0.8063;13.1826	 Sentiment Loss:0.9407	Valence Loss:0.5744	 Arousal Loss:0.0525	
[2025-11-19 17:21:54,646][run_task2&3_trainer_multilingual.py][line:1284][INFO] Epoch:[1/1]	 Batch:[940/4840.0]	 Loss Sum:0.959	forward Loss:0.1531;0.2549	 backward Loss:0.1256;0.222	 Sentiment Loss:0.1684	Valence Loss:0.0201	 Arousal Loss:0.1551	
[2025-11-19 17:21:55,984][run_task2&3_trainer_multilingual.py][line:1284][INFO] Epoch:[1/1]	 Batch:[950/4840.0]	 Loss Sum:6.1832	forward Loss:1.4244;1.5381	 backward Loss:0.5732;2.1239	 Sentiment Loss:0.2514	Valence Loss:0.4203	 Arousal Loss:0.9413	
[2025-11-19 17:21:57,323][run_task2&3_trainer_multilingual.py][line:1284][INFO] Epoch:[1/1]	 Batch:[960/4840.0]	 Loss Sum:17.5843	forward Loss:1.4378;6.1796	 backward Loss:5.3149;0.874	 Sentiment Loss:3.614	Valence Loss:0.415	 Arousal Loss:0.4048	
[2025-11-19 17:21:58,659][run_task2&3_trainer_multilingual.py][line:1284][INFO] Epoch:[1/1]	 Batch:[970/4840.0]	 Loss Sum:5.446	forward Loss:1.3389;1.9501	 backward Loss:0.9826;0.8278	 Sentiment Loss:0.2465	Valence Loss:0.4366	 Arousal Loss:0.0631	
[2025-11-19 17:22:00,000][run_task2&3_trainer_multilingual.py][line:1284][INFO] Epoch:[1/1]	 Batch:[980/4840.0]	 Loss Sum:6.0335	forward Loss:1.2239;0.329	 backward Loss:0.2644;0.3636	 Sentiment Loss:3.3742	Valence Loss:2.0605	 Arousal Loss:0.3314	
[2025-11-19 17:22:01,341][run_task2&3_trainer_multilingual.py][line:1284][INFO] Epoch:[1/1]	 Batch:[990/4840.0]	 Loss Sum:6.5956	forward Loss:0.8726;2.5066	 backward Loss:1.0743;1.1776	 Sentiment Loss:0.0421	Valence Loss:3.3764	 Arousal Loss:1.2354	
[2025-11-19 17:22:02,680][run_task2&3_trainer_multilingual.py][line:1284][INFO] Epoch:[1/1]	 Batch:[1000/4840.0]	 Loss Sum:13.9276	forward Loss:1.3914;4.369	 backward Loss:3.376;2.4612	 Sentiment Loss:2.2412	Valence Loss:0.2202	 Arousal Loss:0.2237	
[2025-11-19 17:22:04,019][run_task2&3_trainer_multilingual.py][line:1284][INFO] Epoch:[1/1]	 Batch:[1010/4840.0]	 Loss Sum:3.7076	forward Loss:0.4483;0.3224	 backward Loss:0.215;0.6133	 Sentiment Loss:0.7471	Valence Loss:3.6833	 Arousal Loss:3.125	
[2025-11-19 17:22:05,357][run_task2&3_trainer_multilingual.py][line:1284][INFO] Epoch:[1/1]	 Batch:[1020/4840.0]	 Loss Sum:15.8225	forward Loss:4.9207;3.2625	 backward Loss:3.7708;3.1466	 Sentiment Loss:0.6901	Valence Loss:0.0994	 Arousal Loss:0.0601	
[2025-11-19 17:22:06,695][run_task2&3_trainer_multilingual.py][line:1284][INFO] Epoch:[1/1]	 Batch:[1030/4840.0]	 Loss Sum:1.8159	forward Loss:0.2762;0.5072	 backward Loss:0.3286;0.2377	 Sentiment Loss:0.1269	Valence Loss:0.1265	 Arousal Loss:1.5697	
[2025-11-19 17:22:08,035][run_task2&3_trainer_multilingual.py][line:1284][INFO] Epoch:[1/1]	 Batch:[1040/4840.0]	 Loss Sum:19.4756	forward Loss:2.9861;5.3118	 backward Loss:8.0192;2.1219	 Sentiment Loss:0.1271	Valence Loss:4.3515	 Arousal Loss:0.196	
[2025-11-19 17:22:09,372][run_task2&3_trainer_multilingual.py][line:1284][INFO] Epoch:[1/1]	 Batch:[1050/4840.0]	 Loss Sum:21.0857	forward Loss:7.3691;3.8193	 backward Loss:7.3433;2.3833	 Sentiment Loss:0.0921	Valence Loss:0.1287	 Arousal Loss:0.265	
[2025-11-19 17:22:10,709][run_task2&3_trainer_multilingual.py][line:1284][INFO] Epoch:[1/1]	 Batch:[1060/4840.0]	 Loss Sum:20.0238	forward Loss:4.0141;3.6208	 backward Loss:3.2314;3.7545	 Sentiment Loss:4.3665	Valence Loss:1.6198	 Arousal Loss:3.5631	
[2025-11-19 17:22:12,046][run_task2&3_trainer_multilingual.py][line:1284][INFO] Epoch:[1/1]	 Batch:[1070/4840.0]	 Loss Sum:10.0944	forward Loss:1.2124;3.8569	 backward Loss:2.1651;2.5062	 Sentiment Loss:0.2002	Valence Loss:0.2432	 Arousal Loss:0.5247	
[2025-11-19 17:22:13,381][run_task2&3_trainer_multilingual.py][line:1284][INFO] Epoch:[1/1]	 Batch:[1080/4840.0]	 Loss Sum:6.9828	forward Loss:3.4989;0.5914	 backward Loss:0.2241;2.4727	 Sentiment Loss:0.0771	Valence Loss:0.3249	 Arousal Loss:0.2685	
[2025-11-19 17:22:14,718][run_task2&3_trainer_multilingual.py][line:1284][INFO] Epoch:[1/1]	 Batch:[1090/4840.0]	 Loss Sum:29.2303	forward Loss:10.6186;3.6166	 backward Loss:3.8231;9.7228	 Sentiment Loss:1.0712	Valence Loss:1.8002	 Arousal Loss:0.0889	
[2025-11-19 17:22:16,057][run_task2&3_trainer_multilingual.py][line:1284][INFO] Epoch:[1/1]	 Batch:[1100/4840.0]	 Loss Sum:36.919	forward Loss:3.6798;16.0144	 backward Loss:15.0976;1.8992	 Sentiment Loss:0.1569	Valence Loss:0.3257	 Arousal Loss:0.0298	
[2025-11-19 17:22:17,396][run_task2&3_trainer_multilingual.py][line:1284][INFO] Epoch:[1/1]	 Batch:[1110/4840.0]	 Loss Sum:12.3834	forward Loss:4.8811;0.5445	 backward Loss:0.2856;6.513	 Sentiment Loss:0.0401	Valence Loss:0.5633	 Arousal Loss:0.0321	
[2025-11-19 17:22:18,733][run_task2&3_trainer_multilingual.py][line:1284][INFO] Epoch:[1/1]	 Batch:[1120/4840.0]	 Loss Sum:1.5308	forward Loss:0.4558;0.2925	 backward Loss:0.188;0.3731	 Sentiment Loss:0.0677	Valence Loss:0.0356	 Arousal Loss:0.7327	
[2025-11-19 17:22:20,071][run_task2&3_trainer_multilingual.py][line:1284][INFO] Epoch:[1/1]	 Batch:[1130/4840.0]	 Loss Sum:2.2462	forward Loss:0.0753;0.5818	 backward Loss:0.6151;0.1039	 Sentiment Loss:0.0686	Valence Loss:2.9362	 Arousal Loss:1.0707	
[2025-11-19 17:22:21,410][run_task2&3_trainer_multilingual.py][line:1284][INFO] Epoch:[1/1]	 Batch:[1140/4840.0]	 Loss Sum:13.0904	forward Loss:0.049;2.5868	 backward Loss:2.8738;0.0367	 Sentiment Loss:6.4946	Valence Loss:2.8829	 Arousal Loss:2.3643	
[2025-11-19 17:22:22,747][run_task2&3_trainer_multilingual.py][line:1284][INFO] Epoch:[1/1]	 Batch:[1150/4840.0]	 Loss Sum:1.5299	forward Loss:0.1017;0.3966	 backward Loss:0.5126;0.1276	 Sentiment Loss:0.2798	Valence Loss:0.21	 Arousal Loss:0.3478	
[2025-11-19 17:22:24,083][run_task2&3_trainer_multilingual.py][line:1284][INFO] Epoch:[1/1]	 Batch:[1160/4840.0]	 Loss Sum:2.1488	forward Loss:0.1126;0.1362	 backward Loss:0.0858;0.1143	 Sentiment Loss:0.541	Valence Loss:5.7041	 Arousal Loss:0.0897	
[2025-11-19 17:22:25,421][run_task2&3_trainer_multilingual.py][line:1284][INFO] Epoch:[1/1]	 Batch:[1170/4840.0]	 Loss Sum:5.0821	forward Loss:0.3849;0.2666	 backward Loss:0.2669;0.405	 Sentiment Loss:3.4866	Valence Loss:1.3258	 Arousal Loss:0.0343	
[2025-11-19 17:22:26,759][run_task2&3_trainer_multilingual.py][line:1284][INFO] Epoch:[1/1]	 Batch:[1180/4840.0]	 Loss Sum:31.6264	forward Loss:13.0015;4.5565	 backward Loss:0.6244;13.2592	 Sentiment Loss:0.1132	Valence Loss:0.2524	 Arousal Loss:0.1057	
[2025-11-19 17:22:28,098][run_task2&3_trainer_multilingual.py][line:1284][INFO] Epoch:[1/1]	 Batch:[1190/4840.0]	 Loss Sum:15.6142	forward Loss:2.9451;3.1488	 backward Loss:7.0719;2.0863	 Sentiment Loss:0.2454	Valence Loss:0.1601	 Arousal Loss:0.4234	
[2025-11-19 17:22:29,436][run_task2&3_trainer_multilingual.py][line:1284][INFO] Epoch:[1/1]	 Batch:[1200/4840.0]	 Loss Sum:3.1877	forward Loss:1.2009;0.2219	 backward Loss:0.1808;1.0843	 Sentiment Loss:0.2077	Valence Loss:0.2487	 Arousal Loss:1.2119	
[2025-11-19 17:22:30,774][run_task2&3_trainer_multilingual.py][line:1284][INFO] Epoch:[1/1]	 Batch:[1210/4840.0]	 Loss Sum:5.5243	forward Loss:0.832;1.537	 backward Loss:1.1873;1.6466	 Sentiment Loss:0.0652	Valence Loss:0.5685	 Arousal Loss:0.7122	
[2025-11-19 17:22:32,114][run_task2&3_trainer_multilingual.py][line:1284][INFO] Epoch:[1/1]	 Batch:[1220/4840.0]	 Loss Sum:22.7217	forward Loss:0.5812;9.1494	 backward Loss:12.1818;0.2992	 Sentiment Loss:0.1055	Valence Loss:1.452	 Arousal Loss:0.5706	
[2025-11-19 17:22:33,456][run_task2&3_trainer_multilingual.py][line:1284][INFO] Epoch:[1/1]	 Batch:[1230/4840.0]	 Loss Sum:7.6632	forward Loss:0.0883;3.9415	 backward Loss:3.3599;0.1014	 Sentiment Loss:0.1066	Valence Loss:0.0174	 Arousal Loss:0.3093	
[2025-11-19 17:22:34,794][run_task2&3_trainer_multilingual.py][line:1284][INFO] Epoch:[1/1]	 Batch:[1240/4840.0]	 Loss Sum:0.6953	forward Loss:0.0668;0.1633	 backward Loss:0.2071;0.0892	 Sentiment Loss:0.1264	Valence Loss:0.1586	 Arousal Loss:0.0541	
[2025-11-19 17:22:36,132][run_task2&3_trainer_multilingual.py][line:1284][INFO] Epoch:[1/1]	 Batch:[1250/4840.0]	 Loss Sum:4.2677	forward Loss:0.3333;1.551	 backward Loss:0.7936;0.3956	 Sentiment Loss:0.5188	Valence Loss:2.2826	 Arousal Loss:1.094	
[2025-11-19 17:22:37,472][run_task2&3_trainer_multilingual.py][line:1284][INFO] Epoch:[1/1]	 Batch:[1260/4840.0]	 Loss Sum:5.5994	forward Loss:0.6638;2.2354	 backward Loss:1.8276;0.7535	 Sentiment Loss:0.0767	Valence Loss:0.0308	 Arousal Loss:0.182	
[2025-11-19 17:22:38,809][run_task2&3_trainer_multilingual.py][line:1284][INFO] Epoch:[1/1]	 Batch:[1270/4840.0]	 Loss Sum:15.4434	forward Loss:2.4375;6.0241	 backward Loss:6.5449;0.2691	 Sentiment Loss:0.0572	Valence Loss:0.029	 Arousal Loss:0.5242	
[2025-11-19 17:22:40,147][run_task2&3_trainer_multilingual.py][line:1284][INFO] Epoch:[1/1]	 Batch:[1280/4840.0]	 Loss Sum:6.7082	forward Loss:3.1171;1.108	 backward Loss:1.0786;1.1508	 Sentiment Loss:0.0973	Valence Loss:0.3636	 Arousal Loss:0.4183	
[2025-11-19 17:22:41,483][run_task2&3_trainer_multilingual.py][line:1284][INFO] Epoch:[1/1]	 Batch:[1290/4840.0]	 Loss Sum:6.2809	forward Loss:1.5985;0.1947	 backward Loss:0.4018;2.4526	 Sentiment Loss:0.397	Valence Loss:6.133	 Arousal Loss:0.0485	
[2025-11-19 17:22:42,819][run_task2&3_trainer_multilingual.py][line:1284][INFO] Epoch:[1/1]	 Batch:[1300/4840.0]	 Loss Sum:2.3064	forward Loss:1.0716;0.0905	 backward Loss:0.1043;0.5169	 Sentiment Loss:0.1009	Valence Loss:1.8816	 Arousal Loss:0.2301	
[2025-11-19 17:22:44,156][run_task2&3_trainer_multilingual.py][line:1284][INFO] Epoch:[1/1]	 Batch:[1310/4840.0]	 Loss Sum:10.2895	forward Loss:1.8604;2.7663	 backward Loss:3.3569;1.4284	 Sentiment Loss:0.0639	Valence Loss:0.4298	 Arousal Loss:3.6381	
[2025-11-19 17:22:45,492][run_task2&3_trainer_multilingual.py][line:1284][INFO] Epoch:[1/1]	 Batch:[1320/4840.0]	 Loss Sum:5.8102	forward Loss:2.4699;0.215	 backward Loss:0.3881;2.4915	 Sentiment Loss:0.0711	Valence Loss:0.1625	 Arousal Loss:0.7096	
[2025-11-19 17:22:46,828][run_task2&3_trainer_multilingual.py][line:1284][INFO] Epoch:[1/1]	 Batch:[1330/4840.0]	 Loss Sum:14.2843	forward Loss:3.9247;2.9374	 backward Loss:2.5751;4.5172	 Sentiment Loss:0.2797	Valence Loss:0.1338	 Arousal Loss:0.1173	
[2025-11-19 17:22:48,165][run_task2&3_trainer_multilingual.py][line:1284][INFO] Epoch:[1/1]	 Batch:[1340/4840.0]	 Loss Sum:6.312	forward Loss:2.6501;0.349	 backward Loss:1.2079;0.2435	 Sentiment Loss:1.7855	Valence Loss:0.0328	 Arousal Loss:0.3475	
[2025-11-19 17:22:49,502][run_task2&3_trainer_multilingual.py][line:1284][INFO] Epoch:[1/1]	 Batch:[1350/4840.0]	 Loss Sum:2.544	forward Loss:1.135;0.3435	 backward Loss:0.6238;0.2126	 Sentiment Loss:0.1429	Valence Loss:0.0982	 Arousal Loss:0.3322	
[2025-11-19 17:22:50,838][run_task2&3_trainer_multilingual.py][line:1284][INFO] Epoch:[1/1]	 Batch:[1360/4840.0]	 Loss Sum:8.7116	forward Loss:0.7036;2.7462	 backward Loss:3.827;0.7196	 Sentiment Loss:0.1014	Valence Loss:1.5215	 Arousal Loss:1.5471	
[2025-11-19 17:22:52,177][run_task2&3_trainer_multilingual.py][line:1284][INFO] Epoch:[1/1]	 Batch:[1370/4840.0]	 Loss Sum:5.8004	forward Loss:0.2946;0.9613	 backward Loss:2.3136;0.2385	 Sentiment Loss:1.1297	Valence Loss:3.9293	 Arousal Loss:0.3844	
[2025-11-19 17:22:53,516][run_task2&3_trainer_multilingual.py][line:1284][INFO] Epoch:[1/1]	 Batch:[1380/4840.0]	 Loss Sum:14.4555	forward Loss:0.1368;7.2759	 backward Loss:6.5509;0.3128	 Sentiment Loss:0.095	Valence Loss:0.2305	 Arousal Loss:0.1893	
[2025-11-19 17:22:54,855][run_task2&3_trainer_multilingual.py][line:1284][INFO] Epoch:[1/1]	 Batch:[1390/4840.0]	 Loss Sum:3.8692	forward Loss:0.8813;0.2973	 backward Loss:0.8516;0.2093	 Sentiment Loss:0.0312	Valence Loss:7.7197	 Arousal Loss:0.2729	
[2025-11-19 17:22:56,195][run_task2&3_trainer_multilingual.py][line:1284][INFO] Epoch:[1/1]	 Batch:[1400/4840.0]	 Loss Sum:1.889	forward Loss:0.3408;0.1051	 backward Loss:0.106;0.2914	 Sentiment Loss:0.0724	Valence Loss:4.1446	 Arousal Loss:0.7217	
[2025-11-19 17:22:57,533][run_task2&3_trainer_multilingual.py][line:1284][INFO] Epoch:[1/1]	 Batch:[1410/4840.0]	 Loss Sum:7.9265	forward Loss:1.3424;2.9832	 backward Loss:0.3913;1.0324	 Sentiment Loss:2.0532	Valence Loss:0.5366	 Arousal Loss:0.0839	
[2025-11-19 17:22:58,874][run_task2&3_trainer_multilingual.py][line:1284][INFO] Epoch:[1/1]	 Batch:[1420/4840.0]	 Loss Sum:30.0195	forward Loss:5.8801;8.3859	 backward Loss:9.3873;4.3709	 Sentiment Loss:1.1626	Valence Loss:3.7865	 Arousal Loss:0.3769	
[2025-11-19 17:23:00,226][run_task2&3_trainer_multilingual.py][line:1284][INFO] Epoch:[1/1]	 Batch:[1430/4840.0]	 Loss Sum:0.5939	forward Loss:0.0576;0.258	 backward Loss:0.1098;0.0456	 Sentiment Loss:0.0378	Valence Loss:0.1125	 Arousal Loss:0.3127	
[2025-11-19 17:23:01,562][run_task2&3_trainer_multilingual.py][line:1284][INFO] Epoch:[1/1]	 Batch:[1440/4840.0]	 Loss Sum:29.7378	forward Loss:0.3765;14.9844	 backward Loss:13.2341;0.4862	 Sentiment Loss:0.343	Valence Loss:1.519	 Arousal Loss:0.0495	
[2025-11-19 17:23:02,899][run_task2&3_trainer_multilingual.py][line:1284][INFO] Epoch:[1/1]	 Batch:[1450/4840.0]	 Loss Sum:4.0392	forward Loss:0.131;1.5023	 backward Loss:0.7044;0.1951	 Sentiment Loss:0.1392	Valence Loss:4.707	 Arousal Loss:2.1289	
[2025-11-19 17:23:04,238][run_task2&3_trainer_multilingual.py][line:1284][INFO] Epoch:[1/1]	 Batch:[1460/4840.0]	 Loss Sum:14.0658	forward Loss:5.2254;1.4478	 backward Loss:1.1869;3.1908	 Sentiment Loss:2.9315	Valence Loss:0.1636	 Arousal Loss:0.2531	
[2025-11-19 17:23:05,577][run_task2&3_trainer_multilingual.py][line:1284][INFO] Epoch:[1/1]	 Batch:[1470/4840.0]	 Loss Sum:10.2777	forward Loss:4.378;0.289	 backward Loss:0.1391;4.9366	 Sentiment Loss:0.4699	Valence Loss:0.1125	 Arousal Loss:0.2128	
[2025-11-19 17:23:06,916][run_task2&3_trainer_multilingual.py][line:1284][INFO] Epoch:[1/1]	 Batch:[1480/4840.0]	 Loss Sum:5.1363	forward Loss:2.3331;0.3317	 backward Loss:0.46;1.6927	 Sentiment Loss:0.055	Valence Loss:0.3581	 Arousal Loss:0.9602	
[2025-11-19 17:23:08,258][run_task2&3_trainer_multilingual.py][line:1284][INFO] Epoch:[1/1]	 Batch:[1490/4840.0]	 Loss Sum:1.7222	forward Loss:0.1052;1.0457	 backward Loss:0.3431;0.0849	 Sentiment Loss:0.0603	Valence Loss:0.2591	 Arousal Loss:0.1561	
[2025-11-19 17:23:09,596][run_task2&3_trainer_multilingual.py][line:1284][INFO] Epoch:[1/1]	 Batch:[1500/4840.0]	 Loss Sum:2.2606	forward Loss:0.1766;0.8058	 backward Loss:0.7065;0.1188	 Sentiment Loss:0.071	Valence Loss:1.2737	 Arousal Loss:0.6352	
[2025-11-19 17:23:10,934][run_task2&3_trainer_multilingual.py][line:1284][INFO] Epoch:[1/1]	 Batch:[1510/4840.0]	 Loss Sum:4.9439	forward Loss:0.3675;3.3497	 backward Loss:0.1942;0.1682	 Sentiment Loss:0.0219	Valence Loss:4.0775	 Arousal Loss:0.1346	
[2025-11-19 17:23:12,272][run_task2&3_trainer_multilingual.py][line:1284][INFO] Epoch:[1/1]	 Batch:[1520/4840.0]	 Loss Sum:2.8249	forward Loss:0.4231;0.6773	 backward Loss:0.469;0.4457	 Sentiment Loss:0.2995	Valence Loss:1.4826	 Arousal Loss:1.069	
[2025-11-19 17:23:13,604][run_task2&3_trainer_multilingual.py][line:1284][INFO] Epoch:[1/1]	 Batch:[1530/4840.0]	 Loss Sum:9.7429	forward Loss:0.248;3.4312	 backward Loss:5.4536;0.2657	 Sentiment Loss:0.0669	Valence Loss:0.1231	 Arousal Loss:1.2638	
[2025-11-19 17:23:14,935][run_task2&3_trainer_multilingual.py][line:1284][INFO] Epoch:[1/1]	 Batch:[1540/4840.0]	 Loss Sum:21.0192	forward Loss:10.5547;3.7698	 backward Loss:1.361;5.2147	 Sentiment Loss:0.0241	Valence Loss:0.4389	 Arousal Loss:0.0353	
[2025-11-19 17:23:16,265][run_task2&3_trainer_multilingual.py][line:1284][INFO] Epoch:[1/1]	 Batch:[1550/4840.0]	 Loss Sum:5.7091	forward Loss:0.0556;2.9307	 backward Loss:2.2631;0.0859	 Sentiment Loss:0.129	Valence Loss:0.5356	 Arousal Loss:0.6884	
[2025-11-19 17:23:17,596][run_task2&3_trainer_multilingual.py][line:1284][INFO] Epoch:[1/1]	 Batch:[1560/4840.0]	 Loss Sum:12.3845	forward Loss:3.6918;3.7056	 backward Loss:1.1382;3.2548	 Sentiment Loss:0.1133	Valence Loss:0.7711	 Arousal Loss:1.6332	
[2025-11-19 17:23:18,928][run_task2&3_trainer_multilingual.py][line:1284][INFO] Epoch:[1/1]	 Batch:[1570/4840.0]	 Loss Sum:10.994	forward Loss:0.2763;5.409	 backward Loss:4.5698;0.5366	 Sentiment Loss:0.1745	Valence Loss:0.0777	 Arousal Loss:0.0613	
[2025-11-19 17:23:20,258][run_task2&3_trainer_multilingual.py][line:1284][INFO] Epoch:[1/1]	 Batch:[1580/4840.0]	 Loss Sum:3.8886	forward Loss:1.9419;0.1326	 backward Loss:0.2003;1.485	 Sentiment Loss:0.0953	Valence Loss:0.0192	 Arousal Loss:0.1487	
[2025-11-19 17:23:21,590][run_task2&3_trainer_multilingual.py][line:1284][INFO] Epoch:[1/1]	 Batch:[1590/4840.0]	 Loss Sum:23.08	forward Loss:8.3682;0.4616	 backward Loss:0.2553;10.1349	 Sentiment Loss:2.7521	Valence Loss:3.163	 Arousal Loss:2.3773	
[2025-11-19 17:23:22,921][run_task2&3_trainer_multilingual.py][line:1284][INFO] Epoch:[1/1]	 Batch:[1600/4840.0]	 Loss Sum:0.5584	forward Loss:0.1579;0.0361	 backward Loss:0.0378;0.0471	 Sentiment Loss:0.0578	Valence Loss:0.6142	 Arousal Loss:0.4946	
[2025-11-19 17:23:24,253][run_task2&3_trainer_multilingual.py][line:1284][INFO] Epoch:[1/1]	 Batch:[1610/4840.0]	 Loss Sum:11.0647	forward Loss:0.5881;3.9712	 backward Loss:5.4081;0.5892	 Sentiment Loss:0.1982	Valence Loss:0.3492	 Arousal Loss:1.2006	
[2025-11-19 17:23:25,586][run_task2&3_trainer_multilingual.py][line:1284][INFO] Epoch:[1/1]	 Batch:[1620/4840.0]	 Loss Sum:21.5385	forward Loss:5.6983;1.5648	 backward Loss:2.4967;6.0957	 Sentiment Loss:5.4888	Valence Loss:0.113	 Arousal Loss:0.8584	
[2025-11-19 17:23:26,919][run_task2&3_trainer_multilingual.py][line:1284][INFO] Epoch:[1/1]	 Batch:[1630/4840.0]	 Loss Sum:2.7694	forward Loss:0.1134;0.613	 backward Loss:1.9341;0.042	 Sentiment Loss:0.0387	Valence Loss:0.0982	 Arousal Loss:0.0425	
[2025-11-19 17:23:28,251][run_task2&3_trainer_multilingual.py][line:1284][INFO] Epoch:[1/1]	 Batch:[1640/4840.0]	 Loss Sum:1.8237	forward Loss:0.157;0.5287	 backward Loss:0.5561;0.0516	 Sentiment Loss:0.0375	Valence Loss:0.4173	 Arousal Loss:2.0467	
[2025-11-19 17:23:29,585][run_task2&3_trainer_multilingual.py][line:1284][INFO] Epoch:[1/1]	 Batch:[1650/4840.0]	 Loss Sum:16.8113	forward Loss:3.6996;2.8032	 backward Loss:8.2289;1.2456	 Sentiment Loss:0.0916	Valence Loss:2.9765	 Arousal Loss:0.7351	
[2025-11-19 17:23:30,917][run_task2&3_trainer_multilingual.py][line:1284][INFO] Epoch:[1/1]	 Batch:[1660/4840.0]	 Loss Sum:5.7748	forward Loss:1.9749;0.7593	 backward Loss:0.6553;0.9144	 Sentiment Loss:0.9694	Valence Loss:2.4798	 Arousal Loss:0.0278	
[2025-11-19 17:23:32,248][run_task2&3_trainer_multilingual.py][line:1284][INFO] Epoch:[1/1]	 Batch:[1670/4840.0]	 Loss Sum:17.6641	forward Loss:1.0223;3.893	 backward Loss:10.5151;0.7837	 Sentiment Loss:0.3432	Valence Loss:5.0786	 Arousal Loss:0.4553	
[2025-11-19 17:23:33,579][run_task2&3_trainer_multilingual.py][line:1284][INFO] Epoch:[1/1]	 Batch:[1680/4840.0]	 Loss Sum:13.5953	forward Loss:3.151;2.7982	 backward Loss:5.5736;1.2351	 Sentiment Loss:0.1902	Valence Loss:2.9769	 Arousal Loss:0.2592	
[2025-11-19 17:23:34,911][run_task2&3_trainer_multilingual.py][line:1284][INFO] Epoch:[1/1]	 Batch:[1690/4840.0]	 Loss Sum:7.5529	forward Loss:2.7045;0.8556	 backward Loss:0.7713;2.8042	 Sentiment Loss:0.1039	Valence Loss:0.9476	 Arousal Loss:0.6199	
[2025-11-19 17:23:36,242][run_task2&3_trainer_multilingual.py][line:1284][INFO] Epoch:[1/1]	 Batch:[1700/4840.0]	 Loss Sum:23.5596	forward Loss:11.4525;0.5045	 backward Loss:0.8;9.1782	 Sentiment Loss:1.6058	Valence Loss:0.0686	 Arousal Loss:0.0247	
[2025-11-19 17:23:37,577][run_task2&3_trainer_multilingual.py][line:1284][INFO] Epoch:[1/1]	 Batch:[1710/4840.0]	 Loss Sum:21.9669	forward Loss:0.1523;12.2437	 backward Loss:7.9362;0.4621	 Sentiment Loss:0.1777	Valence Loss:2.9086	 Arousal Loss:2.0656	
[2025-11-19 17:23:38,915][run_task2&3_trainer_multilingual.py][line:1284][INFO] Epoch:[1/1]	 Batch:[1720/4840.0]	 Loss Sum:0.4855	forward Loss:0.0835;0.1265	 backward Loss:0.1443;0.053	 Sentiment Loss:0.0593	Valence Loss:0.0344	 Arousal Loss:0.0597	
[2025-11-19 17:23:40,253][run_task2&3_trainer_multilingual.py][line:1284][INFO] Epoch:[1/1]	 Batch:[1730/4840.0]	 Loss Sum:2.6861	forward Loss:0.2839;0.7909	 backward Loss:0.7094;0.2391	 Sentiment Loss:0.5016	Valence Loss:0.629	 Arousal Loss:0.1767	
[2025-11-19 17:23:41,592][run_task2&3_trainer_multilingual.py][line:1284][INFO] Epoch:[1/1]	 Batch:[1740/4840.0]	 Loss Sum:3.5955	forward Loss:0.6006;0.8113	 backward Loss:0.3667;0.6646	 Sentiment Loss:0.1673	Valence Loss:3.6549	 Arousal Loss:1.2696	
[2025-11-19 17:23:42,929][run_task2&3_trainer_multilingual.py][line:1284][INFO] Epoch:[1/1]	 Batch:[1750/4840.0]	 Loss Sum:3.6897	forward Loss:0.3371;0.0549	 backward Loss:0.052;0.4738	 Sentiment Loss:2.6567	Valence Loss:0.5264	 Arousal Loss:0.0491	
[2025-11-19 17:23:44,267][run_task2&3_trainer_multilingual.py][line:1284][INFO] Epoch:[1/1]	 Batch:[1760/4840.0]	 Loss Sum:6.0864	forward Loss:0.1018;0.2378	 backward Loss:0.1888;0.3474	 Sentiment Loss:4.1456	Valence Loss:2.1501	 Arousal Loss:3.1747	
[2025-11-19 17:23:45,604][run_task2&3_trainer_multilingual.py][line:1284][INFO] Epoch:[1/1]	 Batch:[1770/4840.0]	 Loss Sum:25.1971	forward Loss:1.5168;12.4536	 backward Loss:9.6146;1.1226	 Sentiment Loss:0.3927	Valence Loss:0.363	 Arousal Loss:0.1209	
[2025-11-19 17:23:46,942][run_task2&3_trainer_multilingual.py][line:1284][INFO] Epoch:[1/1]	 Batch:[1780/4840.0]	 Loss Sum:3.2195	forward Loss:0.5178;0.3332	 backward Loss:0.5415;0.9705	 Sentiment Loss:0.7658	Valence Loss:0.1266	 Arousal Loss:0.3271	
[2025-11-19 17:23:48,279][run_task2&3_trainer_multilingual.py][line:1284][INFO] Epoch:[1/1]	 Batch:[1790/4840.0]	 Loss Sum:18.1205	forward Loss:3.3316;5.2354	 backward Loss:6.8063;2.3464	 Sentiment Loss:0.0435	Valence Loss:1.1494	 Arousal Loss:0.6373	
[2025-11-19 17:23:49,611][run_task2&3_trainer_multilingual.py][line:1284][INFO] Epoch:[1/1]	 Batch:[1800/4840.0]	 Loss Sum:2.1204	forward Loss:0.1055;0.2404	 backward Loss:0.2303;0.2639	 Sentiment Loss:0.9257	Valence Loss:0.0437	 Arousal Loss:1.7298	
[2025-11-19 17:23:50,942][run_task2&3_trainer_multilingual.py][line:1284][INFO] Epoch:[1/1]	 Batch:[1810/4840.0]	 Loss Sum:2.6642	forward Loss:0.1556;1.4176	 backward Loss:0.9597;0.0782	 Sentiment Loss:0.0383	Valence Loss:0.0153	 Arousal Loss:0.0586	
[2025-11-19 17:23:52,275][run_task2&3_trainer_multilingual.py][line:1284][INFO] Epoch:[1/1]	 Batch:[1820/4840.0]	 Loss Sum:1.1832	forward Loss:0.0896;0.4366	 backward Loss:0.38;0.0661	 Sentiment Loss:0.0286	Valence Loss:0.5919	 Arousal Loss:0.3197	
[2025-11-19 17:23:53,606][run_task2&3_trainer_multilingual.py][line:1284][INFO] Epoch:[1/1]	 Batch:[1830/4840.0]	 Loss Sum:10.729	forward Loss:0.4541;0.4794	 backward Loss:0.1578;0.5378	 Sentiment Loss:9.081	Valence Loss:0.0884	 Arousal Loss:0.0061	
[2025-11-19 17:23:54,938][run_task2&3_trainer_multilingual.py][line:1284][INFO] Epoch:[1/1]	 Batch:[1840/4840.0]	 Loss Sum:4.0218	forward Loss:0.7864;0.2385	 backward Loss:0.3227;1.1975	 Sentiment Loss:1.2107	Valence Loss:1.2661	 Arousal Loss:0.0639	
[2025-11-19 17:23:56,272][run_task2&3_trainer_multilingual.py][line:1284][INFO] Epoch:[1/1]	 Batch:[1850/4840.0]	 Loss Sum:33.0038	forward Loss:6.7281;6.9851	 backward Loss:4.9372;9.9579	 Sentiment Loss:4.375	Valence Loss:0.0683	 Arousal Loss:0.0344	
[2025-11-19 17:23:57,606][run_task2&3_trainer_multilingual.py][line:1284][INFO] Epoch:[1/1]	 Batch:[1860/4840.0]	 Loss Sum:3.6157	forward Loss:0.0371;0.4584	 backward Loss:0.3733;0.0266	 Sentiment Loss:2.5631	Valence Loss:0.6223	 Arousal Loss:0.1638	
[2025-11-19 17:23:58,939][run_task2&3_trainer_multilingual.py][line:1284][INFO] Epoch:[1/1]	 Batch:[1870/4840.0]	 Loss Sum:3.8639	forward Loss:0.2539;2.4042	 backward Loss:0.7617;0.1472	 Sentiment Loss:0.0846	Valence Loss:0.2043	 Arousal Loss:0.8578	
[2025-11-19 17:24:00,272][run_task2&3_trainer_multilingual.py][line:1284][INFO] Epoch:[1/1]	 Batch:[1880/4840.0]	 Loss Sum:10.7351	forward Loss:4.0025;1.0583	 backward Loss:0.8152;2.5649	 Sentiment Loss:2.2664	Valence Loss:0.0633	 Arousal Loss:0.0764	
[2025-11-19 17:24:01,605][run_task2&3_trainer_multilingual.py][line:1284][INFO] Epoch:[1/1]	 Batch:[1890/4840.0]	 Loss Sum:15.9882	forward Loss:1.9351;5.9367	 backward Loss:7.1469;0.6234	 Sentiment Loss:0.0873	Valence Loss:0.5569	 Arousal Loss:0.7368	
[2025-11-19 17:24:02,938][run_task2&3_trainer_multilingual.py][line:1284][INFO] Epoch:[1/1]	 Batch:[1900/4840.0]	 Loss Sum:7.8916	forward Loss:0.6902;1.1717	 backward Loss:0.9113;0.4517	 Sentiment Loss:4.1712	Valence Loss:1.6328	 Arousal Loss:0.8451	
[2025-11-19 17:24:04,270][run_task2&3_trainer_multilingual.py][line:1284][INFO] Epoch:[1/1]	 Batch:[1910/4840.0]	 Loss Sum:13.57	forward Loss:4.8699;1.3584	 backward Loss:4.2959;2.4142	 Sentiment Loss:0.2072	Valence Loss:1.6789	 Arousal Loss:0.443	
[2025-11-19 17:24:05,604][run_task2&3_trainer_multilingual.py][line:1284][INFO] Epoch:[1/1]	 Batch:[1920/4840.0]	 Loss Sum:5.6822	forward Loss:0.0864;2.1313	 backward Loss:0.8297;0.0888	 Sentiment Loss:2.2218	Valence Loss:1.4779	 Arousal Loss:0.143	
[2025-11-19 17:24:06,936][run_task2&3_trainer_multilingual.py][line:1284][INFO] Epoch:[1/1]	 Batch:[1930/4840.0]	 Loss Sum:0.9766	forward Loss:0.0637;0.3048	 backward Loss:0.1192;0.0383	 Sentiment Loss:0.432	Valence Loss:0.0593	 Arousal Loss:0.0341	
[2025-11-19 17:24:08,268][run_task2&3_trainer_multilingual.py][line:1284][INFO] Epoch:[1/1]	 Batch:[1940/4840.0]	 Loss Sum:15.7157	forward Loss:7.1018;0.5443	 backward Loss:0.2541;5.9971	 Sentiment Loss:1.0506	Valence Loss:2.9273	 Arousal Loss:0.9114	
[2025-11-19 17:24:09,601][run_task2&3_trainer_multilingual.py][line:1284][INFO] Epoch:[1/1]	 Batch:[1950/4840.0]	 Loss Sum:11.5772	forward Loss:0.788;3.7983	 backward Loss:3.1618;0.5127	 Sentiment Loss:3.2863	Valence Loss:0.1112	 Arousal Loss:0.0388	
[2025-11-19 17:24:10,932][run_task2&3_trainer_multilingual.py][line:1284][INFO] Epoch:[1/1]	 Batch:[1960/4840.0]	 Loss Sum:1.6593	forward Loss:0.0174;0.7465	 backward Loss:0.2199;0.0316	 Sentiment Loss:0.3588	Valence Loss:1.3854	 Arousal Loss:0.0412	
[2025-11-19 17:24:12,266][run_task2&3_trainer_multilingual.py][line:1284][INFO] Epoch:[1/1]	 Batch:[1970/4840.0]	 Loss Sum:37.826	forward Loss:12.011;1.3013	 backward Loss:0.7944;18.9174	 Sentiment Loss:3.584	Valence Loss:3.1313	 Arousal Loss:2.9581	
[2025-11-19 17:24:13,599][run_task2&3_trainer_multilingual.py][line:1284][INFO] Epoch:[1/1]	 Batch:[1980/4840.0]	 Loss Sum:1.4794	forward Loss:0.039;0.4295	 backward Loss:0.5016;0.0667	 Sentiment Loss:0.0575	Valence Loss:1.4792	 Arousal Loss:0.4464	
[2025-11-19 17:24:14,933][run_task2&3_trainer_multilingual.py][line:1284][INFO] Epoch:[1/1]	 Batch:[1990/4840.0]	 Loss Sum:10.2117	forward Loss:2.2049;2.6727	 backward Loss:1.4081;2.627	 Sentiment Loss:0.7613	Valence Loss:2.4001	 Arousal Loss:0.2884	
[2025-11-19 17:24:16,266][run_task2&3_trainer_multilingual.py][line:1284][INFO] Epoch:[1/1]	 Batch:[2000/4840.0]	 Loss Sum:17.4112	forward Loss:4.9163;2.4626	 backward Loss:3.7384;6.0088	 Sentiment Loss:0.0816	Valence Loss:0.5858	 Arousal Loss:0.4312	
[2025-11-19 17:24:17,600][run_task2&3_trainer_multilingual.py][line:1284][INFO] Epoch:[1/1]	 Batch:[2010/4840.0]	 Loss Sum:11.1493	forward Loss:4.3872;0.4056	 backward Loss:0.1264;5.9748	 Sentiment Loss:0.2125	Valence Loss:0.187	 Arousal Loss:0.0272	
[2025-11-19 17:24:18,932][run_task2&3_trainer_multilingual.py][line:1284][INFO] Epoch:[1/1]	 Batch:[2020/4840.0]	 Loss Sum:0.9521	forward Loss:0.433;0.0854	 backward Loss:0.0908;0.1337	 Sentiment Loss:0.1073	Valence Loss:0.3124	 Arousal Loss:0.1969	
[2025-11-19 17:24:20,264][run_task2&3_trainer_multilingual.py][line:1284][INFO] Epoch:[1/1]	 Batch:[2030/4840.0]	 Loss Sum:3.1185	forward Loss:1.44;0.1422	 backward Loss:0.0975;0.7182	 Sentiment Loss:0.2675	Valence Loss:1.8925	 Arousal Loss:0.3732	
[2025-11-19 17:24:21,598][run_task2&3_trainer_multilingual.py][line:1284][INFO] Epoch:[1/1]	 Batch:[2040/4840.0]	 Loss Sum:21.4014	forward Loss:8.7599;0.7182	 backward Loss:2.1545;8.4223	 Sentiment Loss:0.5991	Valence Loss:2.9819	 Arousal Loss:0.7555	
[2025-11-19 17:24:22,930][run_task2&3_trainer_multilingual.py][line:1284][INFO] Epoch:[1/1]	 Batch:[2050/4840.0]	 Loss Sum:8.5383	forward Loss:0.4706;3.0388	 backward Loss:3.5134;1.0177	 Sentiment Loss:0.3524	Valence Loss:0.2268	 Arousal Loss:0.4999	
[2025-11-19 17:24:24,264][run_task2&3_trainer_multilingual.py][line:1284][INFO] Epoch:[1/1]	 Batch:[2060/4840.0]	 Loss Sum:6.8909	forward Loss:0.2779;4.6481	 backward Loss:1.5667;0.1802	 Sentiment Loss:0.1398	Valence Loss:0.0242	 Arousal Loss:0.3676	
[2025-11-19 17:24:25,597][run_task2&3_trainer_multilingual.py][line:1284][INFO] Epoch:[1/1]	 Batch:[2070/4840.0]	 Loss Sum:8.0433	forward Loss:2.0657;1.8955	 backward Loss:1.3366;1.9334	 Sentiment Loss:0.0758	Valence Loss:2.4964	 Arousal Loss:1.1855	
[2025-11-19 17:24:26,930][run_task2&3_trainer_multilingual.py][line:1284][INFO] Epoch:[1/1]	 Batch:[2080/4840.0]	 Loss Sum:6.0874	forward Loss:3.0305;1.0767	 backward Loss:0.9209;0.7467	 Sentiment Loss:0.1321	Valence Loss:0.8503	 Arousal Loss:0.0525	
[2025-11-19 17:24:28,263][run_task2&3_trainer_multilingual.py][line:1284][INFO] Epoch:[1/1]	 Batch:[2090/4840.0]	 Loss Sum:0.6095	forward Loss:0.04;0.0867	 backward Loss:0.092;0.0489	 Sentiment Loss:0.1326	Valence Loss:0.9001	 Arousal Loss:0.1462	
[2025-11-19 17:24:29,594][run_task2&3_trainer_multilingual.py][line:1284][INFO] Epoch:[1/1]	 Batch:[2100/4840.0]	 Loss Sum:4.7246	forward Loss:0.2247;0.6447	 backward Loss:0.7155;0.1848	 Sentiment Loss:2.8603	Valence Loss:0.3315	 Arousal Loss:0.1407	
[2025-11-19 17:24:30,929][run_task2&3_trainer_multilingual.py][line:1284][INFO] Epoch:[1/1]	 Batch:[2110/4840.0]	 Loss Sum:8.4184	forward Loss:2.2042;1.1786	 backward Loss:2.3807;1.7335	 Sentiment Loss:0.1687	Valence Loss:2.6834	 Arousal Loss:1.0796	
[2025-11-19 17:24:32,262][run_task2&3_trainer_multilingual.py][line:1284][INFO] Epoch:[1/1]	 Batch:[2120/4840.0]	 Loss Sum:1.3703	forward Loss:0.017;0.1872	 backward Loss:0.1357;0.0186	 Sentiment Loss:0.147	Valence Loss:3.2827	 Arousal Loss:1.0414	
[2025-11-19 17:24:33,594][run_task2&3_trainer_multilingual.py][line:1284][INFO] Epoch:[1/1]	 Batch:[2130/4840.0]	 Loss Sum:4.976	forward Loss:1.0335;1.5065	 backward Loss:0.7866;0.4035	 Sentiment Loss:1.0773	Valence Loss:0.6198	 Arousal Loss:0.2235	
[2025-11-19 17:24:34,928][run_task2&3_trainer_multilingual.py][line:1284][INFO] Epoch:[1/1]	 Batch:[2140/4840.0]	 Loss Sum:30.307	forward Loss:6.531;6.9199	 backward Loss:7.579;8.1856	 Sentiment Loss:0.4868	Valence Loss:1.6351	 Arousal Loss:1.3886	
[2025-11-19 17:24:36,260][run_task2&3_trainer_multilingual.py][line:1284][INFO] Epoch:[1/1]	 Batch:[2150/4840.0]	 Loss Sum:0.9244	forward Loss:0.2718;0.0371	 backward Loss:0.1849;0.2891	 Sentiment Loss:0.0755	Valence Loss:0.1595	 Arousal Loss:0.1707	
[2025-11-19 17:24:37,594][run_task2&3_trainer_multilingual.py][line:1284][INFO] Epoch:[1/1]	 Batch:[2160/4840.0]	 Loss Sum:4.0838	forward Loss:1.4341;0.8178	 backward Loss:1.3239;0.4262	 Sentiment Loss:0.029	Valence Loss:0.0502	 Arousal Loss:0.2139	
[2025-11-19 17:24:38,926][run_task2&3_trainer_multilingual.py][line:1284][INFO] Epoch:[1/1]	 Batch:[2170/4840.0]	 Loss Sum:17.0134	forward Loss:6.9519;1.9319	 backward Loss:4.0689;3.9256	 Sentiment Loss:0.0601	Valence Loss:0.3616	 Arousal Loss:0.0132	
[2025-11-19 17:24:40,258][run_task2&3_trainer_multilingual.py][line:1284][INFO] Epoch:[1/1]	 Batch:[2180/4840.0]	 Loss Sum:1.3662	forward Loss:0.1913;0.3816	 backward Loss:0.4294;0.153	 Sentiment Loss:0.1573	Valence Loss:0.0945	 Arousal Loss:0.1733	
[2025-11-19 17:24:41,591][run_task2&3_trainer_multilingual.py][line:1284][INFO] Epoch:[1/1]	 Batch:[2190/4840.0]	 Loss Sum:4.3264	forward Loss:0.3285;0.4737	 backward Loss:2.3514;0.5349	 Sentiment Loss:0.0205	Valence Loss:3.0574	 Arousal Loss:0.0292	
[2025-11-19 17:24:42,923][run_task2&3_trainer_multilingual.py][line:1284][INFO] Epoch:[1/1]	 Batch:[2200/4840.0]	 Loss Sum:7.2002	forward Loss:0.2609;0.105	 backward Loss:0.1385;0.1199	 Sentiment Loss:6.398	Valence Loss:0.5016	 Arousal Loss:0.388	
[2025-11-19 17:24:44,256][run_task2&3_trainer_multilingual.py][line:1284][INFO] Epoch:[1/1]	 Batch:[2210/4840.0]	 Loss Sum:3.7379	forward Loss:0.047;2.3168	 backward Loss:1.1874;0.0513	 Sentiment Loss:0.0369	Valence Loss:0.2547	 Arousal Loss:0.2377	
[2025-11-19 17:24:45,589][run_task2&3_trainer_multilingual.py][line:1284][INFO] Epoch:[1/1]	 Batch:[2220/4840.0]	 Loss Sum:0.6476	forward Loss:0.1009;0.1087	 backward Loss:0.0377;0.1116	 Sentiment Loss:0.1266	Valence Loss:0.539	 Arousal Loss:0.2716	
[2025-11-19 17:24:46,921][run_task2&3_trainer_multilingual.py][line:1284][INFO] Epoch:[1/1]	 Batch:[2230/4840.0]	 Loss Sum:1.1881	forward Loss:0.0972;0.1199	 backward Loss:0.0921;0.0407	 Sentiment Loss:0.0649	Valence Loss:2.5155	 Arousal Loss:1.3512	
[2025-11-19 17:24:48,255][run_task2&3_trainer_multilingual.py][line:1284][INFO] Epoch:[1/1]	 Batch:[2240/4840.0]	 Loss Sum:6.405	forward Loss:0.452;0.8741	 backward Loss:0.644;3.7208	 Sentiment Loss:0.2093	Valence Loss:1.3267	 Arousal Loss:1.1977	
[2025-11-19 17:24:49,587][run_task2&3_trainer_multilingual.py][line:1284][INFO] Epoch:[1/1]	 Batch:[2250/4840.0]	 Loss Sum:1.4007	forward Loss:0.5175;0.1149	 backward Loss:0.2663;0.29	 Sentiment Loss:0.0778	Valence Loss:0.4718	 Arousal Loss:0.1988	
[2025-11-19 17:24:50,921][run_task2&3_trainer_multilingual.py][line:1284][INFO] Epoch:[1/1]	 Batch:[2260/4840.0]	 Loss Sum:16.4807	forward Loss:2.238;5.2981	 backward Loss:6.7922;2.0368	 Sentiment Loss:0.076	Valence Loss:0.1818	 Arousal Loss:0.0165	
[2025-11-19 17:24:52,253][run_task2&3_trainer_multilingual.py][line:1284][INFO] Epoch:[1/1]	 Batch:[2270/4840.0]	 Loss Sum:23.2125	forward Loss:12.6312;0.8314	 backward Loss:0.6632;8.7989	 Sentiment Loss:0.2072	Valence Loss:0.204	 Arousal Loss:0.1989	
[2025-11-19 17:24:53,586][run_task2&3_trainer_multilingual.py][line:1284][INFO] Epoch:[1/1]	 Batch:[2280/4840.0]	 Loss Sum:6.5976	forward Loss:1.7049;2.1009	 backward Loss:1.1872;0.6568	 Sentiment Loss:0.9272	Valence Loss:0.0351	 Arousal Loss:0.0682	
[2025-11-19 17:24:54,919][run_task2&3_trainer_multilingual.py][line:1284][INFO] Epoch:[1/1]	 Batch:[2290/4840.0]	 Loss Sum:12.2023	forward Loss:3.3257;2.2276	 backward Loss:5.1706;1.2563	 Sentiment Loss:0.1911	Valence Loss:0.146	 Arousal Loss:0.0087	
[2025-11-19 17:24:56,253][run_task2&3_trainer_multilingual.py][line:1284][INFO] Epoch:[1/1]	 Batch:[2300/4840.0]	 Loss Sum:1.6623	forward Loss:0.1164;0.1078	 backward Loss:0.0711;0.1738	 Sentiment Loss:0.0984	Valence Loss:3.2371	 Arousal Loss:2.2365	
[2025-11-19 17:24:57,587][run_task2&3_trainer_multilingual.py][line:1284][INFO] Epoch:[1/1]	 Batch:[2310/4840.0]	 Loss Sum:4.7298	forward Loss:1.1532;1.1083	 backward Loss:1.536;0.4124	 Sentiment Loss:0.428	Valence Loss:0.3404	 Arousal Loss:0.1192	
[2025-11-19 17:24:58,920][run_task2&3_trainer_multilingual.py][line:1284][INFO] Epoch:[1/1]	 Batch:[2320/4840.0]	 Loss Sum:15.9509	forward Loss:5.6411;2.4741	 backward Loss:0.5693;7.2282	 Sentiment Loss:0.0152	Valence Loss:0.0778	 Arousal Loss:0.0368	
[2025-11-19 17:25:00,252][run_task2&3_trainer_multilingual.py][line:1284][INFO] Epoch:[1/1]	 Batch:[2330/4840.0]	 Loss Sum:4.7479	forward Loss:0.503;0.9953	 backward Loss:1.624;0.5216	 Sentiment Loss:1.0745	Valence Loss:0.0954	 Arousal Loss:0.0517	
[2025-11-19 17:25:01,588][run_task2&3_trainer_multilingual.py][line:1284][INFO] Epoch:[1/1]	 Batch:[2340/4840.0]	 Loss Sum:8.5192	forward Loss:1.7924;1.0725	 backward Loss:1.434;3.8744	 Sentiment Loss:0.2975	Valence Loss:0.1385	 Arousal Loss:0.1032	
[2025-11-19 17:25:02,920][run_task2&3_trainer_multilingual.py][line:1284][INFO] Epoch:[1/1]	 Batch:[2350/4840.0]	 Loss Sum:7.7848	forward Loss:0.2961;5.5434	 backward Loss:1.3613;0.4372	 Sentiment Loss:0.0394	Valence Loss:0.3336	 Arousal Loss:0.2033	
[2025-11-19 17:25:04,250][run_task2&3_trainer_multilingual.py][line:1284][INFO] Epoch:[1/1]	 Batch:[2360/4840.0]	 Loss Sum:26.5154	forward Loss:10.9854;1.2789	 backward Loss:0.6938;13.2376	 Sentiment Loss:0.1565	Valence Loss:0.6541	 Arousal Loss:0.1624	
[2025-11-19 17:25:05,579][run_task2&3_trainer_multilingual.py][line:1284][INFO] Epoch:[1/1]	 Batch:[2370/4840.0]	 Loss Sum:8.7873	forward Loss:2.3575;1.1157	 backward Loss:0.6976;4.1728	 Sentiment Loss:0.2141	Valence Loss:0.9184	 Arousal Loss:0.2291	
[2025-11-19 17:25:06,907][run_task2&3_trainer_multilingual.py][line:1284][INFO] Epoch:[1/1]	 Batch:[2380/4840.0]	 Loss Sum:33.2138	forward Loss:8.4655;4.5397	 backward Loss:18.1485;1.7951	 Sentiment Loss:0.058	Valence Loss:0.4561	 Arousal Loss:0.5786	
[2025-11-19 17:25:08,235][run_task2&3_trainer_multilingual.py][line:1284][INFO] Epoch:[1/1]	 Batch:[2390/4840.0]	 Loss Sum:6.5776	forward Loss:0.4572;2.1992	 backward Loss:2.5707;0.6051	 Sentiment Loss:0.5359	Valence Loss:1.0212	 Arousal Loss:0.0265	
[2025-11-19 17:25:09,565][run_task2&3_trainer_multilingual.py][line:1284][INFO] Epoch:[1/1]	 Batch:[2400/4840.0]	 Loss Sum:8.9088	forward Loss:4.787;0.3698	 backward Loss:0.5073;3.0767	 Sentiment Loss:0.0507	Valence Loss:0.4904	 Arousal Loss:0.0962	
[2025-11-19 17:25:10,894][run_task2&3_trainer_multilingual.py][line:1284][INFO] Epoch:[1/1]	 Batch:[2410/4840.0]	 Loss Sum:9.7592	forward Loss:4.8122;0.8188	 backward Loss:0.8665;1.2796	 Sentiment Loss:0.7717	Valence Loss:5.2075	 Arousal Loss:0.8442	
[2025-11-19 17:25:12,224][run_task2&3_trainer_multilingual.py][line:1284][INFO] Epoch:[1/1]	 Batch:[2420/4840.0]	 Loss Sum:1.3132	forward Loss:0.295;0.1188	 backward Loss:0.0444;0.2939	 Sentiment Loss:0.3749	Valence Loss:0.246	 Arousal Loss:0.6849	
[2025-11-19 17:25:13,554][run_task2&3_trainer_multilingual.py][line:1284][INFO] Epoch:[1/1]	 Batch:[2430/4840.0]	 Loss Sum:0.9577	forward Loss:0.3099;0.2014	 backward Loss:0.0352;0.0947	 Sentiment Loss:0.2163	Valence Loss:0.4772	 Arousal Loss:0.0234	
[2025-11-19 17:25:14,885][run_task2&3_trainer_multilingual.py][line:1284][INFO] Epoch:[1/1]	 Batch:[2440/4840.0]	 Loss Sum:2.7419	forward Loss:0.5094;0.5342	 backward Loss:1.4541;0.0684	 Sentiment Loss:0.0389	Valence Loss:0.5421	 Arousal Loss:0.1424	
[2025-11-19 17:25:16,217][run_task2&3_trainer_multilingual.py][line:1284][INFO] Epoch:[1/1]	 Batch:[2450/4840.0]	 Loss Sum:1.3936	forward Loss:0.3276;0.3222	 backward Loss:0.1301;0.5091	 Sentiment Loss:0.0443	Valence Loss:0.0743	 Arousal Loss:0.2269	
[2025-11-19 17:25:17,547][run_task2&3_trainer_multilingual.py][line:1284][INFO] Epoch:[1/1]	 Batch:[2460/4840.0]	 Loss Sum:1.4458	forward Loss:0.4806;0.2141	 backward Loss:0.2962;0.3457	 Sentiment Loss:0.0396	Valence Loss:0.0429	 Arousal Loss:0.3047	
[2025-11-19 17:25:18,878][run_task2&3_trainer_multilingual.py][line:1284][INFO] Epoch:[1/1]	 Batch:[2470/4840.0]	 Loss Sum:2.786	forward Loss:0.3423;1.053	 backward Loss:0.7067;0.305	 Sentiment Loss:0.0961	Valence Loss:1.0923	 Arousal Loss:0.3219	
[2025-11-19 17:25:20,209][run_task2&3_trainer_multilingual.py][line:1284][INFO] Epoch:[1/1]	 Batch:[2480/4840.0]	 Loss Sum:2.8974	forward Loss:0.2226;0.1529	 backward Loss:0.0992;0.2623	 Sentiment Loss:2.0866	Valence Loss:0.0392	 Arousal Loss:0.3293	
[2025-11-19 17:25:21,539][run_task2&3_trainer_multilingual.py][line:1284][INFO] Epoch:[1/1]	 Batch:[2490/4840.0]	 Loss Sum:2.6122	forward Loss:0.3274;0.0879	 backward Loss:1.1778;0.3329	 Sentiment Loss:0.6577	Valence Loss:0.0633	 Arousal Loss:0.0788	
[2025-11-19 17:25:22,869][run_task2&3_trainer_multilingual.py][line:1284][INFO] Epoch:[1/1]	 Batch:[2500/4840.0]	 Loss Sum:16.0466	forward Loss:0.4937;6.0056	 backward Loss:6.5597;2.8262	 Sentiment Loss:0.1282	Valence Loss:0.0191	 Arousal Loss:0.1467	
[2025-11-19 17:25:24,200][run_task2&3_trainer_multilingual.py][line:1284][INFO] Epoch:[1/1]	 Batch:[2510/4840.0]	 Loss Sum:1.0082	forward Loss:0.259;0.1857	 backward Loss:0.1908;0.1805	 Sentiment Loss:0.018	Valence Loss:0.1342	 Arousal Loss:0.7368	
[2025-11-19 17:25:25,530][run_task2&3_trainer_multilingual.py][line:1284][INFO] Epoch:[1/1]	 Batch:[2520/4840.0]	 Loss Sum:11.7007	forward Loss:0.1998;4.8728	 backward Loss:6.4166;0.1532	 Sentiment Loss:0.0245	Valence Loss:0.0576	 Arousal Loss:0.1113	
[2025-11-19 17:25:26,863][run_task2&3_trainer_multilingual.py][line:1284][INFO] Epoch:[1/1]	 Batch:[2530/4840.0]	 Loss Sum:1.0025	forward Loss:0.1262;0.2439	 backward Loss:0.3221;0.0989	 Sentiment Loss:0.0172	Valence Loss:0.5684	 Arousal Loss:0.4032	
[2025-11-19 17:25:28,194][run_task2&3_trainer_multilingual.py][line:1284][INFO] Epoch:[1/1]	 Batch:[2540/4840.0]	 Loss Sum:1.7943	forward Loss:0.2944;0.5855	 backward Loss:0.1408;0.6926	 Sentiment Loss:0.0318	Valence Loss:0.0283	 Arousal Loss:0.2173	
[2025-11-19 17:25:29,529][run_task2&3_trainer_multilingual.py][line:1284][INFO] Epoch:[1/1]	 Batch:[2550/4840.0]	 Loss Sum:3.3129	forward Loss:0.0932;1.2316	 backward Loss:1.1817;0.0717	 Sentiment Loss:0.6195	Valence Loss:0.0778	 Arousal Loss:0.4981	
[2025-11-19 17:25:30,862][run_task2&3_trainer_multilingual.py][line:1284][INFO] Epoch:[1/1]	 Batch:[2560/4840.0]	 Loss Sum:17.9764	forward Loss:0.1872;8.1918	 backward Loss:7.8291;0.1121	 Sentiment Loss:1.5726	Valence Loss:0.0584	 Arousal Loss:0.3601	
[2025-11-19 17:25:32,193][run_task2&3_trainer_multilingual.py][line:1284][INFO] Epoch:[1/1]	 Batch:[2570/4840.0]	 Loss Sum:8.5063	forward Loss:0.1015;1.0142	 backward Loss:0.3834;0.0918	 Sentiment Loss:6.8439	Valence Loss:0.2176	 Arousal Loss:0.1398	
[2025-11-19 17:25:33,525][run_task2&3_trainer_multilingual.py][line:1284][INFO] Epoch:[1/1]	 Batch:[2580/4840.0]	 Loss Sum:6.3042	forward Loss:0.3092;1.5695	 backward Loss:3.3303;0.5908	 Sentiment Loss:0.4751	Valence Loss:0.0826	 Arousal Loss:0.0637	
[2025-11-19 17:25:34,854][run_task2&3_trainer_multilingual.py][line:1284][INFO] Epoch:[1/1]	 Batch:[2590/4840.0]	 Loss Sum:6.2368	forward Loss:0.7988;1.5656	 backward Loss:0.2796;0.767	 Sentiment Loss:2.2684	Valence Loss:1.5709	 Arousal Loss:1.2159	
[2025-11-19 17:25:36,183][run_task2&3_trainer_multilingual.py][line:1284][INFO] Epoch:[1/1]	 Batch:[2600/4840.0]	 Loss Sum:0.4922	forward Loss:0.0159;0.0674	 backward Loss:0.0356;0.012	 Sentiment Loss:0.1236	Valence Loss:0.92	 Arousal Loss:0.2684	
[2025-11-19 17:25:37,512][run_task2&3_trainer_multilingual.py][line:1284][INFO] Epoch:[1/1]	 Batch:[2610/4840.0]	 Loss Sum:2.2022	forward Loss:0.2204;0.4996	 backward Loss:0.5585;0.4925	 Sentiment Loss:0.3794	Valence Loss:0.051	 Arousal Loss:0.2082	
[2025-11-19 17:25:38,844][run_task2&3_trainer_multilingual.py][line:1284][INFO] Epoch:[1/1]	 Batch:[2620/4840.0]	 Loss Sum:19.601	forward Loss:6.0339;3.088	 backward Loss:6.5818;2.7124	 Sentiment Loss:0.1797	Valence Loss:4.8582	 Arousal Loss:0.1682	
[2025-11-19 17:25:40,175][run_task2&3_trainer_multilingual.py][line:1284][INFO] Epoch:[1/1]	 Batch:[2630/4840.0]	 Loss Sum:0.5501	forward Loss:0.0621;0.0368	 backward Loss:0.0373;0.0798	 Sentiment Loss:0.0873	Valence Loss:1.2023	 Arousal Loss:0.0315	
[2025-11-19 17:25:41,504][run_task2&3_trainer_multilingual.py][line:1284][INFO] Epoch:[1/1]	 Batch:[2640/4840.0]	 Loss Sum:4.0332	forward Loss:0.1555;1.3941	 backward Loss:2.2922;0.1019	 Sentiment Loss:0.0703	Valence Loss:0.0714	 Arousal Loss:0.0245	
[2025-11-19 17:25:42,834][run_task2&3_trainer_multilingual.py][line:1284][INFO] Epoch:[1/1]	 Batch:[2650/4840.0]	 Loss Sum:15.5397	forward Loss:3.1128;2.4412	 backward Loss:1.9571;5.2413	 Sentiment Loss:0.0848	Valence Loss:12.9619	 Arousal Loss:0.551	
[2025-11-19 17:25:44,163][run_task2&3_trainer_multilingual.py][line:1284][INFO] Epoch:[1/1]	 Batch:[2660/4840.0]	 Loss Sum:3.7589	forward Loss:1.1085;0.4509	 backward Loss:0.57;0.5721	 Sentiment Loss:0.3897	Valence Loss:1.9466	 Arousal Loss:1.3925	
[2025-11-19 17:25:45,494][run_task2&3_trainer_multilingual.py][line:1284][INFO] Epoch:[1/1]	 Batch:[2670/4840.0]	 Loss Sum:18.6777	forward Loss:7.0769;0.9674	 backward Loss:3.4898;6.6998	 Sentiment Loss:0.1867	Valence Loss:0.6591	 Arousal Loss:0.6258	
[2025-11-19 17:25:46,824][run_task2&3_trainer_multilingual.py][line:1284][INFO] Epoch:[1/1]	 Batch:[2680/4840.0]	 Loss Sum:11.6144	forward Loss:3.8263;0.1267	 backward Loss:0.073;4.6938	 Sentiment Loss:2.0683	Valence Loss:3.485	 Arousal Loss:0.6466	
[2025-11-19 17:25:48,155][run_task2&3_trainer_multilingual.py][line:1284][INFO] Epoch:[1/1]	 Batch:[2690/4840.0]	 Loss Sum:3.0526	forward Loss:0.462;1.428	 backward Loss:0.318;0.7486	 Sentiment Loss:0.0489	Valence Loss:0.1307	 Arousal Loss:0.1052	
[2025-11-19 17:25:49,488][run_task2&3_trainer_multilingual.py][line:1284][INFO] Epoch:[1/1]	 Batch:[2700/4840.0]	 Loss Sum:9.3389	forward Loss:2.6198;1.0073	 backward Loss:1.3796;3.7275	 Sentiment Loss:0.2269	Valence Loss:1.2999	 Arousal Loss:0.5886	
[2025-11-19 17:25:50,817][run_task2&3_trainer_multilingual.py][line:1284][INFO] Epoch:[1/1]	 Batch:[2710/4840.0]	 Loss Sum:1.1255	forward Loss:0.0208;0.2642	 backward Loss:0.0934;0.1422	 Sentiment Loss:0.0823	Valence Loss:0.8581	 Arousal Loss:1.755	
[2025-11-19 17:25:52,149][run_task2&3_trainer_multilingual.py][line:1284][INFO] Epoch:[1/1]	 Batch:[2720/4840.0]	 Loss Sum:3.7497	forward Loss:1.0291;0.9651	 backward Loss:0.5947;0.3739	 Sentiment Loss:0.1525	Valence Loss:1.1445	 Arousal Loss:2.0276	
[2025-11-19 17:25:53,480][run_task2&3_trainer_multilingual.py][line:1284][INFO] Epoch:[1/1]	 Batch:[2730/4840.0]	 Loss Sum:4.0556	forward Loss:0.2894;1.0413	 backward Loss:0.9619;1.4012	 Sentiment Loss:0.287	Valence Loss:0.324	 Arousal Loss:0.0497	
[2025-11-19 17:25:54,814][run_task2&3_trainer_multilingual.py][line:1284][INFO] Epoch:[1/1]	 Batch:[2740/4840.0]	 Loss Sum:9.0549	forward Loss:0.1856;2.4878	 backward Loss:5.5358;0.2252	 Sentiment Loss:0.3068	Valence Loss:0.5989	 Arousal Loss:0.9698	
[2025-11-19 17:25:56,146][run_task2&3_trainer_multilingual.py][line:1284][INFO] Epoch:[1/1]	 Batch:[2750/4840.0]	 Loss Sum:1.5773	forward Loss:0.2197;0.1902	 backward Loss:0.1032;0.3224	 Sentiment Loss:0.0906	Valence Loss:2.0936	 Arousal Loss:1.1625	
[2025-11-19 17:25:57,479][run_task2&3_trainer_multilingual.py][line:1284][INFO] Epoch:[1/1]	 Batch:[2760/4840.0]	 Loss Sum:4.435	forward Loss:1.8814;0.4053	 backward Loss:0.4024;1.2749	 Sentiment Loss:0.3161	Valence Loss:0.5881	 Arousal Loss:0.1865	
[2025-11-19 17:25:58,812][run_task2&3_trainer_multilingual.py][line:1284][INFO] Epoch:[1/1]	 Batch:[2770/4840.0]	 Loss Sum:9.2766	forward Loss:0.3959;4.166	 backward Loss:3.1241;0.6743	 Sentiment Loss:0.543	Valence Loss:0.2097	 Arousal Loss:1.6571	
[2025-11-19 17:26:00,143][run_task2&3_trainer_multilingual.py][line:1284][INFO] Epoch:[1/1]	 Batch:[2780/4840.0]	 Loss Sum:0.5154	forward Loss:0.0382;0.0419	 backward Loss:0.0376;0.1155	 Sentiment Loss:0.2124	Valence Loss:0.2703	 Arousal Loss:0.0783	
[2025-11-19 17:26:01,474][run_task2&3_trainer_multilingual.py][line:1284][INFO] Epoch:[1/1]	 Batch:[2790/4840.0]	 Loss Sum:1.7346	forward Loss:0.3899;0.0526	 backward Loss:0.0369;1.107	 Sentiment Loss:0.1164	Valence Loss:0.0716	 Arousal Loss:0.0878	
[2025-11-19 17:26:02,806][run_task2&3_trainer_multilingual.py][line:1284][INFO] Epoch:[1/1]	 Batch:[2800/4840.0]	 Loss Sum:0.6469	forward Loss:0.0303;0.077	 backward Loss:0.0268;0.0473	 Sentiment Loss:0.051	Valence Loss:0.9698	 Arousal Loss:1.1024	
[2025-11-19 17:26:04,138][run_task2&3_trainer_multilingual.py][line:1284][INFO] Epoch:[1/1]	 Batch:[2810/4840.0]	 Loss Sum:5.2848	forward Loss:0.6728;1.655	 backward Loss:2.7252;0.0283	 Sentiment Loss:0.0668	Valence Loss:0.6185	 Arousal Loss:0.0653	
[2025-11-19 17:26:05,469][run_task2&3_trainer_multilingual.py][line:1284][INFO] Epoch:[1/1]	 Batch:[2820/4840.0]	 Loss Sum:35.0062	forward Loss:6.8316;7.6698	 backward Loss:6.4415;13.3141	 Sentiment Loss:0.7122	Valence Loss:0.1571	 Arousal Loss:0.0285	
[2025-11-19 17:26:06,801][run_task2&3_trainer_multilingual.py][line:1284][INFO] Epoch:[1/1]	 Batch:[2830/4840.0]	 Loss Sum:0.5551	forward Loss:0.1488;0.0737	 backward Loss:0.0314;0.115	 Sentiment Loss:0.093	Valence Loss:0.4098	 Arousal Loss:0.0558	
[2025-11-19 17:26:08,133][run_task2&3_trainer_multilingual.py][line:1284][INFO] Epoch:[1/1]	 Batch:[2840/4840.0]	 Loss Sum:7.1988	forward Loss:3.2927;0.3711	 backward Loss:2.0216;0.9909	 Sentiment Loss:0.3603	Valence Loss:0.3337	 Arousal Loss:0.4776	
[2025-11-19 17:26:09,465][run_task2&3_trainer_multilingual.py][line:1284][INFO] Epoch:[1/1]	 Batch:[2850/4840.0]	 Loss Sum:4.5602	forward Loss:0.0933;2.3745	 backward Loss:1.7224;0.0961	 Sentiment Loss:0.0092	Valence Loss:1.2819	 Arousal Loss:0.0411	
[2025-11-19 17:26:10,796][run_task2&3_trainer_multilingual.py][line:1284][INFO] Epoch:[1/1]	 Batch:[2860/4840.0]	 Loss Sum:14.6741	forward Loss:6.7694;0.798	 backward Loss:1.2591;5.5719	 Sentiment Loss:0.015	Valence Loss:1.2563	 Arousal Loss:0.0474	
[2025-11-19 17:26:12,127][run_task2&3_trainer_multilingual.py][line:1284][INFO] Epoch:[1/1]	 Batch:[2870/4840.0]	 Loss Sum:7.3246	forward Loss:1.7639;2.0381	 backward Loss:1.9861;1.2756	 Sentiment Loss:0.0311	Valence Loss:0.7349	 Arousal Loss:0.4141	
[2025-11-19 17:26:13,459][run_task2&3_trainer_multilingual.py][line:1284][INFO] Epoch:[1/1]	 Batch:[2880/4840.0]	 Loss Sum:7.5968	forward Loss:0.0395;0.259	 backward Loss:0.2288;0.0215	 Sentiment Loss:6.0646	Valence Loss:4.0571	 Arousal Loss:0.8603	
[2025-11-19 17:26:14,791][run_task2&3_trainer_multilingual.py][line:1284][INFO] Epoch:[1/1]	 Batch:[2890/4840.0]	 Loss Sum:18.0393	forward Loss:2.7291;4.3611	 backward Loss:9.066;1.5083	 Sentiment Loss:0.2846	Valence Loss:0.2746	 Arousal Loss:0.1766	
[2025-11-19 17:26:16,121][run_task2&3_trainer_multilingual.py][line:1284][INFO] Epoch:[1/1]	 Batch:[2900/4840.0]	 Loss Sum:1.8169	forward Loss:0.4919;0.1867	 backward Loss:0.1259;0.5162	 Sentiment Loss:0.2073	Valence Loss:0.9035	 Arousal Loss:0.5412	
[2025-11-19 17:26:17,453][run_task2&3_trainer_multilingual.py][line:1284][INFO] Epoch:[1/1]	 Batch:[2910/4840.0]	 Loss Sum:8.5617	forward Loss:2.7288;1.5012	 backward Loss:1.8514;2.1663	 Sentiment Loss:0.1554	Valence Loss:0.4307	 Arousal Loss:0.362	
[2025-11-19 17:26:18,786][run_task2&3_trainer_multilingual.py][line:1284][INFO] Epoch:[1/1]	 Batch:[2920/4840.0]	 Loss Sum:0.8207	forward Loss:0.0749;0.0874	 backward Loss:0.091;0.0388	 Sentiment Loss:0.1701	Valence Loss:1.3126	 Arousal Loss:0.4795	
[2025-11-19 17:26:20,119][run_task2&3_trainer_multilingual.py][line:1284][INFO] Epoch:[1/1]	 Batch:[2930/4840.0]	 Loss Sum:21.2456	forward Loss:6.182;3.4256	 backward Loss:8.1185;3.0629	 Sentiment Loss:0.4217	Valence Loss:0.076	 Arousal Loss:0.0981	
[2025-11-19 17:26:21,452][run_task2&3_trainer_multilingual.py][line:1284][INFO] Epoch:[1/1]	 Batch:[2940/4840.0]	 Loss Sum:5.1223	forward Loss:0.1216;1.5205	 backward Loss:2.7298;0.3795	 Sentiment Loss:0.0325	Valence Loss:1.603	 Arousal Loss:0.0891	
[2025-11-19 17:26:22,786][run_task2&3_trainer_multilingual.py][line:1284][INFO] Epoch:[1/1]	 Batch:[2950/4840.0]	 Loss Sum:0.8892	forward Loss:0.046;0.3687	 backward Loss:0.3157;0.0401	 Sentiment Loss:0.0379	Valence Loss:0.1738	 Arousal Loss:0.2299	
[2025-11-19 17:26:24,118][run_task2&3_trainer_multilingual.py][line:1284][INFO] Epoch:[1/1]	 Batch:[2960/4840.0]	 Loss Sum:2.9377	forward Loss:0.4807;0.8293	 backward Loss:1.4527;0.1026	 Sentiment Loss:0.0176	Valence Loss:0.0261	 Arousal Loss:0.2482	
[2025-11-19 17:26:25,449][run_task2&3_trainer_multilingual.py][line:1284][INFO] Epoch:[1/1]	 Batch:[2970/4840.0]	 Loss Sum:3.2532	forward Loss:0.1891;0.9615	 backward Loss:1.1596;0.5304	 Sentiment Loss:0.0969	Valence Loss:1.3998	 Arousal Loss:0.1785	
[2025-11-19 17:26:26,780][run_task2&3_trainer_multilingual.py][line:1284][INFO] Epoch:[1/1]	 Batch:[2980/4840.0]	 Loss Sum:0.7503	forward Loss:0.2015;0.1343	 backward Loss:0.0586;0.1311	 Sentiment Loss:0.0724	Valence Loss:0.2758	 Arousal Loss:0.4861	
[2025-11-19 17:26:28,112][run_task2&3_trainer_multilingual.py][line:1284][INFO] Epoch:[1/1]	 Batch:[2990/4840.0]	 Loss Sum:2.0319	forward Loss:0.0363;0.769	 backward Loss:1.052;0.0266	 Sentiment Loss:0.1028	Valence Loss:0.175	 Arousal Loss:0.0508	
[2025-11-19 17:26:29,444][run_task2&3_trainer_multilingual.py][line:1284][INFO] Epoch:[1/1]	 Batch:[3000/4840.0]	 Loss Sum:0.7718	forward Loss:0.1481;0.1216	 backward Loss:0.087;0.1417	 Sentiment Loss:0.2567	Valence Loss:0.0284	 Arousal Loss:0.0548	
[2025-11-19 17:26:30,778][run_task2&3_trainer_multilingual.py][line:1284][INFO] Epoch:[1/1]	 Batch:[3010/4840.0]	 Loss Sum:6.4434	forward Loss:0.1622;2.998	 backward Loss:2.177;0.9057	 Sentiment Loss:0.0451	Valence Loss:0.6574	 Arousal Loss:0.1197	
[2025-11-19 17:26:32,111][run_task2&3_trainer_multilingual.py][line:1284][INFO] Epoch:[1/1]	 Batch:[3020/4840.0]	 Loss Sum:11.5904	forward Loss:1.0855;3.9327	 backward Loss:5.2014;0.3242	 Sentiment Loss:0.1053	Valence Loss:4.1744	 Arousal Loss:0.5318	
[2025-11-19 17:26:33,443][run_task2&3_trainer_multilingual.py][line:1284][INFO] Epoch:[1/1]	 Batch:[3030/4840.0]	 Loss Sum:20.982	forward Loss:0.0118;11.2976	 backward Loss:9.4373;0.0551	 Sentiment Loss:0.0753	Valence Loss:0.125	 Arousal Loss:0.3994	
[2025-11-19 17:26:34,773][run_task2&3_trainer_multilingual.py][line:1284][INFO] Epoch:[1/1]	 Batch:[3040/4840.0]	 Loss Sum:6.1128	forward Loss:1.4714;1.1702	 backward Loss:0.3904;1.4811	 Sentiment Loss:1.4683	Valence Loss:0.4684	 Arousal Loss:0.1884	
[2025-11-19 17:26:36,105][run_task2&3_trainer_multilingual.py][line:1284][INFO] Epoch:[1/1]	 Batch:[3050/4840.0]	 Loss Sum:0.3029	forward Loss:0.0227;0.0378	 backward Loss:0.0593;0.0193	 Sentiment Loss:0.09	Valence Loss:0.097	 Arousal Loss:0.2729	
[2025-11-19 17:26:37,435][run_task2&3_trainer_multilingual.py][line:1284][INFO] Epoch:[1/1]	 Batch:[3060/4840.0]	 Loss Sum:3.3985	forward Loss:0.1306;0.1199	 backward Loss:0.085;0.0399	 Sentiment Loss:0.6661	Valence Loss:11.7401	 Arousal Loss:0.0443	
[2025-11-19 17:26:38,766][run_task2&3_trainer_multilingual.py][line:1284][INFO] Epoch:[1/1]	 Batch:[3070/4840.0]	 Loss Sum:40.3832	forward Loss:5.0191;13.9409	 backward Loss:15.6731;4.9356	 Sentiment Loss:0.344	Valence Loss:2.2576	 Arousal Loss:0.0953	
[2025-11-19 17:26:40,096][run_task2&3_trainer_multilingual.py][line:1284][INFO] Epoch:[1/1]	 Batch:[3080/4840.0]	 Loss Sum:0.6521	forward Loss:0.3645;0.0352	 backward Loss:0.0463;0.117	 Sentiment Loss:0.0696	Valence Loss:0.0594	 Arousal Loss:0.0377	
[2025-11-19 17:26:41,425][run_task2&3_trainer_multilingual.py][line:1284][INFO] Epoch:[1/1]	 Batch:[3090/4840.0]	 Loss Sum:8.2084	forward Loss:0.1314;1.7524	 backward Loss:1.5167;0.8105	 Sentiment Loss:3.8585	Valence Loss:0.42	 Arousal Loss:0.2749	
[2025-11-19 17:26:42,755][run_task2&3_trainer_multilingual.py][line:1284][INFO] Epoch:[1/1]	 Batch:[3100/4840.0]	 Loss Sum:11.0346	forward Loss:0.0119;7.2905	 backward Loss:3.5962;0.013	 Sentiment Loss:0.0303	Valence Loss:0.2051	 Arousal Loss:0.2582	
[2025-11-19 17:26:44,086][run_task2&3_trainer_multilingual.py][line:1284][INFO] Epoch:[1/1]	 Batch:[3110/4840.0]	 Loss Sum:7.583	forward Loss:3.8703;0.7604	 backward Loss:0.2859;2.5204	 Sentiment Loss:0.0864	Valence Loss:0.2143	 Arousal Loss:0.0839	
[2025-11-19 17:26:45,415][run_task2&3_trainer_multilingual.py][line:1284][INFO] Epoch:[1/1]	 Batch:[3120/4840.0]	 Loss Sum:8.9509	forward Loss:0.4066;3.9097	 backward Loss:3.4936;0.5393	 Sentiment Loss:0.1617	Valence Loss:1.1814	 Arousal Loss:1.0188	
[2025-11-19 17:26:46,745][run_task2&3_trainer_multilingual.py][line:1284][INFO] Epoch:[1/1]	 Batch:[3130/4840.0]	 Loss Sum:10.5872	forward Loss:0.0879;6.3751	 backward Loss:3.3695;0.1835	 Sentiment Loss:0.1435	Valence Loss:0.3861	 Arousal Loss:1.7527	
[2025-11-19 17:26:48,074][run_task2&3_trainer_multilingual.py][line:1284][INFO] Epoch:[1/1]	 Batch:[3140/4840.0]	 Loss Sum:9.7725	forward Loss:0.4902;2.5639	 backward Loss:2.4448;2.4238	 Sentiment Loss:1.7133	Valence Loss:0.2287	 Arousal Loss:0.454	
[2025-11-19 17:26:49,403][run_task2&3_trainer_multilingual.py][line:1284][INFO] Epoch:[1/1]	 Batch:[3150/4840.0]	 Loss Sum:6.6624	forward Loss:2.3277;1.9919	 backward Loss:0.6306;1.0828	 Sentiment Loss:0.3709	Valence Loss:1.1135	 Arousal Loss:0.1787	
[2025-11-19 17:26:50,734][run_task2&3_trainer_multilingual.py][line:1284][INFO] Epoch:[1/1]	 Batch:[3160/4840.0]	 Loss Sum:0.331	forward Loss:0.0342;0.0493	 backward Loss:0.021;0.0328	 Sentiment Loss:0.1124	Valence Loss:0.1923	 Arousal Loss:0.2141	
[2025-11-19 17:26:52,065][run_task2&3_trainer_multilingual.py][line:1284][INFO] Epoch:[1/1]	 Batch:[3170/4840.0]	 Loss Sum:12.3276	forward Loss:0.5028;4.0242	 backward Loss:7.1267;0.1085	 Sentiment Loss:0.3853	Valence Loss:0.6989	 Arousal Loss:0.2016	
[2025-11-19 17:26:53,395][run_task2&3_trainer_multilingual.py][line:1284][INFO] Epoch:[1/1]	 Batch:[3180/4840.0]	 Loss Sum:2.0758	forward Loss:0.2491;0.5117	 backward Loss:0.4238;0.262	 Sentiment Loss:0.1652	Valence Loss:2.0697	 Arousal Loss:0.2503	
[2025-11-19 17:26:54,729][run_task2&3_trainer_multilingual.py][line:1284][INFO] Epoch:[1/1]	 Batch:[3190/4840.0]	 Loss Sum:10.0481	forward Loss:0.5123;3.9027	 backward Loss:4.9208;0.422	 Sentiment Loss:0.2657	Valence Loss:0.0994	 Arousal Loss:0.023	
[2025-11-19 17:26:56,059][run_task2&3_trainer_multilingual.py][line:1284][INFO] Epoch:[1/1]	 Batch:[3200/4840.0]	 Loss Sum:12.8565	forward Loss:5.2774;1.1041	 backward Loss:0.8005;5.063	 Sentiment Loss:0.5661	Valence Loss:0.1127	 Arousal Loss:0.1143	
[2025-11-19 17:26:57,391][run_task2&3_trainer_multilingual.py][line:1284][INFO] Epoch:[1/1]	 Batch:[3210/4840.0]	 Loss Sum:6.5514	forward Loss:0.24;4.4048	 backward Loss:0.3458;1.0823	 Sentiment Loss:0.3309	Valence Loss:0.5642	 Arousal Loss:0.1745	
[2025-11-19 17:26:58,721][run_task2&3_trainer_multilingual.py][line:1284][INFO] Epoch:[1/1]	 Batch:[3220/4840.0]	 Loss Sum:10.4771	forward Loss:1.3859;2.256	 backward Loss:4.3901;2.1937	 Sentiment Loss:0.0435	Valence Loss:0.3277	 Arousal Loss:0.7119	
[2025-11-19 17:27:00,054][run_task2&3_trainer_multilingual.py][line:1284][INFO] Epoch:[1/1]	 Batch:[3230/4840.0]	 Loss Sum:6.6718	forward Loss:0.1485;3.2634	 backward Loss:2.603;0.2474	 Sentiment Loss:0.0907	Valence Loss:1.2215	 Arousal Loss:0.3729	
[2025-11-19 17:27:01,386][run_task2&3_trainer_multilingual.py][line:1284][INFO] Epoch:[1/1]	 Batch:[3240/4840.0]	 Loss Sum:1.1717	forward Loss:0.074;0.1358	 backward Loss:0.1365;0.045	 Sentiment Loss:0.0067	Valence Loss:1.8608	 Arousal Loss:2.0076	
[2025-11-19 17:27:02,718][run_task2&3_trainer_multilingual.py][line:1284][INFO] Epoch:[1/1]	 Batch:[3250/4840.0]	 Loss Sum:10.8602	forward Loss:0.5913;4.8871	 backward Loss:4.8199;0.3534	 Sentiment Loss:0.0929	Valence Loss:0.2163	 Arousal Loss:0.3619	
[2025-11-19 17:27:04,050][run_task2&3_trainer_multilingual.py][line:1284][INFO] Epoch:[1/1]	 Batch:[3260/4840.0]	 Loss Sum:14.7337	forward Loss:1.6229;6.5521	 backward Loss:5.2366;1.0521	 Sentiment Loss:0.2255	Valence Loss:0.0663	 Arousal Loss:0.1563	
[2025-11-19 17:27:05,382][run_task2&3_trainer_multilingual.py][line:1284][INFO] Epoch:[1/1]	 Batch:[3270/4840.0]	 Loss Sum:0.9229	forward Loss:0.0655;0.2043	 backward Loss:0.2926;0.0463	 Sentiment Loss:0.0577	Valence Loss:0.8856	 Arousal Loss:0.3968	
[2025-11-19 17:27:06,712][run_task2&3_trainer_multilingual.py][line:1284][INFO] Epoch:[1/1]	 Batch:[3280/4840.0]	 Loss Sum:1.2909	forward Loss:0.161;0.6918	 backward Loss:0.0751;0.2884	 Sentiment Loss:0.0183	Valence Loss:0.0332	 Arousal Loss:0.2486	
[2025-11-19 17:27:08,044][run_task2&3_trainer_multilingual.py][line:1284][INFO] Epoch:[1/1]	 Batch:[3290/4840.0]	 Loss Sum:0.4362	forward Loss:0.1422;0.0247	 backward Loss:0.0411;0.103	 Sentiment Loss:0.0354	Valence Loss:0.3836	 Arousal Loss:0.065	
[2025-11-19 17:27:09,377][run_task2&3_trainer_multilingual.py][line:1284][INFO] Epoch:[1/1]	 Batch:[3300/4840.0]	 Loss Sum:4.545	forward Loss:0.3348;2.2659	 backward Loss:1.2705;0.083	 Sentiment Loss:0.2785	Valence Loss:0.4543	 Arousal Loss:1.1065	
[2025-11-19 17:27:10,710][run_task2&3_trainer_multilingual.py][line:1284][INFO] Epoch:[1/1]	 Batch:[3310/4840.0]	 Loss Sum:4.7432	forward Loss:1.2832;0.7019	 backward Loss:1.1695;1.4072	 Sentiment Loss:0.0209	Valence Loss:0.6309	 Arousal Loss:0.1711	
[2025-11-19 17:27:12,043][run_task2&3_trainer_multilingual.py][line:1284][INFO] Epoch:[1/1]	 Batch:[3320/4840.0]	 Loss Sum:0.7718	forward Loss:0.1813;0.1635	 backward Loss:0.0732;0.2315	 Sentiment Loss:0.0657	Valence Loss:0.2199	 Arousal Loss:0.063	
[2025-11-19 17:27:13,375][run_task2&3_trainer_multilingual.py][line:1284][INFO] Epoch:[1/1]	 Batch:[3330/4840.0]	 Loss Sum:1.1403	forward Loss:0.0201;0.2791	 backward Loss:0.2136;0.0882	 Sentiment Loss:0.3287	Valence Loss:1.0012	 Arousal Loss:0.0515	
[2025-11-19 17:27:14,707][run_task2&3_trainer_multilingual.py][line:1284][INFO] Epoch:[1/1]	 Batch:[3340/4840.0]	 Loss Sum:4.4435	forward Loss:2.5241;0.1398	 backward Loss:0.5939;0.6785	 Sentiment Loss:0.038	Valence Loss:2.3174	 Arousal Loss:0.0284	
[2025-11-19 17:27:16,038][run_task2&3_trainer_multilingual.py][line:1284][INFO] Epoch:[1/1]	 Batch:[3350/4840.0]	 Loss Sum:5.4838	forward Loss:1.5399;0.5445	 backward Loss:0.5316;1.7118	 Sentiment Loss:0.2925	Valence Loss:3.4911	 Arousal Loss:0.8268	
[2025-11-19 17:27:17,370][run_task2&3_trainer_multilingual.py][line:1284][INFO] Epoch:[1/1]	 Batch:[3360/4840.0]	 Loss Sum:0.7465	forward Loss:0.147;0.126	 backward Loss:0.1752;0.1458	 Sentiment Loss:0.1034	Valence Loss:0.1675	 Arousal Loss:0.0774	
[2025-11-19 17:27:18,702][run_task2&3_trainer_multilingual.py][line:1284][INFO] Epoch:[1/1]	 Batch:[3370/4840.0]	 Loss Sum:1.4774	forward Loss:0.2667;0.1021	 backward Loss:0.0395;0.3037	 Sentiment Loss:0.0997	Valence Loss:1.2148	 Arousal Loss:2.1135	
[2025-11-19 17:27:20,034][run_task2&3_trainer_multilingual.py][line:1284][INFO] Epoch:[1/1]	 Batch:[3380/4840.0]	 Loss Sum:7.1999	forward Loss:0.1676;0.4343	 backward Loss:0.2381;0.0453	 Sentiment Loss:3.6183	Valence Loss:12.985	 Arousal Loss:0.4963	
[2025-11-19 17:27:21,366][run_task2&3_trainer_multilingual.py][line:1284][INFO] Epoch:[1/1]	 Batch:[3390/4840.0]	 Loss Sum:2.7636	forward Loss:0.0332;0.8758	 backward Loss:0.6598;0.0224	 Sentiment Loss:1.0564	Valence Loss:0.5571	 Arousal Loss:0.0227	
[2025-11-19 17:27:22,700][run_task2&3_trainer_multilingual.py][line:1284][INFO] Epoch:[1/1]	 Batch:[3400/4840.0]	 Loss Sum:2.1109	forward Loss:0.8352;0.0981	 backward Loss:0.3193;0.3955	 Sentiment Loss:0.242	Valence Loss:0.9251	 Arousal Loss:0.1789	
[2025-11-19 17:27:24,032][run_task2&3_trainer_multilingual.py][line:1284][INFO] Epoch:[1/1]	 Batch:[3410/4840.0]	 Loss Sum:13.8679	forward Loss:2.325;5.1429	 backward Loss:3.6032;2.0353	 Sentiment Loss:0.4897	Valence Loss:0.8205	 Arousal Loss:0.5383	
[2025-11-19 17:27:25,365][run_task2&3_trainer_multilingual.py][line:1284][INFO] Epoch:[1/1]	 Batch:[3420/4840.0]	 Loss Sum:5.6027	forward Loss:0.6534;1.8744	 backward Loss:2.5175;0.1408	 Sentiment Loss:0.0681	Valence Loss:1.0125	 Arousal Loss:0.7299	
[2025-11-19 17:27:26,699][run_task2&3_trainer_multilingual.py][line:1284][INFO] Epoch:[1/1]	 Batch:[3430/4840.0]	 Loss Sum:3.5967	forward Loss:1.1736;0.8281	 backward Loss:0.5447;0.4059	 Sentiment Loss:0.399	Valence Loss:1.0228	 Arousal Loss:0.2035	
[2025-11-19 17:27:28,031][run_task2&3_trainer_multilingual.py][line:1284][INFO] Epoch:[1/1]	 Batch:[3440/4840.0]	 Loss Sum:6.3604	forward Loss:0.6097;1.9671	 backward Loss:3.0882;0.6058	 Sentiment Loss:0.0204	Valence Loss:0.1241	 Arousal Loss:0.2216	
[2025-11-19 17:27:29,362][run_task2&3_trainer_multilingual.py][line:1284][INFO] Epoch:[1/1]	 Batch:[3450/4840.0]	 Loss Sum:7.8955	forward Loss:0.9401;4.1669	 backward Loss:1.9682;0.4204	 Sentiment Loss:0.0709	Valence Loss:0.8659	 Arousal Loss:0.7793	
[2025-11-19 17:27:30,695][run_task2&3_trainer_multilingual.py][line:1284][INFO] Epoch:[1/1]	 Batch:[3460/4840.0]	 Loss Sum:10.2534	forward Loss:1.7577;2.0136	 backward Loss:3.0805;1.3768	 Sentiment Loss:1.7951	Valence Loss:0.919	 Arousal Loss:0.2297	
[2025-11-19 17:27:32,026][run_task2&3_trainer_multilingual.py][line:1284][INFO] Epoch:[1/1]	 Batch:[3470/4840.0]	 Loss Sum:0.4805	forward Loss:0.0144;0.035	 backward Loss:0.013;0.0487	 Sentiment Loss:0.2041	Valence Loss:0.7954	 Arousal Loss:0.0311	
[2025-11-19 17:27:33,359][run_task2&3_trainer_multilingual.py][line:1284][INFO] Epoch:[1/1]	 Batch:[3480/4840.0]	 Loss Sum:6.4406	forward Loss:0.4173;2.4303	 backward Loss:2.3415;0.7405	 Sentiment Loss:0.0811	Valence Loss:1.616	 Arousal Loss:0.5337	
[2025-11-19 17:27:34,690][run_task2&3_trainer_multilingual.py][line:1284][INFO] Epoch:[1/1]	 Batch:[3490/4840.0]	 Loss Sum:6.2894	forward Loss:2.7536;0.6094	 backward Loss:0.7018;2.0296	 Sentiment Loss:0.0438	Valence Loss:0.6971	 Arousal Loss:0.0589	
[2025-11-19 17:27:36,023][run_task2&3_trainer_multilingual.py][line:1284][INFO] Epoch:[1/1]	 Batch:[3500/4840.0]	 Loss Sum:0.2094	forward Loss:0.032;0.0399	 backward Loss:0.011;0.0388	 Sentiment Loss:0.0503	Valence Loss:0.0837	 Arousal Loss:0.1024	
[2025-11-19 17:27:37,355][run_task2&3_trainer_multilingual.py][line:1284][INFO] Epoch:[1/1]	 Batch:[3510/4840.0]	 Loss Sum:2.8009	forward Loss:0.1077;0.781	 backward Loss:1.5696;0.156	 Sentiment Loss:0.0579	Valence Loss:0.0917	 Arousal Loss:0.5523	
[2025-11-19 17:27:38,687][run_task2&3_trainer_multilingual.py][line:1284][INFO] Epoch:[1/1]	 Batch:[3520/4840.0]	 Loss Sum:1.0981	forward Loss:0.1456;0.0392	 backward Loss:0.0151;0.2383	 Sentiment Loss:0.5068	Valence Loss:0.7108	 Arousal Loss:0.0547	
[2025-11-19 17:27:40,017][run_task2&3_trainer_multilingual.py][line:1284][INFO] Epoch:[1/1]	 Batch:[3530/4840.0]	 Loss Sum:1.6597	forward Loss:0.1506;0.3831	 backward Loss:0.6995;0.2231	 Sentiment Loss:0.0651	Valence Loss:0.2783	 Arousal Loss:0.4136	
[2025-11-19 17:27:41,348][run_task2&3_trainer_multilingual.py][line:1284][INFO] Epoch:[1/1]	 Batch:[3540/4840.0]	 Loss Sum:6.6724	forward Loss:0.073;2.5737	 backward Loss:1.1533;0.0643	 Sentiment Loss:2.7611	Valence Loss:0.1294	 Arousal Loss:0.1053	
[2025-11-19 17:27:42,679][run_task2&3_trainer_multilingual.py][line:1284][INFO] Epoch:[1/1]	 Batch:[3550/4840.0]	 Loss Sum:27.8847	forward Loss:7.9792;1.2528	 backward Loss:1.0435;14.6864	 Sentiment Loss:2.4374	Valence Loss:1.3521	 Arousal Loss:1.0747	
[2025-11-19 17:27:44,010][run_task2&3_trainer_multilingual.py][line:1284][INFO] Epoch:[1/1]	 Batch:[3560/4840.0]	 Loss Sum:0.7135	forward Loss:0.0132;0.2623	 backward Loss:0.204;0.0328	 Sentiment Loss:0.1887	Valence Loss:0.0334	 Arousal Loss:0.029	
[2025-11-19 17:27:45,341][run_task2&3_trainer_multilingual.py][line:1284][INFO] Epoch:[1/1]	 Batch:[3570/4840.0]	 Loss Sum:2.1458	forward Loss:0.053;1.2703	 backward Loss:0.4927;0.1744	 Sentiment Loss:0.1342	Valence Loss:0.0494	 Arousal Loss:0.0565	
[2025-11-19 17:27:46,671][run_task2&3_trainer_multilingual.py][line:1284][INFO] Epoch:[1/1]	 Batch:[3580/4840.0]	 Loss Sum:2.8725	forward Loss:0.2257;0.3154	 backward Loss:2.1184;0.1358	 Sentiment Loss:0.0474	Valence Loss:0.115	 Arousal Loss:0.0343	
[2025-11-19 17:27:48,001][run_task2&3_trainer_multilingual.py][line:1284][INFO] Epoch:[1/1]	 Batch:[3590/4840.0]	 Loss Sum:5.4449	forward Loss:2.1996;0.0306	 backward Loss:0.0242;2.9139	 Sentiment Loss:0.1285	Valence Loss:0.6512	 Arousal Loss:0.0894	
[2025-11-19 17:27:49,332][run_task2&3_trainer_multilingual.py][line:1284][INFO] Epoch:[1/1]	 Batch:[3600/4840.0]	 Loss Sum:6.8708	forward Loss:0.2672;1.1775	 backward Loss:4.4529;0.3219	 Sentiment Loss:0.1114	Valence Loss:0.9165	 Arousal Loss:1.783	
[2025-11-19 17:27:50,661][run_task2&3_trainer_multilingual.py][line:1284][INFO] Epoch:[1/1]	 Batch:[3610/4840.0]	 Loss Sum:2.9104	forward Loss:0.56;0.4801	 backward Loss:0.2336;0.8795	 Sentiment Loss:0.3834	Valence Loss:1.5986	 Arousal Loss:0.2709	
[2025-11-19 17:27:51,991][run_task2&3_trainer_multilingual.py][line:1284][INFO] Epoch:[1/1]	 Batch:[3620/4840.0]	 Loss Sum:1.3641	forward Loss:0.0175;0.2383	 backward Loss:0.4366;0.3056	 Sentiment Loss:0.058	Valence Loss:1.2637	 Arousal Loss:0.2767	
[2025-11-19 17:27:53,322][run_task2&3_trainer_multilingual.py][line:1284][INFO] Epoch:[1/1]	 Batch:[3630/4840.0]	 Loss Sum:0.5474	forward Loss:0.1482;0.032	 backward Loss:0.0329;0.1584	 Sentiment Loss:0.0905	Valence Loss:0.0717	 Arousal Loss:0.3552	
[2025-11-19 17:27:54,653][run_task2&3_trainer_multilingual.py][line:1284][INFO] Epoch:[1/1]	 Batch:[3640/4840.0]	 Loss Sum:3.3414	forward Loss:0.7912;0.6417	 backward Loss:0.1457;1.2866	 Sentiment Loss:0.4533	Valence Loss:0.0755	 Arousal Loss:0.039	
[2025-11-19 17:27:55,983][run_task2&3_trainer_multilingual.py][line:1284][INFO] Epoch:[1/1]	 Batch:[3650/4840.0]	 Loss Sum:0.7143	forward Loss:0.0522;0.2531	 backward Loss:0.2205;0.0894	 Sentiment Loss:0.0514	Valence Loss:0.1124	 Arousal Loss:0.126	
[2025-11-19 17:27:57,314][run_task2&3_trainer_multilingual.py][line:1284][INFO] Epoch:[1/1]	 Batch:[3660/4840.0]	 Loss Sum:3.8746	forward Loss:0.5562;2.2018	 backward Loss:0.3185;0.6622	 Sentiment Loss:0.074	Valence Loss:0.0179	 Arousal Loss:0.2924	
[2025-11-19 17:27:58,643][run_task2&3_trainer_multilingual.py][line:1284][INFO] Epoch:[1/1]	 Batch:[3670/4840.0]	 Loss Sum:7.6173	forward Loss:0.0172;4.2889	 backward Loss:2.967;0.1582	 Sentiment Loss:0.0901	Valence Loss:0.1515	 Arousal Loss:0.3284	
[2025-11-19 17:27:59,975][run_task2&3_trainer_multilingual.py][line:1284][INFO] Epoch:[1/1]	 Batch:[3680/4840.0]	 Loss Sum:12.1608	forward Loss:0.2079;5.2355	 backward Loss:5.3521;0.291	 Sentiment Loss:0.0746	Valence Loss:4.6661	 Arousal Loss:0.3329	
[2025-11-19 17:28:01,308][run_task2&3_trainer_multilingual.py][line:1284][INFO] Epoch:[1/1]	 Batch:[3690/4840.0]	 Loss Sum:4.1415	forward Loss:0.2014;1.8018	 backward Loss:1.2764;0.2269	 Sentiment Loss:0.5259	Valence Loss:0.3216	 Arousal Loss:0.2236	
[2025-11-19 17:28:02,639][run_task2&3_trainer_multilingual.py][line:1284][INFO] Epoch:[1/1]	 Batch:[3700/4840.0]	 Loss Sum:5.6774	forward Loss:0.1873;3.5108	 backward Loss:0.9275;0.1542	 Sentiment Loss:0.8336	Valence Loss:0.1721	 Arousal Loss:0.1479	
[2025-11-19 17:28:03,972][run_task2&3_trainer_multilingual.py][line:1284][INFO] Epoch:[1/1]	 Batch:[3710/4840.0]	 Loss Sum:2.495	forward Loss:0.6489;0.4012	 backward Loss:0.2519;1.025	 Sentiment Loss:0.0932	Valence Loss:0.2712	 Arousal Loss:0.1031	
[2025-11-19 17:28:05,301][run_task2&3_trainer_multilingual.py][line:1284][INFO] Epoch:[1/1]	 Batch:[3720/4840.0]	 Loss Sum:6.5207	forward Loss:0.5999;2.7571	 backward Loss:2.0998;0.2618	 Sentiment Loss:0.2502	Valence Loss:2.3486	 Arousal Loss:0.4105	
[2025-11-19 17:28:06,633][run_task2&3_trainer_multilingual.py][line:1284][INFO] Epoch:[1/1]	 Batch:[3730/4840.0]	 Loss Sum:3.8811	forward Loss:0.2455;2.3417	 backward Loss:0.9462;0.1998	 Sentiment Loss:0.0093	Valence Loss:0.2235	 Arousal Loss:0.4697	
[2025-11-19 17:28:07,965][run_task2&3_trainer_multilingual.py][line:1284][INFO] Epoch:[1/1]	 Batch:[3740/4840.0]	 Loss Sum:10.808	forward Loss:2.8794;1.7603	 backward Loss:2.8277;2.6747	 Sentiment Loss:0.06	Valence Loss:0.7029	 Arousal Loss:2.3269	
[2025-11-19 17:28:09,296][run_task2&3_trainer_multilingual.py][line:1284][INFO] Epoch:[1/1]	 Batch:[3750/4840.0]	 Loss Sum:11.5449	forward Loss:0.2328;5.2365	 backward Loss:5.6553;0.1543	 Sentiment Loss:0.1735	Valence Loss:0.2915	 Arousal Loss:0.1711	
[2025-11-19 17:28:10,628][run_task2&3_trainer_multilingual.py][line:1284][INFO] Epoch:[1/1]	 Batch:[3760/4840.0]	 Loss Sum:2.6671	forward Loss:0.0844;0.7874	 backward Loss:1.2721;0.2327	 Sentiment Loss:0.2295	Valence Loss:0.0849	 Arousal Loss:0.2201	
[2025-11-19 17:28:11,960][run_task2&3_trainer_multilingual.py][line:1284][INFO] Epoch:[1/1]	 Batch:[3770/4840.0]	 Loss Sum:10.9318	forward Loss:4.198;1.1518	 backward Loss:4.0176;0.8824	 Sentiment Loss:0.0504	Valence Loss:2.6714	 Arousal Loss:0.4869	
[2025-11-19 17:28:13,291][run_task2&3_trainer_multilingual.py][line:1284][INFO] Epoch:[1/1]	 Batch:[3780/4840.0]	 Loss Sum:2.6755	forward Loss:0.0783;2.2847	 backward Loss:0.1551;0.1172	 Sentiment Loss:0.0146	Valence Loss:0.0633	 Arousal Loss:0.0646	
[2025-11-19 17:28:14,625][run_task2&3_trainer_multilingual.py][line:1284][INFO] Epoch:[1/1]	 Batch:[3790/4840.0]	 Loss Sum:5.8433	forward Loss:0.3948;0.7932	 backward Loss:2.9353;0.3065	 Sentiment Loss:1.3218	Valence Loss:0.1037	 Arousal Loss:0.3547	
[2025-11-19 17:28:15,956][run_task2&3_trainer_multilingual.py][line:1284][INFO] Epoch:[1/1]	 Batch:[3800/4840.0]	 Loss Sum:7.5458	forward Loss:1.8848;0.9798	 backward Loss:2.6728;1.6282	 Sentiment Loss:0.2831	Valence Loss:0.3792	 Arousal Loss:0.1062	
[2025-11-19 17:28:17,288][run_task2&3_trainer_multilingual.py][line:1284][INFO] Epoch:[1/1]	 Batch:[3810/4840.0]	 Loss Sum:14.7548	forward Loss:2.2103;5.7621	 backward Loss:5.0085;1.583	 Sentiment Loss:0.1098	Valence Loss:0.3477	 Arousal Loss:0.0586	
[2025-11-19 17:28:18,620][run_task2&3_trainer_multilingual.py][line:1284][INFO] Epoch:[1/1]	 Batch:[3820/4840.0]	 Loss Sum:8.3509	forward Loss:0.7379;2.5742	 backward Loss:1.7205;0.471	 Sentiment Loss:2.3678	Valence Loss:1.7163	 Arousal Loss:0.6808	
[2025-11-19 17:28:19,951][run_task2&3_trainer_multilingual.py][line:1284][INFO] Epoch:[1/1]	 Batch:[3830/4840.0]	 Loss Sum:2.3253	forward Loss:0.0489;1.8239	 backward Loss:0.1248;0.0354	 Sentiment Loss:0.0068	Valence Loss:1.0962	 Arousal Loss:0.3312	
[2025-11-19 17:28:21,282][run_task2&3_trainer_multilingual.py][line:1284][INFO] Epoch:[1/1]	 Batch:[3840/4840.0]	 Loss Sum:33.6267	forward Loss:11.3902;0.3562	 backward Loss:0.0825;20.8365	 Sentiment Loss:0.9302	Valence Loss:0.0487	 Arousal Loss:0.1075	
[2025-11-19 17:28:22,614][run_task2&3_trainer_multilingual.py][line:1284][INFO] Epoch:[1/1]	 Batch:[3850/4840.0]	 Loss Sum:2.4363	forward Loss:0.3193;0.5647	 backward Loss:1.2319;0.2572	 Sentiment Loss:0.0497	Valence Loss:0.028	 Arousal Loss:0.0404	
[2025-11-19 17:28:23,946][run_task2&3_trainer_multilingual.py][line:1284][INFO] Epoch:[1/1]	 Batch:[3860/4840.0]	 Loss Sum:1.7765	forward Loss:0.0312;0.2023	 backward Loss:1.1418;0.0381	 Sentiment Loss:0.0597	Valence Loss:1.4914	 Arousal Loss:0.0255	
[2025-11-19 17:28:25,291][run_task2&3_trainer_multilingual.py][line:1284][INFO] Epoch:[1/1]	 Batch:[3870/4840.0]	 Loss Sum:9.2176	forward Loss:4.5918;0.7241	 backward Loss:1.6683;2.1606	 Sentiment Loss:0.0378	Valence Loss:0.0293	 Arousal Loss:0.1452	
[2025-11-19 17:28:26,622][run_task2&3_trainer_multilingual.py][line:1284][INFO] Epoch:[1/1]	 Batch:[3880/4840.0]	 Loss Sum:0.83	forward Loss:0.1864;0.3772	 backward Loss:0.0737;0.0894	 Sentiment Loss:0.039	Valence Loss:0.1502	 Arousal Loss:0.1713	
[2025-11-19 17:28:27,955][run_task2&3_trainer_multilingual.py][line:1284][INFO] Epoch:[1/1]	 Batch:[3890/4840.0]	 Loss Sum:5.2267	forward Loss:1.792;1.2155	 backward Loss:0.9212;1.2284	 Sentiment Loss:0.0393	Valence Loss:0.1074	 Arousal Loss:0.0448	
[2025-11-19 17:28:29,287][run_task2&3_trainer_multilingual.py][line:1284][INFO] Epoch:[1/1]	 Batch:[3900/4840.0]	 Loss Sum:7.5613	forward Loss:0.0942;3.4221	 backward Loss:2.3613;0.2025	 Sentiment Loss:1.2755	Valence Loss:0.4635	 Arousal Loss:0.5642	
[2025-11-19 17:28:30,619][run_task2&3_trainer_multilingual.py][line:1284][INFO] Epoch:[1/1]	 Batch:[3910/4840.0]	 Loss Sum:6.7352	forward Loss:3.729;1.9119	 backward Loss:0.4673;0.5223	 Sentiment Loss:0.0145	Valence Loss:0.2721	 Arousal Loss:0.1793	
[2025-11-19 17:28:31,951][run_task2&3_trainer_multilingual.py][line:1284][INFO] Epoch:[1/1]	 Batch:[3920/4840.0]	 Loss Sum:3.789	forward Loss:0.9951;0.2345	 backward Loss:2.157;0.3093	 Sentiment Loss:0.0265	Valence Loss:0.0315	 Arousal Loss:0.3017	
[2025-11-19 17:28:33,550][run_task2&3_trainer_multilingual.py][line:1284][INFO] Epoch:[1/1]	 Batch:[3930/4840.0]	 Loss Sum:9.6552	forward Loss:1.2177;3.3694	 backward Loss:2.2696;1.3162	 Sentiment Loss:1.0056	Valence Loss:1.9401	 Arousal Loss:0.4438	
[2025-11-19 17:28:34,884][run_task2&3_trainer_multilingual.py][line:1284][INFO] Epoch:[1/1]	 Batch:[3940/4840.0]	 Loss Sum:0.5957	forward Loss:0.1411;0.1052	 backward Loss:0.059;0.0565	 Sentiment Loss:0.078	Valence Loss:0.4139	 Arousal Loss:0.3659	
[2025-11-19 17:28:36,219][run_task2&3_trainer_multilingual.py][line:1284][INFO] Epoch:[1/1]	 Batch:[3950/4840.0]	 Loss Sum:10.0103	forward Loss:2.5322;2.1319	 backward Loss:3.7095;1.1921	 Sentiment Loss:0.0854	Valence Loss:1.5706	 Arousal Loss:0.225	
[2025-11-19 17:28:37,553][run_task2&3_trainer_multilingual.py][line:1284][INFO] Epoch:[1/1]	 Batch:[3960/4840.0]	 Loss Sum:1.5666	forward Loss:0.0479;0.6074	 backward Loss:0.6276;0.0848	 Sentiment Loss:0.1677	Valence Loss:0.0453	 Arousal Loss:0.1105	
[2025-11-19 17:28:38,889][run_task2&3_trainer_multilingual.py][line:1284][INFO] Epoch:[1/1]	 Batch:[3970/4840.0]	 Loss Sum:5.0924	forward Loss:2.4996;0.375	 backward Loss:0.383;0.867	 Sentiment Loss:0.7581	Valence Loss:1.0186	 Arousal Loss:0.0302	
[2025-11-19 17:28:40,223][run_task2&3_trainer_multilingual.py][line:1284][INFO] Epoch:[1/1]	 Batch:[3980/4840.0]	 Loss Sum:9.8515	forward Loss:2.4058;1.8754	 backward Loss:3.2513;2.1573	 Sentiment Loss:0.0394	Valence Loss:0.2688	 Arousal Loss:0.3426	
[2025-11-19 17:28:41,559][run_task2&3_trainer_multilingual.py][line:1284][INFO] Epoch:[1/1]	 Batch:[3990/4840.0]	 Loss Sum:1.4448	forward Loss:0.3494;0.0354	 backward Loss:0.0313;0.3346	 Sentiment Loss:0.0674	Valence Loss:2.7203	 Arousal Loss:0.4135	
[2025-11-19 17:28:42,893][run_task2&3_trainer_multilingual.py][line:1284][INFO] Epoch:[1/1]	 Batch:[4000/4840.0]	 Loss Sum:2.167	forward Loss:1.0036;0.249	 backward Loss:0.3232;0.4205	 Sentiment Loss:0.0299	Valence Loss:0.4193	 Arousal Loss:0.2847	
[2025-11-19 17:28:44,228][run_task2&3_trainer_multilingual.py][line:1284][INFO] Epoch:[1/1]	 Batch:[4010/4840.0]	 Loss Sum:15.2985	forward Loss:3.5946;4.2535	 backward Loss:2.0072;3.3658	 Sentiment Loss:2.023	Valence Loss:0.1023	 Arousal Loss:0.1697	
[2025-11-19 17:28:45,562][run_task2&3_trainer_multilingual.py][line:1284][INFO] Epoch:[1/1]	 Batch:[4020/4840.0]	 Loss Sum:0.3862	forward Loss:0.086;0.0591	 backward Loss:0.0275;0.0492	 Sentiment Loss:0.0359	Valence Loss:0.0666	 Arousal Loss:0.5757	
[2025-11-19 17:28:46,897][run_task2&3_trainer_multilingual.py][line:1284][INFO] Epoch:[1/1]	 Batch:[4030/4840.0]	 Loss Sum:7.0528	forward Loss:0.8282;1.3447	 backward Loss:3.5077;0.7254	 Sentiment Loss:0.0591	Valence Loss:1.8915	 Arousal Loss:1.047	
[2025-11-19 17:28:48,232][run_task2&3_trainer_multilingual.py][line:1284][INFO] Epoch:[1/1]	 Batch:[4040/4840.0]	 Loss Sum:3.2201	forward Loss:0.0955;1.3432	 backward Loss:1.1999;0.2471	 Sentiment Loss:0.1987	Valence Loss:0.55	 Arousal Loss:0.1287	
[2025-11-19 17:28:49,565][run_task2&3_trainer_multilingual.py][line:1284][INFO] Epoch:[1/1]	 Batch:[4050/4840.0]	 Loss Sum:2.717	forward Loss:0.0279;2.3252	 backward Loss:0.1627;0.0508	 Sentiment Loss:0.0905	Valence Loss:0.2003	 Arousal Loss:0.099	
[2025-11-19 17:28:50,898][run_task2&3_trainer_multilingual.py][line:1284][INFO] Epoch:[1/1]	 Batch:[4060/4840.0]	 Loss Sum:5.0166	forward Loss:0.384;1.0894	 backward Loss:0.811;2.5204	 Sentiment Loss:0.163	Valence Loss:0.0902	 Arousal Loss:0.1537	
[2025-11-19 17:28:52,232][run_task2&3_trainer_multilingual.py][line:1284][INFO] Epoch:[1/1]	 Batch:[4070/4840.0]	 Loss Sum:2.791	forward Loss:1.5286;0.1942	 backward Loss:0.1046;0.7098	 Sentiment Loss:0.0414	Valence Loss:0.576	 Arousal Loss:0.4855	
[2025-11-19 17:28:53,566][run_task2&3_trainer_multilingual.py][line:1284][INFO] Epoch:[1/1]	 Batch:[4080/4840.0]	 Loss Sum:5.9277	forward Loss:0.6081;1.7491	 backward Loss:1.9253;1.4586	 Sentiment Loss:0.0175	Valence Loss:0.4079	 Arousal Loss:0.4382	
[2025-11-19 17:28:54,898][run_task2&3_trainer_multilingual.py][line:1284][INFO] Epoch:[1/1]	 Batch:[4090/4840.0]	 Loss Sum:0.3635	forward Loss:0.0224;0.0646	 backward Loss:0.0189;0.0365	 Sentiment Loss:0.1751	Valence Loss:0.1042	 Arousal Loss:0.1258	
[2025-11-19 17:28:56,232][run_task2&3_trainer_multilingual.py][line:1284][INFO] Epoch:[1/1]	 Batch:[4100/4840.0]	 Loss Sum:6.7826	forward Loss:0.8248;3.133	 backward Loss:0.5166;2.2671	 Sentiment Loss:0.0227	Valence Loss:0.0716	 Arousal Loss:0.0202	
[2025-11-19 17:28:57,565][run_task2&3_trainer_multilingual.py][line:1284][INFO] Epoch:[1/1]	 Batch:[4110/4840.0]	 Loss Sum:3.4046	forward Loss:1.3608;0.0416	 backward Loss:0.0182;1.3383	 Sentiment Loss:0.1226	Valence Loss:1.6148	 Arousal Loss:1.0001	
[2025-11-19 17:28:58,897][run_task2&3_trainer_multilingual.py][line:1284][INFO] Epoch:[1/1]	 Batch:[4120/4840.0]	 Loss Sum:0.4843	forward Loss:0.0364;0.0581	 backward Loss:0.029;0.078	 Sentiment Loss:0.1546	Valence Loss:0.5946	 Arousal Loss:0.0467	
[2025-11-19 17:29:00,230][run_task2&3_trainer_multilingual.py][line:1284][INFO] Epoch:[1/1]	 Batch:[4130/4840.0]	 Loss Sum:4.2275	forward Loss:0.1208;2.9454	 backward Loss:0.6951;0.2574	 Sentiment Loss:0.0631	Valence Loss:0.0533	 Arousal Loss:0.675	
[2025-11-19 17:29:01,562][run_task2&3_trainer_multilingual.py][line:1284][INFO] Epoch:[1/1]	 Batch:[4140/4840.0]	 Loss Sum:2.9562	forward Loss:0.1804;0.9827	 backward Loss:1.2919;0.0813	 Sentiment Loss:0.1125	Valence Loss:0.7745	 Arousal Loss:0.7627	
[2025-11-19 17:29:02,896][run_task2&3_trainer_multilingual.py][line:1284][INFO] Epoch:[1/1]	 Batch:[4150/4840.0]	 Loss Sum:0.3708	forward Loss:0.0178;0.1244	 backward Loss:0.0679;0.0455	 Sentiment Loss:0.0135	Valence Loss:0.4835	 Arousal Loss:0.0251	
[2025-11-19 17:29:04,229][run_task2&3_trainer_multilingual.py][line:1284][INFO] Epoch:[1/1]	 Batch:[4160/4840.0]	 Loss Sum:6.2742	forward Loss:0.0484;2.8118	 backward Loss:2.125;0.0783	 Sentiment Loss:1.001	Valence Loss:0.3486	 Arousal Loss:0.6998	
[2025-11-19 17:29:05,561][run_task2&3_trainer_multilingual.py][line:1284][INFO] Epoch:[1/1]	 Batch:[4170/4840.0]	 Loss Sum:9.4953	forward Loss:0.1716;2.6313	 backward Loss:5.0021;0.7792	 Sentiment Loss:0.6218	Valence Loss:0.896	 Arousal Loss:0.5503	
[2025-11-19 17:29:06,894][run_task2&3_trainer_multilingual.py][line:1284][INFO] Epoch:[1/1]	 Batch:[4180/4840.0]	 Loss Sum:1.477	forward Loss:0.1094;0.4285	 backward Loss:0.1146;0.3436	 Sentiment Loss:0.143	Valence Loss:0.29	 Arousal Loss:1.3998	
[2025-11-19 17:29:08,227][run_task2&3_trainer_multilingual.py][line:1284][INFO] Epoch:[1/1]	 Batch:[4190/4840.0]	 Loss Sum:6.0972	forward Loss:2.6556;0.0837	 backward Loss:0.0215;3.2511	 Sentiment Loss:0.0024	Valence Loss:0.256	 Arousal Loss:0.1586	
[2025-11-19 17:29:09,559][run_task2&3_trainer_multilingual.py][line:1284][INFO] Epoch:[1/1]	 Batch:[4200/4840.0]	 Loss Sum:0.5105	forward Loss:0.0515;0.0402	 backward Loss:0.0308;0.0668	 Sentiment Loss:0.0244	Valence Loss:0.8992	 Arousal Loss:0.5855	
[2025-11-19 17:29:10,894][run_task2&3_trainer_multilingual.py][line:1284][INFO] Epoch:[1/1]	 Batch:[4210/4840.0]	 Loss Sum:6.6211	forward Loss:0.159;4.0972	 backward Loss:2.0107;0.1557	 Sentiment Loss:0.1122	Valence Loss:0.4039	 Arousal Loss:0.027	
[2025-11-19 17:29:12,226][run_task2&3_trainer_multilingual.py][line:1284][INFO] Epoch:[1/1]	 Batch:[4220/4840.0]	 Loss Sum:1.9745	forward Loss:0.146;0.4642	 backward Loss:0.2261;0.2923	 Sentiment Loss:0.5839	Valence Loss:0.6774	 Arousal Loss:0.6328	
[2025-11-19 17:29:13,559][run_task2&3_trainer_multilingual.py][line:1284][INFO] Epoch:[1/1]	 Batch:[4230/4840.0]	 Loss Sum:29.6978	forward Loss:10.1462;7.9971	 backward Loss:7.1919;3.4774	 Sentiment Loss:0.7962	Valence Loss:0.399	 Arousal Loss:0.0461	
[2025-11-19 17:29:14,892][run_task2&3_trainer_multilingual.py][line:1284][INFO] Epoch:[1/1]	 Batch:[4240/4840.0]	 Loss Sum:0.4937	forward Loss:0.0794;0.1885	 backward Loss:0.066;0.0912	 Sentiment Loss:0.0222	Valence Loss:0.0679	 Arousal Loss:0.1647	
[2025-11-19 17:29:16,224][run_task2&3_trainer_multilingual.py][line:1284][INFO] Epoch:[1/1]	 Batch:[4250/4840.0]	 Loss Sum:3.7388	forward Loss:1.5144;0.0681	 backward Loss:0.0548;1.5104	 Sentiment Loss:0.1825	Valence Loss:1.5335	 Arousal Loss:0.5094	
[2025-11-19 17:29:17,557][run_task2&3_trainer_multilingual.py][line:1284][INFO] Epoch:[1/1]	 Batch:[4260/4840.0]	 Loss Sum:3.6569	forward Loss:1.331;0.7746	 backward Loss:1.0161;0.502	 Sentiment Loss:0.0058	Valence Loss:0.0697	 Arousal Loss:0.0672	
[2025-11-19 17:29:18,891][run_task2&3_trainer_multilingual.py][line:1284][INFO] Epoch:[1/1]	 Batch:[4270/4840.0]	 Loss Sum:11.5008	forward Loss:5.7401;0.1263	 backward Loss:0.0543;4.8978	 Sentiment Loss:0.0638	Valence Loss:1.4104	 Arousal Loss:1.6816	
[2025-11-19 17:29:20,225][run_task2&3_trainer_multilingual.py][line:1284][INFO] Epoch:[1/1]	 Batch:[4280/4840.0]	 Loss Sum:2.156	forward Loss:0.3638;0.12	 backward Loss:0.082;0.5398	 Sentiment Loss:0.0394	Valence Loss:4.8029	 Arousal Loss:0.252	
[2025-11-19 17:29:21,557][run_task2&3_trainer_multilingual.py][line:1284][INFO] Epoch:[1/1]	 Batch:[4290/4840.0]	 Loss Sum:3.7005	forward Loss:0.2494;1.9058	 backward Loss:0.8556;0.2666	 Sentiment Loss:0.1034	Valence Loss:0.6944	 Arousal Loss:0.9048	
[2025-11-19 17:29:22,890][run_task2&3_trainer_multilingual.py][line:1284][INFO] Epoch:[1/1]	 Batch:[4300/4840.0]	 Loss Sum:0.455	forward Loss:0.0186;0.1633	 backward Loss:0.1178;0.0523	 Sentiment Loss:0.057	Valence Loss:0.0543	 Arousal Loss:0.1758	
[2025-11-19 17:29:24,223][run_task2&3_trainer_multilingual.py][line:1284][INFO] Epoch:[1/1]	 Batch:[4310/4840.0]	 Loss Sum:0.1796	forward Loss:0.0165;0.025	 backward Loss:0.0194;0.0115	 Sentiment Loss:0.0149	Valence Loss:0.2656	 Arousal Loss:0.1957	
[2025-11-19 17:29:25,555][run_task2&3_trainer_multilingual.py][line:1284][INFO] Epoch:[1/1]	 Batch:[4320/4840.0]	 Loss Sum:1.4599	forward Loss:0.2788;0.421	 backward Loss:0.1921;0.4684	 Sentiment Loss:0.0458	Valence Loss:0.1715	 Arousal Loss:0.0973	
[2025-11-19 17:29:26,888][run_task2&3_trainer_multilingual.py][line:1284][INFO] Epoch:[1/1]	 Batch:[4330/4840.0]	 Loss Sum:0.2819	forward Loss:0.0854;0.046	 backward Loss:0.0314;0.0621	 Sentiment Loss:0.0158	Valence Loss:0.1433	 Arousal Loss:0.0628	
[2025-11-19 17:29:28,221][run_task2&3_trainer_multilingual.py][line:1284][INFO] Epoch:[1/1]	 Batch:[4340/4840.0]	 Loss Sum:6.7082	forward Loss:0.3661;3.4702	 backward Loss:2.4676;0.1817	 Sentiment Loss:0.035	Valence Loss:0.4174	 Arousal Loss:0.5208	
[2025-11-19 17:29:29,554][run_task2&3_trainer_multilingual.py][line:1284][INFO] Epoch:[1/1]	 Batch:[4350/4840.0]	 Loss Sum:25.6754	forward Loss:6.5843;8.4301	 backward Loss:7.9901;2.0719	 Sentiment Loss:0.5008	Valence Loss:0.4339	 Arousal Loss:0.0571	
[2025-11-19 17:29:30,887][run_task2&3_trainer_multilingual.py][line:1284][INFO] Epoch:[1/1]	 Batch:[4360/4840.0]	 Loss Sum:22.2057	forward Loss:6.0922;0.9462	 backward Loss:8.1244;6.2825	 Sentiment Loss:0.6098	Valence Loss:0.1445	 Arousal Loss:0.6088	
[2025-11-19 17:29:32,220][run_task2&3_trainer_multilingual.py][line:1284][INFO] Epoch:[1/1]	 Batch:[4370/4840.0]	 Loss Sum:1.4606	forward Loss:0.5702;0.0389	 backward Loss:0.1633;0.5712	 Sentiment Loss:0.0179	Valence Loss:0.1799	 Arousal Loss:0.3161	
[2025-11-19 17:29:33,553][run_task2&3_trainer_multilingual.py][line:1284][INFO] Epoch:[1/1]	 Batch:[4380/4840.0]	 Loss Sum:16.6219	forward Loss:0.0355;2.951	 backward Loss:12.102;0.0644	 Sentiment Loss:0.959	Valence Loss:1.1781	 Arousal Loss:1.3722	
[2025-11-19 17:29:34,885][run_task2&3_trainer_multilingual.py][line:1284][INFO] Epoch:[1/1]	 Batch:[4390/4840.0]	 Loss Sum:0.3932	forward Loss:0.0697;0.0526	 backward Loss:0.0576;0.0994	 Sentiment Loss:0.075	Valence Loss:0.0661	 Arousal Loss:0.1291	
[2025-11-19 17:29:36,219][run_task2&3_trainer_multilingual.py][line:1284][INFO] Epoch:[1/1]	 Batch:[4400/4840.0]	 Loss Sum:0.2802	forward Loss:0.0741;0.0373	 backward Loss:0.0574;0.0673	 Sentiment Loss:0.0218	Valence Loss:0.0598	 Arousal Loss:0.0522	
[2025-11-19 17:29:37,551][run_task2&3_trainer_multilingual.py][line:1284][INFO] Epoch:[1/1]	 Batch:[4410/4840.0]	 Loss Sum:0.687	forward Loss:0.0463;0.0939	 backward Loss:0.1292;0.0896	 Sentiment Loss:0.1198	Valence Loss:0.0642	 Arousal Loss:0.9766	
[2025-11-19 17:29:38,885][run_task2&3_trainer_multilingual.py][line:1284][INFO] Epoch:[1/1]	 Batch:[4420/4840.0]	 Loss Sum:28.5171	forward Loss:11.7834;4.1077	 backward Loss:7.7037;4.3082	 Sentiment Loss:0.2754	Valence Loss:1.0936	 Arousal Loss:0.5999	
[2025-11-19 17:29:40,218][run_task2&3_trainer_multilingual.py][line:1284][INFO] Epoch:[1/1]	 Batch:[4430/4840.0]	 Loss Sum:0.7251	forward Loss:0.0383;0.1359	 backward Loss:0.0604;0.0999	 Sentiment Loss:0.1252	Valence Loss:0.9505	 Arousal Loss:0.3764	
[2025-11-19 17:29:41,552][run_task2&3_trainer_multilingual.py][line:1284][INFO] Epoch:[1/1]	 Batch:[4440/4840.0]	 Loss Sum:3.227	forward Loss:0.2113;0.4777	 backward Loss:1.9618;0.1979	 Sentiment Loss:0.0756	Valence Loss:1.1786	 Arousal Loss:0.3346	
[2025-11-19 17:29:42,883][run_task2&3_trainer_multilingual.py][line:1284][INFO] Epoch:[1/1]	 Batch:[4450/4840.0]	 Loss Sum:2.5309	forward Loss:0.2419;0.2252	 backward Loss:0.1889;1.4693	 Sentiment Loss:0.2054	Valence Loss:0.6036	 Arousal Loss:0.3971	
[2025-11-19 17:29:44,217][run_task2&3_trainer_multilingual.py][line:1284][INFO] Epoch:[1/1]	 Batch:[4460/4840.0]	 Loss Sum:1.7574	forward Loss:0.4469;0.6558	 backward Loss:0.1744;0.2123	 Sentiment Loss:0.1228	Valence Loss:0.5582	 Arousal Loss:0.1674	
[2025-11-19 17:29:45,549][run_task2&3_trainer_multilingual.py][line:1284][INFO] Epoch:[1/1]	 Batch:[4470/4840.0]	 Loss Sum:2.2797	forward Loss:0.7571;0.0754	 backward Loss:0.0495;1.2233	 Sentiment Loss:0.0545	Valence Loss:0.0654	 Arousal Loss:0.5343	
[2025-11-19 17:29:46,882][run_task2&3_trainer_multilingual.py][line:1284][INFO] Epoch:[1/1]	 Batch:[4480/4840.0]	 Loss Sum:3.5749	forward Loss:1.0331;0.496	 backward Loss:1.4461;0.356	 Sentiment Loss:0.199	Valence Loss:0.0295	 Arousal Loss:0.1936	
[2025-11-19 17:29:48,215][run_task2&3_trainer_multilingual.py][line:1284][INFO] Epoch:[1/1]	 Batch:[4490/4840.0]	 Loss Sum:2.5748	forward Loss:0.12;1.8589	 backward Loss:0.3587;0.0491	 Sentiment Loss:0.0395	Valence Loss:0.2543	 Arousal Loss:0.4891	
[2025-11-19 17:29:49,547][run_task2&3_trainer_multilingual.py][line:1284][INFO] Epoch:[1/1]	 Batch:[4500/4840.0]	 Loss Sum:15.6847	forward Loss:3.843;2.2168	 backward Loss:0.791;6.5021	 Sentiment Loss:2.1367	Valence Loss:0.4696	 Arousal Loss:0.5059	
[2025-11-19 17:29:50,880][run_task2&3_trainer_multilingual.py][line:1284][INFO] Epoch:[1/1]	 Batch:[4510/4840.0]	 Loss Sum:5.2006	forward Loss:0.6965;0.4903	 backward Loss:3.2327;0.4093	 Sentiment Loss:0.0618	Valence Loss:1.4824	 Arousal Loss:0.0679	
[2025-11-19 17:29:52,213][run_task2&3_trainer_multilingual.py][line:1284][INFO] Epoch:[1/1]	 Batch:[4520/4840.0]	 Loss Sum:0.4607	forward Loss:0.0744;0.0383	 backward Loss:0.0661;0.1069	 Sentiment Loss:0.0836	Valence Loss:0.1665	 Arousal Loss:0.2905	
[2025-11-19 17:29:53,546][run_task2&3_trainer_multilingual.py][line:1284][INFO] Epoch:[1/1]	 Batch:[4530/4840.0]	 Loss Sum:0.6212	forward Loss:0.0603;0.1534	 backward Loss:0.0905;0.0926	 Sentiment Loss:0.0787	Valence Loss:0.3393	 Arousal Loss:0.3892	
[2025-11-19 17:29:54,880][run_task2&3_trainer_multilingual.py][line:1284][INFO] Epoch:[1/1]	 Batch:[4540/4840.0]	 Loss Sum:7.2587	forward Loss:0.229;0.8233	 backward Loss:0.7161;5.2759	 Sentiment Loss:0.006	Valence Loss:0.529	 Arousal Loss:0.5129	
[2025-11-19 17:29:56,213][run_task2&3_trainer_multilingual.py][line:1284][INFO] Epoch:[1/1]	 Batch:[4550/4840.0]	 Loss Sum:1.1535	forward Loss:0.123;0.1632	 backward Loss:0.1668;0.056	 Sentiment Loss:0.0171	Valence Loss:1.7833	 Arousal Loss:1.3541	
[2025-11-19 17:29:57,544][run_task2&3_trainer_multilingual.py][line:1284][INFO] Epoch:[1/1]	 Batch:[4560/4840.0]	 Loss Sum:0.3851	forward Loss:0.0205;0.0586	 backward Loss:0.032;0.0404	 Sentiment Loss:0.05	Valence Loss:0.064	 Arousal Loss:0.8539	
[2025-11-19 17:29:58,878][run_task2&3_trainer_multilingual.py][line:1284][INFO] Epoch:[1/1]	 Batch:[4570/4840.0]	 Loss Sum:5.071	forward Loss:1.5484;0.3588	 backward Loss:0.9794;1.4177	 Sentiment Loss:0.5732	Valence Loss:0.2271	 Arousal Loss:0.7398	
[2025-11-19 17:30:00,212][run_task2&3_trainer_multilingual.py][line:1284][INFO] Epoch:[1/1]	 Batch:[4580/4840.0]	 Loss Sum:8.7468	forward Loss:0.3804;3.79	 backward Loss:3.8837;0.1225	 Sentiment Loss:0.4855	Valence Loss:0.3227	 Arousal Loss:0.1009	
[2025-11-19 17:30:01,545][run_task2&3_trainer_multilingual.py][line:1284][INFO] Epoch:[1/1]	 Batch:[4590/4840.0]	 Loss Sum:0.6281	forward Loss:0.0152;0.3298	 backward Loss:0.0554;0.0691	 Sentiment Loss:0.067	Valence Loss:0.3379	 Arousal Loss:0.12	
[2025-11-19 17:30:02,877][run_task2&3_trainer_multilingual.py][line:1284][INFO] Epoch:[1/1]	 Batch:[4600/4840.0]	 Loss Sum:8.7571	forward Loss:0.418;5.2201	 backward Loss:2.8059;0.1036	 Sentiment Loss:0.1077	Valence Loss:0.0245	 Arousal Loss:0.4852	
[2025-11-19 17:30:04,210][run_task2&3_trainer_multilingual.py][line:1284][INFO] Epoch:[1/1]	 Batch:[4610/4840.0]	 Loss Sum:7.0449	forward Loss:5.3666;0.0311	 backward Loss:0.106;1.4526	 Sentiment Loss:0.0482	Valence Loss:0.124	 Arousal Loss:0.0778	
[2025-11-19 17:30:05,542][run_task2&3_trainer_multilingual.py][line:1284][INFO] Epoch:[1/1]	 Batch:[4620/4840.0]	 Loss Sum:9.3911	forward Loss:4.6467;0.2038	 backward Loss:0.1324;4.3377	 Sentiment Loss:0.0207	Valence Loss:0.0231	 Arousal Loss:0.2261	
[2025-11-19 17:30:06,875][run_task2&3_trainer_multilingual.py][line:1284][INFO] Epoch:[1/1]	 Batch:[4630/4840.0]	 Loss Sum:6.6803	forward Loss:1.372;1.7374	 backward Loss:2.6646;0.7365	 Sentiment Loss:0.1315	Valence Loss:0.1635	 Arousal Loss:0.0276	
[2025-11-19 17:30:08,207][run_task2&3_trainer_multilingual.py][line:1284][INFO] Epoch:[1/1]	 Batch:[4640/4840.0]	 Loss Sum:15.1427	forward Loss:3.4009;3.1499	 backward Loss:1.7069;3.3877	 Sentiment Loss:2.7046	Valence Loss:3.1684	 Arousal Loss:0.7951	
[2025-11-19 17:30:09,541][run_task2&3_trainer_multilingual.py][line:1284][INFO] Epoch:[1/1]	 Batch:[4650/4840.0]	 Loss Sum:29.5946	forward Loss:0.2244;11.701	 backward Loss:10.0578;0.4348	 Sentiment Loss:7.1015	Valence Loss:0.2665	 Arousal Loss:0.1089	
[2025-11-19 17:30:10,874][run_task2&3_trainer_multilingual.py][line:1284][INFO] Epoch:[1/1]	 Batch:[4660/4840.0]	 Loss Sum:3.1802	forward Loss:0.2339;1.8126	 backward Loss:0.5407;0.3309	 Sentiment Loss:0.2116	Valence Loss:0.0446	 Arousal Loss:0.2076	
[2025-11-19 17:30:12,207][run_task2&3_trainer_multilingual.py][line:1284][INFO] Epoch:[1/1]	 Batch:[4670/4840.0]	 Loss Sum:2.067	forward Loss:0.1094;0.5218	 backward Loss:1.2938;0.0609	 Sentiment Loss:0.0043	Valence Loss:0.1973	 Arousal Loss:0.1861	
[2025-11-19 17:30:13,540][run_task2&3_trainer_multilingual.py][line:1284][INFO] Epoch:[1/1]	 Batch:[4680/4840.0]	 Loss Sum:2.1559	forward Loss:0.5237;0.2777	 backward Loss:0.2131;0.7392	 Sentiment Loss:0.1865	Valence Loss:0.7919	 Arousal Loss:0.2864	
[2025-11-19 17:30:14,874][run_task2&3_trainer_multilingual.py][line:1284][INFO] Epoch:[1/1]	 Batch:[4690/4840.0]	 Loss Sum:26.4838	forward Loss:6.2008;8.411	 backward Loss:8.7238;3.0386	 Sentiment Loss:0.0292	Valence Loss:0.0273	 Arousal Loss:0.3747	
[2025-11-19 17:30:16,206][run_task2&3_trainer_multilingual.py][line:1284][INFO] Epoch:[1/1]	 Batch:[4700/4840.0]	 Loss Sum:4.8744	forward Loss:1.1347;1.3016	 backward Loss:1.1213;0.921	 Sentiment Loss:0.3149	Valence Loss:0.1748	 Arousal Loss:0.2293	
[2025-11-19 17:30:17,538][run_task2&3_trainer_multilingual.py][line:1284][INFO] Epoch:[1/1]	 Batch:[4710/4840.0]	 Loss Sum:10.5217	forward Loss:4.0301;1.3921	 backward Loss:2.9195;1.9168	 Sentiment Loss:0.1229	Valence Loss:0.3185	 Arousal Loss:0.383	
[2025-11-19 17:30:18,871][run_task2&3_trainer_multilingual.py][line:1284][INFO] Epoch:[1/1]	 Batch:[4720/4840.0]	 Loss Sum:0.3092	forward Loss:0.0721;0.0895	 backward Loss:0.0697;0.0368	 Sentiment Loss:0.0214	Valence Loss:0.0228	 Arousal Loss:0.0751	
[2025-11-19 17:30:20,204][run_task2&3_trainer_multilingual.py][line:1284][INFO] Epoch:[1/1]	 Batch:[4730/4840.0]	 Loss Sum:0.7415	forward Loss:0.0204;0.1181	 backward Loss:0.086;0.0215	 Sentiment Loss:0.0216	Valence Loss:1.8173	 Arousal Loss:0.5517	
[2025-11-19 17:30:21,537][run_task2&3_trainer_multilingual.py][line:1284][INFO] Epoch:[1/1]	 Batch:[4740/4840.0]	 Loss Sum:0.1963	forward Loss:0.0244;0.0312	 backward Loss:0.0235;0.058	 Sentiment Loss:0.0246	Valence Loss:0.05	 Arousal Loss:0.1224	
[2025-11-19 17:30:22,871][run_task2&3_trainer_multilingual.py][line:1284][INFO] Epoch:[1/1]	 Batch:[4750/4840.0]	 Loss Sum:10.1089	forward Loss:0.22;5.0632	 backward Loss:4.2765;0.348	 Sentiment Loss:0.0327	Valence Loss:0.8214	 Arousal Loss:0.0212	
[2025-11-19 17:30:24,204][run_task2&3_trainer_multilingual.py][line:1284][INFO] Epoch:[1/1]	 Batch:[4760/4840.0]	 Loss Sum:1.5429	forward Loss:0.1096;0.5911	 backward Loss:0.5199;0.1793	 Sentiment Loss:0.0182	Valence Loss:0.1129	 Arousal Loss:0.51	
[2025-11-19 17:30:25,536][run_task2&3_trainer_multilingual.py][line:1284][INFO] Epoch:[1/1]	 Batch:[4770/4840.0]	 Loss Sum:4.1904	forward Loss:3.1291;0.0831	 backward Loss:0.2874;0.5785	 Sentiment Loss:0.0167	Valence Loss:0.386	 Arousal Loss:0.0921	
[2025-11-19 17:30:26,870][run_task2&3_trainer_multilingual.py][line:1284][INFO] Epoch:[1/1]	 Batch:[4780/4840.0]	 Loss Sum:7.3505	forward Loss:0.3449;2.9613	 backward Loss:3.2978;0.5275	 Sentiment Loss:0.0664	Valence Loss:0.1221	 Arousal Loss:0.6407	
[2025-11-19 17:30:28,204][run_task2&3_trainer_multilingual.py][line:1284][INFO] Epoch:[1/1]	 Batch:[4790/4840.0]	 Loss Sum:14.7967	forward Loss:4.5908;3.5581	 backward Loss:0.2377;5.8105	 Sentiment Loss:0.3988	Valence Loss:0.7344	 Arousal Loss:0.2698	
[2025-11-19 17:30:29,538][run_task2&3_trainer_multilingual.py][line:1284][INFO] Epoch:[1/1]	 Batch:[4800/4840.0]	 Loss Sum:6.4864	forward Loss:0.3927;0.078	 backward Loss:0.1033;0.5026	 Sentiment Loss:5.3558	Valence Loss:0.0977	 Arousal Loss:0.1725	
[2025-11-19 17:30:30,872][run_task2&3_trainer_multilingual.py][line:1284][INFO] Epoch:[1/1]	 Batch:[4810/4840.0]	 Loss Sum:6.191	forward Loss:0.4473;3.6228	 backward Loss:1.8882;0.1537	 Sentiment Loss:0.0114	Valence Loss:0.2852	 Arousal Loss:0.0524	
[2025-11-19 17:30:32,206][run_task2&3_trainer_multilingual.py][line:1284][INFO] Epoch:[1/1]	 Batch:[4820/4840.0]	 Loss Sum:0.7311	forward Loss:0.065;0.0474	 backward Loss:0.0637;0.0748	 Sentiment Loss:0.1241	Valence Loss:1.6241	 Arousal Loss:0.1563	
[2025-11-19 17:30:33,539][run_task2&3_trainer_multilingual.py][line:1284][INFO] Epoch:[1/1]	 Batch:[4830/4840.0]	 Loss Sum:11.9686	forward Loss:0.2622;5.8271	 backward Loss:5.6606;0.1042	 Sentiment Loss:0.0221	Valence Loss:0.166	 Arousal Loss:0.2958	
[2025-11-19 17:30:34,872][run_task2&3_trainer_multilingual.py][line:1284][INFO] Epoch:[1/1]	 Batch:[4840/4840.0]	 Loss Sum:5.7364	forward Loss:2.5876;0.4336	 backward Loss:0.1863;2.2699	 Sentiment Loss:0.068	Valence Loss:0.9312	 Arousal Loss:0.0236	
[2025-11-19 17:30:34,872][run_task2&3_trainer_multilingual.py][line:1296][INFO] dev
[2025-11-19 17:31:07,016][run_task2&3_trainer_multilingual.py][line:578][INFO] Triplet - Precision: 0.643671265360725	Recall: 0.629694835311212	F1: 0.6366058479475427
[2025-11-19 17:31:07,016][run_task2&3_trainer_multilingual.py][line:583][INFO] Aspect - Precision: 0.8461016943416259	Recall: 0.8375838920553128	F1: 0.841820747337329
[2025-11-19 17:31:07,016][run_task2&3_trainer_multilingual.py][line:588][INFO] Opinion - Precision: 0.82945736380526	Recall: 0.7834045144701619	F1: 0.8057729545618527
[2025-11-19 17:31:07,016][run_task2&3_trainer_multilingual.py][line:594][INFO] Aspect-Category - Precision: 0.7701612898049991	Recall: 0.7549407109651246	F1: 0.7624745494430258
[2025-11-19 17:31:07,016][run_task2&3_trainer_multilingual.py][line:602][INFO] Aspect-Opinion - Precision: 0.7072585478660716	Recall: 0.6919014080446587	F1: 0.6994951982513404
[2025-11-19 17:31:07,017][run_task2&3_trainer_multilingual.py][line:1302][INFO] Model saved after epoch 1
[2025-11-19 17:31:08,573][run_task2&3_trainer_multilingual.py][line:1313][INFO] loading model......
[2025-11-19 17:31:10,009][run_task2&3_trainer_multilingual.py][line:1316][INFO] inference......
