[[0, 0, 2, 4, 0], [0, 0, 28, 30, 0]]
[]
[[1, 2, 3, 7, 1]]
[[48, 49, 50, 52, 6], [77, 78, 79, 81, 4]]
[[31, 32, 33, 34, 4], [31, 32, 37, 39, 4]]
[[0, 0, 23, 29, 3]]
[[0, 0, 11, 12, 3], [14, 15, 16, 17, 3]]
[[0, 0, 58, 61, 0]]
[[1, 2, 10, 16, 3], [26, 27, 29, 34, 58]]
[[0, 0, 10, 11, 0], [0, 0, 21, 24, 0], [0, 0, 23, 24, 0]]
[[0, 0, 5, 11, 0], [0, 0, 10, 11, 0]]
[[0, 0, 12, 15, 0], [0, 0, 26, 28, 3], [4, 6, 12, 15, 4], [24, 25, 26, 28, 3]]
[[0, 0, 11, 15, 0]]
[[1, 2, 3, 8, 1], [12, 15, 25, 26, 12]]
[[0, 0, 6, 7, 0]]
[[1, 2, 3, 8, 3], [16, 17, 19, 23, 1], [16, 17, 49, 51, 1]]
[[4, 7, 1, 2, 0], [4, 7, 11, 14, 3]]
[[1, 3, 7, 10, 3]]
[[55, 56, 62, 64, 3], [58, 60, 62, 64, 3]]
[[127, 130, 131, 136, 12], [0, 0, 108, 109, 1]]
[[7, 8, 13, 15, 3], [10, 11, 13, 15, 3]]
[[18, 19, 28, 30, 1]]
[[0, 0, 12, 13, 1]]
[[0, 0, 1, 3, 0], [22, 24, 26, 27, 103]]
[[15, 16, 17, 19, 21], [98, 101, 102, 103, 3]]
[[0, 0, 9, 11, 3], [16, 17, 20, 23, 1]]
[[0, 0, 34, 36, 3]]
[[0, 0, 8, 9, 0]]
[[6, 7, 8, 10, 6]]
[[0, 0, 12, 16, 0], [4, 5, 1, 2, 0], [4, 5, 7, 9, 0]]
[[20, 21, 25, 27, 1], [22, 24, 25, 27, 1]]
[[1, 2, 3, 4, 3]]
[[0, 0, 10, 12, 0], [25, 26, 28, 30, 1]]
[[3, 4, 5, 7, 3], [16, 17, 18, 20, 4], [22, 25, 26, 27, 4]]
[[0, 0, 40, 42, 0]]
[[0, 0, 4, 7, 3], [22, 23, 26, 29, 3], [34, 35, 37, 40, 1]]
[[0, 0, 20, 22, 58], [18, 19, 20, 22, 58]]
[[7, 8, 9, 10, 4], [7, 8, 11, 13, 4]]
[[0, 0, 2, 8, 0], [0, 0, 21, 24, 12], [28, 29, 21, 24, 12]]
[[8, 9, 10, 11, 1]]
[[26, 27, 28, 31, 6], [34, 35, 43, 49, 6], [55, 56, 59, 60, 58]]
[[0, 0, 11, 12, 0]]
[[0, 0, 14, 15, 49], [22, 23, 24, 26, 12]]
[[104, 105, 107, 110, 1], [234, 235, 27, 27, 12], [234, 235, 236, 237, 12]]
[[0, 0, 1, 3, 0]]
[[0, 0, 3, 4, 0], [1, 2, 3, 4, 0]]
[[0, 0, 6, 8, 0], [17, 18, 19, 21, 1]]
[]
[[0, 0, 13, 15, 3], [18, 19, 23, 28, 3], [21, 22, 23, 28, 3]]
[[0, 0, 10, 12, 3]]
[[6, 10, 11, 14, 3]]
[[19, 20, 21, 22, 4]]
[[55, 57, 59, 72, 4]]
[[0, 0, 1, 2, 0], [13, 14, 1, 2, 0], [13, 14, 9, 11, 6]]
[[3, 4, 6, 9, 3]]
[[12, 13, 15, 16, 3]]
[[6, 7, 1, 4, 3]]
[[0, 0, 29, 32, 1], [0, 0, 37, 37, 1]]
[]
[[0, 0, 33, 40, 3]]
[[13, 14, 16, 17, 1]]
[[5, 7, 8, 10, 3], [14, 15, 17, 20, 1]]
[[51, 54, 55, 58, 4]]
[[4, 5, 6, 7, 3]]
[[32, 35, 29, 30, 3]]
[[0, 0, 6, 7, 1]]
[[1, 2, 3, 4, 3], [37, 38, 34, 35, 0]]
[[3, 6, 8, 13, 0]]
[[0, 0, 13, 18, 0]]
[[0, 0, 38, 40, 0], [83, 84, 91, 95, 4], [117, 118, 119, 125, 3]]
[[0, 0, 1, 2, 0], [0, 0, 47, 48, 0], [23, 24, 25, 27, 49]]
[[0, 0, 123, 127, 0], [65, 66, 67, 70, 4]]
[[0, 0, 13, 15, 3], [24, 25, 26, 28, 1]]
[[9, 12, 14, 15, 3], [19, 20, 22, 28, 3]]
[]
[[1, 2, 3, 4, 3], [7, 8, 13, 22, 1], [10, 11, 13, 22, 1]]
[]
[[0, 0, 17, 19, 0], [0, 0, 57, 60, 58], [0, 0, 67, 71, 0], [54, 55, 57, 60, 58]]
[[0, 0, 22, 24, 3]]
[]
[[1, 3, 4, 7, 1], [9, 10, 11, 15, 3]]
[[22, 23, 25, 25, 58]]
[[28, 29, 30, 31, 4]]
[[0, 0, 30, 33, 6]]
[[4, 7, 1, 2, 0], [4, 7, 13, 14, 0]]
[[5, 6, 7, 8, 3], [11, 12, 13, 16, 1]]
[[0, 0, 5, 6, 0]]
[[1, 2, 3, 5, 1], [15, 16, 12, 13, 0]]
[[1, 5, 6, 12, 12]]
[[0, 0, 6, 10, 0], [1, 5, 6, 10, 0]]
[[0, 0, 59, 61, 0]]
[[24, 28, 29, 30, 12]]
[[1, 2, 3, 5, 6], [15, 18, 20, 22, 4]]
[[0, 0, 3, 7, 0]]
[[32, 35, 30, 31, 12], [32, 35, 41, 44, 3], [37, 40, 41, 44, 3], [48, 49, 46, 47, 4]]
[[3, 4, 6, 10, 0]]
[[0, 0, 60, 61, 4]]
[[1, 2, 7, 9, 3], [4, 5, 7, 9, 3]]
[]
[[0, 0, 22, 25, 1], [2, 3, 6, 7, 1]]
[[1, 3, 9, 11, 0], [20, 21, 22, 23, 3], [13, 16, 17, 18, 12]]
[[1, 8, 9, 11, 6], [15, 20, 21, 23, 0]]
[[4, 5, 6, 12, 0], [8, 9, 11, 12, 1]]
[[1, 2, 6, 10, 3], [4, 5, 6, 10, 3]]
[[0, 0, 6, 10, 58], [55, 56, 57, 61, 58]]
[]
[[1, 4, 7, 13, 3], [19, 22, 23, 24, 4]]
[[22, 23, 32, 35, 58], [25, 26, 32, 35, 12], [29, 30, 32, 35, 4], [51, 52, 54, 59, 1]]
[[23, 26, 28, 32, 4]]
[[0, 0, 28, 32, 0]]
[[16, 17, 6, 7, 6]]
[[3, 6, 9, 10, 0]]
[[22, 23, 26, 28, 4]]
[[0, 0, 33, 34, 0], [0, 0, 36, 39, 0]]
[[0, 0, 7, 9, 0], [0, 0, 44, 45, 1]]
[[4, 5, 6, 9, 12], [4, 5, 127, 130, 12], [100, 103, 104, 106, 3]]
[[11, 12, 15, 19, 4]]
[[0, 0, 31, 35, 1], [19, 20, 21, 22, 1]]
[[0, 0, 13, 14, 6], [11, 12, 13, 14, 6]]
[[0, 0, 11, 14, 3], [0, 0, 35, 38, 3]]
[[1, 2, 5, 6, 4], [8, 9, 5, 6, 4], [8, 9, 10, 11, 4]]
[[0, 0, 14, 19, 3]]
[[24, 28, 29, 30, 6], [33, 34, 35, 39, 6]]
[[0, 0, 13, 15, 3], [1, 2, 3, 9, 0]]
[[0, 0, 1, 2, 0], [0, 0, 107, 111, 0], [104, 106, 1, 2, 0], [104, 106, 109, 111, 0]]
[[0, 0, 7, 8, 0]]
[[1, 4, 5, 8, 0], [1, 4, 7, 8, 0]]
[[3, 7, 8, 11, 0]]
[[3, 4, 5, 9, 4], [11, 12, 14, 16, 58], [19, 23, 27, 28, 6]]
[[1, 5, 6, 10, 0]]
[[9, 13, 15, 20, 12], [0, 0, 15, 20, 12], [23, 24, 25, 30, 6]]
[[1, 2, 6, 8, 0], [12, 13, 15, 17, 1]]
[[0, 0, 16, 18, 0]]
[[0, 0, 10, 12, 4], [25, 28, 29, 32, 4]]
[[0, 0, 12, 13, 6], [1, 2, 3, 3, 6]]
[[3, 4, 5, 14, 3], [17, 18, 21, 23, 3], [25, 28, 29, 32, 3]]
[[19, 20, 22, 26, 4]]
[[5, 8, 11, 12, 6], [5, 8, 9, 12, 0]]
[[23, 26, 27, 30, 0]]
[[0, 0, 9, 12, 6], [22, 23, 24, 25, 4]]
[[0, 0, 36, 40, 0], [0, 0, 47, 50, 0], [51, 52, 53, 54, 4], [59, 60, 61, 67, 1]]
[[1, 6, 7, 11, 1]]
[[3, 4, 5, 9, 0]]
[[9, 12, 13, 14, 58]]
[[15, 16, 46, 49, 0]]
[[0, 0, 8, 12, 1], [63, 64, 65, 67, 58]]
[[16, 17, 19, 21, 3]]
[[0, 0, 10, 12, 0]]
[[6, 7, 12, 15, 0]]
[[6, 7, 15, 16, 12]]
[[0, 0, 20, 26, 0]]
[[8, 11, 12, 16, 3], [18, 21, 23, 26, 3]]
[[3, 4, 1, 2, 3]]
[[17, 19, 21, 23, 4], [24, 25, 29, 31, 6]]
[[0, 0, 55, 59, 12], [0, 0, 81, 87, 3]]
[[9, 10, 13, 14, 4]]
[[0, 0, 5, 8, 0]]
[[5, 13, 14, 19, 3], [37, 38, 39, 42, 6]]
[[0, 0, 18, 20, 0], [0, 0, 31, 34, 1]]
[[1, 2, 7, 10, 3], [4, 5, 7, 10, 3], [13, 14, 16, 18, 4]]
[[0, 0, 13, 14, 0], [0, 0, 11, 14, 0]]
[]
[[0, 0, 8, 10, 3], [20, 23, 29, 31, 1]]
[[3, 4, 6, 7, 3]]
[[0, 0, 12, 17, 3]]
[[0, 0, 27, 33, 0]]
[[0, 0, 22, 26, 12]]
[[0, 0, 1, 3, 0], [0, 0, 6, 7, 0], [0, 0, 11, 14, 0]]
[[0, 0, 8, 11, 0]]
[[9, 10, 11, 14, 3]]
[[0, 0, 7, 9, 12]]
[[3, 4, 5, 7, 3]]
[[0, 0, 32, 35, 3]]
[[1, 3, 4, 7, 12]]
[[1, 2, 3, 11, 3], [1, 2, 8, 11, 3]]
[[0, 0, 19, 21, 0]]
[[23, 24, 25, 28, 6], [32, 36, 37, 41, 12]]
[[0, 0, 56, 64, 0]]
[[54, 55, 56, 57, 6]]
[[0, 0, 18, 23, 3], [26, 27, 28, 28, 6], [26, 27, 30, 33, 6]]
[[0, 0, 21, 25, 4], [16, 20, 21, 25, 103]]
[[0, 0, 8, 15, 0]]
[[5, 8, 1, 3, 6], [5, 8, 12, 15, 6]]
[[10, 12, 13, 14, 3]]
[[0, 0, 1, 2, 0]]
[[0, 0, 3, 4, 1]]
[[6, 10, 3, 5, 3], [14, 15, 17, 18, 1]]
[[26, 29, 35, 39, 3], [31, 34, 35, 39, 3]]
[[0, 0, 43, 46, 12]]
[[53, 54, 55, 56, 58], [75, 78, 55, 56, 58]]
[[0, 0, 12, 14, 0], [32, 36, 38, 40, 12]]
[]
[[0, 0, 15, 18, 0]]
[[0, 0, 22, 23, 0], [8, 9, 15, 17, 0], [30, 32, 39, 41, 4]]
[]
[[0, 0, 31, 34, 0]]
[[0, 0, 22, 24, 4], [3, 4, 5, 7, 6], [8, 11, 13, 15, 3], [20, 21, 22, 24, 4]]
[[3, 4, 5, 6, 0]]
[]
[[0, 0, 57, 64, 1], [0, 0, 71, 72, 1]]
[[1, 2, 3, 4, 4]]
[[1, 2, 6, 9, 12], [13, 14, 15, 22, 6]]
[[0, 0, 32, 34, 3]]
[[19, 23, 24, 27, 1], [30, 34, 37, 40, 3]]
[[4, 5, 1, 2, 3], [4, 5, 6, 7, 3], [9, 10, 1, 2, 3], [9, 10, 6, 7, 3]]
[[0, 0, 23, 24, 0], [4, 5, 6, 12, 103]]
[[0, 0, 63, 66, 0], [78, 79, 81, 84, 1]]
[[6, 7, 3, 4, 6], [6, 7, 9, 12, 0]]
[[1, 2, 3, 4, 3], [13, 14, 17, 18, 1]]
[[1, 2, 7, 11, 3], [4, 5, 7, 11, 3]]
[[28, 30, 31, 32, 103], [25, 30, 31, 32, 103]]
[[8, 9, 1, 2, 0]]
[[1, 5, 6, 9, 12]]
[[10, 11, 13, 14, 3], [18, 19, 20, 24, 3]]
[[7, 8, 10, 11, 3], [1, 4, 5, 6, 3]]
[[9, 12, 13, 17, 3]]
[[1, 3, 4, 5, 12], [11, 12, 13, 15, 3]]
[[23, 24, 25, 29, 1]]
[[0, 0, 44, 47, 0], [10, 11, 15, 21, 0], [42, 43, 44, 47, 0]]
[[0, 0, 12, 19, 3]]
[[0, 0, 16, 20, 6], [22, 23, 24, 26, 4]]
[[0, 0, 7, 9, 0], [3, 6, 7, 9, 0]]
[[1, 4, 5, 8, 3], [10, 11, 12, 13, 1]]
[[0, 0, 7, 10, 6]]
[[0, 0, 10, 13, 0], [6, 9, 10, 13, 0]]
[[1, 2, 6, 9, 6], [4, 5, 6, 9, 6], [13, 14, 15, 20, 1]]
[[0, 0, 6, 7, 0]]
[]
[]
[[0, 0, 73, 75, 0], [0, 0, 30, 31, 0], [0, 0, 64, 67, 0]]
[[8, 9, 10, 12, 3]]
[[1, 2, 3, 6, 3]]
[[38, 39, 43, 48, 4], [41, 42, 43, 48, 4], [173, 174, 177, 179, 1]]
[[0, 0, 7, 8, 1]]
[[0, 0, 9, 10, 12], [12, 15, 19, 23, 12]]
[[0, 0, 5, 6, 0], [1, 4, 5, 6, 0]]
[[25, 26, 27, 32, 12]]
[[0, 0, 6, 9, 3], [11, 14, 17, 18, 12], [26, 27, 30, 33, 3]]
[[0, 0, 1, 4, 0]]
[[0, 0, 12, 15, 3], [19, 20, 26, 27, 1]]
[[0, 0, 15, 16, 4], [20, 22, 23, 27, 4], [31, 32, 33, 39, 4], [43, 44, 45, 50, 1]]
[[1, 4, 6, 7, 6], [9, 10, 6, 7, 3]]
[[2, 5, 6, 10, 3], [23, 24, 25, 26, 4]]
[[0, 0, 30, 31, 3], [0, 0, 32, 34, 3]]
[[4, 5, 1, 2, 0]]
[[0, 0, 9, 10, 1]]
[[0, 0, 11, 17, 1], [0, 0, 36, 40, 1]]
[[12, 15, 1, 7, 0], [12, 15, 22, 28, 0]]
[[3, 4, 1, 2, 0]]
[[3, 4, 5, 6, 3]]
[[0, 0, 14, 16, 6], [21, 22, 14, 16, 6], [24, 28, 32, 34, 6], [30, 31, 32, 34, 12]]
[[0, 0, 4, 6, 3], [0, 0, 17, 18, 12], [20, 24, 17, 18, 12]]
[[1, 5, 6, 8, 3]]
[[1, 2, 3, 4, 21]]
[[11, 12, 15, 19, 6], [11, 12, 17, 19, 6]]
[[0, 0, 5, 7, 0]]
[[0, 0, 23, 29, 3], [19, 20, 23, 29, 3]]
[]
[[4, 5, 6, 10, 0]]
[[0, 0, 33, 39, 0], [14, 15, 5, 7, 0], [20, 23, 17, 19, 3]]
[[1, 2, 3, 8, 3], [1, 2, 11, 15, 3]]
[[0, 0, 56, 57, 0], [1, 2, 13, 16, 3], [7, 10, 13, 16, 3]]
[[0, 0, 18, 20, 3]]
[[54, 55, 56, 60, 3]]
[[0, 0, 16, 19, 0], [0, 0, 28, 32, 4]]
[[1, 2, 3, 5, 4], [11, 12, 13, 15, 0]]
[[10, 11, 12, 16, 0]]
[[0, 0, 12, 15, 6], [3, 4, 12, 15, 6]]
[[0, 0, 13, 17, 3]]
[[0, 0, 16, 18, 3], [20, 21, 23, 25, 1]]
[[1, 2, 3, 5, 12], [7, 9, 10, 12, 12], [7, 9, 14, 15, 12]]
[]
[[1, 4, 5, 8, 6], [51, 52, 53, 65, 58]]
[[1, 3, 4, 5, 6], [7, 8, 4, 5, 6], [13, 16, 10, 11, 6], [22, 23, 18, 19, 0], [22, 23, 21, 21, 0]]
[[46, 47, 48, 53, 3], [55, 56, 59, 62, 12]]
[[1, 2, 4, 6, 3], [8, 11, 4, 6, 3], [21, 22, 25, 27, 3]]
[[0, 0, 15, 16, 0], [18, 19, 24, 25, 58], [21, 22, 24, 25, 3], [26, 27, 29, 33, 6]]
[[0, 0, 30, 34, 0]]
[[1, 4, 5, 7, 3]]
[[0, 0, 36, 37, 9], [9, 11, 12, 13, 103]]
[[1, 2, 7, 11, 3], [26, 28, 29, 30, 1]]
[[1, 2, 6, 8, 3], [4, 5, 6, 8, 3], [19, 20, 21, 22, 1]]
[[4, 5, 6, 8, 3], [14, 15, 17, 19, 3], [12, 15, 16, 19, 3]]
[[1, 2, 3, 4, 3], [5, 6, 8, 9, 1]]
[[0, 0, 16, 20, 12]]
[[5, 6, 7, 8, 3], [10, 11, 12, 13, 4], [19, 22, 24, 25, 4]]
[[11, 12, 13, 18, 3]]
[[1, 4, 5, 8, 3]]
[[0, 0, 102, 104, 0]]
[[3, 4, 1, 2, 0], [1, 4, 6, 11, 0]]
[]
[[6, 7, 4, 5, 3], [6, 7, 9, 12, 3], [6, 7, 1, 5, 3]]
[[4, 5, 7, 8, 6], [13, 14, 15, 17, 3]]
[[7, 12, 13, 15, 3]]
[[0, 0, 27, 29, 0], [12, 15, 16, 17, 12]]
[[0, 0, 7, 11, 1]]
[[26, 31, 37, 39, 3], [33, 35, 37, 39, 3], [44, 52, 53, 57, 4]]
[[1, 3, 4, 6, 12]]
[[13, 14, 15, 16, 4]]
[[0, 0, 31, 34, 3]]
[[27, 28, 25, 26, 3]]
[[13, 14, 15, 19, 3]]
[[0, 0, 5, 9, 0]]
[[15, 16, 21, 22, 3], [18, 19, 21, 22, 3]]
[[0, 0, 23, 27, 0]]
[[0, 0, 9, 10, 0]]
[[16, 19, 20, 21, 0], [47, 48, 49, 51, 3]]
[[1, 2, 7, 11, 3], [20, 21, 22, 26, 58]]
[[0, 0, 12, 17, 3]]
[[0, 0, 9, 11, 3]]
[]
[[0, 0, 16, 19, 3], [24, 25, 26, 28, 12]]
[[0, 0, 5, 6, 0], [0, 0, 22, 24, 0]]
[]
[[1, 5, 6, 12, 0], [1, 5, 9, 12, 0]]
[[0, 0, 9, 10, 6], [27, 28, 29, 30, 4], [32, 35, 36, 39, 4]]
[[2, 5, 6, 12, 3]]
[[0, 0, 5, 9, 3], [21, 22, 24, 26, 3]]
[[3, 6, 13, 17, 3], [8, 9, 13, 17, 1]]
[[13, 16, 18, 19, 12]]
[[0, 0, 34, 37, 3]]
[[10, 15, 16, 17, 3]]
[[0, 0, 26, 28, 0]]
[]
[[1, 2, 3, 4, 0]]
[[0, 0, 57, 62, 0], [52, 56, 57, 62, 0]]
[[0, 0, 2, 3, 4], [0, 0, 50, 55, 4], [5, 8, 2, 3, 58]]
[[0, 0, 6, 8, 0], [0, 0, 12, 13, 0]]
[[0, 0, 57, 59, 0], [0, 0, 122, 126, 0]]
[[4, 7, 9, 11, 21]]
[[1, 4, 5, 6, 4]]
[[0, 0, 16, 17, 6], [52, 55, 57, 57, 6]]
[[0, 0, 8, 9, 1], [1, 2, 3, 4, 3], [11, 12, 13, 19, 6]]
[[22, 23, 24, 25, 3], [27, 28, 29, 30, 4]]
[[0, 0, 5, 7, 0]]
[[0, 0, 3, 3, 0], [0, 0, 8, 10, 0], [17, 18, 19, 21, 12], [29, 30, 34, 36, 58]]
[[7, 9, 10, 16, 3]]
[[0, 0, 19, 21, 3], [13, 15, 19, 21, 3]]
[[1, 2, 3, 3, 3], [5, 6, 7, 7, 6]]
[[7, 10, 11, 13, 0]]
[[11, 12, 15, 17, 4], [20, 21, 23, 23, 12], [25, 26, 28, 30, 1]]
[[0, 0, 10, 14, 1], [0, 0, 30, 32, 0]]
[[1, 2, 8, 9, 3], [5, 6, 8, 9, 3], [14, 15, 17, 18, 3]]
[[0, 0, 21, 28, 1]]
[[0, 0, 17, 19, 0], [32, 33, 35, 37, 12]]
[[0, 0, 6, 8, 1], [0, 0, 10, 12, 1], [38, 39, 41, 43, 1]]
[[0, 0, 6, 10, 0]]
[[1, 2, 3, 4, 3], [13, 14, 15, 17, 1]]
[[16, 17, 18, 20, 4]]
[[0, 0, 11, 15, 3], [1, 2, 3, 6, 3]]
[[0, 0, 11, 13, 12], [0, 0, 15, 17, 12]]
[]
[[24, 32, 33, 34, 4]]
[[1, 4, 6, 14, 3], [19, 23, 24, 27, 3], [33, 36, 37, 44, 3]]
[[10, 11, 13, 13, 4], [23, 26, 27, 30, 4]]
[[3, 4, 5, 5, 58]]
[[0, 0, 19, 25, 3]]
[[0, 0, 8, 10, 0], [6, 7, 8, 10, 0], [14, 15, 16, 17, 4]]
[[0, 0, 11, 13, 0], [47, 49, 55, 56, 112]]
[[0, 0, 15, 17, 0], [50, 51, 54, 55, 4]]
[[0, 0, 35, 36, 0]]
[[1, 2, 3, 5, 0], [1, 2, 8, 9, 6]]
[[0, 0, 15, 16, 3]]
[[6, 7, 1, 4, 3]]
[[0, 0, 18, 20, 0], [33, 34, 35, 36, 3]]
[[5, 8, 10, 11, 0]]
[[0, 0, 19, 22, 6], [17, 18, 19, 22, 6]]
[]
[[1, 2, 3, 5, 3], [7, 8, 9, 11, 6], [14, 17, 18, 20, 3]]
[[1, 2, 3, 4, 6], [9, 10, 11, 13, 4], [17, 18, 19, 22, 1]]
[[1, 2, 3, 4, 12], [12, 15, 16, 17, 6], [30, 33, 34, 35, 12]]
[[4, 5, 6, 7, 12]]
[[1, 7, 8, 11, 3]]
[[0, 0, 55, 57, 3], [24, 25, 26, 30, 1]]
[]
[[0, 0, 29, 31, 3], [6, 8, 9, 11, 3]]
[[21, 22, 29, 32, 3], [35, 36, 37, 40, 3]]
[[15, 16, 18, 21, 3], [15, 16, 24, 26, 3]]
[[0, 0, 14, 16, 3], [19, 20, 22, 27, 1]]
[[0, 0, 109, 111, 0], [104, 108, 109, 111, 0]]
[[0, 0, 10, 13, 0]]
[[28, 31, 33, 38, 4]]
[[6, 8, 23, 24, 21], [12, 15, 16, 18, 21]]
[[1, 2, 3, 4, 4], [8, 9, 10, 13, 6]]
[[4, 5, 1, 2, 0], [4, 5, 7, 10, 0]]
[[42, 45, 47, 54, 4]]
[[15, 16, 22, 24, 1], [72, 75, 77, 79, 3]]
[[0, 0, 21, 25, 0], [6, 9, 10, 14, 6]]
[[0, 0, 27, 34, 0], [1, 3, 5, 7, 0]]
[[0, 0, 8, 15, 0]]
[[3, 4, 5, 7, 3], [23, 28, 30, 32, 3]]
[[4, 5, 8, 11, 6]]
[]
[[224, 229, 231, 232, 1]]
[]
[[1, 3, 4, 7, 1]]
[[1, 2, 3, 3, 6]]
[[0, 0, 1, 1, 6], [0, 0, 26, 28, 12], [12, 15, 17, 17, 6]]
[[1, 4, 5, 7, 3]]
[[19, 20, 21, 21, 4], [38, 39, 40, 41, 1]]
[[3, 4, 10, 12, 0], [8, 9, 10, 12, 0], [18, 23, 25, 29, 3], [42, 47, 48, 53, 3]]
[]
[[3, 4, 7, 8, 1], [3, 4, 15, 21, 1], [10, 11, 7, 8, 1]]
[[0, 0, 54, 58, 12], [49, 53, 54, 58, 12]]
[[3, 4, 1, 2, 3], [3, 4, 6, 7, 3], [11, 12, 17, 21, 12]]
[[14, 17, 24, 25, 3]]
[[14, 17, 18, 19, 3]]
[[27, 31, 32, 33, 1], [79, 83, 85, 86, 4]]
[[5, 6, 10, 11, 3]]
[[1, 2, 3, 4, 4], [6, 7, 9, 10, 4]]
[[0, 0, 28, 31, 0]]
[]
[[1, 3, 7, 9, 3], [10, 11, 12, 17, 4], [1, 6, 7, 9, 3]]
[[0, 0, 4, 8, 0]]
[[0, 0, 11, 12, 1]]
[[1, 6, 9, 11, 4], [15, 16, 18, 21, 6]]
[[7, 8, 9, 15, 3], [17, 18, 19, 24, 1]]
[[18, 20, 21, 27, 0]]
[[1, 2, 3, 8, 3], [10, 11, 12, 15, 1]]
[[1, 4, 5, 6, 0]]
[[0, 0, 3, 4, 0], [0, 0, 32, 33, 0], [1, 2, 3, 4, 0]]
[[16, 17, 13, 14, 3]]
[[1, 6, 7, 10, 3], [13, 14, 15, 18, 1]]
[[0, 0, 11, 14, 1], [0, 0, 21, 32, 112], [16, 19, 11, 14, 112], [16, 19, 21, 32, 112]]
[[3, 7, 8, 10, 3]]
[[0, 0, 1, 1, 0]]
[[12, 16, 21, 23, 3], [19, 20, 21, 23, 3]]
[[6, 7, 14, 17, 12], [10, 13, 14, 17, 12], [29, 30, 31, 38, 3]]
[[1, 2, 3, 4, 3], [8, 9, 10, 11, 3], [23, 24, 25, 27, 4]]
[[0, 0, 11, 16, 0], [0, 0, 19, 24, 0]]
[[1, 3, 4, 9, 4]]
[[0, 0, 32, 33, 3]]
[[0, 0, 13, 15, 0]]
[[0, 0, 16, 18, 3], [24, 25, 27, 29, 58]]
[[0, 0, 42, 44, 4]]
[[1, 2, 3, 4, 0]]
[[0, 0, 7, 8, 45], [0, 0, 47, 54, 0]]
[[1, 2, 5, 7, 3], [1, 2, 3, 7, 3]]
[[6, 7, 9, 10, 0], [12, 13, 9, 10, 3]]
[[0, 0, 23, 28, 0]]
[[0, 0, 29, 30, 1]]
[]
[[0, 0, 12, 13, 0]]
[[0, 0, 4, 5, 49]]
[[17, 18, 22, 25, 1]]
[[62, 63, 64, 66, 1]]
[[0, 0, 17, 22, 3]]
[[0, 0, 10, 15, 58], [0, 0, 22, 23, 58], [17, 20, 22, 23, 4]]
[[0, 0, 13, 14, 3], [16, 17, 19, 23, 1], [25, 26, 27, 33, 4]]
[[0, 0, 7, 11, 3]]
[[1, 5, 6, 8, 0], [0, 0, 6, 8, 0]]
[[0, 0, 13, 15, 12]]
[[0, 0, 5, 8, 0], [0, 0, 21, 23, 3], [10, 11, 14, 15, 1]]
[[0, 0, 3, 6, 3], [0, 0, 7, 10, 3], [1, 2, 3, 6, 3]]
[[1, 2, 3, 6, 3], [11, 16, 20, 24, 58]]
[[41, 42, 46, 48, 1]]
[[1, 4, 5, 7, 3], [9, 10, 14, 15, 12]]
[[0, 0, 16, 17, 0]]
[[1, 2, 3, 4, 3], [7, 8, 9, 15, 1]]
[[1, 2, 3, 4, 3], [9, 14, 16, 18, 3]]
[[1, 3, 6, 10, 3]]
[[38, 39, 41, 47, 4]]
[[0, 0, 13, 15, 21], [10, 11, 13, 15, 3]]
[[0, 0, 5, 7, 0], [0, 0, 25, 28, 4], [1, 4, 5, 7, 3]]
[[1, 4, 7, 11, 0], [1, 4, 15, 19, 0], [1, 4, 26, 28, 0], [24, 25, 26, 28, 3]]
[[3, 4, 5, 7, 0]]
[[0, 0, 14, 16, 0]]
[[0, 0, 10, 13, 3]]
[[15, 16, 18, 19, 1], [35, 38, 42, 45, 21], [64, 65, 67, 69, 12], [3, 8, 9, 11, 3]]
[[113, 116, 117, 118, 3]]
[[1, 2, 3, 4, 3], [16, 20, 21, 26, 12]]
[[6, 7, 1, 5, 0], [9, 10, 12, 14, 3]]
[[1, 2, 3, 4, 0], [6, 7, 8, 10, 0]]
[[1, 2, 3, 5, 3], [7, 8, 11, 14, 1]]
[[4, 7, 1, 2, 0], [4, 7, 8, 13, 0]]
[[12, 13, 14, 18, 3], [20, 25, 26, 32, 3], [1, 7, 8, 10, 3]]
[[0, 0, 9, 12, 3], [38, 39, 40, 41, 6], [43, 44, 45, 46, 3], [53, 54, 55, 56, 103]]
[[1, 4, 5, 6, 3]]
[[25, 30, 32, 34, 3]]
[[3, 4, 5, 7, 3]]
[[0, 0, 31, 33, 0], [28, 29, 31, 33, 6]]
[[1, 2, 3, 5, 3]]
[[4, 5, 13, 16, 0], [20, 21, 24, 27, 4], [28, 30, 33, 34, 4]]
[[0, 0, 12, 15, 3], [0, 0, 20, 22, 6], [0, 0, 26, 29, 6]]
[[1, 2, 3, 6, 3], [0, 0, 17, 19, 3]]
[[0, 0, 7, 9, 0], [11, 12, 14, 14, 3]]
[[15, 16, 18, 21, 3], [23, 24, 25, 26, 58], [34, 35, 37, 38, 3]]
[[0, 0, 23, 25, 3], [3, 4, 5, 10, 3]]
[[0, 0, 5, 7, 1], [9, 10, 12, 14, 1]]
[[3, 8, 1, 2, 0], [0, 0, 62, 64, 12]]
[[35, 36, 37, 38, 1]]
[[0, 0, 20, 21, 12], [18, 19, 20, 21, 6], [23, 24, 25, 25, 6], [27, 34, 35, 35, 12], [37, 40, 41, 41, 12]]
[[1, 2, 4, 7, 3]]
[[0, 0, 5, 8, 3], [0, 0, 28, 37, 3]]
[[3, 4, 5, 10, 1]]
[[0, 0, 12, 16, 0]]
[]
[[82, 83, 85, 89, 1]]
[[18, 19, 29, 30, 6]]
[[1, 2, 3, 4, 3], [6, 7, 9, 10, 1]]
[[1, 2, 3, 4, 3], [1, 2, 6, 7, 3], [17, 20, 13, 15, 3], [17, 20, 21, 23, 58]]
[[0, 0, 17, 18, 1], [14, 16, 17, 18, 1]]
[[13, 14, 15, 18, 4]]
[[0, 0, 7, 10, 0]]
[[0, 0, 16, 17, 1], [10, 11, 13, 14, 1]]
[[0, 0, 35, 36, 3], [13, 14, 15, 17, 4], [13, 14, 18, 20, 4]]
[[3, 4, 8, 11, 6], [19, 20, 21, 22, 4]]
[[0, 0, 49, 50, 0], [9, 10, 11, 15, 4], [17, 18, 21, 24, 58]]
[[27, 30, 31, 35, 58], [27, 30, 33, 35, 58]]
[[21, 22, 23, 26, 12], [21, 22, 28, 33, 12]]
[[1, 5, 6, 8, 0]]
[[1, 2, 3, 5, 0], [1, 2, 10, 11, 3]]
[[0, 0, 10, 12, 0], [0, 0, 15, 17, 0]]
[[25, 26, 29, 31, 6], [1, 2, 12, 14, 1]]
[]
[[13, 14, 1, 2, 0], [13, 14, 4, 5, 0]]
[[40, 43, 38, 39, 12], [40, 43, 49, 50, 12], [45, 48, 49, 50, 12], [54, 55, 52, 53, 4]]
[]
[[8, 9, 4, 6, 0]]
[[66, 67, 68, 71, 0], [90, 91, 93, 96, 1]]
[[18, 20, 21, 23, 4]]
[[4, 5, 3, 3, 3]]
[]
[[0, 0, 5, 10, 3], [0, 0, 19, 22, 12], [3, 4, 5, 10, 3]]
[[0, 0, 7, 9, 1], [13, 14, 11, 11, 1]]
[[0, 0, 43, 46, 1]]
[[4, 5, 6, 12, 3], [16, 17, 20, 24, 1]]
[[1, 2, 3, 6, 4]]
[[0, 0, 8, 10, 0], [0, 0, 23, 25, 0], [4, 7, 8, 10, 0]]
[[4, 5, 3, 3, 3]]
[[0, 0, 19, 21, 6], [28, 31, 33, 39, 6], [50, 51, 52, 54, 58], [50, 51, 19, 21, 58], [62, 63, 65, 68, 6]]
[[3, 4, 5, 6, 3]]
[[0, 0, 10, 12, 3]]
[[1, 4, 5, 6, 12]]
[[23, 24, 17, 20, 1]]
[[20, 21, 17, 19, 0]]
[[0, 0, 9, 10, 0], [0, 0, 16, 19, 3]]
[[3, 4, 7, 10, 0], [11, 12, 7, 10, 0]]
[[29, 33, 26, 27, 3]]
[[1, 2, 3, 5, 12], [7, 8, 12, 14, 3]]
[[1, 4, 5, 6, 4]]
[[7, 8, 9, 12, 3]]
[[13, 14, 16, 17, 1], [1, 6, 7, 8, 3]]
[[0, 0, 3, 4, 0], [9, 12, 13, 19, 4]]
[[9, 11, 13, 17, 0]]
[[1, 2, 3, 4, 3]]
[]
[[0, 0, 8, 10, 3]]
[[12, 13, 14, 19, 1]]
[[1, 9, 10, 15, 3]]
[[0, 0, 32, 34, 0], [67, 68, 78, 81, 6]]
[[0, 0, 4, 5, 0], [0, 0, 55, 60, 58], [0, 0, 70, 72, 6], [50, 51, 55, 60, 58]]
[[0, 0, 27, 29, 1]]
[[1, 2, 3, 4, 12]]
[[1, 2, 13, 16, 4], [10, 11, 13, 16, 4]]
[[0, 0, 34, 35, 12], [0, 0, 37, 41, 12]]
[[0, 0, 22, 24, 0]]
[[0, 0, 21, 22, 0]]
[[0, 0, 10, 16, 0], [0, 0, 24, 29, 0], [7, 9, 10, 16, 3]]
[[0, 0, 7, 9, 3]]
[]
[[10, 11, 14, 18, 1]]
[[3, 4, 9, 10, 1], [7, 8, 9, 10, 1]]
[[0, 0, 13, 17, 0], [9, 12, 13, 17, 0]]
[[1, 2, 3, 8, 3], [1, 2, 3, 6, 3]]
[[1, 4, 6, 8, 3]]
[[0, 0, 30, 32, 4]]
[[0, 0, 129, 130, 3]]
[[1, 2, 3, 6, 1], [7, 8, 3, 6, 1]]
[[0, 0, 8, 9, 4], [0, 0, 11, 12, 4], [78, 79, 8, 9, 4]]
[[6, 7, 8, 14, 3], [37, 38, 39, 42, 3], [0, 0, 21, 22, 3]]
[[1, 2, 3, 10, 3], [13, 14, 15, 19, 3]]
[[1, 2, 3, 5, 3], [7, 8, 9, 11, 1]]
[[8, 9, 11, 12, 3]]
[[0, 0, 2, 4, 0], [0, 0, 32, 38, 0], [0, 0, 49, 53, 4]]
[[6, 10, 11, 16, 6], [73, 74, 77, 80, 12], [82, 84, 86, 87, 49]]
[[1, 2, 3, 8, 6], [9, 12, 14, 18, 12]]
[[0, 0, 23, 24, 0]]
[]
[[0, 0, 20, 25, 0]]
[[4, 5, 1, 2, 3], [7, 8, 9, 13, 3]]
[[0, 0, 15, 19, 3]]
[[10, 11, 14, 16, 1]]
[[0, 0, 11, 14, 0], [0, 0, 55, 57, 0], [5, 6, 11, 14, 112]]
[[0, 0, 22, 23, 3]]
[[0, 0, 5, 8, 0], [0, 0, 16, 21, 0]]
[[1, 2, 3, 4, 3], [9, 12, 13, 14, 3], [16, 21, 22, 24, 12]]
[[7, 8, 10, 11, 1]]
[[1, 3, 7, 10, 4]]
[[9, 10, 7, 8, 3], [12, 13, 3, 4, 0], [12, 13, 7, 8, 3]]
[[0, 0, 30, 33, 12]]
[[12, 15, 16, 17, 3], [30, 31, 33, 34, 3]]
[[0, 0, 134, 136, 49], [0, 0, 154, 156, 1], [129, 132, 134, 136, 58]]
[[0, 0, 26, 27, 4], [28, 29, 26, 27, 103], [33, 36, 31, 32, 3], [33, 36, 42, 45, 3], [38, 41, 42, 45, 3]]
[[1, 4, 6, 8, 6]]
[[1, 2, 3, 7, 0]]
[[16, 17, 19, 20, 3]]
[[9, 10, 17, 19, 6], [13, 14, 17, 19, 6]]
[[2, 3, 4, 5, 3], [16, 17, 18, 24, 0]]
[[1, 2, 5, 6, 3]]
[[5, 11, 13, 16, 4]]
[[0, 0, 8, 10, 1], [0, 0, 30, 31, 1], [0, 0, 33, 35, 1]]
[[2, 5, 6, 11, 1]]
[[0, 0, 66, 68, 4], [76, 77, 78, 79, 4]]
[[17, 18, 21, 22, 21], [17, 18, 26, 28, 21], [17, 18, 19, 22, 21]]
[[9, 10, 13, 14, 1], [16, 18, 19, 21, 1]]
[[8, 9, 14, 17, 12], [19, 20, 21, 29, 6], [43, 44, 46, 48, 6]]
[[3, 4, 1, 2, 6]]
[[0, 0, 3, 8, 0], [0, 0, 31, 34, 1]]
[[0, 0, 7, 8, 3], [0, 0, 15, 18, 3]]
[[1, 2, 3, 4, 3]]
[[0, 0, 17, 20, 3], [34, 35, 37, 38, 6]]
[[1, 2, 3, 6, 6], [9, 10, 12, 14, 6]]
[[0, 0, 5, 8, 3], [0, 0, 10, 13, 3], [17, 18, 20, 23, 3]]
[[0, 0, 10, 13, 6]]
[[6, 7, 3, 4, 3], [6, 7, 1, 4, 3]]
[[0, 0, 17, 18, 3], [27, 30, 32, 33, 3]]
[[0, 0, 9, 12, 3], [7, 8, 9, 12, 3]]
[[66, 69, 71, 73, 49]]
[]
[[1, 4, 31, 35, 3]]
[]
[[4, 5, 6, 8, 3], [4, 5, 7, 8, 3], [20, 21, 22, 24, 1]]
[[0, 0, 27, 27, 1]]
[[9, 10, 13, 14, 0]]
[]
[[1, 2, 3, 5, 12]]
[[0, 0, 16, 18, 0], [1, 2, 3, 5, 0]]
[[8, 9, 10, 12, 6], [8, 9, 10, 16, 6], [18, 19, 24, 27, 6], [21, 22, 24, 27, 6]]
[[0, 0, 17, 18, 3], [20, 21, 17, 18, 3], [28, 29, 25, 26, 12], [28, 29, 33, 35, 12]]
[[0, 0, 16, 20, 4]]
[[0, 0, 13, 16, 4], [11, 12, 13, 16, 4]]
[[0, 0, 28, 33, 0], [0, 0, 43, 45, 6]]
[[4, 5, 1, 2, 3], [4, 5, 6, 7, 3], [9, 11, 15, 17, 3]]
[[20, 23, 24, 25, 3], [42, 45, 46, 49, 3], [52, 53, 54, 55, 4]]
[[1, 3, 5, 8, 3], [12, 16, 17, 19, 3]]
[[0, 0, 5, 11, 0]]
[[0, 0, 22, 24, 112], [0, 0, 21, 24, 112]]
[[2, 3, 4, 8, 0]]
[[23, 24, 25, 27, 4], [36, 44, 30, 31, 0]]
[[0, 0, 1, 4, 0], [0, 0, 24, 27, 3], [18, 23, 24, 27, 3]]
[[5, 8, 1, 3, 0]]
[]
[[0, 0, 7, 9, 0], [15, 16, 17, 19, 1]]
[[0, 0, 42, 44, 1]]
[[0, 0, 11, 15, 0]]
[[0, 0, 143, 144, 0], [147, 148, 150, 151, 3]]
[[0, 0, 12, 14, 1]]
[[74, 77, 78, 80, 12]]
[[0, 0, 7, 9, 0]]
[[0, 0, 15, 17, 3], [0, 0, 19, 26, 3]]
[[0, 0, 19, 21, 0]]
[[0, 0, 14, 15, 1], [16, 17, 14, 15, 1]]
[[0, 0, 1, 4, 0], [29, 30, 32, 35, 58]]
[[0, 0, 122, 124, 3], [117, 120, 122, 124, 12]]
[[1, 2, 3, 8, 3]]
[[13, 14, 15, 21, 6]]
[[41, 42, 43, 45, 1]]
[[0, 0, 7, 9, 0]]
[[1, 2, 5, 10, 58]]
[[56, 57, 58, 61, 58], [63, 64, 65, 65, 9]]
[[3, 4, 5, 6, 0], [42, 45, 46, 48, 12]]
[]
[[3, 4, 1, 2, 4], [5, 6, 9, 10, 1]]
[[0, 0, 13, 16, 3], [18, 21, 23, 25, 3]]
[]
[[0, 0, 3, 7, 0], [13, 14, 16, 17, 1]]
[[0, 0, 5, 7, 3]]
[]
[[1, 2, 3, 7, 3]]
[[0, 0, 10, 11, 1], [0, 0, 20, 21, 1]]
[[0, 0, 56, 57, 4]]
[[0, 0, 93, 96, 0], [98, 99, 100, 100, 6]]
[[20, 21, 22, 26, 3]]
[[24, 25, 26, 28, 4], [55, 56, 49, 50, 6]]
[[1, 6, 16, 21, 3], [22, 23, 26, 29, 4]]
[[17, 20, 22, 23, 3]]
[]
[[0, 0, 39, 40, 1]]
[[1, 2, 3, 4, 3]]
[[0, 0, 3, 4, 3], [9, 10, 11, 11, 3], [12, 13, 14, 21, 3]]
[[1, 2, 3, 7, 3]]
[[6, 7, 1, 4, 3]]
[[0, 0, 4, 8, 3]]
[[0, 0, 17, 25, 3], [5, 6, 7, 10, 3], [32, 33, 29, 30, 3], [32, 33, 36, 41, 3]]
[[0, 0, 8, 13, 3], [0, 0, 26, 28, 0]]
[[4, 5, 8, 10, 3], [1, 2, 8, 10, 3]]
[[3, 6, 10, 13, 3]]
[[0, 0, 7, 9, 0], [5, 6, 7, 9, 0]]
[[1, 2, 3, 4, 3]]
[[4, 5, 6, 7, 3], [9, 10, 11, 13, 3], [16, 17, 19, 20, 1]]
[]
[[1, 5, 6, 12, 3]]
[[12, 15, 16, 18, 6]]
[[0, 0, 82, 83, 0], [40, 43, 45, 48, 49]]
[[0, 0, 7, 8, 0]]
[[0, 0, 26, 30, 49], [0, 0, 39, 42, 3]]
[[7, 8, 9, 11, 4], [1, 8, 9, 11, 4]]
[[0, 0, 2, 4, 0]]
[[3, 4, 5, 11, 3]]
[[1, 2, 3, 7, 1]]
[[22, 23, 24, 27, 1], [76, 77, 78, 80, 4]]
[]
[[0, 0, 22, 28, 21], [0, 0, 74, 79, 3], [15, 21, 22, 28, 21]]
[[0, 0, 7, 8, 6], [10, 11, 12, 13, 3]]
[[0, 0, 37, 40, 0]]
[]
[[0, 0, 6, 10, 0], [0, 0, 18, 19, 0]]
[[0, 0, 2, 8, 4]]
[[23, 24, 25, 27, 3], [0, 0, 25, 27, 3]]
[[0, 0, 11, 15, 144]]
[[1, 2, 3, 8, 1], [1, 2, 5, 8, 1]]
[]
[[1, 2, 3, 8, 3], [9, 10, 11, 13, 3], [16, 17, 19, 23, 1], [16, 17, 49, 51, 1]]
[[0, 0, 1, 2, 0], [0, 0, 13, 14, 2], [4, 7, 1, 2, 0]]
[]
[[55, 56, 62, 64, 2], [58, 60, 62, 64, 3]]
[[0, 0, 70, 71, 1], [89, 92, 93, 98, 12]]
[[7, 11, 13, 15, 3]]
[[1, 9, 11, 13, 112]]
[[0, 0, 3, 4, 1]]
[[0, 0, 17, 21, 4], [22, 24, 26, 27, 4]]
[[15, 16, 17, 21, 20], [98, 101, 102, 103, 3]]
[[0, 0, 8, 10, 3], [15, 16, 19, 22, 1]]
[[0, 0, 30, 32, 3]]
[[0, 0, 4, 8, 49]]
[[2, 3, 1, 1, 0], [4, 5, 6, 7, 6], [2, 5, 6, 7, 6]]
[[0, 0, 1, 2, 0], [0, 0, 12, 16, 3], [4, 5, 1, 2, 0], [4, 5, 7, 9, 3]]
[[0, 0, 24, 26, 1], [20, 21, 24, 26, 1], [20, 23, 24, 26, 1]]
[[1, 2, 3, 4, 3]]
[[0, 0, 12, 14, 0], [29, 30, 32, 34, 1]]
[[16, 17, 18, 20, 4], [40, 41, 42, 46, 112]]
[[0, 0, 37, 39, 0], [40, 44, 37, 39, 6]]
[[0, 0, 4, 7, 0], [34, 35, 37, 40, 1]]
[[0, 0, 16, 18, 58], [14, 15, 16, 18, 54]]
[]
[[0, 0, 2, 8, 0], [0, 0, 21, 24, 0], [14, 15, 21, 24, 1], [28, 29, 21, 24, 9]]
[[8, 9, 10, 11, 1]]
[[26, 27, 28, 31, 6], [55, 56, 57, 60, 54]]
[[0, 0, 5, 6, 0]]
[[0, 0, 14, 15, 112]]
[[83, 84, 86, 89, 1]]
[[0, 0, 1, 3, 108]]
[[0, 0, 3, 4, 0], [1, 2, 3, 4, 0]]
[[0, 0, 18, 20, 1], [16, 17, 18, 20, 1]]
[]
[[0, 0, 18, 23, 3], [13, 14, 18, 23, 3], [16, 17, 18, 23, 4]]
[[0, 0, 8, 10, 2]]
[[6, 10, 11, 14, 3]]
[[0, 0, 14, 17, 0]]
[[0, 0, 34, 41, 0], [0, 0, 55, 65, 0], [51, 53, 55, 65, 103]]
[[17, 22, 24, 26, 6]]
[[3, 4, 6, 9, 3]]
[[7, 10, 5, 6, 0], [12, 13, 15, 16, 3]]
[[6, 7, 1, 4, 3], [9, 10, 11, 16, 1]]
[[0, 0, 26, 29, 1], [0, 0, 39, 39, 0]]
[[0, 0, 22, 24, 1]]
[[0, 0, 23, 30, 0]]
[[0, 0, 88, 93, 0], [0, 0, 15, 16, 1], [12, 13, 15, 16, 1], [97, 98, 99, 104, 3]]
[[2, 7, 8, 10, 3], [14, 15, 17, 20, 1]]
[[46, 49, 50, 53, 103]]
[[4, 5, 6, 7, 3]]
[[0, 0, 16, 17, 0], [30, 33, 27, 28, 3]]
[]
[[1, 2, 3, 4, 3], [21, 22, 23, 27, 3], [37, 38, 34, 35, 0]]
[]
[]
[[0, 0, 34, 36, 49]]
[[0, 0, 1, 2, 0], [0, 0, 34, 35, 0], [0, 0, 21, 23, 87], [19, 20, 21, 23, 84]]
[[0, 0, 109, 113, 0], [60, 61, 62, 65, 4]]
[[0, 0, 5, 7, 1], [0, 0, 18, 20, 1], [9, 10, 5, 7, 3], [16, 17, 18, 20, 1]]
[[3, 6, 14, 15, 3], [9, 12, 14, 15, 3], [19, 20, 22, 31, 3]]
[[34, 35, 36, 42, 108]]
[[1, 2, 3, 4, 3]]
[]
[]
[[0, 0, 20, 22, 12]]
[[205, 206, 207, 212, 0]]
[[1, 3, 4, 7, 180], [9, 10, 11, 15, 180]]
[[18, 19, 21, 21, 54], [0, 0, 21, 21, 0]]
[[25, 26, 27, 28, 4], [0, 0, 27, 28, 4]]
[[0, 0, 26, 29, 6]]
[[4, 7, 1, 2, 3], [4, 7, 13, 14, 0]]
[[5, 6, 7, 8, 1], [11, 12, 13, 16, 1], [18, 19, 13, 16, 1]]
[[0, 0, 2, 3, 0]]
[[1, 2, 3, 5, 1], [15, 16, 12, 13, 0]]
[[1, 5, 15, 19, 1]]
[[0, 0, 6, 10, 112], [1, 5, 6, 10, 112]]
[[0, 0, 59, 61, 0]]
[[24, 28, 20, 22, 12], [24, 28, 29, 30, 12]]
[[1, 2, 3, 5, 6], [7, 18, 20, 22, 21]]
[[0, 0, 3, 7, 4]]
[[18, 21, 16, 17, 12], [18, 21, 27, 30, 12], [23, 26, 27, 30, 3], [34, 35, 32, 33, 103], [34, 35, 36, 41, 103]]
[[3, 4, 6, 15, 0]]
[[0, 0, 47, 48, 4]]
[[1, 2, 7, 9, 3], [4, 5, 7, 9, 1]]
[]
[[0, 0, 22, 25, 9], [2, 3, 6, 7, 1]]
[[1, 3, 4, 11, 0], [13, 16, 17, 18, 12], [20, 21, 22, 23, 3]]
[[1, 4, 5, 10, 2], [14, 19, 20, 22, 144], [1, 7, 8, 10, 2]]
[[8, 9, 11, 12, 1]]
[[1, 4, 5, 9, 112]]
[[1, 5, 6, 10, 54], [55, 56, 57, 61, 54]]
[]
[[21, 22, 23, 24, 4]]
[[14, 15, 24, 27, 54], [17, 18, 24, 27, 9], [21, 22, 24, 27, 102]]
[]
[[0, 0, 26, 30, 0]]
[[16, 17, 1, 3, 0], [16, 17, 13, 14, 6]]
[[3, 6, 9, 10, 6]]
[[0, 0, 1, 2, 6], [0, 0, 44, 49, 1], [22, 23, 26, 28, 4]]
[[0, 0, 27, 28, 6], [0, 0, 30, 33, 6]]
[[0, 0, 37, 38, 1]]
[[0, 0, 67, 69, 9], [4, 5, 6, 9, 9], [63, 66, 67, 69, 12]]
[[0, 0, 14, 18, 4], [10, 11, 14, 18, 4]]
[[0, 0, 21, 22, 1], [19, 20, 21, 22, 1]]
[[0, 0, 11, 12, 6]]
[[0, 0, 10, 13, 13], [0, 0, 31, 34, 0]]
[[1, 2, 5, 6, 4], [8, 9, 10, 11, 4]]
[[0, 0, 4, 9, 3]]
[[0, 0, 16, 21, 75], [23, 27, 28, 29, 6]]
[[0, 0, 3, 9, 3], [0, 0, 13, 15, 3], [1, 2, 3, 9, 3]]
[[0, 0, 1, 2, 0], [0, 0, 63, 67, 49], [60, 62, 63, 67, 49]]
[[0, 0, 6, 7, 1]]
[[1, 4, 7, 8, 3]]
[[3, 7, 8, 11, 0]]
[[3, 4, 5, 9, 4], [11, 12, 14, 16, 54]]
[[1, 5, 6, 10, 0], [1, 5, 9, 10, 0]]
[[0, 0, 2, 4, 12], [0, 0, 12, 17, 0], [20, 21, 22, 27, 6]]
[[1, 2, 6, 9, 3], [12, 13, 15, 17, 1]]
[[0, 0, 12, 14, 0]]
[[0, 0, 5, 7, 0], [0, 0, 24, 27, 0], [14, 15, 16, 18, 3], [20, 23, 24, 27, 4]]
[[0, 0, 3, 3, 6], [0, 0, 12, 13, 1], [1, 2, 3, 3, 6]]
[[3, 4, 5, 14, 3], [17, 18, 21, 23, 3], [25, 28, 29, 32, 13]]
[[18, 19, 21, 25, 4]]
[[5, 8, 9, 12, 6]]
[[23, 26, 27, 30, 0]]
[[0, 0, 4, 5, 6]]
[[0, 0, 24, 28, 112], [47, 48, 49, 55, 1]]
[[1, 6, 7, 11, 1]]
[[3, 4, 6, 9, 0], [3, 4, 5, 9, 0]]
[[9, 12, 13, 14, 58]]
[[15, 16, 46, 49, 102]]
[[0, 0, 7, 11, 6], [30, 31, 33, 35, 1], [61, 62, 63, 65, 54]]
[[0, 0, 18, 20, 3], [15, 16, 18, 20, 3]]
[[0, 0, 10, 12, 112]]
[[6, 7, 8, 10, 0]]
[]
[[0, 0, 19, 25, 3]]
[[8, 11, 12, 16, 3], [18, 21, 23, 26, 138]]
[[0, 0, 1, 2, 3], [3, 4, 1, 2, 3]]
[[13, 15, 17, 19, 103], [20, 21, 22, 27, 3]]
[[0, 0, 52, 56, 9]]
[[9, 10, 13, 14, 4]]
[[0, 0, 4, 7, 0]]
[[5, 13, 14, 19, 3], [37, 38, 39, 42, 6]]
[[0, 0, 13, 15, 0], [0, 0, 24, 27, 0]]
[[1, 2, 7, 10, 3], [4, 5, 7, 10, 3], [13, 14, 16, 18, 4], [22, 23, 24, 30, 1]]
[[0, 0, 10, 16, 0]]
[]
[[0, 0, 6, 8, 3]]
[[3, 4, 6, 7, 0], [1, 4, 6, 7, 3]]
[[0, 0, 5, 10, 3], [0, 0, 11, 16, 0]]
[]
[[0, 0, 6, 6, 12], [3, 4, 6, 6, 12]]
[[0, 0, 1, 3, 0]]
[[0, 0, 3, 6, 0]]
[[9, 10, 11, 14, 3]]
[[0, 0, 6, 8, 9]]
[]
[[0, 0, 24, 27, 3]]
[[1, 3, 4, 7, 12]]
[[1, 2, 3, 11, 3]]
[[0, 0, 18, 20, 0]]
[[23, 24, 25, 28, 6], [32, 36, 37, 41, 4]]
[[0, 0, 48, 56, 75]]
[[53, 54, 55, 56, 162]]
[[0, 0, 14, 19, 3], [22, 23, 24, 24, 6]]
[[0, 0, 21, 25, 4], [0, 0, 99, 102, 103], [16, 20, 21, 25, 103]]
[[0, 0, 6, 13, 3]]
[[5, 8, 1, 3, 3], [5, 8, 12, 15, 3]]
[[10, 12, 13, 14, 0]]
[[0, 0, 1, 2, 0]]
[[0, 0, 3, 4, 1]]
[[6, 10, 1, 5, 3], [14, 15, 17, 18, 1]]
[[0, 0, 27, 31, 3], [18, 21, 27, 31, 3], [23, 26, 27, 31, 3]]
[[0, 0, 41, 44, 12]]
[[7, 8, 9, 11, 0], [53, 54, 55, 56, 58], [88, 89, 94, 98, 144]]
[[0, 0, 8, 10, 0], [0, 0, 29, 31, 9], [23, 27, 29, 31, 12]]
[[14, 15, 19, 22, 162]]
[[0, 0, 7, 10, 0]]
[]
[[0, 0, 53, 55, 4], [49, 50, 53, 55, 4]]
[[0, 0, 29, 32, 0]]
[[0, 0, 5, 7, 6], [0, 0, 20, 22, 4], [3, 4, 5, 7, 6], [8, 11, 13, 15, 12]]
[[3, 4, 5, 6, 0]]
[]
[[0, 0, 58, 60, 4]]
[[1, 2, 3, 4, 4]]
[[1, 5, 6, 9, 12], [13, 14, 15, 18, 6]]
[[0, 0, 28, 30, 12], [24, 27, 28, 30, 12]]
[[19, 23, 24, 27, 1]]
[[4, 5, 1, 2, 0], [4, 5, 6, 7, 0], [9, 10, 6, 7, 3]]
[[45, 49, 50, 58, 0]]
[[0, 0, 43, 46, 0], [58, 59, 61, 64, 1]]
[[6, 7, 3, 4, 6], [6, 7, 9, 12, 0]]
[[1, 2, 3, 4, 3]]
[[1, 2, 7, 11, 3], [4, 5, 7, 11, 3], [17, 18, 19, 27, 1]]
[[28, 30, 31, 32, 4]]
[[3, 9, 1, 2, 0]]
[[1, 5, 6, 11, 12]]
[[10, 11, 13, 14, 3], [18, 19, 20, 24, 3]]
[[7, 8, 10, 13, 3], [16, 17, 14, 15, 6], [16, 17, 19, 19, 3], [1, 4, 5, 6, 3], [1, 4, 10, 13, 3]]
[[9, 12, 13, 17, 12]]
[[0, 0, 4, 5, 9], [0, 0, 21, 22, 0], [1, 3, 4, 5, 12], [11, 12, 13, 15, 1]]
[[0, 0, 2, 2, 0], [0, 0, 27, 27, 1], [0, 0, 12, 16, 3], [10, 11, 12, 16, 3]]
[[0, 0, 42, 45, 4], [40, 41, 42, 45, 108]]
[[0, 0, 5, 12, 3]]
[[0, 0, 15, 17, 6], [0, 0, 21, 23, 4], [19, 20, 21, 23, 4]]
[[0, 0, 6, 8, 49], [3, 5, 6, 8, 49]]
[[1, 4, 5, 8, 0], [10, 11, 12, 13, 1]]
[[0, 0, 5, 8, 6]]
[[0, 0, 7, 10, 0], [12, 16, 17, 24, 12]]
[[1, 2, 6, 9, 3], [4, 5, 6, 9, 6], [13, 14, 15, 20, 1]]
[[0, 0, 5, 6, 49]]
[]
[[0, 0, 16, 19, 0], [0, 0, 59, 64, 1]]
[[0, 0, 62, 64, 6], [0, 0, 76, 77, 49]]
[[8, 9, 10, 12, 3]]
[[1, 2, 3, 6, 3]]
[[38, 39, 43, 48, 4], [41, 42, 43, 48, 4], [140, 141, 144, 146, 1]]
[[0, 0, 5, 6, 1]]
[[12, 15, 19, 23, 3], [45, 48, 49, 51, 0]]
[[0, 0, 5, 6, 0], [1, 4, 5, 6, 0]]
[[0, 0, 8, 9, 0], [20, 21, 22, 22, 12], [23, 24, 26, 27, 12]]
[[0, 0, 4, 7, 3], [9, 12, 13, 16, 12]]
[[0, 0, 1, 4, 0], [7, 10, 11, 16, 4]]
[[0, 0, 11, 14, 3], [18, 19, 25, 26, 1]]
[[0, 0, 12, 13, 0], [28, 29, 30, 35, 4]]
[[9, 10, 6, 7, 0]]
[[2, 5, 6, 10, 3], [23, 24, 25, 29, 4]]
[[0, 0, 20, 21, 0], [0, 0, 22, 24, 4]]
[[4, 5, 1, 2, 0]]
[[0, 0, 8, 9, 0]]
[[0, 0, 10, 14, 1]]
[[12, 15, 22, 28, 0]]
[[0, 0, 1, 2, 0], [3, 4, 1, 2, 0]]
[[3, 4, 5, 6, 3]]
[[0, 0, 6, 8, 0], [13, 14, 6, 8, 6], [22, 23, 24, 26, 12]]
[[0, 0, 2, 6, 3], [0, 0, 17, 18, 3], [20, 24, 17, 18, 12]]
[[1, 5, 6, 8, 3]]
[[1, 2, 3, 4, 21]]
[[11, 12, 15, 19, 6], [11, 12, 17, 19, 6]]
[[0, 0, 4, 6, 0]]
[[14, 15, 18, 24, 3]]
[]
[[4, 5, 6, 10, 0], [1, 5, 6, 10, 0]]
[[0, 0, 33, 39, 3]]
[[1, 2, 3, 8, 3]]
[]
[]
[[6, 9, 10, 15, 0], [53, 54, 55, 59, 3]]
[[0, 0, 27, 31, 112]]
[[1, 2, 3, 5, 4], [11, 12, 13, 15, 0]]
[[10, 11, 12, 16, 0]]
[[8, 11, 12, 15, 0]]
[[0, 0, 12, 16, 3]]
[[0, 0, 12, 14, 3], [16, 17, 19, 21, 1]]
[[1, 2, 3, 5, 12], [7, 9, 10, 15, 12]]
[]
[[0, 0, 47, 59, 54], [1, 4, 5, 8, 6]]
[[7, 8, 4, 5, 6], [13, 16, 10, 11, 3], [22, 23, 18, 19, 0], [1, 3, 4, 5, 6]]
[[0, 0, 11, 14, 0], [0, 0, 34, 40, 6], [42, 43, 44, 49, 3], [42, 43, 46, 49, 3], [51, 52, 55, 58, 9]]
[[21, 22, 25, 27, 6]]
[[0, 0, 14, 15, 0], [17, 18, 23, 24, 54], [20, 21, 23, 24, 3], [25, 26, 28, 32, 162]]
[[0, 0, 27, 31, 6]]
[[0, 0, 5, 7, 3], [1, 4, 5, 7, 3]]
[[0, 0, 31, 32, 9], [9, 11, 12, 13, 103]]
[[26, 27, 28, 29, 1], [1, 2, 8, 11, 3]]
[[1, 2, 6, 8, 3], [4, 5, 6, 8, 3], [19, 20, 21, 22, 1]]
[[4, 5, 6, 8, 3], [14, 15, 16, 19, 3], [12, 15, 16, 19, 3]]
[[1, 2, 3, 4, 3], [5, 6, 8, 9, 1]]
[[0, 0, 15, 19, 9]]
[[5, 6, 7, 8, 3], [19, 22, 24, 25, 103]]
[[11, 12, 13, 18, 58]]
[[1, 4, 5, 8, 2]]
[]
[[3, 4, 1, 2, 6], [1, 4, 6, 11, 3]]
[]
[[6, 7, 4, 5, 3], [6, 7, 9, 12, 3]]
[[4, 5, 7, 8, 6], [13, 14, 15, 17, 3], [45, 46, 48, 53, 6]]
[[1, 4, 6, 8, 3], [9, 12, 13, 15, 21]]
[[0, 0, 7, 11, 12], [0, 0, 16, 17, 12], [12, 15, 16, 17, 12]]
[[0, 0, 6, 10, 1]]
[[26, 31, 37, 39, 3], [33, 35, 37, 39, 3], [44, 52, 53, 57, 103]]
[[1, 3, 4, 6, 12]]
[[12, 13, 14, 15, 4], [0, 0, 14, 15, 49]]
[[0, 0, 31, 34, 112]]
[[27, 28, 25, 26, 3]]
[[0, 0, 15, 19, 3], [13, 14, 15, 19, 3]]
[[0, 0, 4, 9, 0]]
[[15, 16, 21, 22, 3], [18, 19, 21, 22, 3]]
[[0, 0, 16, 20, 84]]
[[0, 0, 7, 8, 0]]
[[44, 48, 49, 51, 1]]
[[1, 2, 7, 11, 3]]
[[0, 0, 11, 16, 3]]
[[0, 0, 7, 9, 3]]
[]
[[0, 0, 12, 15, 0], [0, 0, 22, 24, 12], [20, 21, 22, 24, 12]]
[[0, 0, 2, 3, 0]]
[[1, 2, 5, 8, 0]]
[[1, 5, 6, 12, 0], [1, 5, 11, 12, 0]]
[[0, 0, 5, 6, 6], [21, 22, 23, 24, 103], [26, 29, 30, 33, 0]]
[[2, 5, 6, 13, 3]]
[[0, 0, 4, 8, 3], [0, 0, 23, 25, 0], [18, 21, 23, 25, 3]]
[[3, 6, 13, 17, 3], [8, 9, 13, 17, 1]]
[[12, 13, 14, 18, 9]]
[[0, 0, 33, 36, 12]]
[]
[]
[]
[[1, 2, 3, 4, 0]]
[[0, 0, 59, 64, 0], [54, 58, 59, 64, 0]]
[[0, 0, 2, 3, 58], [5, 8, 2, 3, 58]]
[]
[[0, 0, 47, 49, 0]]
[[4, 7, 9, 11, 21]]
[[21, 24, 26, 27, 0], [1, 4, 5, 6, 4]]
[[0, 0, 10, 11, 6], [16, 17, 18, 19, 103]]
[[0, 0, 8, 9, 1], [1, 2, 3, 4, 3], [11, 12, 13, 16, 6]]
[[22, 23, 24, 25, 3]]
[[0, 0, 4, 6, 0]]
[[28, 29, 33, 35, 54], [0, 0, 2, 9, 1], [0, 0, 33, 35, 3]]
[[7, 9, 10, 14, 138]]
[[0, 0, 11, 13, 3]]
[[1, 2, 3, 3, 6]]
[[7, 9, 1, 2, 3], [7, 9, 10, 12, 0]]
[[0, 0, 11, 13, 4], [7, 8, 11, 13, 4], [16, 17, 19, 19, 12], [21, 22, 24, 26, 1]]
[[0, 0, 10, 14, 1], [0, 0, 30, 32, 112]]
[[1, 2, 8, 9, 3], [5, 6, 8, 9, 3], [14, 15, 17, 18, 112]]
[]
[[0, 0, 15, 17, 1], [30, 31, 33, 35, 9]]
[[0, 0, 2, 4, 0], [0, 0, 6, 8, 6], [0, 0, 36, 38, 1], [33, 34, 36, 38, 1]]
[[0, 0, 4, 8, 3]]
[[1, 2, 3, 4, 3], [6, 7, 3, 4, 0], [13, 14, 15, 17, 1]]
[[16, 17, 18, 20, 4]]
[[0, 0, 3, 6, 3], [0, 0, 11, 15, 1], [1, 2, 3, 6, 3]]
[[0, 0, 8, 10, 12], [0, 0, 12, 14, 6]]
[]
[[0, 0, 28, 33, 4]]
[[1, 4, 6, 14, 3], [19, 23, 24, 27, 3]]
[[10, 11, 13, 13, 4]]
[[3, 4, 5, 5, 54]]
[]
[[0, 0, 8, 10, 1], [6, 7, 8, 10, 1], [14, 15, 16, 17, 4]]
[[0, 0, 7, 12, 0], [0, 0, 35, 41, 49], [0, 0, 84, 87, 1], [14, 16, 17, 22, 49]]
[[0, 0, 13, 15, 66], [0, 0, 41, 42, 4], [37, 38, 41, 42, 4]]
[[0, 0, 21, 35, 112]]
[[1, 2, 3, 5, 0], [1, 2, 8, 9, 6]]
[[0, 0, 11, 12, 3]]
[[6, 7, 1, 4, 3], [6, 7, 12, 18, 3], [8, 11, 12, 18, 3]]
[]
[[5, 8, 10, 11, 6]]
[[0, 0, 9, 12, 6], [0, 0, 25, 30, 6]]
[]
[[1, 2, 3, 5, 3], [7, 8, 9, 11, 6], [12, 17, 18, 20, 3]]
[[1, 2, 3, 4, 6], [9, 10, 11, 13, 4], [17, 18, 19, 22, 1]]
[[1, 2, 3, 4, 12], [1, 2, 6, 10, 12], [12, 15, 16, 17, 102], [30, 33, 34, 35, 21]]
[[4, 5, 6, 7, 12]]
[[1, 5, 6, 11, 130]]
[[0, 0, 54, 56, 0], [24, 25, 26, 28, 1], [24, 25, 29, 30, 1]]
[[0, 0, 6, 9, 0]]
[[0, 0, 25, 27, 3], [6, 8, 9, 11, 3]]
[]
[[15, 16, 18, 21, 3]]
[[0, 0, 14, 16, 3], [19, 20, 22, 27, 1]]
[[0, 0, 45, 48, 6], [74, 78, 79, 81, 21]]
[[0, 0, 9, 12, 0]]
[[28, 31, 33, 38, 4]]
[[51, 53, 54, 56, 1]]
[[1, 2, 3, 4, 4], [8, 9, 10, 13, 6]]
[[4, 5, 1, 2, 0], [4, 5, 7, 10, 0]]
[[41, 42, 44, 51, 4]]
[[15, 16, 22, 24, 1], [72, 75, 77, 79, 3]]
[[0, 0, 21, 25, 84], [27, 30, 31, 34, 3]]
[[0, 0, 5, 9, 0], [1, 3, 5, 9, 0]]
[[0, 0, 2, 9, 6]]
[[3, 4, 5, 7, 3]]
[[4, 5, 8, 11, 6]]
[]
[[0, 0, 76, 78, 1], [211, 216, 218, 219, 1]]
[[3, 7, 8, 12, 12]]
[[1, 3, 4, 7, 1], [9, 10, 12, 17, 0]]
[[1, 2, 3, 3, 6]]
[[0, 0, 1, 1, 0], [0, 0, 17, 19, 3], [0, 0, 9, 9, 0]]
[[1, 4, 5, 7, 3]]
[[5, 9, 10, 13, 21], [19, 20, 21, 21, 4]]
[[7, 8, 9, 11, 0], [17, 22, 24, 28, 3], [41, 46, 47, 52, 3]]
[]
[[3, 4, 7, 8, 1], [3, 4, 15, 21, 1], [10, 11, 7, 8, 0]]
[[48, 52, 53, 57, 12]]
[]
[[1, 5, 6, 10, 3], [14, 17, 24, 25, 0]]
[]
[[69, 73, 75, 76, 75]]
[[0, 0, 1, 3, 3], [0, 0, 7, 11, 3]]
[[6, 7, 9, 10, 4], [15, 16, 17, 19, 1]]
[[0, 0, 25, 30, 0]]
[[0, 0, 11, 13, 4], [9, 10, 11, 13, 4]]
[[10, 11, 12, 17, 4], [1, 6, 7, 9, 12]]
[[0, 0, 4, 8, 0]]
[[0, 0, 8, 9, 1]]
[[15, 16, 18, 21, 6]]
[[7, 8, 9, 15, 6], [17, 18, 19, 24, 1]]
[]
[[1, 2, 5, 8, 3], [10, 11, 12, 15, 1]]
[[1, 4, 5, 9, 0]]
[[0, 0, 3, 4, 0], [0, 0, 29, 30, 0], [1, 2, 3, 4, 12]]
[]
[[13, 14, 15, 18, 1], [1, 6, 7, 10, 3]]
[[0, 0, 6, 9, 0], [11, 14, 16, 26, 112]]
[[3, 7, 8, 10, 138]]
[[0, 0, 1, 1, 0], [0, 0, 21, 23, 9]]
[[12, 20, 21, 23, 12]]
[[10, 13, 14, 17, 12]]
[[1, 2, 3, 4, 3], [8, 9, 10, 11, 12]]
[[0, 0, 11, 16, 189]]
[[1, 3, 4, 9, 4]]
[[0, 0, 28, 29, 3]]
[[0, 0, 6, 8, 0]]
[[0, 0, 3, 5, 0], [0, 0, 12, 14, 3], [1, 2, 3, 5, 1], [20, 21, 23, 25, 54]]
[[0, 0, 39, 41, 6], [42, 43, 44, 44, 103]]
[[1, 2, 3, 4, 3]]
[]
[[0, 0, 5, 7, 3], [1, 2, 5, 7, 3]]
[[12, 13, 9, 10, 3]]
[[0, 0, 17, 22, 0]]
[[0, 0, 28, 29, 1]]
[]
[]
[[0, 0, 17, 20, 103], [13, 16, 17, 20, 103]]
[[17, 18, 22, 25, 1]]
[[52, 53, 54, 56, 1]]
[[0, 0, 9, 14, 3], [0, 0, 12, 14, 3]]
[[0, 0, 4, 9, 54], [0, 0, 16, 17, 54], [11, 14, 16, 17, 112]]
[[0, 0, 5, 6, 3], [0, 0, 11, 15, 1], [8, 9, 11, 15, 1], [17, 18, 19, 25, 4]]
[[0, 0, 4, 8, 3]]
[[1, 4, 5, 7, 0]]
[[0, 0, 12, 14, 3], [25, 26, 27, 29, 13]]
[[0, 0, 4, 7, 0], [9, 10, 13, 14, 1], [18, 19, 20, 22, 0]]
[[0, 0, 3, 6, 3], [1, 2, 3, 6, 3]]
[[1, 2, 3, 6, 3], [11, 16, 18, 24, 57]]
[[0, 0, 38, 38, 0], [41, 42, 46, 48, 1]]
[[0, 0, 31, 34, 0], [1, 4, 5, 7, 130], [9, 10, 11, 15, 9]]
[[0, 0, 16, 17, 0]]
[[1, 2, 3, 4, 3], [7, 8, 9, 15, 1]]
[[1, 2, 3, 4, 3], [9, 14, 16, 18, 3]]
[[1, 3, 6, 10, 3]]
[[0, 0, 35, 41, 0], [29, 30, 35, 41, 3], [32, 33, 35, 41, 4]]
[[0, 0, 11, 13, 21], [8, 9, 11, 13, 21]]
[[0, 0, 5, 7, 0], [1, 4, 5, 7, 0]]
[[1, 4, 7, 11, 0], [1, 4, 15, 19, 0], [23, 24, 25, 27, 0]]
[[0, 0, 5, 8, 0], [3, 4, 5, 8, 0]]
[[0, 0, 11, 13, 4]]
[[0, 0, 9, 12, 3]]
[[3, 8, 9, 11, 3], [15, 16, 18, 19, 1], [35, 38, 42, 45, 21], [64, 65, 67, 73, 12]]
[[71, 72, 73, 74, 3]]
[[0, 0, 37, 39, 66], [1, 2, 3, 4, 3], [16, 20, 21, 26, 12]]
[[0, 0, 12, 14, 3], [9, 10, 12, 14, 3]]
[[1, 2, 3, 4, 0]]
[[1, 2, 3, 5, 3], [7, 8, 11, 14, 1]]
[[4, 7, 1, 2, 3], [4, 7, 8, 13, 0]]
[[12, 13, 14, 18, 3], [20, 25, 26, 32, 3], [1, 7, 8, 10, 3]]
[[0, 0, 8, 11, 9], [15, 18, 19, 30, 0], [36, 37, 38, 39, 6], [41, 42, 43, 44, 3], [51, 52, 53, 54, 103]]
[[1, 4, 5, 8, 3]]
[[22, 23, 29, 31, 3], [26, 27, 29, 31, 4], [0, 0, 29, 31, 0]]
[[3, 4, 5, 7, 3]]
[[0, 0, 29, 31, 1], [9, 12, 29, 31, 1]]
[[1, 2, 3, 5, 3]]
[[19, 21, 24, 27, 49], [28, 30, 33, 34, 4]]
[[0, 0, 10, 14, 3]]
[[0, 0, 13, 17, 0], [1, 2, 3, 6, 3]]
[[0, 0, 6, 8, 0], [0, 0, 13, 13, 3], [10, 11, 13, 13, 3]]
[[15, 16, 18, 21, 2], [23, 24, 25, 26, 58], [34, 35, 37, 38, 58]]
[[3, 4, 5, 7, 3]]
[[0, 0, 4, 6, 0], [8, 9, 11, 13, 1]]
[[0, 0, 52, 58, 9], [0, 0, 68, 69, 4]]
[[35, 36, 37, 38, 1]]
[[10, 11, 12, 13, 6], [15, 16, 17, 17, 6], [26, 29, 30, 30, 9]]
[[1, 2, 4, 7, 3]]
[[0, 0, 4, 7, 3], [0, 0, 26, 35, 6]]
[[3, 4, 5, 10, 1]]
[[0, 0, 10, 14, 3]]
[[0, 0, 45, 49, 0]]
[]
[[0, 0, 22, 23, 4]]
[[1, 2, 3, 4, 3], [1, 2, 9, 10, 3], [6, 7, 9, 10, 1]]
[[1, 2, 3, 4, 3], [19, 20, 21, 23, 54], [17, 20, 21, 23, 58]]
[[0, 0, 11, 12, 1]]
[[13, 14, 15, 18, 4]]
[]
[[0, 0, 12, 13, 1], [0, 0, 15, 16, 0], [9, 10, 12, 13, 1]]
[[0, 0, 9, 11, 4], [0, 0, 23, 24, 3], [7, 8, 9, 11, 4]]
[[3, 4, 8, 11, 6], [19, 20, 21, 22, 4]]
[[0, 0, 49, 50, 75], [9, 10, 11, 15, 4], [17, 18, 21, 24, 58]]
[[0, 0, 29, 31, 58], [23, 26, 29, 31, 58]]
[[21, 22, 23, 26, 12]]
[[1, 5, 6, 8, 0]]
[[1, 2, 3, 5, 0]]
[[0, 0, 5, 7, 3]]
[[1, 2, 12, 14, 1]]
[]
[[13, 14, 1, 2, 6]]
[[21, 24, 19, 20, 12], [26, 29, 30, 31, 3], [35, 36, 33, 34, 103]]
[[0, 0, 3, 6, 4], [1, 2, 3, 6, 4]]
[[8, 9, 1, 6, 0], [8, 9, 4, 6, 0]]
[]
[[0, 0, 18, 20, 103], [15, 17, 18, 20, 103]]
[]
[[0, 0, 15, 19, 0]]
[[0, 0, 18, 21, 12]]
[[0, 0, 15, 20, 1], [12, 13, 15, 20, 1]]
[[0, 0, 39, 42, 1]]
[[0, 0, 6, 12, 3], [4, 5, 6, 12, 3], [16, 17, 19, 24, 1]]
[[1, 2, 3, 6, 4]]
[[0, 0, 22, 24, 4], [4, 7, 8, 10, 0]]
[]
[[0, 0, 6, 8, 0], [0, 0, 11, 12, 6], [15, 18, 20, 26, 54], [49, 50, 52, 55, 6], [49, 50, 11, 12, 6], [49, 50, 56, 58, 6]]
[[3, 4, 5, 6, 3]]
[[0, 0, 6, 8, 3]]
[[1, 4, 5, 6, 12]]
[[0, 0, 15, 18, 3]]
[[20, 21, 17, 19, 6]]
[[0, 0, 6, 7, 3]]
[[3, 4, 7, 10, 0]]
[]
[[1, 2, 3, 5, 12], [7, 10, 12, 14, 3]]
[[1, 4, 5, 6, 75]]
[[7, 8, 9, 12, 3]]
[[1, 6, 7, 8, 3], [23, 24, 26, 32, 3]]
[[0, 0, 2, 3, 0]]
[]
[[0, 0, 3, 4, 3], [0, 0, 14, 16, 0], [1, 2, 3, 4, 3]]
[]
[[0, 0, 8, 10, 3]]
[[12, 13, 14, 19, 1]]
[[1, 9, 10, 15, 3]]
[[56, 57, 67, 70, 6]]
[[0, 0, 4, 5, 0]]
[[0, 0, 22, 24, 1], [5, 6, 8, 8, 4]]
[[1, 4, 5, 10, 12]]
[[7, 8, 13, 16, 6], [10, 11, 13, 16, 1]]
[[0, 0, 19, 20, 9], [0, 0, 22, 26, 12], [16, 17, 19, 20, 12]]
[[0, 0, 20, 22, 87], [0, 0, 30, 32, 6]]
[[0, 0, 15, 21, 0]]
[[0, 0, 10, 16, 3], [7, 9, 10, 16, 3]]
[[0, 0, 5, 7, 3]]
[]
[[10, 11, 12, 20, 1], [10, 11, 14, 20, 1]]
[[3, 4, 6, 10, 1]]
[[9, 11, 12, 16, 0]]
[[1, 2, 3, 8, 3]]
[[1, 4, 6, 8, 3], [10, 11, 13, 20, 3]]
[[0, 0, 25, 27, 4]]
[[0, 0, 97, 98, 3]]
[[1, 2, 3, 4, 1]]
[[0, 0, 6, 7, 4], [14, 15, 16, 21, 3], [55, 56, 61, 64, 6], [68, 69, 6, 7, 4]]
[[0, 0, 20, 21, 3], [0, 0, 38, 41, 3], [36, 37, 38, 41, 3]]
[[1, 2, 3, 10, 3], [13, 14, 17, 19, 3]]
[[1, 2, 3, 5, 3], [7, 8, 3, 5, 1], [7, 8, 9, 11, 1]]
[[8, 9, 11, 12, 3]]
[[0, 0, 18, 24, 0], [35, 36, 32, 33, 4]]
[[0, 0, 11, 16, 102], [6, 10, 11, 16, 103], [69, 70, 73, 76, 21], [78, 80, 82, 83, 4], [171, 172, 173, 176, 3]]
[[1, 2, 3, 8, 6], [9, 12, 14, 22, 12]]
[[0, 0, 16, 18, 0]]
[]
[[0, 0, 17, 22, 0], [0, 0, 36, 40, 49]]
[[4, 5, 1, 2, 3], [7, 8, 9, 13, 2]]
[[0, 0, 9, 13, 3]]
[[10, 11, 14, 16, 1], [10, 11, 12, 16, 1]]
[]
[[0, 0, 13, 14, 0], [8, 11, 13, 14, 2]]
[[0, 0, 5, 8, 0]]
[[1, 2, 3, 7, 3], [1, 2, 3, 4, 3], [9, 12, 13, 14, 0], [16, 21, 22, 24, 12]]
[[7, 8, 10, 11, 1]]
[[1, 3, 7, 10, 4]]
[[12, 13, 3, 4, 0]]
[[0, 0, 22, 25, 12]]
[[30, 31, 33, 34, 3]]
[[0, 0, 98, 100, 58], [0, 0, 114, 120, 1], [93, 96, 98, 100, 58]]
[[17, 18, 15, 16, 103], [22, 25, 20, 21, 12], [22, 25, 31, 34, 12], [27, 30, 31, 34, 3]]
[[1, 4, 5, 8, 6], [1, 4, 6, 8, 6]]
[[1, 2, 3, 7, 6]]
[[16, 17, 19, 20, 2], [35, 36, 28, 31, 0]]
[[9, 10, 17, 19, 6], [13, 14, 17, 19, 3]]
[[2, 3, 4, 14, 3]]
[[0, 0, 15, 23, 1], [1, 2, 3, 6, 3], [9, 10, 15, 23, 1]]
[[5, 11, 13, 16, 112]]
[[0, 0, 7, 9, 0]]
[[2, 5, 6, 11, 1]]
[[0, 0, 34, 36, 4], [32, 33, 34, 36, 4], [32, 33, 46, 47, 4]]
[]
[[9, 10, 13, 14, 1], [16, 18, 19, 21, 1]]
[[0, 0, 12, 15, 9], [6, 7, 12, 15, 9], [6, 7, 31, 35, 12], [17, 18, 19, 27, 103], [36, 37, 38, 39, 12], [41, 42, 44, 46, 6], [41, 42, 47, 53, 6]]
[[3, 4, 1, 2, 6], [6, 9, 10, 11, 58]]
[[39, 40, 41, 43, 1]]
[[0, 0, 5, 6, 3]]
[[1, 2, 3, 4, 3]]
[[0, 0, 16, 19, 3], [0, 0, 36, 37, 6], [31, 34, 36, 37, 6]]
[[9, 10, 12, 14, 6]]
[[0, 0, 5, 8, 3], [0, 0, 20, 23, 3], [0, 0, 10, 13, 3]]
[[0, 0, 6, 9, 6]]
[[0, 0, 3, 4, 3], [6, 7, 3, 4, 3], [11, 12, 15, 22, 6]]
[[0, 0, 8, 9, 3], [18, 21, 23, 24, 3]]
[[0, 0, 1, 2, 6], [0, 0, 9, 12, 0], [7, 8, 1, 2, 6]]
[[0, 0, 33, 42, 144]]
[[0, 0, 15, 17, 49], [37, 38, 39, 43, 0]]
[]
[[1, 2, 6, 11, 108]]
[[20, 21, 22, 24, 1]]
[[0, 0, 3, 6, 1], [0, 0, 27, 27, 1], [1, 2, 3, 6, 1]]
[[9, 10, 11, 14, 0]]
[]
[[1, 2, 3, 5, 9]]
[[0, 0, 16, 18, 3], [1, 2, 3, 5, 0], [1, 2, 16, 18, 3]]
[[21, 22, 24, 27, 4]]
[[0, 0, 4, 5, 3], [7, 8, 4, 5, 3], [15, 16, 12, 13, 12]]
[[0, 0, 11, 15, 58], [16, 23, 11, 15, 58]]
[[0, 0, 13, 16, 4], [11, 12, 13, 16, 4]]
[[0, 0, 17, 20, 0], [0, 0, 29, 31, 6]]
[[9, 11, 6, 7, 3], [9, 11, 12, 17, 0]]
[[42, 45, 46, 49, 6], [52, 53, 54, 55, 4]]
[[12, 16, 17, 19, 3]]
[[0, 0, 4, 10, 3]]
[[0, 0, 19, 21, 112]]
[[2, 3, 4, 8, 0]]
[[23, 24, 25, 27, 4]]
[[0, 0, 1, 4, 0], [0, 0, 19, 22, 6]]
[[5, 8, 1, 3, 0]]
[]
[[0, 0, 7, 9, 0], [15, 16, 17, 19, 1]]
[[0, 0, 31, 33, 1]]
[[0, 0, 11, 15, 54]]
[[0, 0, 83, 84, 3]]
[[0, 0, 11, 13, 0]]
[[0, 0, 48, 50, 9], [44, 47, 48, 50, 12]]
[[0, 0, 4, 6, 120]]
[[0, 0, 6, 8, 3], [0, 0, 10, 17, 3]]
[[0, 0, 7, 9, 0]]
[[0, 0, 14, 15, 1], [16, 17, 14, 15, 1]]
[[0, 0, 1, 9, 1], [15, 16, 18, 21, 58]]
[[60, 63, 64, 66, 12]]
[[1, 2, 3, 8, 3]]
[[7, 8, 9, 15, 6], [30, 33, 34, 42, 21]]
[[0, 0, 71, 73, 1], [33, 34, 35, 37, 1], [33, 34, 71, 73, 1], [63, 68, 71, 73, 1]]
[[0, 0, 7, 9, 0]]
[[1, 2, 5, 10, 54]]
[[0, 0, 47, 50, 58], [45, 46, 47, 50, 58]]
[[0, 0, 5, 6, 0], [3, 4, 5, 6, 0], [41, 44, 45, 47, 12], [150, 151, 152, 152, 103], [156, 157, 158, 159, 4]]
[]
[[3, 4, 1, 2, 4]]
[[0, 0, 11, 14, 3], [9, 10, 11, 14, 3], [16, 19, 21, 23, 13]]
[]
[[0, 0, 3, 7, 75], [1, 1, 3, 7, 75], [33, 34, 35, 37, 103]]
[[0, 0, 4, 6, 9]]
[]
[[1, 2, 3, 7, 3], [10, 11, 13, 16, 1]]
[[0, 0, 5, 6, 0], [0, 0, 15, 16, 1], [10, 14, 15, 16, 1]]
[[0, 0, 43, 44, 4]]
[[60, 61, 62, 62, 6]]
[[19, 20, 21, 25, 3]]
[[24, 25, 26, 28, 4]]
[[22, 23, 26, 29, 4]]
[[19, 20, 22, 23, 3], [17, 20, 22, 23, 3]]
[]
[[0, 0, 35, 36, 1]]
[[1, 2, 3, 4, 3]]
[[0, 0, 3, 4, 0], [9, 10, 11, 11, 3], [12, 13, 14, 21, 3], [12, 13, 14, 14, 3]]
[[1, 2, 3, 7, 3]]
[[6, 7, 3, 4, 3]]
[[0, 0, 3, 7, 3]]
[[0, 0, 7, 10, 3], [0, 0, 16, 24, 0], [5, 6, 7, 10, 3], [28, 32, 35, 40, 3]]
[[0, 0, 7, 12, 3], [28, 31, 34, 36, 2]]
[[1, 2, 7, 10, 3], [4, 5, 7, 10, 3]]
[]
[[0, 0, 7, 9, 3], [5, 6, 7, 9, 3], [1, 6, 7, 9, 3]]
[[1, 2, 3, 4, 3]]
[[4, 5, 6, 7, 3], [9, 10, 11, 13, 3], [16, 17, 19, 20, 1]]
[[0, 0, 73, 73, 1]]
[[1, 5, 6, 12, 3]]
[[12, 15, 16, 18, 102]]
[]
[[0, 0, 6, 7, 0]]
[[0, 0, 26, 30, 4], [0, 0, 39, 42, 49]]
[[7, 8, 9, 11, 103], [1, 8, 9, 11, 103]]
[[1, 5, 6, 7, 7]]
[[1, 4, 5, 6, 8]]
[[4, 5, 9, 11, 15]]
[[1, 7, 10, 16, 7]]
[[3, 6, 7, 10, 7], [3, 6, 15, 18, 7]]
[[1, 4, 6, 7, 8]]
[[9, 14, 4, 6, 7], [9, 14, 24, 25, 7], [27, 29, 24, 25, 7]]
[[1, 3, 4, 6, 7]]
[[7, 7, 8, 9, 8], [11, 12, 13, 14, 7]]
[[4, 7, 9, 12, 20]]
[]
[[1, 2, 5, 6, 7]]
[[1, 2, 4, 5, 15]]
[[1, 2, 3, 5, 7]]
[[1, 8, 9, 10, 7]]
[[7, 8, 3, 4, 7]]
[[6, 8, 9, 12, 7]]
[[4, 5, 9, 13, 7]]
[[6, 9, 10, 13, 20]]
[[5, 9, 11, 16, 7]]
[[1, 4, 10, 13, 7], [8, 9, 10, 13, 7]]
[[4, 8, 9, 10, 7]]
[[1, 6, 9, 10, 7]]
[[1, 4, 5, 7, 7]]
[[1, 4, 5, 7, 15]]
[]
[[1, 5, 6, 14, 12]]
[[1, 4, 5, 6, 7], [1, 4, 8, 10, 7]]
[[1, 2, 3, 5, 7]]
[[1, 2, 4, 8, 7]]
[[1, 6, 7, 8, 8]]
[[1, 2, 6, 7, 7], [1, 2, 9, 10, 8]]
[[1, 2, 3, 5, 20], [10, 11, 3, 5, 20]]
[[1, 4, 6, 9, 8]]
[[1, 2, 3, 6, 7]]
[[1, 3, 4, 7, 6]]
[[1, 3, 4, 5, 7], [7, 8, 9, 10, 8]]
[[1, 4, 5, 10, 7]]
[[1, 5, 6, 7, 7]]
[[6, 8, 19, 21, 7], [10, 12, 19, 21, 7], [14, 17, 19, 21, 7]]
[[6, 9, 10, 13, 7]]
[[1, 4, 5, 6, 8], [1, 4, 8, 10, 8]]
[[1, 4, 5, 8, 7]]
[[1, 4, 8, 10, 7]]
[[1, 4, 11, 13, 7], [6, 7, 11, 13, 7]]
[[1, 2, 3, 5, 7]]
[[1, 3, 9, 12, 7], [5, 6, 9, 12, 7]]
[[1, 3, 4, 5, 7]]
[[4, 5, 6, 7, 7], [4, 5, 9, 12, 7]]
[[1, 2, 5, 6, 7]]
[[1, 6, 7, 9, 8]]
[[1, 2, 3, 4, 7]]
[[1, 4, 5, 5, 20], [7, 10, 11, 12, 20]]
[[1, 4, 5, 6, 7]]
[[1, 2, 3, 5, 7]]
[[6, 7, 12, 13, 1]]
[[4, 5, 7, 8, 7]]
[[1, 2, 11, 14, 7]]
[[6, 8, 10, 11, 7]]
[[1, 4, 7, 8, 7], [14, 15, 16, 19, 7], [21, 22, 23, 24, 7]]
[[1, 1, 4, 7, 7]]
[[1, 2, 3, 4, 15], [8, 9, 10, 11, 4]]
[[1, 6, 8, 9, 7]]
[[6, 7, 1, 2, 7], [6, 7, 3, 4, 7]]
[[1, 2, 7, 10, 8], [1, 2, 17, 19, 8]]
[[6, 7, 1, 3, 7]]
[[1, 4, 5, 7, 7]]
[[1, 4, 8, 10, 7], [5, 6, 8, 10, 7]]
[[10, 13, 14, 17, 8]]
[[1, 2, 3, 8, 7]]
[[6, 7, 9, 10, 1]]
[[1, 3, 6, 7, 7], [1, 3, 9, 14, 7]]
[[3, 6, 1, 2, 7], [3, 6, 15, 17, 7], [3, 6, 18, 21, 7], [3, 6, 23, 27, 7], [11, 12, 15, 17, 7]]
[[1, 2, 3, 6, 7]]
[[1, 2, 3, 9, 7], [1, 2, 16, 18, 7], [12, 15, 16, 18, 7]]
[[1, 4, 6, 8, 7]]
[[11, 12, 4, 7, 7]]
[[5, 6, 10, 14, 7]]
[[1, 7, 8, 8, 8]]
[[9, 9, 13, 14, 7], [9, 9, 19, 21, 7]]
[[1, 5, 13, 15, 7], [23, 24, 25, 27, 7]]
[[21, 22, 23, 24, 7]]
[[1, 3, 7, 12, 12]]
[[1, 7, 9, 10, 6]]
[[1, 3, 6, 9, 7]]
[[16, 17, 24, 26, 7], [9, 11, 12, 13, 8]]
[[3, 5, 6, 9, 7], [11, 11, 12, 13, 7], [11, 11, 14, 16, 7]]
[[5, 9, 10, 11, 8]]
[[6, 9, 1, 4, 7], [6, 9, 17, 18, 7]]
[[8, 10, 3, 6, 15]]
[[1, 4, 5, 6, 7]]
[[16, 17, 19, 21, 7]]
[[1, 2, 3, 4, 7]]
[[1, 2, 7, 10, 1]]
[[1, 4, 5, 6, 12], [1, 4, 7, 9, 12], [1, 4, 28, 29, 12]]
[]
[[1, 3, 4, 6, 7]]
[[11, 12, 8, 9, 8]]
[[1, 3, 8, 10, 7], [4, 6, 8, 10, 7]]
[[1, 2, 4, 6, 7]]
[[14, 16, 11, 12, 7]]
[]
[[3, 4, 5, 6, 7]]
[[6, 7, 14, 15, 7], [6, 7, 17, 20, 7], [22, 23, 24, 25, 8], [26, 27, 28, 30, 7]]
[[1, 2, 3, 7, 7]]
[[1, 2, 3, 4, 7]]
[[1, 4, 5, 6, 7]]
[[1, 4, 5, 7, 7], [9, 10, 14, 15, 8], [12, 12, 14, 15, 8]]
[[1, 2, 3, 5, 15], [1, 2, 9, 11, 15]]
[[1, 2, 3, 6, 15]]
[[4, 5, 6, 7, 7]]
[[1, 2, 3, 4, 7]]
[[4, 5, 8, 10, 7], [2, 5, 8, 10, 7]]
[[1, 2, 3, 5, 7]]
[[1, 5, 6, 7, 7], [1, 5, 8, 10, 7]]
[[1, 5, 6, 7, 7]]
[[6, 9, 12, 14, 8]]
[[5, 7, 1, 3, 7]]
[[1, 2, 3, 4, 7]]
[[1, 4, 5, 6, 6]]
[[6, 7, 9, 11, 7], [1, 4, 9, 11, 7]]
[[1, 8, 10, 14, 8]]
[[1, 4, 5, 6, 7]]
[[1, 4, 5, 6, 7], [9, 11, 12, 15, 8]]
[[12, 13, 14, 17, 7], [1, 8, 9, 10, 7]]
[[1, 2, 3, 4, 7], [1, 2, 5, 7, 7]]
[[6, 11, 1, 4, 7]]
[[19, 20, 15, 16, 7]]
[[1, 3, 5, 6, 12]]
[[1, 2, 9, 11, 7], [4, 5, 9, 11, 7]]
[[1, 2, 3, 5, 7]]
[[1, 2, 7, 10, 7]]
[[1, 2, 6, 7, 7], [1, 2, 13, 15, 7], [9, 10, 11, 12, 1]]
[[1, 4, 5, 6, 8]]
[[1, 6, 7, 8, 7], [1, 6, 14, 15, 7], [1, 6, 26, 28, 7], [10, 13, 14, 15, 7], [17, 18, 20, 23, 7]]
[[1, 2, 3, 4, 7], [1, 2, 9, 10, 7], [6, 8, 9, 10, 7]]
[[1, 6, 8, 12, 7]]
[[9, 12, 1, 3, 7], [14, 15, 1, 3, 7]]
[[1, 4, 5, 8, 7]]
[[16, 17, 12, 14, 8]]
[[1, 4, 10, 11, 7], [3, 4, 10, 11, 7]]
[[6, 7, 8, 13, 7]]
[[1, 2, 5, 6, 7], [1, 2, 9, 9, 7], [1, 2, 11, 11, 7]]
[[3, 6, 8, 10, 7]]
[[2, 3, 6, 7, 7]]
[[1, 4, 5, 8, 7]]
[[4, 8, 11, 13, 8]]
[[7, 9, 3, 4, 7]]
[[1, 5, 6, 8, 7]]
[[0, 0, 0, 0, 7], [5, 8, 0, 0, 7], [5, 8, 9, 10, 7]]
[[1, 4, 5, 8, 20]]
[[1, 3, 4, 6, 7]]
[[1, 2, 10, 11, 7], [1, 2, 13, 18, 7]]
[[1, 2, 3, 8, 7]]
[[1, 2, 0, 0, 7], [1, 2, 3, 5, 8], [7, 7, 0, 0, 7]]
[[1, 2, 4, 5, 15]]
[[1, 2, 7, 8, 7], [1, 2, 10, 12, 7]]
[[1, 2, 6, 8, 8], [11, 12, 13, 14, 8]]
[[7, 9, 10, 13, 7], [7, 9, 15, 17, 7]]
[[2, 3, 5, 8, 7]]
[[1, 3, 4, 5, 8]]
[[1, 2, 3, 4, 7]]
[[1, 4, 5, 8, 7]]
[[1, 2, 3, 6, 25]]
[[1, 2, 3, 4, 7], [5, 8, 10, 12, 7]]
[[3, 5, 7, 9, 7], [1, 5, 7, 9, 7]]
[[1, 3, 5, 8, 7]]
[[16, 17, 20, 23, 7], [16, 17, 27, 30, 7], [16, 17, 32, 35, 7]]
[[4, 5, 7, 8, 8]]
[[1, 2, 3, 5, 7]]
[[1, 3, 4, 6, 7]]
[[1, 3, 4, 10, 8], [1, 3, 12, 14, 7]]
[[7, 11, 12, 14, 7]]
[[5, 6, 7, 8, 1]]
[[15, 16, 17, 20, 7]]
[[3, 6, 7, 9, 8]]
[[1, 4, 11, 14, 7]]
[[1, 3, 4, 5, 7]]
[[6, 7, 8, 9, 1], [14, 15, 17, 20, 8]]
[[5, 5, 6, 9, 8]]
[[1, 2, 3, 5, 7], [6, 8, 9, 10, 7], [6, 8, 11, 13, 7]]
[[1, 6, 7, 8, 7]]
[[4, 5, 15, 17, 8], [4, 5, 9, 11, 7], [4, 5, 20, 24, 7], [26, 27, 31, 33, 7], [28, 29, 31, 33, 7]]
[[5, 6, 9, 9, 7], [11, 17, 18, 19, 6]]
[[3, 6, 9, 12, 15]]
[[1, 2, 5, 8, 7], [9, 10, 11, 12, 7]]
[[2, 5, 6, 7, 8]]
[[0, 0, 15, 16, 7]]
[[1, 2, 3, 4, 7]]
[[1, 6, 7, 7, 8]]
[[1, 3, 4, 5, 7]]
[[15, 17, 12, 13, 7]]
[[5, 6, 7, 10, 20]]
[[3, 4, 5, 8, 8]]
[[1, 1, 5, 10, 7]]
[[4, 5, 8, 9, 4]]
[[1, 4, 5, 6, 20], [7, 10, 11, 12, 7]]
[[1, 2, 3, 4, 7]]
[[6, 7, 1, 3, 7], [6, 7, 2, 3, 7]]
[[1, 4, 10, 12, 20]]
[[1, 4, 8, 9, 7], [6, 7, 8, 9, 7]]
[[33, 33, 34, 36, 7], [1, 5, 26, 28, 7], [1, 5, 34, 36, 7]]
[[1, 3, 4, 11, 7]]
[[3, 3, 4, 6, 7]]
[[1, 2, 5, 7, 25]]
[[1, 1, 2, 2, 7], [1, 1, 4, 4, 7], [15, 16, 17, 20, 7]]
[[1, 7, 11, 14, 7]]
[[1, 2, 6, 10, 7], [12, 14, 15, 16, 7]]
[[12, 14, 1, 4, 7]]
[[1, 5, 6, 7, 7], [1, 5, 9, 12, 7]]
[[7, 9, 11, 12, 25], [16, 17, 11, 12, 25], [16, 17, 18, 21, 25]]
[[8, 9, 1, 2, 7], [6, 9, 1, 2, 7], [6, 9, 3, 4, 6]]
[[1, 3, 14, 17, 7]]
[[1, 2, 3, 6, 7]]
[[1, 4, 5, 8, 6]]
[[4, 5, 6, 8, 8]]
[[3, 4, 9, 11, 7]]
[[1, 2, 0, 0, 7]]
[[1, 2, 3, 4, 12], [1, 2, 8, 11, 12], [15, 16, 17, 18, 8]]
[[15, 16, 17, 19, 8]]
[[1, 2, 4, 6, 7]]
[[6, 9, 10, 12, 7]]
[[0, 0, 13, 16, 6], [0, 0, 20, 23, 7]]
[[1, 2, 4, 4, 7]]
[[8, 9, 11, 13, 7]]
[[1, 4, 5, 6, 7], [1, 4, 7, 8, 7]]
[[6, 7, 8, 11, 15]]
[[1, 4, 7, 8, 7], [1, 4, 12, 14, 7]]
[[8, 9, 10, 12, 25]]
[[1, 2, 3, 6, 7]]
[[4, 5, 10, 13, 7], [7, 8, 10, 13, 7]]
[[1, 4, 5, 8, 12], [1, 4, 9, 11, 12], [18, 20, 21, 23, 7]]
[[1, 6, 12, 15, 8]]
[[1, 2, 5, 7, 7], [1, 2, 11, 14, 7]]
[[3, 8, 12, 13, 20]]
[[4, 5, 6, 8, 8]]
[[1, 3, 4, 6, 7], [1, 3, 9, 11, 7]]
[[5, 7, 14, 15, 7]]
[[1, 2, 29, 32, 7]]
[[4, 5, 6, 9, 7]]
[[1, 2, 5, 7, 6], [8, 9, 10, 10, 8], [12, 13, 14, 15, 8]]
[[1, 6, 7, 8, 7]]
[[1, 4, 5, 6, 7]]
[[5, 6, 7, 11, 8]]
[[5, 6, 7, 8, 7]]
[[1, 5, 8, 11, 7]]
[[1, 4, 5, 11, 7]]
[[1, 3, 7, 8, 7]]
[[1, 2, 3, 6, 7]]
[[1, 5, 9, 13, 7]]
[[9, 11, 4, 7, 1]]
[[4, 7, 8, 9, 8]]
[[1, 2, 3, 4, 7], [6, 7, 8, 8, 8]]
[[1, 6, 27, 29, 6]]
[[0, 0, 12, 15, 6], [4, 8, 0, 0, 6], [4, 8, 12, 15, 6]]
[[1, 3, 4, 7, 7]]
[[1, 4, 5, 6, 7]]
[[1, 2, 3, 4, 4], [1, 2, 5, 9, 4]]
[[1, 4, 5, 6, 7]]
[[1, 6, 0, 0, 8]]
[[1, 5, 7, 8, 7]]
[[11, 14, 3, 5, 7], [11, 14, 17, 19, 7]]
[[4, 6, 7, 8, 7]]
[[1, 4, 8, 9, 7], [1, 4, 17, 20, 7]]
[[1, 4, 5, 6, 7]]
[[15, 16, 10, 11, 0]]
[[1, 9, 10, 13, 7]]
[[4, 7, 2, 3, 7]]
[[6, 7, 8, 9, 7]]
[[4, 5, 7, 9, 7]]
[[3, 6, 7, 7, 7]]
[[1, 5, 6, 7, 7]]
[[2, 7, 8, 9, 20], [11, 12, 14, 16, 20]]
[[2, 3, 6, 7, 7], [4, 5, 6, 7, 7]]
[[1, 4, 8, 12, 7]]
[[1, 2, 3, 4, 7]]
[[1, 2, 3, 5, 7], [1, 2, 8, 9, 8], [1, 2, 10, 12, 8]]
[[1, 4, 5, 8, 7]]
[[1, 2, 3, 5, 7], [1, 2, 8, 9, 7]]
[[1, 2, 3, 5, 8]]
[[1, 4, 8, 11, 7], [1, 4, 10, 11, 7]]
[[1, 2, 5, 6, 7], [1, 2, 8, 11, 7]]
[[8, 9, 5, 6, 7]]
[[4, 6, 17, 19, 7]]
[[10, 11, 14, 15, 8], [10, 11, 24, 25, 8], [19, 21, 22, 25, 7], [19, 21, 24, 25, 7]]
[[1, 2, 3, 6, 7], [1, 2, 7, 9, 7]]
[[10, 13, 6, 9, 7]]
[[11, 14, 15, 19, 7]]
[[1, 2, 8, 10, 7]]
[[2, 3, 4, 5, 7], [7, 8, 9, 13, 7]]
[[1, 2, 10, 12, 7], [7, 9, 10, 12, 7]]
[[1, 2, 5, 7, 7]]
[[1, 5, 6, 9, 7]]
[[1, 3, 4, 5, 7]]
[[2, 2, 6, 9, 7]]
[[8, 10, 3, 4, 7]]
[[1, 2, 3, 5, 7]]
[[4, 10, 15, 18, 7]]
[[0, 0, 15, 19, 6]]
[[1, 2, 8, 12, 7]]
[[7, 8, 13, 18, 7]]
[[11, 12, 6, 9, 7]]
[[1, 5, 9, 11, 20]]
[[3, 6, 9, 10, 7]]
[[1, 5, 6, 10, 7]]
[]
[[1, 4, 5, 6, 7]]
[[1, 3, 9, 13, 7]]
[[0, 0, 17, 20, 7]]
[[5, 6, 14, 15, 12], [5, 6, 23, 25, 12]]
[[4, 6, 1, 3, 7], [4, 6, 9, 10, 7]]
[[1, 5, 11, 12, 7], [7, 9, 11, 12, 7]]
[[7, 9, 1, 5, 7]]
[[1, 2, 4, 6, 7]]
[[1, 6, 0, 0, 7], [1, 6, 9, 13, 7]]
[[1, 2, 4, 7, 7]]
[[7, 9, 4, 6, 7], [7, 9, 21, 25, 7], [13, 14, 15, 16, 7]]
[[1, 3, 4, 10, 7], [12, 13, 14, 15, 1]]
[[1, 2, 3, 6, 7]]
[[1, 3, 4, 7, 7], [9, 10, 11, 12, 7]]
[[1, 4, 7, 9, 8], [12, 12, 14, 16, 8], [1, 12, 14, 16, 8]]
[[1, 4, 7, 8, 7], [10, 12, 14, 19, 7]]
[[1, 3, 4, 6, 7], [1, 3, 10, 13, 7]]
[[3, 4, 5, 6, 7]]
[[1, 6, 9, 10, 7]]
[[8, 9, 11, 13, 7]]
[[1, 2, 3, 5, 15], [10, 11, 12, 14, 1]]
[[3, 5, 6, 8, 12]]
[[4, 7, 25, 28, 12]]
[[6, 7, 1, 4, 7]]
[[1, 6, 7, 10, 12]]
[[1, 2, 3, 7, 7]]
[[3, 6, 8, 10, 15]]
[[4, 5, 6, 9, 7]]
[[1, 4, 10, 11, 7], [8, 9, 10, 11, 7]]
[[1, 2, 3, 6, 7]]
[[1, 5, 6, 9, 7]]
[[3, 4, 14, 17, 8]]
[[1, 2, 3, 6, 7]]
[[1, 5, 6, 9, 7]]
[[1, 2, 3, 4, 7], [1, 2, 8, 8, 8]]
[[1, 4, 5, 7, 7]]
[[2, 3, 4, 7, 7]]
[[1, 7, 11, 13, 7]]
[[1, 4, 5, 7, 7]]
[[4, 5, 7, 9, 13]]
[[1, 5, 6, 8, 7], [1, 5, 12, 13, 7]]
[[5, 8, 2, 3, 7]]
[[1, 2, 4, 5, 8]]
[[24, 25, 27, 29, 7], [20, 25, 27, 29, 7]]
[[1, 4, 5, 6, 8]]
[[7, 8, 12, 17, 7], [7, 8, 19, 20, 7]]
[[3, 7, 8, 13, 7], [14, 15, 16, 17, 7], [3, 15, 16, 17, 7]]
[[1, 2, 3, 4, 7]]
[[1, 7, 8, 10, 7]]
[[1, 6, 7, 10, 7], [1, 3, 24, 27, 7]]
[[3, 4, 9, 10, 4]]
[[1, 4, 5, 6, 7]]
[[4, 6, 7, 9, 7]]
[[1, 2, 3, 6, 7], [1, 2, 7, 8, 7]]
[[1, 3, 6, 9, 8], [1, 3, 11, 14, 7], [15, 16, 17, 18, 7]]
[[3, 6, 7, 10, 7]]
[[0, 0, 13, 17, 6]]
[[1, 2, 8, 10, 7]]
[[11, 14, 9, 10, 7]]
[[3, 4, 5, 9, 0]]
[[1, 3, 4, 10, 7]]
[[0, 0, 3, 7, 7], [1, 2, 3, 7, 7]]
[[1, 2, 3, 5, 8], [1, 2, 9, 9, 8], [7, 8, 9, 9, 8]]
[[5, 8, 0, 0, 7], [5, 8, 12, 14, 7], [16, 17, 0, 0, 7]]
[[1, 2, 5, 7, 0], [15, 16, 5, 7, 0]]
[[1, 2, 3, 4, 7]]
[[1, 2, 3, 4, 7], [1, 2, 5, 8, 7]]
[[3, 5, 7, 8, 7], [3, 5, 12, 13, 7]]
[[1, 3, 4, 7, 7], [1, 3, 8, 9, 7]]
[[1, 4, 5, 6, 15]]
[[1, 4, 5, 11, 7]]
[[1, 4, 5, 6, 13]]
[[1, 4, 5, 6, 7]]
[[1, 9, 10, 11, 7]]
[[1, 4, 6, 9, 7]]
[[1, 5, 6, 8, 7]]
[[1, 4, 8, 11, 7]]
[[1, 2, 3, 4, 7]]
[[1, 5, 16, 17, 7], [7, 10, 16, 17, 7]]
[[1, 2, 4, 7, 20]]
[[1, 2, 7, 10, 6]]
[[1, 2, 13, 16, 7], [10, 11, 13, 16, 7]]
[[1, 4, 5, 6, 7], [7, 8, 9, 10, 7], [19, 20, 21, 22, 7]]
[[3, 4, 6, 7, 15], [9, 14, 16, 17, 7]]
[[1, 4, 5, 6, 7]]
[[5, 6, 1, 3, 7]]
[[1, 2, 3, 4, 7]]
[[1, 3, 0, 0, 7]]
[[7, 9, 11, 12, 20], [1, 2, 5, 6, 15]]
[[1, 3, 10, 12, 7]]
[[1, 4, 5, 7, 7], [9, 12, 13, 15, 7], [17, 20, 21, 22, 7], [17, 20, 23, 25, 7]]
[[3, 3, 4, 5, 7]]
[[1, 4, 5, 6, 7]]
[[1, 2, 4, 5, 7]]
[[1, 5, 11, 14, 0]]
[[1, 2, 7, 9, 7]]
[[21, 22, 26, 28, 7]]
[[1, 2, 4, 7, 7]]
[[1, 4, 8, 11, 7]]
[[1, 2, 5, 8, 7]]
[[7, 8, 4, 5, 7], [7, 8, 15, 16, 7], [7, 8, 10, 11, 7], [12, 13, 10, 11, 7], [12, 13, 15, 16, 7]]
[[1, 2, 3, 9, 7]]
[[1, 1, 2, 6, 7], [1, 1, 14, 17, 7], [1, 1, 9, 10, 7]]
[[1, 4, 6, 7, 7]]
[[4, 5, 1, 3, 7]]
[[19, 22, 16, 17, 8], [27, 28, 24, 25, 8]]
[[1, 5, 8, 11, 7], [1, 5, 17, 19, 7]]
[[1, 2, 3, 5, 7], [7, 8, 9, 10, 7], [12, 13, 14, 16, 7]]
[[1, 7, 8, 9, 7]]
[[1, 5, 6, 7, 7]]
[[1, 3, 14, 17, 7], [1, 3, 10, 12, 7]]
[[4, 5, 6, 7, 7]]
[[1, 5, 7, 9, 7]]
[[12, 14, 8, 10, 7]]
[[6, 9, 10, 23, 7]]
[[1, 3, 4, 6, 7], [1, 3, 8, 9, 7], [11, 12, 13, 14, 7]]
[[13, 14, 16, 17, 7], [1, 3, 8, 11, 7]]
[[1, 5, 6, 9, 7]]
[[1, 3, 9, 12, 7], [5, 8, 9, 12, 7]]
[[1, 3, 9, 10, 6]]
[[6, 7, 1, 4, 7], [6, 7, 10, 13, 7]]
[[1, 6, 7, 10, 8], [13, 14, 16, 18, 7]]
[[1, 2, 4, 6, 7], [1, 2, 7, 10, 7]]
[[9, 10, 3, 6, 7], [9, 10, 15, 16, 7]]
[[1, 3, 4, 5, 7], [1, 3, 6, 8, 7]]
[[1, 2, 3, 5, 7]]
[[3, 4, 5, 6, 7]]
[[1, 2, 3, 6, 7]]
[[1, 4, 8, 10, 7], [18, 19, 20, 22, 7]]
[[4, 5, 7, 10, 15]]
[[1, 2, 3, 5, 7], [1, 2, 6, 9, 7], [1, 2, 11, 14, 7], [19, 20, 21, 22, 7]]
[[1, 2, 3, 5, 8]]
[[1, 2, 0, 0, 7], [1, 2, 3, 5, 7], [11, 12, 13, 14, 8]]
[[1, 2, 3, 8, 7], [14, 18, 20, 21, 7]]
[[1, 4, 5, 6, 7]]
[[1, 1, 2, 3, 7]]
[[7, 11, 14, 15, 7]]
[[1, 2, 4, 5, 7]]
[[5, 5, 9, 11, 7]]
[[3, 4, 5, 6, 7]]
[[1, 2, 7, 8, 8], [11, 12, 18, 20, 20], [14, 15, 18, 20, 20], [11, 15, 18, 20, 20]]
[[2, 3, 6, 9, 7]]
[[6, 9, 1, 3, 7], [11, 15, 1, 3, 7]]
[[3, 4, 5, 7, 7]]
[[1, 5, 6, 8, 7]]
[[3, 5, 6, 9, 7], [3, 5, 11, 15, 7]]
[[1, 7, 8, 10, 7]]
[[4, 8, 1, 2, 7]]
[[1, 2, 6, 9, 7], [13, 14, 15, 18, 7]]
[[1, 2, 8, 9, 7], [14, 15, 16, 18, 8]]
[[1, 4, 6, 8, 7]]
[[1, 2, 3, 6, 7]]
[[0, 0, 9, 10, 1], [0, 0, 42, 44, 7], [39, 40, 42, 44, 12], [18, 19, 23, 26, 12]]
[[0, 0, 13, 15, 7], [3, 4, 5, 9, 1]]
[[1, 4, 12, 14, 7]]
[[1, 3, 4, 6, 7]]
[[5, 6, 8, 9, 7]]
[[0, 0, 6, 8, 7]]
[[1, 2, 3, 4, 7]]
[[3, 6, 9, 11, 7]]
[[2, 6, 7, 8, 7]]
[[5, 9, 10, 11, 7]]
[[2, 3, 4, 10, 7]]
[]
[[4, 5, 6, 7, 4], [8, 9, 6, 7, 4], [8, 9, 11, 15, 4]]
[[3, 6, 7, 10, 4]]
[[1, 2, 0, 0, 7]]
[[3, 5, 6, 8, 7]]
[[1, 6, 7, 8, 7], [1, 10, 11, 13, 7]]
[[6, 10, 1, 5, 7]]
[[6, 9, 15, 17, 7]]
[[3, 5, 6, 10, 6]]
[[1, 2, 3, 6, 4]]
[[1, 2, 3, 7, 7]]
[[1, 2, 6, 9, 7], [1, 2, 16, 19, 7], [1, 2, 11, 14, 7]]
[[1, 2, 5, 8, 7], [1, 2, 21, 24, 7]]
[[4, 5, 1, 2, 7]]
[[1, 5, 6, 9, 8], [1, 5, 6, 7, 8]]
[[1, 2, 3, 4, 7]]
[[5, 10, 11, 15, 8]]
[[1, 3, 0, 0, 7]]
[[0, 0, 1, 6, 7]]
[[8, 9, 3, 6, 7]]
[[17, 18, 25, 29, 7]]
[[1, 5, 7, 10, 7]]
[[3, 4, 5, 6, 7], [3, 4, 7, 10, 7]]
[[4, 7, 14, 15, 7], [4, 7, 23, 25, 7], [17, 19, 14, 15, 7], [17, 19, 23, 25, 7]]
[[2, 3, 7, 11, 1]]
[[1, 2, 3, 3, 20], [5, 6, 7, 9, 7]]
[[1, 3, 4, 5, 7]]
[[1, 4, 5, 6, 7], [1, 4, 7, 10, 7]]
[[8, 9, 18, 18, 7], [30, 31, 32, 36, 7]]
[[1, 4, 5, 6, 7], [1, 4, 10, 13, 7]]
[[5, 6, 9, 10, 1]]
[[1, 3, 7, 10, 7]]
[[1, 5, 6, 7, 8]]
[[1, 3, 8, 12, 7]]
[[14, 18, 3, 4, 7], [11, 18, 3, 4, 7]]
[[1, 4, 5, 7, 7]]
[[3, 3, 14, 17, 15], [3, 10, 11, 12, 25]]
[[9, 14, 15, 16, 8]]
[[1, 4, 5, 8, 7]]
[[5, 6, 10, 13, 7]]
[[1, 4, 7, 8, 7]]
[[1, 2, 3, 6, 4]]
[]
[[1, 5, 6, 7, 7]]
[[1, 2, 3, 6, 7], [1, 2, 8, 12, 7]]
[[10, 11, 12, 17, 0]]
[[1, 2, 0, 0, 7]]
[[1, 1, 3, 5, 15]]
[[4, 6, 7, 9, 7]]
[[1, 5, 8, 10, 7]]
[[5, 8, 10, 12, 20]]
[[2, 3, 4, 7, 7]]
[[1, 2, 6, 7, 7], [1, 2, 12, 15, 7]]
[[12, 15, 18, 20, 8]]
[[1, 2, 3, 6, 7], [1, 2, 8, 9, 7], [1, 2, 23, 26, 7], [10, 11, 13, 14, 7]]
[[1, 2, 8, 9, 7], [5, 6, 8, 9, 7]]
[[1, 2, 4, 6, 7], [7, 8, 10, 10, 8]]
[[1, 6, 7, 10, 7]]
[[1, 5, 14, 16, 7], [1, 2, 20, 21, 7]]
[[1, 3, 4, 5, 7]]
[[1, 2, 3, 4, 7]]
[[1, 2, 3, 5, 7]]
[[14, 15, 16, 17, 1]]
[[1, 2, 3, 6, 7]]
[[1, 3, 8, 13, 7]]
[[1, 7, 8, 9, 7]]
[[1, 4, 5, 8, 7]]
[]
[[1, 2, 3, 4, 7], [7, 7, 8, 9, 7]]
[[1, 6, 7, 9, 7], [5, 6, 7, 9, 7]]
[[1, 2, 12, 13, 7], [1, 2, 15, 16, 7]]
[[3, 6, 7, 11, 1]]
[[8, 9, 3, 6, 7]]
[[10, 12, 13, 16, 7]]
[[5, 8, 1, 2, 7]]
[[1, 2, 3, 4, 7]]
[[1, 2, 3, 5, 7]]
[[3, 6, 7, 8, 15]]
[[1, 2, 3, 4, 7]]
[[1, 4, 5, 6, 7]]
[[3, 6, 7, 10, 15]]
[[10, 11, 13, 18, 7]]
[[1, 4, 5, 6, 7]]
[[1, 2, 8, 9, 7]]
[[5, 7, 8, 12, 7], [5, 7, 15, 16, 7], [5, 7, 18, 21, 7]]
[[1, 2, 15, 19, 20]]
[[4, 15, 2, 3, 7]]
[[6, 7, 3, 4, 7], [16, 17, 19, 22, 1]]
[[5, 6, 8, 10, 7]]
[[0, 0, 7, 12, 7]]
[[4, 8, 12, 13, 7]]
[[18, 21, 1, 2, 7]]
[[3, 6, 8, 9, 7]]
[[1, 2, 3, 4, 12]]
[[20, 21, 22, 24, 7]]
[[1, 4, 5, 8, 7]]
[[5, 9, 11, 13, 7]]
[[1, 2, 15, 17, 6]]
[[3, 7, 8, 9, 15]]
[[5, 6, 11, 14, 7], [5, 6, 16, 20, 7]]
[[5, 5, 6, 8, 7], [10, 11, 12, 13, 20]]
[[6, 7, 3, 4, 7], [1, 2, 3, 4, 7]]
[[1, 2, 4, 7, 20], [1, 2, 9, 11, 20]]
[[4, 5, 8, 11, 4]]
[[10, 12, 5, 6, 7]]
[[6, 7, 8, 10, 7]]
[[1, 4, 6, 8, 7]]
[[2, 3, 7, 10, 7]]
[[1, 2, 3, 4, 15], [1, 2, 7, 9, 15], [5, 6, 7, 9, 15]]
[[1, 2, 4, 7, 7], [1, 2, 9, 10, 8]]
[[1, 2, 3, 5, 7], [1, 2, 9, 10, 8], [1, 2, 11, 12, 8], [15, 15, 16, 16, 8]]
[[1, 2, 3, 5, 7]]
[[1, 4, 5, 6, 7], [1, 4, 8, 12, 7]]
[[1, 6, 10, 11, 7]]
[[1, 5, 7, 9, 7], [12, 13, 14, 15, 7], [17, 18, 23, 24, 7]]
[[1, 2, 3, 4, 7]]
[[8, 11, 1, 3, 7], [24, 25, 27, 28, 7]]
[[1, 3, 11, 12, 7], [5, 6, 11, 12, 7]]
[[12, 16, 17, 18, 8]]
[[6, 10, 11, 14, 7]]
[[1, 1, 7, 9, 7]]
[[4, 6, 7, 8, 7], [9, 10, 13, 14, 7]]
[[1, 4, 5, 8, 7]]
[[1, 2, 3, 4, 7], [7, 12, 13, 14, 20]]
[[7, 8, 9, 10, 7], [7, 8, 11, 13, 7]]
[[9, 10, 11, 11, 8], [13, 14, 16, 17, 20]]
[[1, 4, 5, 5, 6]]
[[1, 4, 6, 7, 7], [1, 4, 8, 11, 7]]
[[2, 4, 6, 9, 7]]
[[1, 3, 6, 8, 12]]
[[3, 4, 5, 6, 7]]
[[3, 4, 6, 10, 7], [3, 4, 12, 13, 7]]
[[6, 7, 3, 4, 8], [9, 10, 3, 4, 7]]
[[1, 6, 7, 8, 7]]
[[1, 4, 5, 8, 7]]
[]
[[1, 4, 5, 8, 7]]
[[1, 2, 4, 5, 7]]
[[5, 9, 10, 14, 8]]
[[1, 3, 4, 5, 7], [7, 8, 10, 11, 8]]
[]
[[1, 3, 4, 7, 7]]
[[1, 4, 5, 7, 8]]
[[3, 4, 5, 7, 7]]
[[1, 3, 9, 12, 7]]
[[1, 3, 5, 6, 7]]
[[1, 8, 15, 17, 7]]
[[3, 4, 6, 11, 7]]
[[0, 0, 4, 7, 7]]
[[1, 12, 13, 16, 7]]
[[1, 6, 7, 8, 7]]
[[15, 21, 1, 5, 7], [23, 25, 26, 28, 7]]
[[7, 9, 13, 15, 7], [11, 11, 13, 15, 7]]
[[5, 6, 7, 8, 7]]
[[4, 6, 7, 10, 7]]
[[1, 2, 7, 9, 7], [1, 2, 11, 14, 7], [1, 2, 23, 26, 7]]
[[1, 2, 3, 4, 7], [1, 2, 7, 8, 8]]
[[4, 5, 6, 9, 7]]
[[1, 3, 8, 10, 7]]
[[6, 7, 3, 4, 7]]
[[5, 6, 7, 11, 7]]
[[0, 0, 12, 14, 0], [4, 5, 12, 14, 1]]
[[1, 5, 6, 7, 7]]
[[1, 3, 4, 5, 7], [1, 3, 16, 18, 7], [13, 15, 8, 11, 7]]
[[1, 2, 3, 8, 15]]
[[1, 6, 7, 10, 12], [12, 14, 19, 20, 12], [16, 17, 19, 20, 7]]
[[1, 4, 10, 11, 20]]
[[1, 5, 6, 10, 7], [1, 5, 20, 23, 7], [12, 15, 16, 17, 7]]
[[1, 4, 5, 6, 7]]
[[9, 10, 17, 19, 7], [13, 16, 17, 19, 7], [21, 22, 23, 29, 7]]
[[3, 3, 4, 7, 7]]
[[9, 12, 14, 15, 12]]
[[1, 3, 6, 8, 7]]
[[1, 4, 5, 6, 20]]
[[1, 3, 4, 5, 7], [1, 3, 6, 7, 7], [1, 3, 16, 18, 7]]
[[7, 8, 23, 25, 7]]
[[1, 5, 6, 9, 7]]
[[13, 13, 17, 20, 7], [6, 7, 8, 9, 20]]
[[1, 7, 9, 12, 7]]
[[1, 6, 7, 10, 7], [1, 6, 11, 12, 7]]
[[1, 2, 7, 10, 7]]
[[1, 3, 4, 5, 7]]
[[1, 2, 8, 11, 8]]
[[5, 8, 9, 10, 7]]
[[1, 2, 9, 10, 7], [4, 5, 9, 10, 7]]
[[6, 6, 9, 11, 7], [6, 6, 14, 17, 7]]
[[1, 4, 7, 9, 7]]
[[1, 1, 5, 7, 7]]
[[4, 5, 1, 3, 7], [4, 5, 7, 8, 7]]
[[11, 13, 18, 20, 7], [16, 17, 18, 20, 7]]
[[1, 4, 6, 7, 20]]
[[1, 4, 5, 7, 7]]
[[1, 3, 4, 6, 7]]
[[1, 8, 18, 22, 7], [1, 3, 18, 22, 7]]
[[6, 9, 1, 3, 7]]
[[1, 7, 8, 9, 7]]
[[1, 3, 7, 9, 12]]
[[1, 5, 9, 10, 7], [1, 5, 11, 13, 7]]
[[6, 7, 8, 10, 7]]
[[1, 2, 3, 4, 7], [1, 2, 6, 9, 7]]
[[6, 12, 1, 3, 7]]
[[1, 2, 3, 5, 15]]
[[3, 6, 7, 8, 8]]
[[1, 6, 7, 10, 7], [1, 6, 11, 12, 7]]
[[1, 2, 3, 6, 7]]
[[1, 2, 3, 6, 7]]
[[1, 6, 7, 8, 7]]
[[1, 4, 5, 9, 7]]
[[6, 11, 1, 2, 7]]
[]
[[1, 5, 6, 8, 7]]
[[1, 2, 7, 8, 7]]
[[1, 3, 8, 9, 7], [1, 3, 14, 17, 7], [1, 3, 19, 22, 7]]
[[1, 2, 4, 6, 7], [1, 2, 19, 22, 7]]
[[6, 9, 10, 12, 12]]
[[4, 8, 12, 17, 7]]
[[1, 2, 5, 6, 7], [8, 9, 10, 13, 7]]
[[5, 6, 3, 4, 7], [8, 9, 10, 11, 7], [19, 21, 25, 26, 7]]
[[1, 2, 6, 9, 7], [1, 4, 6, 9, 7], [15, 17, 13, 14, 7]]
[[1, 2, 3, 4, 7]]
[[3, 5, 9, 10, 7], [11, 12, 9, 10, 7], [14, 15, 18, 21, 7]]
[[18, 19, 20, 21, 8]]
[[0, 0, 1, 4, 7], [0, 0, 6, 7, 7]]
[[1, 4, 5, 6, 7]]
[[1, 2, 3, 4, 7]]
[[1, 5, 6, 7, 8]]
[[1, 3, 7, 9, 7], [5, 6, 7, 9, 7]]
[[5, 8, 9, 10, 7], [5, 8, 11, 12, 7]]
[[1, 4, 6, 7, 7]]
[]
[[9, 12, 13, 16, 7]]
[[11, 13, 5, 6, 7]]
[[3, 6, 8, 10, 20]]
[[1, 5, 6, 9, 7]]
[[6, 7, 8, 9, 7]]
[[1, 4, 11, 12, 7], [1, 4, 13, 15, 7], [1, 4, 19, 21, 7], [6, 9, 11, 12, 7], [6, 9, 13, 15, 7]]
[[7, 8, 12, 15, 8]]
[[8, 9, 1, 4, 7], [8, 9, 11, 15, 8], [8, 9, 18, 20, 7], [22, 23, 18, 20, 7]]
[[1, 2, 3, 6, 7]]
[[20, 21, 22, 23, 7], [3, 6, 7, 8, 8], [3, 4, 13, 15, 7]]
[[1, 6, 7, 10, 7]]
[[1, 5, 7, 9, 7]]
[[22, 23, 17, 18, 7], [26, 28, 17, 18, 7]]
[[1, 5, 7, 8, 8]]
[[6, 7, 3, 4, 7]]
[[7, 12, 3, 6, 7]]
[[1, 5, 6, 8, 7]]
[[1, 3, 5, 8, 7], [1, 6, 7, 8, 7]]
[[3, 4, 8, 11, 7], [3, 4, 17, 18, 7]]
[[3, 4, 21, 24, 7], [6, 6, 21, 24, 7], [14, 17, 21, 24, 7]]
[[4, 5, 10, 12, 15], [7, 8, 10, 12, 7]]
[[1, 2, 3, 5, 7]]
[[3, 7, 11, 13, 7]]
[[1, 5, 6, 7, 6]]
[[4, 7, 8, 9, 12], [4, 5, 14, 16, 12]]
[[3, 6, 10, 12, 20]]
[[4, 6, 8, 10, 25]]
[[1, 2, 3, 6, 7]]
[[1, 2, 3, 4, 7]]
[[1, 5, 8, 10, 6], [1, 5, 12, 14, 12]]
[[1, 4, 5, 8, 7]]
[[1, 2, 3, 6, 7]]
[[1, 2, 11, 11, 7], [1, 2, 20, 23, 7]]
[[3, 4, 1, 2, 7], [3, 4, 8, 11, 7]]
[[1, 2, 3, 6, 7]]
[[3, 4, 5, 6, 6], [3, 4, 7, 9, 7]]
[[1, 4, 5, 6, 7], [1, 4, 7, 9, 12]]
[[3, 4, 14, 16, 7]]
[[1, 8, 9, 12, 20]]
[[2, 4, 6, 9, 4], [2, 4, 10, 12, 7]]
[[10, 11, 7, 8, 7]]
[[7, 8, 9, 10, 20]]
[[8, 10, 3, 6, 7]]
[[4, 6, 7, 10, 7]]
[[1, 2, 3, 5, 7]]
[[1, 1, 5, 7, 7]]
[[5, 8, 1, 2, 7]]
[[1, 2, 4, 5, 1]]
[[1, 4, 5, 7, 7]]
[[1, 2, 3, 4, 7]]
[[7, 9, 4, 5, 8]]
[[1, 5, 7, 9, 7], [1, 5, 16, 19, 7]]
[[1, 2, 5, 7, 7]]
[[13, 14, 9, 11, 7]]
[[1, 2, 3, 5, 7]]
[[1, 5, 6, 7, 7]]
[[1, 6, 0, 0, 7], [1, 6, 21, 24, 7]]
[]
[]
[[3, 4, 7, 10, 7], [3, 4, 12, 15, 7]]
[[1, 5, 7, 11, 7]]
[]
[[11, 12, 13, 16, 7]]
[[1, 2, 6, 9, 7]]
[[1, 8, 9, 10, 7]]
[[1, 2, 4, 8, 7]]
[[3, 4, 5, 8, 7]]
[[9, 10, 11, 14, 7], [15, 16, 17, 18, 7]]
[]
[[1, 14, 17, 18, 7]]
[[1, 2, 9, 11, 7], [4, 7, 9, 11, 7]]
[[1, 8, 9, 11, 7]]
[[1, 2, 4, 5, 7]]
[[1, 2, 3, 4, 7]]
[[1, 4, 10, 10, 8], [6, 8, 10, 10, 8]]
[[1, 3, 4, 7, 7]]
[[0, 0, 10, 12, 0]]
[[1, 7, 11, 12, 20]]
[[10, 11, 7, 8, 7], [10, 11, 1, 4, 7]]
[[1, 3, 7, 9, 7]]
[[1, 4, 18, 19, 7]]
[[1, 2, 13, 16, 0]]
[[4, 7, 1, 2, 4], [4, 7, 9, 13, 4]]
[[2, 5, 6, 8, 20], [10, 13, 14, 15, 20]]
[[1, 5, 6, 9, 7], [13, 15, 16, 18, 7]]
[[1, 2, 3, 6, 7], [10, 11, 17, 18, 7]]
[[6, 7, 10, 11, 15], [6, 7, 8, 11, 15]]
[[33, 36, 25, 30, 0]]
[[1, 2, 3, 8, 7]]
[[1, 2, 3, 4, 7]]
[[1, 7, 10, 12, 7], [1, 4, 10, 12, 7]]
[[1, 2, 4, 6, 7], [10, 11, 13, 17, 1]]
[[4, 9, 10, 11, 20], [4, 9, 12, 15, 20]]
[]
[[3, 4, 10, 11, 15], [3, 4, 10, 13, 4]]
[[1, 3, 4, 6, 12]]
[[9, 12, 15, 19, 7]]
[[1, 7, 8, 9, 7], [11, 14, 15, 17, 7]]
[[12, 13, 14, 15, 7], [16, 17, 18, 19, 7]]
[[8, 9, 11, 12, 7]]
[[4, 5, 8, 11, 7]]
[[3, 4, 6, 8, 4]]
[[1, 4, 13, 14, 7]]
[[2, 4, 5, 7, 7], [2, 4, 10, 14, 7]]
[[1, 2, 14, 15, 7]]
[[4, 5, 7, 8, 7]]
[[1, 4, 5, 6, 7]]
[[1, 2, 3, 6, 7], [1, 2, 7, 8, 7], [1, 2, 10, 11, 7]]
[[8, 9, 15, 17, 8]]
[[1, 5, 6, 9, 7], [11, 12, 13, 16, 7]]
[[1, 2, 3, 4, 7], [1, 2, 5, 6, 7]]
[[1, 5, 6, 9, 12]]
[[1, 5, 9, 10, 7], [1, 5, 15, 18, 7], [1, 5, 20, 21, 7]]
[[0, 0, 1, 4, 7]]
[[1, 3, 4, 6, 7]]
[[1, 5, 7, 10, 7]]
[[1, 2, 3, 4, 7], [5, 5, 9, 10, 7], [1, 5, 9, 10, 7]]
[[5, 8, 9, 10, 7]]
[[6, 7, 1, 2, 7]]
[[1, 7, 8, 9, 7], [10, 11, 12, 13, 7]]
[[1, 4, 5, 5, 7]]
[[1, 2, 3, 4, 7], [6, 7, 8, 10, 15]]
[[3, 7, 8, 9, 6]]
[[1, 7, 11, 14, 7]]
[[1, 2, 4, 7, 1], [9, 10, 11, 12, 20]]
[[6, 10, 11, 14, 7]]
[[1, 8, 9, 10, 7]]
[[9, 10, 11, 14, 15]]
[[1, 2, 4, 6, 8], [1, 2, 8, 9, 7]]
[[3, 6, 8, 13, 7], [15, 16, 17, 18, 8]]
[[1, 4, 5, 8, 7], [1, 4, 9, 12, 7], [1, 4, 16, 16, 8], [1, 4, 18, 19, 7], [1, 4, 20, 23, 7]]
[[1, 5, 7, 10, 7]]
[[1, 7, 8, 9, 7]]
[[1, 2, 3, 4, 7], [1, 2, 15, 20, 7]]
[[12, 14, 21, 22, 7]]
[[1, 4, 5, 6, 7], [8, 8, 9, 10, 8]]
[[3, 4, 14, 15, 1]]
[[5, 6, 1, 3, 8], [5, 6, 19, 23, 8]]
[[4, 5, 6, 9, 7]]
[[0, 0, 19, 22, 0]]
[[1, 4, 5, 6, 8]]
[[1, 2, 3, 4, 7]]
[[0, 0, 3, 5, 7]]
[[4, 6, 7, 9, 7]]
[[1, 2, 4, 5, 7], [8, 8, 13, 14, 7], [8, 8, 17, 20, 7]]
[[4, 5, 6, 9, 7]]
[[1, 5, 7, 10, 7], [12, 13, 16, 17, 7]]
[[1, 3, 4, 6, 8], [1, 3, 17, 20, 7], [25, 26, 21, 23, 7]]
[[6, 7, 21, 22, 7]]
[[2, 6, 7, 10, 8]]
[[1, 2, 6, 7, 7], [1, 2, 8, 10, 7]]
[[1, 4, 0, 0, 7]]
[[1, 4, 5, 8, 7], [10, 11, 12, 16, 7], [1, 11, 12, 16, 7]]
[[3, 4, 5, 9, 7]]
[[0, 0, 1, 2, 0]]
[[1, 10, 11, 14, 7]]
[[1, 2, 3, 4, 7], [6, 8, 3, 4, 7], [6, 8, 13, 16, 7]]
[[6, 7, 9, 13, 7]]
[[6, 7, 10, 13, 7]]
[[1, 4, 10, 11, 7]]
[[1, 4, 5, 7, 7]]
[[4, 5, 7, 9, 7], [13, 14, 11, 12, 7]]
[[1, 4, 7, 10, 15]]
[[3, 12, 13, 15, 8]]
[[9, 10, 4, 7, 15]]
[[1, 5, 6, 7, 7]]
[[1, 2, 4, 6, 7]]
[]
[[1, 10, 11, 13, 12], [1, 10, 14, 16, 12], [6, 10, 11, 13, 12]]
[[1, 7, 8, 9, 12], [11, 12, 13, 14, 7], [11, 12, 15, 20, 7]]
[[1, 4, 5, 7, 7]]
[[3, 4, 5, 6, 12], [3, 4, 8, 9, 12], [11, 12, 17, 20, 7], [14, 15, 17, 20, 7]]
[[1, 5, 12, 14, 8]]
[[1, 4, 6, 7, 8]]
[[1, 6, 20, 22, 6]]
[[0, 0, 9, 11, 0], [19, 21, 9, 11, 0], [19, 21, 16, 17, 7]]
[[1, 2, 3, 7, 7], [1, 2, 9, 10, 7]]
[[1, 3, 4, 10, 7]]
[[1, 4, 9, 11, 8], [6, 8, 9, 11, 8]]
[[9, 10, 1, 5, 7]]
[[3, 3, 4, 5, 7]]
[[1, 2, 3, 4, 7], [26, 29, 30, 31, 12]]
[[5, 7, 29, 34, 7], [13, 14, 15, 16, 7], [5, 9, 10, 11, 8]]
[[1, 4, 0, 0, 7], [1, 4, 5, 6, 7], [1, 4, 8, 10, 7], [12, 13, 0, 0, 7], [12, 13, 14, 16, 7]]
[[1, 4, 5, 6, 7]]
[[1, 2, 3, 4, 7]]
[[1, 6, 7, 8, 8]]
[[3, 4, 5, 6, 7], [10, 11, 12, 12, 8], [14, 15, 16, 17, 8], [14, 15, 18, 23, 7]]
[[3, 6, 8, 9, 15]]
[[1, 2, 3, 6, 7], [1, 4, 5, 6, 7]]
[[1, 4, 5, 8, 7], [1, 4, 7, 8, 7]]
[[1, 2, 0, 0, 7], [1, 2, 13, 16, 7], [11, 12, 0, 0, 7], [11, 12, 13, 16, 7]]
[[4, 6, 7, 8, 8]]
[[1, 2, 8, 10, 7]]
[[1, 2, 9, 12, 7], [5, 6, 9, 12, 7]]
[[1, 5, 6, 7, 7]]
[[1, 5, 6, 8, 7], [1, 5, 12, 13, 7]]
[[4, 6, 7, 9, 7]]
[[3, 9, 1, 2, 7]]
[[1, 2, 3, 6, 7]]
[[3, 7, 8, 10, 7]]
[[1, 3, 4, 5, 7]]
[[1, 2, 7, 8, 6], [1, 2, 9, 10, 13]]
[[5, 9, 13, 17, 7], [5, 9, 23, 26, 7]]
[[1, 2, 3, 5, 7]]
[[1, 3, 8, 9, 7]]
[[1, 5, 7, 10, 7]]
[[1, 4, 5, 8, 8]]
[[1, 6, 9, 11, 7], [13, 14, 15, 16, 7]]
[[1, 2, 4, 6, 7]]
[[1, 2, 7, 11, 7]]
[[1, 9, 10, 11, 7], [16, 19, 20, 22, 7], [8, 9, 12, 14, 7]]
[[3, 4, 5, 7, 7], [3, 4, 8, 12, 7]]
[[3, 4, 5, 8, 15]]
[[1, 2, 4, 5, 7]]
[[1, 2, 4, 6, 1]]
[[6, 7, 2, 4, 8], [6, 7, 19, 22, 8]]
[[1, 7, 8, 9, 7]]
[[1, 4, 5, 6, 7]]
[[1, 2, 5, 8, 7]]
[[0, 0, 4, 6, 7]]
[[5, 8, 10, 12, 7]]
[[3, 4, 6, 7, 15], [3, 4, 5, 7, 15]]
[[1, 3, 4, 5, 7], [13, 14, 15, 16, 8]]
[[0, 0, 15, 17, 0], [23, 27, 15, 17, 0]]
[[4, 5, 6, 10, 7], [4, 5, 11, 13, 7]]
[[1, 4, 5, 7, 7], [1, 4, 8, 11, 7]]
[[1, 2, 5, 6, 8], [7, 8, 9, 12, 8]]
[[1, 4, 5, 7, 7]]
[[5, 8, 9, 11, 15]]
[[1, 2, 6, 8, 7], [1, 2, 12, 15, 7]]
[[12, 13, 9, 10, 7]]
[[3, 4, 10, 11, 7], [3, 4, 14, 18, 7]]
[[3, 4, 5, 9, 7]]
[[1, 2, 5, 7, 7]]
[[1, 3, 7, 8, 7], [10, 11, 12, 13, 7], [14, 15, 16, 17, 7]]
[[1, 2, 5, 6, 7]]
[[1, 4, 5, 8, 7], [14, 15, 16, 18, 7]]
[[1, 4, 5, 9, 7]]
[[5, 6, 7, 9, 7]]
[[1, 2, 6, 9, 7]]
[[9, 10, 14, 16, 7], [11, 12, 14, 16, 7]]
[[13, 16, 17, 20, 7]]
[[1, 3, 4, 6, 7], [1, 3, 8, 11, 7]]
[[5, 6, 2, 3, 7]]
[[1, 3, 8, 12, 7]]
[[1, 4, 5, 6, 7]]
[[1, 3, 4, 7, 7], [1, 3, 8, 9, 7]]
[[3, 6, 7, 19, 7]]
[[4, 5, 7, 10, 8]]
[[9, 10, 4, 6, 7]]
[[1, 5, 6, 7, 7]]
[[4, 5, 6, 9, 7]]
[[4, 6, 12, 15, 7]]
[[1, 5, 6, 9, 7]]
[[4, 12, 13, 16, 7], [18, 19, 20, 21, 7], [22, 23, 20, 21, 7], [22, 23, 25, 27, 7]]
[[1, 2, 3, 4, 7], [6, 7, 8, 9, 7]]
[[4, 11, 12, 15, 7], [22, 24, 25, 28, 7], [9, 11, 12, 15, 7]]
[[1, 2, 4, 6, 7]]
[[4, 5, 7, 9, 7]]
[[1, 2, 3, 4, 7], [1, 2, 5, 6, 7], [1, 2, 8, 10, 7]]
[[9, 10, 11, 12, 8]]
[[1, 5, 12, 16, 8]]
[[1, 3, 4, 11, 7], [13, 14, 15, 15, 7], [16, 17, 19, 20, 7]]
[[1, 2, 3, 5, 7]]
[[1, 5, 6, 7, 8]]
[[1, 2, 4, 6, 7], [11, 12, 16, 17, 7]]
[[1, 5, 29, 32, 7]]
[[1, 2, 7, 10, 8], [1, 4, 7, 10, 8]]
[[1, 4, 5, 6, 6]]
[[0, 0, 1, 3, 7]]
[[0, 0, 5, 11, 1]]
[[1, 2, 5, 8, 7]]
[[0, 0, 3, 4, 7]]
[[3, 4, 6, 8, 7]]
[[1, 2, 4, 6, 7], [1, 2, 11, 13, 7]]
[[5, 7, 9, 10, 4]]
[[1, 2, 4, 5, 7]]
[[1, 6, 12, 15, 12]]
[[1, 4, 5, 9, 7]]
[[5, 7, 2, 3, 7], [5, 7, 16, 19, 8]]
[[8, 9, 10, 12, 7]]
[[1, 4, 5, 10, 7]]
[[1, 5, 6, 8, 7]]
[[1, 2, 4, 7, 7]]
[[0, 0, 17, 20, 0]]
[[5, 6, 7, 8, 15]]
[[1, 2, 3, 6, 7], [1, 2, 8, 9, 7]]
[[1, 2, 3, 5, 0]]
[[0, 0, 6, 9, 7], [11, 12, 14, 16, 1]]
[[16, 17, 18, 19, 7], [25, 28, 29, 30, 7]]
[[1, 2, 3, 4, 7], [7, 8, 9, 10, 7], [11, 11, 13, 15, 7]]
[[3, 4, 6, 7, 7]]
[[3, 4, 8, 10, 7]]
[[1, 5, 6, 9, 7]]
[[1, 3, 4, 8, 7]]
[[1, 3, 4, 6, 7]]
[[1, 6, 9, 10, 8], [1, 6, 8, 10, 8]]
[[1, 2, 5, 6, 7]]
[[5, 7, 8, 9, 7], [12, 13, 17, 19, 7]]
[[4, 5, 6, 9, 7]]
[[3, 4, 7, 7, 7]]
[[1, 2, 3, 6, 7]]
[[1, 4, 6, 7, 7], [1, 4, 9, 11, 8], [12, 12, 14, 14, 8]]
[[1, 2, 3, 7, 7]]
[[4, 5, 6, 8, 7]]
[[1, 4, 11, 14, 15], [6, 9, 11, 14, 20]]
[[6, 6, 7, 10, 7], [12, 14, 15, 18, 8]]
[[2, 3, 9, 11, 8]]
[[1, 4, 7, 9, 7]]
[[1, 5, 6, 7, 7], [16, 17, 18, 19, 7]]
[[1, 4, 7, 10, 7]]
[[4, 5, 6, 10, 15]]
[[1, 5, 8, 11, 7]]
[[1, 4, 14, 15, 7]]
[[0, 0, 3, 9, 7]]
[[1, 5, 6, 9, 7], [1, 7, 8, 9, 8]]
[[9, 15, 16, 19, 7]]
[[1, 3, 4, 6, 4]]
[[4, 5, 6, 9, 7]]
[[1, 7, 8, 9, 7]]
[[4, 7, 8, 9, 7], [1, 7, 8, 9, 7]]
[[1, 7, 9, 13, 7]]
[[1, 2, 7, 10, 7]]
[[9, 10, 11, 12, 8], [16, 17, 18, 21, 7]]
[[1, 6, 11, 12, 7]]
[[1, 5, 6, 7, 7]]
[[3, 4, 5, 9, 7]]
[[1, 4, 6, 6, 7], [1, 4, 8, 8, 7], [10, 12, 13, 16, 7]]
[[4, 5, 6, 7, 7], [9, 10, 11, 12, 7], [9, 10, 13, 15, 7], [1, 5, 6, 7, 7]]
[[1, 5, 6, 7, 8]]
[[1, 2, 3, 4, 7]]
[[8, 9, 11, 14, 7]]
[[8, 9, 11, 13, 7], [8, 9, 11, 12, 7]]
[[2, 2, 8, 10, 7]]
[[1, 4, 19, 21, 7]]
[[11, 12, 13, 16, 7]]
[[1, 2, 4, 6, 7]]
[[1, 3, 4, 5, 6], [12, 15, 17, 18, 8]]
[[1, 3, 15, 18, 7]]
[[1, 2, 5, 7, 7], [1, 2, 16, 20, 7]]
[[1, 3, 4, 5, 7]]
[[1, 4, 5, 7, 8], [13, 14, 15, 16, 7]]
[[1, 4, 5, 7, 7]]
[[1, 3, 6, 7, 7], [1, 3, 9, 12, 7]]
[[1, 3, 6, 7, 7], [12, 13, 20, 23, 15]]
[[1, 2, 17, 19, 12]]
[[1, 2, 16, 19, 15]]
[[8, 9, 5, 6, 7]]
[[1, 2, 5, 6, 7]]
[[9, 10, 14, 16, 7]]
[[1, 4, 5, 7, 20]]
[[1, 3, 13, 17, 8], [19, 20, 25, 26, 7]]
[[4, 5, 7, 8, 7], [14, 15, 17, 18, 7]]
[[1, 5, 6, 9, 7]]
[[1, 2, 8, 9, 7]]
[[1, 2, 6, 8, 7]]
[[1, 2, 4, 5, 1]]
[[1, 6, 7, 10, 7]]
[[4, 6, 0, 0, 7], [4, 8, 9, 10, 7]]
[[1, 9, 10, 11, 7], [6, 9, 10, 11, 7], [6, 9, 12, 14, 7]]
[[1, 2, 5, 6, 7], [1, 2, 11, 14, 7], [1, 2, 21, 22, 7], [18, 20, 21, 22, 7]]
[[1, 2, 4, 5, 7], [1, 2, 7, 11, 7], [14, 15, 16, 17, 8]]
[[1, 2, 3, 7, 7]]
[[1, 5, 8, 9, 7]]
[[12, 16, 7, 8, 7]]
[[11, 12, 8, 9, 7]]
[[1, 4, 0, 0, 7], [1, 4, 5, 7, 7]]
[[4, 5, 6, 11, 7]]
[[1, 2, 5, 8, 7]]
[[7, 8, 10, 12, 7]]
[[1, 2, 3, 4, 7]]
[[1, 3, 6, 8, 7]]
[[1, 2, 3, 6, 7]]
[]
[[13, 14, 10, 11, 7], [1, 7, 10, 11, 7]]
[[1, 6, 0, 0, 7], [1, 6, 10, 23, 7]]
[[1, 2, 6, 8, 7], [11, 14, 15, 17, 8]]
[[1, 9, 10, 13, 7]]
[[4, 5, 9, 11, 8]]
[[6, 8, 9, 12, 7]]
[[14, 17, 7, 8, 7]]
[]
[[1, 7, 8, 10, 7]]
[[1, 3, 7, 8, 7], [5, 6, 7, 8, 7]]
[[6, 10, 13, 16, 7]]
[[1, 6, 7, 7, 6]]
[[1, 3, 4, 7, 12]]
[]
[[1, 4, 5, 11, 8]]
[[6, 9, 0, 0, 7], [6, 9, 1, 4, 7], [6, 9, 17, 18, 7], [6, 9, 20, 21, 8]]
[[1, 2, 10, 12, 7]]
[[15, 16, 11, 13, 7], [18, 19, 11, 13, 20]]
[[1, 4, 5, 6, 8]]
[[1, 2, 3, 6, 7], [8, 9, 10, 13, 7]]
[[1, 5, 6, 7, 8]]
[[5, 6, 1, 3, 7]]
[[1, 2, 4, 6, 7]]
[[1, 3, 18, 19, 7], [4, 5, 18, 19, 7]]
[[1, 2, 3, 5, 7]]
[[1, 2, 10, 11, 12], [1, 2, 13, 16, 12]]
[[15, 17, 25, 26, 7]]
[[1, 2, 7, 9, 7], [4, 5, 7, 9, 7]]
[[1, 5, 6, 7, 7]]
[[0, 0, 10, 11, 1], [3, 4, 0, 0, 1], [3, 4, 10, 11, 1]]
[[1, 2, 3, 5, 7]]
[[0, 0, 3, 8, 7]]
[[2, 3, 4, 7, 7]]
[[1, 4, 5, 6, 7]]
[[1, 4, 5, 7, 7]]
[[4, 6, 8, 10, 7], [4, 6, 11, 12, 7]]
[[1, 2, 4, 6, 7]]
[[11, 12, 8, 9, 7]]
[[8, 11, 12, 15, 20]]
[[3, 4, 8, 10, 7]]
[[1, 6, 7, 8, 12]]
[[1, 2, 4, 6, 7], [1, 2, 12, 13, 7], [8, 11, 12, 13, 20]]
[[1, 2, 3, 5, 7]]
[[1, 4, 5, 6, 7], [1, 4, 8, 11, 7]]
[[1, 2, 0, 0, 7], [1, 2, 6, 8, 7]]
[[3, 7, 1, 2, 7]]
[[1, 4, 10, 13, 7]]
[[1, 4, 6, 8, 7], [10, 14, 16, 17, 20]]
[[1, 4, 20, 26, 7]]
[[3, 6, 7, 10, 15]]
[[1, 2, 3, 5, 8]]
[[3, 6, 7, 10, 8]]
[[1, 2, 3, 6, 7], [1, 2, 8, 8, 7], [1, 2, 3, 4, 7], [1, 2, 5, 6, 7]]
[[6, 7, 8, 9, 7]]
[[2, 5, 7, 9, 7]]
[[1, 2, 8, 10, 7], [1, 2, 11, 13, 7]]
[[1, 2, 7, 9, 0]]
[[1, 2, 3, 6, 7]]
[[1, 4, 14, 17, 7]]
[[6, 6, 12, 14, 7]]
[[1, 2, 4, 5, 7], [1, 2, 6, 12, 7]]
[[1, 2, 0, 0, 7]]
[[1, 2, 3, 6, 7]]
[[1, 2, 0, 0, 7], [10, 11, 0, 0, 7]]
[[14, 16, 18, 19, 7], [14, 16, 20, 22, 7], [1, 4, 8, 11, 6]]
[[3, 4, 6, 9, 1]]
[[10, 12, 6, 8, 12]]
[[4, 7, 10, 13, 7]]
[[14, 16, 9, 10, 12]]
[[1, 2, 3, 4, 7]]
[[6, 7, 8, 9, 7], [6, 7, 10, 12, 7]]
[[1, 3, 4, 7, 7]]
[[4, 8, 10, 12, 7]]
[[1, 7, 8, 9, 7]]
[[1, 5, 9, 11, 7], [13, 14, 15, 18, 7]]
[[6, 10, 11, 14, 12]]
[[1, 4, 5, 7, 7], [1, 4, 10, 11, 7]]
[[3, 6, 7, 8, 20]]
[[1, 2, 5, 7, 7]]
[[1, 2, 5, 8, 7], [1, 2, 10, 14, 7]]
[[5, 6, 7, 10, 7]]
[[3, 5, 9, 11, 7], [3, 5, 13, 16, 7]]
[[1, 2, 0, 0, 7], [1, 2, 20, 21, 7], [3, 4, 0, 0, 7], [3, 4, 20, 21, 7]]
[[1, 2, 3, 4, 7], [1, 2, 12, 14, 7]]
[[1, 4, 5, 6, 12], [1, 4, 9, 10, 12]]
[[1, 3, 4, 7, 7]]
[[1, 5, 7, 11, 7]]
[[1, 6, 13, 16, 7]]
[[1, 6, 11, 12, 7], [8, 9, 11, 12, 7]]
[[1, 2, 6, 9, 7], [14, 15, 18, 19, 7], [14, 15, 16, 19, 7]]
[[1, 2, 3, 6, 7], [8, 9, 10, 11, 7]]
[[3, 3, 4, 6, 7]]
[[1, 4, 7, 10, 7]]
[[1, 4, 8, 11, 7]]
[[3, 8, 11, 15, 0]]
[[1, 3, 6, 8, 7]]
[[3, 4, 5, 8, 7]]
[[1, 4, 0, 0, 7]]
[[1, 3, 6, 7, 7], [11, 12, 15, 18, 1]]
[[1, 5, 7, 9, 7]]
[[1, 5, 9, 11, 8]]
[[4, 5, 6, 8, 7]]
[[6, 7, 3, 4, 7]]
[[1, 2, 3, 5, 7]]
[[3, 6, 7, 8, 7]]
[[1, 3, 4, 6, 7]]
[[1, 8, 10, 10, 12], [1, 6, 14, 15, 12]]
[[7, 12, 1, 3, 7]]
[[1, 3, 4, 5, 8]]
[[5, 7, 8, 10, 7]]
[[1, 2, 6, 7, 7]]
[[4, 11, 12, 13, 12], [9, 11, 12, 13, 7], [1, 2, 15, 17, 13]]
[[9, 10, 4, 7, 7], [9, 10, 12, 16, 7]]
[[1, 6, 7, 8, 7]]
[[3, 6, 7, 11, 12]]
[[1, 6, 13, 18, 7], [8, 10, 13, 18, 7]]
[[12, 15, 16, 17, 8]]
[[2, 8, 9, 14, 6]]
[[1, 5, 12, 14, 0]]
[[1, 3, 5, 7, 20]]
[[4, 5, 6, 7, 7]]
[[1, 3, 4, 5, 7]]
[[3, 4, 5, 8, 4]]
[[1, 4, 7, 8, 7]]
[[1, 4, 5, 6, 7]]
[[1, 2, 3, 4, 7]]
[[1, 9, 11, 12, 7]]
[[3, 4, 5, 9, 25]]
[[1, 2, 3, 4, 7]]
[[8, 8, 10, 12, 7]]
[[1, 5, 9, 11, 7]]
[[1, 4, 11, 12, 7]]
[[4, 6, 8, 10, 7]]
[[1, 2, 3, 5, 7]]
[[8, 11, 4, 5, 6]]
[[1, 5, 6, 7, 7], [1, 5, 8, 10, 7]]
[[1, 5, 6, 7, 7]]
[[1, 4, 5, 6, 8]]
[[4, 5, 9, 11, 15]]
[[1, 7, 10, 16, 7]]
[[3, 6, 7, 10, 7], [3, 6, 15, 18, 7]]
[[1, 4, 6, 7, 8]]
[[9, 14, 4, 6, 7], [9, 14, 24, 25, 7], [27, 29, 24, 25, 7]]
[[1, 3, 4, 5, 7]]
[[7, 7, 8, 9, 8], [11, 12, 13, 14, 7], [1, 3, 8, 9, 8]]
[[4, 7, 9, 12, 20]]
[[1, 3, 4, 9, 7]]
[[1, 2, 5, 6, 7]]
[[1, 2, 4, 5, 15]]
[[1, 2, 3, 5, 7]]
[[1, 8, 9, 10, 7]]
[[7, 8, 3, 4, 7]]
[[6, 8, 9, 12, 7]]
[[4, 5, 9, 13, 7]]
[[6, 9, 10, 13, 20]]
[[5, 6, 11, 14, 7]]
[[1, 4, 10, 13, 7], [8, 9, 10, 13, 7]]
[[4, 8, 9, 10, 7]]
[[1, 6, 9, 10, 7]]
[[1, 4, 5, 7, 7]]
[[1, 4, 5, 7, 15]]
[]
[[1, 5, 6, 14, 12]]
[[1, 4, 5, 6, 7], [1, 4, 8, 10, 7]]
[[1, 2, 3, 5, 7]]
[[1, 2, 4, 8, 7]]
[[1, 6, 7, 8, 7]]
[[1, 2, 6, 7, 7], [1, 2, 9, 10, 8]]
[[1, 2, 3, 5, 20], [10, 11, 3, 5, 7]]
[[1, 4, 6, 9, 8]]
[[1, 2, 3, 6, 7]]
[[1, 3, 4, 7, 6]]
[[1, 3, 4, 5, 7], [7, 8, 9, 10, 8]]
[[1, 4, 5, 10, 7]]
[[1, 5, 6, 7, 7]]
[[6, 8, 19, 21, 7], [10, 12, 19, 21, 7], [14, 17, 19, 21, 7]]
[[6, 9, 10, 13, 7]]
[[1, 4, 5, 6, 8], [1, 4, 8, 10, 8]]
[[1, 4, 5, 8, 7]]
[[1, 4, 8, 10, 7]]
[[1, 4, 11, 13, 7], [6, 7, 11, 13, 7]]
[[1, 2, 3, 5, 7]]
[[1, 3, 9, 12, 7], [5, 6, 9, 12, 7]]
[[1, 3, 4, 5, 7]]
[[4, 5, 6, 7, 7], [9, 10, 11, 12, 7]]
[[1, 2, 5, 6, 7]]
[[1, 6, 7, 9, 8]]
[[1, 2, 3, 4, 7]]
[[1, 4, 5, 5, 20], [7, 10, 11, 12, 20]]
[[1, 4, 5, 6, 7]]
[[1, 2, 3, 5, 7]]
[[6, 7, 12, 13, 1]]
[[1, 2, 7, 8, 7]]
[[1, 2, 11, 14, 7]]
[[6, 8, 10, 11, 7]]
[[3, 4, 7, 8, 7], [14, 15, 16, 19, 7], [21, 22, 16, 19, 7], [21, 22, 23, 24, 7]]
[[1, 1, 4, 5, 7]]
[[1, 2, 3, 4, 15], [8, 9, 10, 11, 4]]
[[1, 6, 8, 9, 7]]
[[6, 7, 1, 2, 7], [6, 7, 3, 4, 7]]
[[1, 2, 7, 10, 8]]
[[6, 7, 1, 3, 7]]
[[1, 4, 5, 7, 7]]
[[1, 4, 8, 10, 7], [5, 6, 8, 10, 7]]
[[10, 13, 14, 17, 8]]
[[1, 2, 3, 8, 7]]
[[6, 7, 9, 10, 1]]
[[1, 3, 6, 7, 7], [1, 3, 9, 14, 7]]
[[3, 6, 1, 2, 7], [3, 6, 15, 17, 7], [3, 6, 18, 21, 7], [3, 6, 23, 27, 7], [11, 12, 8, 9, 7], [11, 12, 15, 17, 7]]
[[1, 2, 3, 6, 7]]
[[1, 2, 3, 9, 7], [1, 2, 16, 18, 7], [12, 15, 3, 9, 7], [12, 15, 16, 18, 7]]
[[1, 4, 6, 8, 7]]
[[11, 12, 4, 7, 7]]
[[5, 6, 10, 14, 7]]
[]
[[9, 9, 13, 14, 7], [9, 9, 19, 21, 7]]
[[23, 24, 25, 27, 7], [1, 5, 13, 15, 7]]
[[1, 2, 23, 24, 7], [21, 22, 23, 24, 7]]
[[1, 3, 7, 12, 12]]
[[1, 7, 8, 10, 6]]
[[1, 3, 6, 9, 7]]
[[1, 6, 24, 26, 7], [16, 17, 24, 26, 7], [9, 11, 12, 13, 8]]
[[11, 11, 12, 13, 7], [3, 5, 12, 13, 7], [3, 5, 14, 16, 7]]
[[1, 2, 3, 4, 8], [5, 9, 10, 11, 8], [13, 14, 22, 23, 8]]
[[6, 9, 1, 4, 7], [6, 9, 17, 18, 7]]
[[8, 10, 3, 6, 15]]
[[1, 4, 5, 6, 7]]
[[16, 17, 19, 21, 7]]
[[1, 2, 3, 4, 7]]
[[1, 2, 7, 10, 1]]
[[1, 4, 5, 6, 12], [1, 4, 7, 9, 12], [1, 4, 28, 29, 12]]
[[0, 0, 13, 16, 0]]
[[1, 3, 4, 6, 7]]
[[3, 4, 8, 9, 8], [11, 12, 8, 9, 8]]
[[1, 3, 8, 10, 7], [4, 6, 8, 10, 7]]
[[1, 2, 4, 6, 7]]
[[14, 16, 3, 6, 7], [14, 16, 11, 12, 7]]
[[13, 13, 18, 21, 7]]
[[3, 4, 5, 6, 7]]
[[6, 7, 14, 15, 7], [6, 7, 24, 25, 8], [22, 23, 24, 25, 8], [26, 27, 28, 30, 7]]
[[1, 2, 3, 7, 7]]
[[1, 2, 3, 4, 7]]
[[1, 4, 5, 6, 7]]
[[1, 4, 5, 7, 7], [1, 4, 14, 15, 8], [9, 10, 14, 15, 8], [12, 12, 14, 15, 8]]
[[1, 2, 3, 5, 15], [1, 2, 9, 11, 15]]
[[1, 2, 3, 6, 15]]
[[4, 5, 6, 7, 7]]
[[1, 2, 3, 4, 7]]
[[4, 5, 8, 10, 7], [2, 5, 8, 10, 7]]
[[1, 2, 3, 5, 7]]
[[1, 5, 6, 7, 7], [1, 5, 8, 10, 7]]
[[1, 5, 6, 7, 7]]
[[6, 9, 12, 14, 8]]
[[5, 7, 1, 3, 7]]
[[1, 2, 3, 4, 7]]
[[1, 4, 5, 6, 6]]
[[1, 4, 9, 11, 7], [6, 7, 9, 11, 7]]
[[1, 8, 10, 14, 8]]
[[1, 4, 5, 6, 7]]
[[1, 4, 5, 6, 7], [9, 11, 12, 15, 8]]
[[1, 8, 9, 10, 7], [12, 13, 14, 17, 7]]
[[1, 2, 3, 4, 7], [1, 2, 5, 7, 7]]
[[6, 11, 1, 4, 7]]
[[19, 20, 15, 16, 7]]
[[1, 3, 5, 6, 12]]
[[1, 2, 9, 11, 7], [4, 5, 9, 11, 7]]
[[1, 2, 3, 5, 7]]
[[1, 2, 7, 10, 7]]
[[1, 2, 6, 7, 7], [1, 2, 13, 15, 7], [1, 2, 11, 12, 6], [9, 10, 11, 12, 6]]
[[1, 4, 5, 6, 8]]
[[1, 6, 7, 8, 7], [1, 6, 14, 15, 7], [1, 6, 26, 28, 7], [10, 13, 14, 15, 7], [17, 18, 20, 23, 7]]
[[1, 2, 3, 4, 7], [1, 2, 9, 10, 7], [6, 8, 3, 4, 7], [6, 8, 9, 10, 7]]
[[1, 6, 8, 12, 7]]
[[9, 12, 1, 3, 7], [14, 15, 1, 3, 7]]
[[1, 4, 5, 8, 7]]
[[16, 17, 12, 14, 0]]
[[1, 4, 10, 11, 7]]
[[6, 7, 10, 11, 7]]
[[1, 2, 5, 6, 7], [1, 2, 8, 9, 7]]
[[3, 6, 8, 10, 7]]
[[2, 3, 6, 7, 7]]
[[1, 4, 5, 8, 7]]
[[4, 8, 11, 13, 8]]
[[7, 9, 3, 4, 7]]
[[1, 5, 6, 8, 7]]
[[0, 0, 9, 10, 7], [5, 8, 0, 0, 7], [5, 8, 9, 10, 7]]
[[1, 4, 5, 8, 20]]
[[1, 3, 4, 6, 7]]
[[1, 2, 10, 11, 7], [1, 2, 13, 18, 7]]
[[1, 2, 3, 8, 7]]
[[1, 2, 0, 0, 7], [1, 2, 3, 5, 8], [1, 2, 10, 11, 7], [7, 7, 0, 0, 7], [7, 7, 10, 11, 8]]
[[1, 2, 4, 5, 15]]
[[1, 2, 7, 8, 7], [1, 2, 10, 12, 7]]
[[1, 2, 6, 8, 8], [11, 12, 13, 14, 8]]
[[7, 9, 10, 13, 7], [7, 9, 15, 17, 7]]
[[2, 3, 5, 8, 7]]
[[1, 3, 4, 5, 8]]
[[1, 2, 3, 4, 7]]
[[1, 4, 5, 8, 7], [1, 4, 7, 8, 7]]
[[1, 2, 3, 6, 25]]
[[1, 2, 3, 4, 7], [1, 2, 10, 12, 7], [5, 8, 10, 12, 7]]
[[3, 5, 7, 9, 7]]
[[1, 3, 5, 8, 7]]
[[16, 17, 20, 23, 7], [16, 17, 27, 30, 7]]
[[4, 5, 7, 8, 8]]
[[1, 2, 3, 5, 7]]
[[1, 3, 4, 6, 7]]
[[1, 3, 12, 14, 7]]
[[7, 11, 12, 14, 7]]
[[5, 6, 7, 8, 6]]
[[15, 16, 17, 20, 7]]
[[3, 6, 7, 9, 8]]
[[1, 4, 11, 14, 7]]
[[1, 3, 4, 5, 7]]
[[6, 7, 8, 9, 1], [14, 15, 17, 20, 8]]
[[1, 5, 6, 9, 8]]
[[1, 2, 3, 5, 7], [1, 2, 11, 13, 7], [6, 8, 9, 10, 7], [6, 8, 11, 13, 7]]
[[1, 4, 0, 0, 7], [1, 4, 7, 8, 7], [11, 12, 0, 0, 7], [11, 12, 15, 16, 7], [1, 6, 7, 8, 7]]
[[26, 27, 31, 33, 7], [28, 29, 31, 33, 7], [4, 5, 9, 11, 7], [4, 5, 15, 17, 8], [26, 29, 31, 33, 7]]
[[5, 6, 9, 9, 7], [11, 17, 18, 19, 6]]
[[3, 6, 9, 12, 15]]
[[1, 2, 5, 8, 7], [1, 2, 11, 12, 7], [1, 2, 14, 16, 7], [9, 10, 11, 12, 7]]
[[4, 5, 6, 7, 8], [4, 5, 8, 10, 8]]
[[0, 0, 15, 16, 7], [19, 20, 15, 16, 7]]
[[1, 2, 3, 4, 7]]
[[1, 4, 7, 7, 8]]
[[1, 3, 4, 5, 7]]
[[15, 17, 12, 13, 7]]
[[5, 6, 7, 10, 20]]
[[3, 4, 5, 8, 8]]
[[1, 1, 5, 10, 7]]
[[4, 5, 8, 9, 4]]
[[1, 4, 5, 6, 20], [7, 10, 5, 6, 7], [7, 10, 11, 12, 7]]
[[1, 2, 3, 4, 7]]
[[6, 7, 1, 3, 7]]
[[1, 4, 10, 12, 20]]
[[1, 4, 8, 9, 7], [6, 7, 8, 9, 7]]
[[33, 33, 34, 36, 7], [1, 5, 26, 28, 7], [1, 5, 34, 36, 7]]
[[1, 3, 4, 11, 7]]
[[3, 3, 4, 6, 7]]
[[1, 2, 5, 7, 25]]
[[1, 1, 2, 4, 7], [15, 16, 17, 20, 7]]
[[1, 7, 11, 14, 7]]
[[1, 2, 6, 10, 7], [1, 2, 15, 16, 7], [1, 2, 20, 21, 7], [12, 14, 15, 16, 7]]
[[12, 14, 1, 4, 7]]
[[1, 5, 6, 7, 7], [1, 5, 9, 12, 7]]
[[7, 9, 11, 12, 25]]
[[6, 9, 3, 4, 6]]
[[1, 3, 14, 17, 7]]
[[1, 2, 3, 6, 7]]
[[1, 4, 5, 8, 6]]
[[4, 5, 6, 8, 8]]
[[3, 4, 9, 11, 7]]
[[1, 2, 0, 0, 7], [1, 2, 4, 5, 7]]
[[1, 2, 3, 4, 12], [1, 2, 8, 11, 12], [1, 2, 17, 18, 8], [15, 16, 17, 18, 8]]
[[6, 7, 17, 19, 8], [15, 16, 17, 19, 8]]
[[1, 2, 4, 6, 7]]
[[6, 9, 10, 12, 7]]
[[0, 0, 9, 11, 7], [0, 0, 13, 16, 6], [0, 0, 20, 23, 7]]
[[1, 2, 4, 4, 7]]
[[1, 3, 11, 13, 7], [8, 9, 11, 13, 7]]
[[1, 4, 5, 6, 7], [1, 4, 7, 8, 7]]
[[6, 7, 8, 11, 15]]
[[1, 4, 7, 8, 7], [1, 4, 12, 14, 7]]
[[8, 9, 10, 12, 25]]
[[1, 2, 3, 6, 7]]
[[4, 5, 10, 13, 7], [7, 8, 10, 13, 7]]
[[1, 4, 5, 8, 12], [1, 4, 9, 11, 12], [1, 4, 21, 23, 12], [18, 20, 21, 23, 7]]
[[1, 6, 12, 15, 8]]
[[1, 2, 5, 7, 7], [1, 2, 11, 14, 7]]
[[3, 8, 12, 13, 20]]
[[4, 5, 6, 8, 8]]
[[1, 3, 4, 6, 7], [1, 3, 9, 11, 7]]
[[5, 7, 14, 15, 7]]
[[1, 5, 29, 32, 7]]
[[4, 5, 6, 9, 7]]
[[1, 2, 5, 7, 6], [8, 9, 5, 7, 8], [8, 9, 10, 10, 8], [12, 13, 14, 15, 8]]
[[1, 6, 7, 8, 7]]
[[1, 4, 5, 6, 7]]
[[5, 6, 7, 11, 8]]
[[5, 6, 7, 8, 7]]
[[1, 5, 8, 11, 7]]
[[1, 4, 7, 11, 7], [1, 4, 5, 11, 7]]
[[1, 3, 7, 8, 7]]
[[1, 2, 3, 4, 7]]
[[1, 5, 9, 13, 7]]
[[9, 10, 4, 7, 6]]
[[4, 7, 8, 9, 8]]
[[1, 2, 3, 4, 7], [6, 7, 8, 8, 8]]
[[1, 6, 27, 29, 6]]
[[0, 0, 12, 15, 0], [4, 8, 0, 0, 7], [4, 8, 12, 15, 7]]
[[1, 3, 4, 7, 7]]
[[1, 4, 5, 6, 7]]
[[1, 2, 3, 4, 4], [1, 2, 5, 9, 4]]
[[1, 4, 5, 6, 7]]
[[1, 6, 0, 0, 8], [1, 6, 9, 10, 8]]
[[1, 5, 7, 8, 7]]
[[11, 14, 3, 5, 7], [11, 14, 17, 19, 7]]
[[4, 6, 7, 8, 7]]
[[1, 4, 8, 9, 7], [1, 4, 17, 20, 7]]
[[1, 4, 5, 6, 7]]
[[15, 16, 10, 11, 0]]
[[1, 9, 10, 13, 7]]
[[4, 7, 2, 3, 7]]
[[6, 7, 8, 9, 7]]
[[4, 5, 7, 9, 7]]
[[3, 6, 7, 7, 7]]
[[1, 5, 6, 7, 7]]
[[2, 7, 8, 9, 20], [11, 12, 8, 9, 20], [11, 12, 14, 16, 20]]
[[2, 3, 6, 7, 7], [4, 5, 6, 7, 7]]
[[1, 4, 8, 12, 7]]
[[1, 2, 3, 4, 7]]
[[1, 2, 3, 5, 7], [1, 2, 8, 9, 8], [1, 2, 10, 12, 7]]
[[1, 4, 5, 8, 7]]
[[1, 2, 3, 5, 7], [1, 2, 8, 9, 7]]
[[1, 2, 3, 5, 8]]
[[1, 4, 8, 11, 7]]
[[1, 2, 5, 6, 7], [1, 2, 8, 11, 7]]
[[8, 9, 5, 6, 7]]
[[4, 6, 17, 19, 7]]
[[10, 11, 14, 15, 8], [10, 11, 24, 25, 8], [19, 21, 22, 25, 7], [19, 21, 24, 25, 8]]
[[1, 2, 3, 9, 7]]
[[10, 13, 6, 9, 7]]
[[11, 14, 15, 19, 7]]
[[1, 2, 8, 10, 7]]
[[2, 3, 4, 5, 7], [7, 8, 9, 13, 7]]
[[1, 2, 10, 12, 7], [7, 9, 10, 12, 7]]
[[1, 2, 5, 7, 7], [1, 2, 19, 22, 7]]
[[1, 5, 6, 9, 7]]
[[1, 3, 4, 5, 7]]
[[2, 2, 6, 9, 7]]
[[8, 10, 3, 4, 7]]
[[1, 2, 3, 5, 7]]
[[4, 10, 15, 18, 7]]
[[7, 8, 15, 19, 6]]
[[1, 2, 8, 12, 7]]
[[1, 4, 13, 18, 7], [7, 8, 13, 18, 7]]
[[11, 12, 6, 9, 7]]
[[1, 5, 9, 11, 20], [1, 5, 22, 25, 20]]
[[3, 6, 9, 10, 7]]
[[1, 8, 9, 10, 7], [1, 5, 9, 10, 7]]
[[1, 4, 10, 11, 7]]
[[1, 4, 5, 6, 7]]
[[1, 3, 9, 13, 7]]
[]
[[5, 6, 14, 15, 12], [5, 6, 23, 25, 12]]
[[4, 6, 1, 3, 7], [4, 6, 9, 10, 7]]
[[1, 5, 11, 12, 7], [7, 9, 11, 12, 7]]
[[7, 9, 1, 5, 7]]
[[1, 2, 4, 6, 7]]
[[1, 6, 0, 0, 7], [1, 6, 9, 13, 7]]
[[1, 2, 4, 7, 7]]
[[7, 9, 4, 6, 7], [7, 9, 21, 25, 7], [13, 14, 15, 16, 7]]
[[1, 3, 4, 10, 7], [12, 13, 14, 15, 6]]
[[1, 2, 3, 6, 7]]
[[1, 3, 4, 7, 7], [1, 3, 11, 12, 7], [1, 3, 13, 15, 7], [9, 10, 11, 12, 7]]
[[1, 4, 7, 9, 8], [1, 4, 14, 16, 7], [12, 12, 14, 16, 8]]
[[1, 4, 7, 8, 7], [1, 4, 14, 19, 7], [1, 4, 24, 26, 7], [10, 12, 14, 19, 7]]
[[1, 3, 4, 6, 7], [1, 3, 12, 13, 7]]
[[3, 4, 5, 6, 7]]
[[1, 6, 9, 10, 7]]
[[8, 9, 11, 13, 7]]
[[1, 2, 3, 5, 15], [10, 11, 12, 14, 1]]
[[3, 5, 6, 8, 12]]
[[4, 7, 25, 28, 12]]
[[6, 7, 1, 4, 7]]
[[1, 6, 7, 10, 12]]
[[1, 2, 3, 4, 7], [1, 2, 5, 7, 7]]
[[3, 6, 8, 10, 15]]
[[4, 5, 6, 9, 7]]
[[1, 4, 10, 11, 7], [8, 9, 10, 11, 7]]
[[1, 2, 3, 6, 7]]
[[1, 5, 6, 9, 7]]
[[3, 4, 14, 17, 7]]
[[1, 2, 3, 6, 7]]
[[1, 5, 6, 9, 7]]
[[1, 2, 3, 4, 7]]
[[1, 4, 5, 7, 7]]
[[2, 3, 4, 7, 7]]
[[1, 7, 11, 13, 7]]
[[1, 4, 5, 7, 7]]
[[4, 5, 7, 9, 8]]
[[1, 3, 4, 5, 7], [1, 3, 6, 8, 7]]
[[5, 8, 2, 3, 7]]
[[1, 2, 4, 5, 8]]
[]
[[1, 4, 5, 6, 8]]
[[7, 8, 12, 17, 7], [7, 8, 19, 20, 7]]
[[3, 7, 8, 13, 7], [14, 15, 16, 17, 7]]
[[1, 2, 3, 4, 7]]
[[1, 7, 8, 10, 7]]
[[1, 6, 7, 10, 7]]
[[3, 4, 9, 10, 15]]
[[1, 4, 5, 6, 7]]
[[4, 6, 7, 9, 7]]
[[1, 2, 3, 6, 7], [1, 2, 7, 8, 7]]
[[1, 3, 6, 9, 8], [1, 3, 11, 14, 7], [15, 16, 17, 18, 7]]
[[3, 6, 7, 10, 7]]
[[0, 0, 13, 17, 1]]
[[1, 2, 8, 10, 7]]
[[11, 14, 9, 10, 7], [4, 5, 6, 7, 8]]
[[3, 4, 5, 9, 0]]
[[1, 3, 4, 10, 7]]
[[1, 2, 3, 7, 7]]
[[1, 2, 3, 5, 8], [1, 2, 3, 6, 8], [1, 2, 9, 9, 8], [7, 8, 3, 9, 8]]
[[5, 8, 0, 0, 7], [5, 8, 12, 14, 7], [16, 17, 0, 0, 7]]
[[1, 2, 5, 7, 7], [15, 16, 5, 7, 0]]
[[1, 2, 3, 4, 7]]
[[1, 2, 3, 4, 7]]
[[3, 5, 7, 8, 7], [3, 5, 12, 13, 7]]
[[1, 3, 4, 7, 7], [1, 3, 8, 9, 7]]
[[1, 4, 5, 6, 15]]
[[1, 4, 5, 11, 7], [1, 4, 8, 11, 7]]
[[1, 4, 5, 6, 8]]
[[1, 4, 5, 6, 7]]
[[1, 9, 10, 11, 7]]
[[1, 4, 6, 9, 7]]
[[1, 5, 6, 8, 7]]
[[1, 6, 8, 11, 7]]
[[1, 2, 3, 4, 7]]
[[1, 5, 16, 17, 7], [7, 10, 16, 17, 7]]
[[1, 2, 4, 7, 20]]
[[1, 2, 7, 10, 6]]
[[10, 11, 13, 16, 7]]
[[7, 8, 9, 10, 7], [19, 20, 21, 22, 7], [1, 4, 5, 6, 7]]
[[3, 4, 5, 7, 15]]
[[1, 4, 5, 6, 7]]
[[5, 6, 1, 3, 7]]
[[1, 2, 3, 4, 7]]
[[1, 3, 0, 0, 7], [1, 3, 6, 8, 7]]
[[1, 2, 3, 4, 15], [1, 2, 5, 6, 15], [7, 9, 11, 12, 20]]
[[1, 3, 10, 12, 7]]
[[1, 4, 5, 7, 7], [9, 12, 5, 7, 7], [17, 20, 21, 22, 7]]
[[3, 3, 4, 5, 7]]
[[1, 4, 5, 6, 7]]
[[1, 2, 4, 5, 7]]
[[1, 5, 6, 14, 0], [1, 5, 11, 14, 0]]
[[1, 2, 7, 9, 7]]
[[1, 4, 9, 11, 7], [5, 8, 9, 11, 7], [21, 22, 26, 28, 7]]
[[1, 2, 4, 7, 7]]
[[1, 4, 8, 11, 7]]
[[1, 2, 5, 8, 7]]
[[7, 8, 4, 5, 7], [7, 8, 15, 16, 7], [7, 8, 10, 11, 7], [12, 13, 10, 11, 7], [12, 13, 15, 16, 7]]
[[1, 2, 3, 9, 7]]
[[1, 1, 2, 6, 7], [1, 1, 14, 17, 7], [1, 1, 9, 10, 7]]
[[1, 4, 6, 7, 7]]
[[4, 5, 1, 3, 7]]
[[27, 28, 24, 25, 8]]
[[1, 5, 8, 11, 7], [1, 5, 17, 19, 7]]
[[1, 2, 3, 5, 7], [1, 2, 9, 10, 7], [1, 2, 14, 16, 7], [7, 8, 9, 10, 7], [12, 13, 14, 16, 7]]
[[1, 7, 8, 9, 7]]
[[1, 5, 6, 7, 7]]
[[1, 3, 14, 17, 7]]
[[4, 5, 6, 7, 7]]
[[1, 5, 7, 9, 7]]
[]
[[6, 9, 10, 23, 7], [6, 9, 20, 23, 7]]
[[1, 3, 4, 6, 7], [1, 3, 8, 9, 7], [1, 3, 13, 14, 7], [11, 12, 13, 14, 7]]
[[1, 3, 4, 7, 7], [1, 3, 8, 11, 7], [13, 14, 16, 17, 7]]
[[1, 5, 6, 9, 7]]
[[1, 3, 9, 12, 7], [5, 8, 9, 12, 7]]
[[1, 3, 9, 10, 6]]
[[6, 7, 1, 4, 7], [6, 7, 10, 13, 7]]
[[1, 6, 7, 10, 8], [13, 14, 16, 18, 7]]
[[1, 2, 4, 6, 7], [1, 2, 7, 10, 7]]
[[9, 10, 3, 6, 7], [9, 10, 15, 16, 7]]
[[1, 3, 4, 5, 7], [1, 3, 6, 8, 7]]
[[1, 2, 3, 4, 7]]
[[3, 4, 5, 6, 7]]
[[1, 2, 3, 6, 7]]
[[1, 4, 8, 10, 7], [1, 4, 20, 22, 7]]
[[4, 5, 7, 10, 15]]
[[1, 2, 3, 5, 7], [1, 2, 6, 9, 7], [1, 2, 11, 14, 7], [1, 2, 21, 22, 7], [19, 20, 21, 22, 7]]
[[1, 2, 3, 5, 8]]
[[0, 0, 3, 5, 0], [1, 2, 0, 0, 7], [1, 2, 3, 5, 7], [11, 12, 0, 0, 8], [11, 12, 13, 14, 8]]
[[1, 2, 6, 8, 7], [1, 2, 3, 8, 7], [1, 2, 20, 21, 7], [14, 18, 20, 21, 7]]
[[1, 4, 5, 6, 7]]
[[1, 1, 2, 3, 7]]
[[7, 11, 14, 15, 7]]
[[1, 2, 4, 5, 7]]
[[5, 5, 9, 11, 7]]
[[3, 4, 5, 6, 7]]
[[1, 2, 7, 8, 8], [1, 2, 18, 20, 8], [14, 15, 18, 20, 20], [11, 15, 18, 20, 20]]
[[2, 3, 6, 9, 7]]
[[6, 9, 1, 3, 7], [11, 15, 1, 3, 7]]
[[3, 4, 5, 7, 7]]
[[1, 5, 6, 8, 7]]
[[3, 5, 11, 15, 7]]
[[1, 7, 8, 10, 7]]
[[4, 8, 1, 2, 7]]
[[1, 2, 6, 9, 7], [13, 14, 15, 18, 7]]
[[1, 2, 8, 9, 7], [1, 2, 16, 18, 8], [14, 15, 16, 18, 8]]
[[1, 4, 6, 8, 7]]
[[1, 2, 3, 6, 7]]
[[0, 0, 9, 10, 1], [0, 0, 42, 44, 7], [4, 7, 9, 10, 1], [18, 19, 0, 0, 12], [18, 19, 42, 44, 12], [18, 19, 23, 26, 12], [39, 40, 42, 44, 12]]
[[3, 4, 5, 7, 6], [3, 4, 13, 15, 6]]
[[1, 4, 12, 14, 7]]
[[1, 3, 4, 6, 7]]
[[5, 6, 8, 9, 7]]
[[1, 4, 6, 8, 7]]
[[1, 2, 3, 4, 7]]
[[3, 6, 9, 11, 7]]
[[2, 6, 7, 8, 8]]
[[5, 9, 10, 11, 7]]
[[2, 3, 4, 10, 7], [2, 3, 7, 10, 7]]
[]
[[2, 5, 6, 7, 4], [8, 9, 6, 7, 4], [8, 9, 11, 15, 4], [4, 5, 6, 7, 4]]
[[3, 6, 7, 10, 4]]
[[1, 2, 0, 0, 7], [1, 2, 4, 6, 7]]
[[3, 5, 6, 8, 7]]
[[1, 6, 7, 8, 7]]
[[6, 10, 1, 5, 7]]
[[6, 9, 15, 17, 7]]
[[3, 5, 6, 10, 6]]
[[1, 2, 3, 6, 15]]
[[1, 2, 3, 7, 7]]
[[1, 2, 6, 9, 7], [1, 2, 16, 19, 7], [1, 2, 11, 14, 7]]
[[1, 2, 5, 8, 7]]
[[4, 5, 1, 2, 7]]
[[1, 5, 6, 9, 8]]
[[1, 2, 3, 4, 7]]
[[5, 10, 11, 15, 7]]
[[1, 3, 0, 0, 7], [1, 3, 7, 11, 7]]
[[0, 0, 1, 6, 7]]
[[8, 9, 3, 6, 7]]
[[17, 18, 25, 29, 7]]
[[1, 5, 7, 10, 7]]
[[3, 4, 5, 6, 7], [3, 4, 7, 10, 7]]
[[4, 7, 14, 15, 7], [4, 7, 23, 25, 7], [17, 19, 14, 15, 7]]
[[2, 3, 7, 11, 1]]
[[1, 2, 3, 3, 20], [5, 6, 7, 9, 7]]
[[1, 3, 4, 5, 7]]
[[1, 4, 5, 6, 7], [1, 4, 7, 10, 7]]
[[30, 31, 32, 36, 7]]
[[1, 4, 5, 6, 7], [1, 4, 10, 13, 7]]
[[5, 6, 9, 10, 1]]
[[1, 3, 7, 10, 7]]
[[1, 5, 6, 7, 7]]
[[1, 3, 8, 12, 7]]
[[14, 18, 3, 4, 7]]
[[1, 4, 5, 7, 7]]
[[3, 10, 11, 12, 25], [3, 10, 14, 17, 15]]
[[9, 14, 15, 16, 8]]
[[1, 4, 5, 8, 7]]
[[5, 6, 10, 13, 7]]
[[1, 4, 7, 8, 7]]
[[1, 2, 3, 6, 15]]
[]
[[1, 5, 6, 7, 7]]
[[1, 2, 8, 12, 7]]
[[10, 11, 12, 17, 0]]
[[1, 2, 0, 0, 7]]
[[1, 2, 3, 5, 15]]
[[4, 6, 7, 9, 7]]
[[1, 5, 8, 10, 7]]
[]
[[2, 3, 4, 7, 7]]
[[1, 2, 6, 7, 7], [1, 2, 12, 15, 7]]
[[12, 15, 18, 20, 8]]
[[1, 2, 3, 6, 7], [1, 2, 8, 9, 7], [1, 2, 13, 14, 7], [1, 2, 23, 26, 7], [10, 11, 13, 14, 7]]
[[1, 2, 8, 9, 7], [3, 4, 8, 9, 7], [5, 6, 8, 9, 7]]
[[1, 2, 4, 6, 7], [7, 8, 10, 10, 8], [1, 8, 10, 10, 8]]
[[1, 6, 7, 10, 7]]
[[1, 2, 14, 16, 7], [1, 5, 20, 21, 7]]
[[1, 3, 4, 5, 7]]
[[1, 2, 3, 4, 7]]
[[1, 2, 3, 5, 7]]
[[14, 15, 16, 17, 6]]
[[1, 2, 3, 6, 7]]
[[1, 3, 8, 13, 7]]
[[1, 7, 8, 9, 7]]
[[1, 4, 5, 8, 7]]
[]
[[1, 2, 3, 4, 7], [7, 7, 8, 9, 7]]
[[5, 6, 7, 9, 7]]
[[1, 2, 12, 13, 7], [1, 2, 15, 16, 7]]
[[3, 6, 7, 11, 6], [3, 6, 9, 11, 6]]
[[8, 9, 3, 6, 7]]
[[10, 12, 13, 16, 7]]
[[5, 8, 1, 2, 7]]
[[1, 2, 3, 4, 7]]
[[1, 2, 3, 5, 7]]
[[3, 6, 7, 8, 15]]
[[1, 2, 3, 4, 7]]
[[1, 4, 5, 6, 7]]
[[3, 6, 7, 10, 15]]
[[10, 11, 15, 18, 7]]
[[1, 4, 5, 6, 7]]
[[1, 2, 8, 9, 7]]
[[5, 7, 8, 12, 7], [5, 7, 15, 16, 7], [5, 7, 18, 21, 7]]
[[1, 2, 15, 19, 20], [8, 9, 15, 19, 4]]
[[4, 15, 2, 3, 7]]
[[16, 17, 19, 22, 1]]
[[5, 6, 8, 10, 7]]
[[0, 0, 7, 12, 7]]
[[6, 8, 12, 13, 7], [4, 8, 12, 13, 7]]
[]
[[3, 6, 8, 9, 7]]
[[1, 2, 3, 4, 7]]
[[20, 21, 22, 24, 7]]
[[1, 4, 5, 8, 7]]
[[5, 9, 11, 13, 7]]
[[1, 2, 15, 17, 6]]
[[3, 7, 8, 9, 15]]
[[5, 6, 11, 14, 7], [5, 6, 16, 20, 7]]
[[5, 5, 6, 8, 7], [5, 5, 12, 13, 7], [10, 11, 12, 13, 20]]
[[1, 2, 3, 4, 7], [6, 7, 3, 4, 7]]
[[1, 2, 4, 7, 20]]
[[4, 5, 8, 11, 4]]
[[10, 12, 5, 6, 7]]
[[6, 7, 8, 10, 7]]
[[1, 4, 6, 8, 7]]
[[2, 3, 7, 10, 7]]
[[1, 2, 3, 4, 15], [1, 2, 7, 9, 15], [5, 6, 7, 9, 15]]
[[1, 2, 4, 7, 7]]
[[1, 2, 3, 5, 7], [1, 2, 9, 10, 8], [1, 2, 11, 12, 8], [15, 15, 16, 16, 8]]
[[1, 2, 3, 5, 7]]
[[1, 4, 5, 6, 7], [1, 4, 8, 12, 7]]
[[1, 4, 10, 11, 7]]
[[1, 5, 7, 9, 7], [12, 13, 14, 15, 7], [17, 18, 23, 24, 7]]
[[1, 2, 3, 4, 7]]
[[24, 25, 27, 28, 7]]
[[1, 3, 11, 12, 7], [5, 6, 11, 12, 7]]
[[12, 16, 17, 18, 8]]
[[6, 10, 11, 14, 7]]
[[1, 1, 7, 9, 7]]
[[4, 6, 7, 8, 7], [9, 10, 13, 14, 7], [19, 20, 21, 22, 7]]
[[1, 4, 5, 8, 7]]
[[1, 2, 3, 4, 7], [7, 12, 13, 14, 20]]
[[7, 8, 9, 10, 7], [7, 8, 11, 13, 7]]
[[9, 10, 11, 11, 8], [13, 14, 16, 17, 20]]
[[1, 4, 5, 5, 6]]
[[1, 4, 6, 7, 7], [1, 4, 8, 11, 7]]
[[2, 4, 6, 9, 7]]
[[1, 3, 6, 8, 12]]
[[3, 4, 5, 6, 7]]
[[3, 4, 6, 10, 7]]
[[6, 7, 3, 4, 7], [9, 10, 3, 4, 7]]
[[1, 6, 7, 8, 7]]
[[1, 4, 5, 8, 7]]
[]
[[1, 4, 5, 8, 7]]
[[1, 2, 4, 5, 7]]
[[5, 9, 10, 14, 8]]
[[1, 3, 4, 5, 7], [7, 8, 10, 11, 8]]
[]
[[1, 3, 4, 7, 7]]
[[1, 4, 5, 7, 8]]
[[3, 4, 5, 7, 7]]
[[1, 3, 9, 12, 7]]
[[1, 3, 5, 6, 7]]
[[1, 8, 15, 17, 7]]
[[3, 4, 6, 11, 7], [13, 14, 6, 11, 4]]
[[0, 0, 4, 7, 7]]
[[1, 12, 13, 16, 7]]
[[1, 6, 7, 8, 7], [1, 6, 10, 13, 7]]
[[7, 10, 1, 5, 0], [23, 25, 26, 28, 7]]
[[7, 9, 13, 15, 7], [11, 11, 13, 15, 7]]
[[5, 6, 7, 8, 7]]
[[4, 6, 7, 10, 7]]
[[1, 2, 7, 9, 7], [1, 2, 23, 26, 7]]
[[1, 2, 3, 4, 7], [1, 2, 7, 8, 8]]
[[4, 5, 6, 9, 7]]
[[1, 3, 4, 6, 7], [1, 3, 8, 10, 7]]
[[6, 7, 3, 4, 7]]
[[5, 6, 7, 11, 7]]
[[4, 5, 12, 14, 6]]
[[1, 5, 6, 7, 7]]
[[1, 3, 4, 5, 7], [1, 3, 16, 18, 7], [1, 3, 8, 11, 7], [13, 15, 16, 18, 7], [13, 15, 8, 11, 7]]
[[1, 2, 3, 8, 15]]
[[1, 6, 7, 10, 12], [1, 6, 19, 20, 12], [12, 14, 19, 20, 7]]
[[1, 4, 5, 11, 20]]
[[12, 15, 16, 17, 7], [1, 5, 6, 10, 7], [1, 5, 16, 17, 7]]
[[1, 4, 5, 6, 7]]
[[21, 22, 23, 29, 7]]
[[3, 3, 4, 7, 7]]
[[9, 12, 13, 15, 7], [9, 12, 14, 15, 7]]
[[1, 3, 6, 8, 7]]
[[1, 4, 5, 6, 20]]
[[1, 3, 4, 5, 7], [1, 3, 6, 7, 7], [1, 3, 16, 18, 7]]
[[14, 17, 18, 19, 7]]
[[1, 5, 6, 9, 7]]
[[13, 13, 17, 20, 7]]
[[1, 2, 9, 12, 7]]
[[1, 6, 7, 10, 7], [1, 6, 11, 12, 7]]
[[1, 2, 3, 6, 7], [1, 2, 7, 10, 7]]
[[1, 3, 4, 5, 7]]
[[1, 4, 8, 11, 8]]
[[5, 8, 9, 10, 7]]
[[1, 2, 9, 10, 7], [4, 5, 9, 10, 7]]
[[6, 6, 9, 11, 7], [6, 6, 14, 17, 7]]
[[1, 4, 7, 9, 7]]
[[1, 1, 5, 7, 7]]
[[4, 5, 1, 3, 7], [4, 5, 7, 8, 7]]
[[11, 13, 18, 20, 7], [16, 17, 18, 20, 7]]
[[1, 4, 6, 7, 20]]
[[1, 4, 5, 7, 7]]
[[1, 3, 4, 6, 7]]
[[1, 8, 18, 22, 7]]
[[6, 12, 1, 3, 7]]
[[6, 7, 8, 9, 7], [1, 7, 8, 9, 7]]
[[1, 3, 7, 9, 12]]
[[1, 5, 9, 10, 7], [1, 5, 11, 13, 7]]
[[6, 7, 8, 10, 7], [6, 7, 1, 4, 7]]
[[1, 2, 3, 4, 7], [1, 2, 6, 9, 7]]
[[6, 12, 1, 3, 7]]
[[1, 2, 3, 5, 15]]
[[3, 6, 7, 8, 8]]
[[1, 6, 7, 10, 7]]
[[1, 2, 3, 6, 7]]
[[1, 2, 3, 6, 7]]
[[1, 6, 7, 8, 7]]
[[1, 4, 5, 9, 7]]
[[6, 11, 1, 2, 7]]
[[7, 8, 10, 11, 7]]
[[1, 5, 6, 8, 7]]
[[1, 2, 7, 8, 7]]
[[1, 3, 8, 9, 7], [1, 3, 14, 17, 7], [1, 3, 19, 22, 7]]
[[1, 2, 4, 6, 7], [1, 2, 19, 22, 7]]
[[6, 9, 10, 12, 12]]
[[4, 8, 10, 17, 7]]
[[1, 2, 5, 6, 7], [8, 9, 10, 13, 7]]
[[5, 6, 3, 4, 7], [5, 6, 10, 11, 7], [5, 6, 25, 26, 7], [8, 9, 3, 4, 7], [8, 9, 10, 11, 7], [19, 21, 25, 26, 7]]
[[1, 2, 6, 9, 7], [15, 17, 6, 9, 7], [1, 4, 6, 9, 7]]
[[1, 2, 3, 4, 7]]
[[3, 5, 9, 10, 7], [14, 15, 18, 21, 7]]
[[6, 8, 14, 16, 8], [6, 8, 20, 21, 7], [18, 19, 20, 21, 8]]
[[0, 0, 1, 4, 7], [0, 0, 6, 7, 7]]
[[1, 4, 5, 6, 7]]
[[1, 2, 3, 4, 7]]
[[1, 2, 6, 7, 8], [1, 5, 6, 7, 8]]
[[1, 3, 7, 9, 7], [5, 6, 7, 9, 7]]
[[5, 8, 9, 10, 7]]
[[1, 4, 6, 7, 7]]
[[0, 0, 9, 10, 7]]
[[9, 12, 13, 16, 7]]
[[11, 13, 5, 6, 7]]
[[3, 6, 8, 10, 20]]
[[1, 5, 6, 9, 7]]
[[1, 7, 8, 9, 7], [6, 7, 8, 9, 7]]
[[1, 4, 11, 12, 7], [1, 4, 13, 15, 7], [1, 4, 19, 21, 7], [6, 9, 11, 12, 7]]
[[7, 8, 12, 15, 8]]
[[0, 0, 1, 4, 7], [8, 9, 1, 4, 7], [8, 9, 11, 15, 8], [8, 9, 18, 20, 7], [8, 9, 26, 28, 7], [22, 23, 26, 28, 7], [22, 23, 18, 20, 7]]
[[1, 2, 3, 6, 7]]
[[3, 4, 0, 0, 7], [3, 4, 7, 8, 8], [3, 4, 13, 15, 7], [20, 21, 22, 23, 7], [3, 6, 7, 8, 8]]
[[1, 6, 7, 10, 7]]
[[1, 5, 7, 9, 7]]
[[1, 2, 10, 15, 1], [1, 2, 17, 18, 1], [1, 2, 10, 13, 1], [22, 23, 17, 18, 7]]
[[1, 5, 7, 8, 8]]
[[6, 7, 3, 4, 7]]
[[7, 12, 3, 6, 7]]
[[1, 5, 6, 8, 7]]
[[1, 6, 7, 8, 7]]
[[6, 7, 17, 18, 7], [1, 7, 8, 11, 7]]
[[3, 4, 21, 24, 7], [14, 17, 21, 24, 7]]
[[4, 5, 10, 12, 15], [7, 8, 10, 12, 7]]
[[1, 2, 3, 5, 7]]
[[3, 7, 11, 13, 7]]
[[1, 5, 6, 7, 6]]
[[4, 7, 8, 9, 12]]
[[1, 6, 10, 12, 20], [3, 6, 10, 12, 20]]
[[4, 6, 8, 10, 25]]
[[1, 2, 3, 6, 7]]
[[1, 2, 3, 4, 7]]
[[1, 5, 8, 10, 12], [1, 5, 12, 14, 12]]
[[1, 4, 5, 8, 7]]
[[1, 2, 3, 6, 7]]
[[1, 2, 11, 11, 7]]
[[3, 4, 1, 2, 7], [3, 4, 8, 9, 7], [3, 4, 10, 11, 7]]
[[1, 2, 3, 6, 7]]
[[3, 4, 5, 6, 6], [3, 4, 7, 9, 7]]
[[1, 4, 5, 6, 7], [1, 4, 7, 9, 12]]
[[3, 4, 14, 16, 7]]
[[1, 8, 9, 12, 20]]
[]
[[10, 11, 7, 8, 7]]
[[7, 8, 9, 10, 20]]
[[8, 10, 3, 6, 7]]
[[4, 6, 7, 10, 7]]
[[1, 2, 3, 5, 7]]
[[1, 1, 5, 7, 7]]
[[5, 8, 1, 2, 7]]
[[1, 2, 4, 5, 1]]
[[1, 4, 5, 7, 7]]
[[1, 2, 3, 4, 7]]
[[7, 9, 4, 5, 8]]
[[1, 5, 7, 9, 7], [1, 5, 16, 19, 7]]
[[1, 2, 5, 7, 7]]
[[13, 14, 9, 11, 7]]
[[1, 2, 3, 5, 7]]
[[1, 5, 6, 7, 7]]
[[1, 6, 0, 0, 7], [1, 6, 21, 24, 7]]
[]
[]
[[3, 4, 7, 10, 7], [3, 4, 12, 15, 7]]
[[1, 5, 7, 11, 7]]
[]
[[11, 12, 13, 16, 7]]
[[1, 2, 6, 9, 7]]
[[1, 8, 9, 10, 7]]
[[1, 2, 4, 8, 7]]
[[3, 4, 5, 8, 7]]
[[9, 10, 11, 14, 7], [15, 16, 17, 18, 7], [4, 7, 17, 18, 7]]
[]
[[1, 14, 17, 18, 7]]
[[1, 2, 9, 11, 7], [4, 7, 9, 11, 7]]
[[1, 8, 9, 11, 7]]
[[1, 2, 4, 5, 7]]
[[1, 2, 3, 4, 7]]
[[1, 4, 10, 10, 8], [6, 8, 10, 10, 8]]
[[1, 3, 4, 7, 7]]
[]
[[1, 7, 11, 12, 20]]
[[10, 11, 1, 4, 7], [10, 11, 7, 8, 7]]
[[1, 3, 7, 8, 7]]
[]
[[1, 2, 13, 16, 0]]
[[4, 7, 1, 2, 4], [4, 7, 9, 13, 0]]
[[2, 5, 6, 8, 20], [2, 5, 14, 15, 20], [10, 13, 14, 15, 20]]
[[1, 5, 6, 9, 7], [13, 15, 16, 18, 7]]
[[1, 2, 3, 6, 7], [1, 2, 17, 18, 7], [10, 11, 3, 6, 7], [10, 11, 17, 18, 7]]
[]
[]
[[1, 2, 3, 8, 7]]
[[1, 2, 3, 4, 7]]
[[1, 4, 10, 12, 7]]
[[1, 2, 4, 6, 7], [10, 11, 13, 17, 6]]
[[4, 7, 10, 11, 20], [4, 9, 12, 15, 20]]
[]
[[3, 4, 10, 11, 15]]
[[1, 3, 4, 6, 12]]
[[9, 12, 15, 19, 7]]
[[1, 7, 8, 9, 7], [1, 7, 15, 17, 7], [11, 14, 15, 17, 7]]
[[12, 13, 14, 15, 7], [16, 17, 18, 19, 7]]
[[8, 9, 6, 7, 7], [8, 9, 11, 12, 7]]
[[4, 5, 8, 9, 7]]
[[3, 4, 6, 8, 4]]
[[1, 4, 13, 14, 7]]
[[2, 4, 5, 7, 7], [2, 4, 10, 14, 7]]
[[1, 2, 14, 15, 7]]
[[4, 5, 7, 8, 7]]
[[1, 4, 5, 6, 7]]
[[1, 2, 3, 6, 7], [1, 2, 7, 8, 7], [1, 2, 10, 11, 7]]
[[8, 9, 15, 17, 8]]
[[1, 5, 6, 9, 7], [11, 12, 13, 16, 7]]
[[1, 2, 3, 4, 7], [1, 2, 5, 6, 7]]
[[1, 5, 6, 9, 7], [1, 5, 23, 24, 7]]
[[1, 5, 9, 10, 7], [1, 5, 20, 21, 7]]
[[0, 0, 1, 4, 7]]
[[1, 3, 4, 6, 7]]
[[1, 5, 7, 10, 7]]
[[1, 2, 3, 4, 7], [5, 5, 9, 10, 7], [1, 5, 9, 10, 7]]
[[5, 8, 9, 10, 7]]
[[6, 7, 1, 2, 7]]
[[1, 7, 8, 9, 7], [10, 11, 12, 13, 7]]
[[1, 4, 5, 5, 7]]
[[1, 2, 3, 4, 7], [6, 7, 8, 10, 15]]
[[3, 7, 8, 9, 6]]
[[1, 7, 11, 14, 7]]
[[1, 2, 4, 7, 1], [9, 10, 11, 12, 20]]
[[6, 10, 11, 14, 7]]
[[1, 8, 9, 10, 7]]
[[9, 10, 11, 14, 15]]
[[1, 2, 4, 6, 8], [1, 2, 8, 9, 7]]
[[3, 6, 11, 13, 7], [15, 16, 17, 18, 8]]
[[1, 4, 5, 12, 7], [1, 4, 5, 8, 7], [1, 4, 9, 12, 7], [1, 4, 16, 16, 8], [1, 4, 18, 19, 7], [1, 4, 20, 23, 7], [14, 15, 18, 19, 7]]
[[1, 5, 7, 10, 7]]
[[1, 7, 8, 9, 7]]
[[1, 2, 3, 4, 7]]
[[12, 14, 21, 22, 7]]
[[1, 4, 5, 6, 7], [1, 4, 9, 10, 8], [8, 8, 9, 10, 8]]
[[3, 4, 14, 15, 6]]
[[5, 6, 1, 3, 8], [5, 6, 19, 23, 8]]
[[4, 5, 6, 9, 7]]
[[0, 0, 19, 22, 0]]
[[1, 4, 5, 6, 8]]
[[1, 2, 3, 4, 7]]
[]
[[4, 6, 7, 9, 7]]
[[1, 2, 4, 5, 7], [1, 2, 13, 14, 7], [1, 2, 17, 20, 7], [8, 8, 13, 14, 7]]
[[4, 5, 6, 9, 7]]
[[1, 5, 7, 10, 7], [1, 5, 16, 17, 7], [12, 13, 16, 17, 7]]
[[1, 3, 4, 6, 7], [1, 3, 8, 9, 8], [1, 3, 17, 20, 7], [1, 3, 21, 23, 7], [25, 26, 21, 23, 7]]
[]
[[2, 6, 7, 10, 8]]
[[1, 2, 6, 7, 7], [1, 2, 8, 10, 7]]
[[1, 4, 0, 0, 7], [1, 4, 5, 9, 7]]
[[1, 4, 5, 8, 7], [1, 11, 12, 16, 7]]
[[3, 4, 5, 9, 7]]
[]
[[1, 10, 11, 14, 7]]
[[1, 2, 3, 4, 7], [6, 8, 3, 4, 7], [6, 8, 13, 16, 7]]
[[1, 3, 9, 13, 7], [6, 7, 9, 13, 7]]
[[6, 7, 10, 13, 7]]
[[1, 4, 5, 11, 7], [1, 4, 10, 11, 7]]
[[1, 4, 5, 7, 7]]
[[4, 5, 7, 9, 7], [4, 5, 11, 12, 7], [13, 14, 7, 9, 7], [13, 14, 11, 12, 7]]
[[1, 4, 7, 10, 15]]
[[3, 5, 13, 15, 7], [11, 12, 13, 15, 7]]
[[9, 10, 4, 7, 15]]
[[1, 5, 6, 7, 7]]
[[1, 2, 4, 6, 7]]
[[7, 12, 14, 16, 7]]
[[1, 10, 11, 13, 12], [1, 10, 14, 16, 12]]
[[11, 12, 13, 14, 7], [11, 12, 15, 20, 7]]
[[1, 4, 5, 7, 7]]
[[3, 4, 5, 6, 12], [3, 4, 8, 9, 12], [3, 4, 17, 20, 7], [11, 12, 17, 20, 7]]
[[1, 5, 12, 14, 7]]
[[1, 4, 6, 7, 8]]
[[1, 7, 20, 22, 6]]
[[19, 21, 9, 11, 7], [19, 21, 16, 17, 7]]
[[1, 2, 3, 7, 7], [1, 2, 9, 10, 7]]
[[1, 3, 4, 10, 7]]
[[1, 4, 9, 11, 7], [6, 8, 9, 11, 7]]
[[9, 10, 1, 5, 7]]
[[3, 3, 4, 5, 7]]
[[1, 2, 3, 4, 7], [10, 11, 12, 15, 7], [26, 29, 30, 31, 7]]
[[13, 14, 15, 16, 7], [5, 9, 10, 11, 8]]
[[1, 4, 0, 0, 7], [1, 4, 5, 6, 7], [1, 4, 8, 10, 7], [1, 4, 14, 16, 7], [12, 13, 0, 0, 7], [12, 13, 14, 16, 7]]
[[1, 4, 5, 6, 7]]
[[1, 2, 3, 4, 7]]
[[1, 6, 7, 8, 8]]
[[3, 4, 5, 6, 7], [10, 11, 12, 12, 8], [14, 15, 16, 17, 7]]
[[3, 6, 8, 9, 15]]
[[1, 2, 3, 6, 7]]
[[1, 4, 7, 8, 7]]
[[1, 2, 0, 0, 7], [1, 2, 5, 6, 7], [1, 2, 13, 16, 7], [11, 12, 0, 0, 7], [11, 12, 13, 16, 7]]
[[4, 6, 7, 8, 8]]
[[1, 2, 8, 10, 7]]
[[1, 2, 9, 12, 7], [5, 6, 9, 12, 7]]
[[1, 5, 6, 7, 7]]
[[1, 5, 6, 8, 7], [1, 5, 12, 13, 7]]
[[4, 6, 7, 9, 7]]
[[3, 9, 1, 2, 7]]
[[1, 2, 3, 6, 7]]
[[3, 7, 8, 10, 7]]
[[1, 3, 4, 5, 7]]
[[1, 2, 9, 10, 12]]
[[5, 9, 13, 17, 7]]
[[1, 2, 3, 5, 7]]
[[1, 3, 8, 9, 7]]
[[1, 5, 7, 10, 7]]
[[1, 4, 5, 8, 8]]
[[1, 6, 9, 11, 7], [13, 14, 15, 16, 7]]
[[1, 2, 4, 6, 7]]
[[1, 2, 7, 11, 7]]
[[16, 19, 20, 22, 7], [1, 9, 10, 11, 7], [1, 9, 12, 14, 7]]
[[3, 4, 5, 7, 7], [3, 4, 8, 12, 7]]
[[3, 4, 5, 8, 15]]
[[1, 2, 4, 5, 7]]
[[1, 2, 4, 6, 1]]
[[6, 7, 2, 4, 0], [6, 7, 19, 22, 0]]
[[1, 7, 8, 9, 7]]
[[1, 4, 5, 6, 7]]
[[1, 2, 5, 8, 7]]
[[0, 0, 4, 6, 7]]
[[5, 8, 10, 12, 7]]
[[3, 4, 5, 7, 15], [1, 4, 5, 7, 15]]
[[1, 3, 4, 5, 7], [1, 3, 15, 16, 8], [13, 14, 15, 16, 8]]
[[0, 0, 15, 17, 0]]
[[4, 5, 6, 10, 7], [4, 5, 11, 13, 7]]
[[1, 4, 5, 7, 7], [1, 4, 8, 11, 7]]
[[1, 2, 5, 6, 8], [7, 8, 5, 6, 8], [7, 8, 9, 12, 7]]
[[1, 4, 5, 7, 7]]
[[5, 8, 9, 11, 15]]
[[1, 2, 6, 8, 7], [1, 2, 12, 15, 7]]
[[12, 13, 9, 10, 7], [12, 13, 4, 10, 7]]
[[3, 4, 10, 11, 7], [3, 4, 14, 18, 7]]
[[3, 4, 5, 9, 7]]
[[1, 2, 5, 7, 7]]
[[1, 3, 7, 8, 7], [1, 3, 12, 13, 7], [1, 3, 16, 17, 7], [10, 11, 12, 13, 7], [14, 15, 16, 17, 7]]
[[1, 2, 5, 6, 7]]
[[1, 4, 5, 8, 7], [1, 4, 16, 18, 7], [14, 15, 16, 18, 7]]
[[1, 4, 5, 9, 7]]
[[5, 6, 7, 9, 7]]
[[1, 2, 6, 9, 7]]
[[1, 4, 14, 16, 7], [9, 10, 14, 16, 7], [11, 12, 14, 16, 7], [9, 12, 14, 16, 7]]
[[13, 16, 17, 20, 7]]
[[1, 3, 4, 6, 7], [1, 3, 7, 11, 7]]
[[5, 6, 2, 3, 7]]
[[1, 3, 8, 12, 7]]
[[1, 4, 5, 6, 7]]
[[1, 3, 4, 7, 7], [1, 3, 8, 9, 7]]
[]
[[4, 5, 7, 10, 8]]
[[9, 10, 4, 6, 7]]
[[1, 5, 6, 7, 7]]
[[4, 5, 6, 9, 7]]
[[4, 6, 12, 13, 7]]
[[1, 5, 6, 9, 7]]
[[4, 12, 13, 16, 7], [18, 19, 20, 21, 7], [18, 19, 25, 27, 7], [22, 23, 20, 21, 7], [22, 23, 25, 27, 7]]
[[1, 2, 3, 4, 7], [6, 7, 8, 9, 7]]
[[4, 6, 12, 15, 7], [9, 11, 12, 15, 7]]
[[1, 2, 4, 6, 7]]
[[4, 5, 7, 9, 7]]
[[1, 2, 3, 4, 7], [1, 2, 8, 10, 7]]
[[3, 4, 11, 12, 8], [9, 10, 11, 12, 8]]
[[1, 5, 12, 16, 8]]
[[1, 3, 4, 11, 7], [13, 14, 15, 15, 7], [16, 17, 19, 20, 7]]
[[1, 2, 3, 5, 7]]
[[1, 5, 6, 7, 8]]
[[1, 2, 4, 6, 7], [1, 2, 16, 17, 7], [11, 12, 16, 17, 7]]
[]
[[1, 2, 7, 10, 8]]
[[1, 4, 5, 6, 6]]
[[0, 0, 1, 3, 7]]
[[0, 0, 10, 11, 1], [4, 4, 10, 11, 1]]
[[1, 2, 5, 8, 7]]
[]
[[3, 4, 6, 8, 7]]
[[1, 2, 4, 6, 7], [1, 2, 11, 13, 7]]
[[5, 7, 9, 10, 4]]
[[1, 2, 4, 5, 7]]
[[1, 6, 12, 15, 12]]
[[1, 4, 5, 9, 7]]
[[5, 7, 2, 3, 7], [5, 7, 16, 19, 7]]
[[8, 9, 10, 12, 7]]
[[1, 4, 5, 10, 7]]
[[1, 5, 6, 8, 7]]
[[1, 2, 4, 7, 7]]
[[0, 0, 17, 20, 1]]
[[5, 6, 7, 8, 15]]
[[1, 2, 3, 6, 7], [1, 2, 8, 9, 7]]
[[1, 2, 3, 5, 15]]
[[0, 0, 6, 9, 7], [1, 2, 6, 9, 7], [11, 12, 6, 9, 7], [11, 12, 14, 16, 1]]
[[16, 17, 18, 19, 7], [25, 28, 29, 30, 7]]
[[1, 2, 3, 4, 7], [7, 8, 9, 10, 7]]
[[3, 4, 6, 7, 7]]
[[3, 4, 8, 10, 7]]
[[1, 5, 6, 9, 7]]
[[1, 3, 4, 8, 7]]
[[1, 3, 4, 6, 7]]
[[1, 6, 8, 10, 8]]
[[1, 2, 5, 6, 7]]
[[1, 4, 8, 9, 7], [1, 4, 17, 19, 7], [5, 7, 8, 9, 7], [12, 13, 17, 19, 7]]
[[4, 5, 6, 9, 7]]
[[3, 4, 7, 7, 7]]
[[1, 2, 3, 6, 7], [1, 2, 15, 17, 7]]
[[1, 4, 6, 7, 7], [1, 4, 9, 11, 8], [12, 12, 14, 14, 8]]
[[1, 2, 3, 7, 7]]
[[4, 5, 6, 8, 7]]
[[1, 4, 11, 14, 15], [6, 9, 11, 14, 20]]
[[6, 6, 7, 10, 7], [12, 14, 15, 18, 7]]
[[2, 3, 9, 11, 8]]
[[1, 4, 7, 9, 7]]
[[1, 5, 6, 7, 7], [1, 5, 18, 19, 7], [1, 5, 21, 22, 7], [16, 17, 18, 19, 7]]
[[1, 4, 7, 10, 7]]
[[4, 5, 6, 8, 15]]
[[1, 5, 8, 11, 7]]
[[1, 4, 14, 15, 7]]
[]
[[1, 7, 8, 9, 7]]
[[9, 15, 16, 19, 7]]
[[1, 3, 4, 6, 4]]
[[4, 5, 6, 9, 7]]
[[1, 7, 8, 9, 7]]
[[4, 7, 8, 9, 7], [1, 7, 8, 9, 7]]
[[1, 7, 9, 13, 7]]
[[1, 2, 7, 10, 7]]
[[9, 10, 3, 6, 7], [9, 10, 11, 14, 8], [9, 10, 18, 19, 7], [16, 17, 18, 19, 7]]
[[1, 4, 11, 12, 7], [5, 6, 11, 12, 7]]
[[1, 5, 6, 7, 7]]
[[3, 4, 5, 9, 7]]
[[1, 4, 5, 6, 7], [10, 12, 13, 16, 7]]
[[4, 5, 6, 7, 7], [9, 10, 11, 12, 7], [1, 5, 6, 7, 7]]
[[1, 2, 6, 7, 8]]
[[1, 2, 3, 4, 7]]
[[8, 9, 11, 14, 7]]
[[8, 9, 11, 12, 7]]
[[2, 2, 8, 10, 7]]
[[1, 4, 19, 21, 7]]
[[11, 12, 13, 16, 7]]
[[1, 2, 4, 6, 7]]
[[1, 3, 4, 5, 6], [12, 15, 17, 18, 8]]
[[1, 3, 15, 18, 7]]
[[1, 2, 5, 7, 7], [1, 2, 16, 20, 7]]
[[1, 3, 4, 5, 7]]
[[1, 4, 5, 7, 8], [13, 14, 15, 16, 7]]
[[1, 4, 5, 7, 7]]
[[1, 3, 6, 7, 7], [1, 3, 9, 12, 7]]
[[1, 3, 6, 7, 7], [12, 13, 20, 23, 15]]
[[1, 2, 17, 19, 12]]
[[1, 2, 16, 19, 4]]
[[8, 9, 5, 6, 7]]
[[1, 2, 5, 6, 7]]
[[9, 10, 14, 16, 7]]
[[1, 4, 5, 7, 20]]
[[1, 3, 8, 9, 7], [1, 3, 13, 17, 8]]
[[4, 5, 7, 8, 7], [4, 5, 17, 18, 7], [14, 15, 7, 8, 7], [14, 15, 17, 18, 7]]
[[1, 5, 6, 9, 7]]
[[1, 2, 8, 9, 7]]
[[1, 2, 6, 8, 7]]
[[1, 2, 4, 5, 1]]
[[1, 6, 7, 10, 7]]
[[4, 6, 0, 0, 7], [4, 8, 9, 10, 7]]
[[1, 9, 10, 11, 7], [1, 9, 12, 14, 7], [6, 9, 10, 11, 7]]
[[1, 2, 5, 6, 7], [1, 2, 11, 14, 7], [1, 2, 21, 22, 7], [18, 20, 21, 22, 7]]
[[1, 2, 4, 5, 7], [14, 15, 16, 17, 8]]
[[1, 2, 3, 7, 7]]
[[1, 5, 8, 9, 7]]
[[12, 16, 7, 8, 7]]
[[11, 12, 8, 9, 7], [3, 4, 8, 9, 7]]
[[1, 4, 0, 0, 7], [1, 4, 5, 7, 7]]
[[4, 5, 6, 11, 7]]
[[1, 2, 5, 8, 7]]
[[7, 8, 10, 12, 7]]
[[1, 2, 3, 4, 7]]
[[1, 3, 6, 8, 7]]
[[1, 2, 3, 6, 7]]
[]
[[13, 14, 10, 11, 7], [1, 7, 10, 11, 7], [1, 7, 17, 18, 7]]
[[1, 6, 0, 0, 7], [1, 6, 10, 11, 7], [1, 6, 20, 23, 7], [16, 17, 20, 23, 7]]
[[1, 2, 6, 8, 7], [1, 2, 15, 17, 7], [11, 14, 15, 17, 7]]
[[1, 3, 10, 13, 7], [8, 9, 10, 13, 7]]
[[1, 1, 9, 11, 8], [4, 5, 9, 11, 8]]
[[6, 8, 9, 12, 7]]
[[14, 17, 7, 8, 7]]
[]
[[1, 7, 8, 10, 7]]
[[1, 3, 7, 8, 7], [5, 6, 7, 8, 7]]
[[6, 10, 13, 16, 7]]
[[1, 6, 7, 7, 6]]
[[1, 3, 4, 7, 12]]
[[14, 17, 18, 22, 20]]
[[1, 4, 5, 11, 8]]
[[6, 9, 0, 0, 7], [6, 9, 1, 4, 7], [6, 9, 20, 21, 8], [12, 16, 17, 18, 7]]
[[1, 2, 10, 12, 7]]
[[15, 16, 11, 13, 7]]
[[1, 4, 5, 6, 8]]
[[1, 2, 3, 6, 7], [8, 9, 10, 13, 7]]
[[1, 5, 6, 7, 8]]
[[5, 6, 1, 3, 7]]
[[1, 2, 4, 6, 7]]
[[1, 5, 18, 19, 7], [15, 15, 18, 19, 7]]
[[1, 2, 3, 5, 7]]
[[1, 2, 10, 11, 12], [1, 2, 13, 16, 12]]
[[15, 17, 25, 26, 7]]
[[1, 2, 7, 9, 7], [4, 5, 7, 9, 7]]
[[1, 5, 6, 7, 7]]
[[3, 4, 0, 0, 1], [3, 4, 10, 11, 1]]
[[1, 2, 3, 5, 7]]
[[0, 0, 3, 8, 7]]
[[2, 3, 4, 7, 7]]
[[1, 4, 5, 6, 7]]
[[1, 4, 5, 7, 7]]
[[4, 6, 8, 10, 7], [4, 6, 11, 12, 7]]
[[1, 2, 4, 6, 7]]
[[11, 12, 8, 9, 7]]
[[8, 11, 12, 15, 20]]
[[3, 4, 8, 10, 7]]
[[1, 4, 5, 8, 12], [1, 6, 7, 8, 12]]
[[1, 2, 4, 6, 7], [1, 2, 12, 13, 7], [8, 11, 12, 13, 20]]
[[1, 2, 3, 5, 7]]
[[1, 4, 5, 6, 7], [1, 4, 8, 11, 7]]
[[1, 2, 0, 0, 7], [1, 2, 6, 8, 7], [1, 2, 10, 17, 7]]
[[3, 7, 1, 2, 7]]
[[1, 4, 10, 13, 7]]
[[1, 4, 6, 8, 7], [10, 14, 16, 17, 20]]
[[1, 4, 20, 26, 7]]
[[3, 6, 7, 10, 15]]
[[1, 2, 3, 5, 8]]
[[3, 6, 7, 10, 8]]
[[1, 2, 3, 4, 7], [1, 2, 5, 6, 7], [1, 2, 8, 8, 7]]
[[6, 7, 8, 9, 7]]
[[2, 5, 7, 9, 7]]
[[1, 2, 11, 13, 7]]
[[1, 2, 7, 9, 0]]
[[1, 2, 3, 6, 7]]
[[1, 4, 14, 17, 7], [1, 4, 39, 41, 7], [1, 4, 23, 25, 7], [12, 13, 14, 17, 7]]
[[6, 6, 12, 14, 7]]
[[1, 2, 4, 5, 7], [1, 2, 6, 12, 7]]
[[1, 2, 0, 0, 7]]
[[1, 2, 3, 6, 7]]
[[1, 2, 0, 0, 7], [1, 2, 6, 13, 7]]
[[1, 4, 8, 11, 6], [1, 4, 18, 19, 7], [1, 4, 20, 22, 7], [1, 4, 32, 35, 7], [14, 16, 18, 19, 7]]
[[3, 4, 6, 9, 1]]
[[10, 12, 6, 8, 12]]
[[4, 7, 10, 13, 7]]
[[14, 16, 9, 10, 12]]
[[1, 2, 3, 4, 7]]
[[1, 7, 8, 9, 7], [6, 7, 8, 9, 7], [6, 7, 10, 12, 7]]
[[1, 3, 4, 7, 7]]
[[4, 8, 10, 12, 7]]
[[1, 7, 8, 9, 7]]
[[1, 5, 9, 11, 7], [1, 5, 20, 23, 7], [13, 14, 15, 18, 7]]
[[6, 10, 11, 14, 12]]
[[1, 4, 5, 7, 7], [1, 4, 10, 11, 7]]
[[3, 6, 7, 8, 20]]
[[1, 2, 5, 7, 7]]
[[1, 2, 5, 8, 7], [1, 2, 10, 14, 7]]
[[5, 6, 7, 10, 7]]
[[3, 5, 9, 11, 7], [3, 5, 13, 16, 7]]
[[1, 4, 0, 0, 7], [1, 4, 20, 21, 7]]
[[1, 2, 3, 4, 7], [1, 2, 12, 14, 7]]
[[1, 4, 5, 6, 7], [1, 4, 9, 10, 7]]
[[1, 3, 4, 7, 7]]
[[1, 5, 7, 11, 4]]
[[1, 6, 13, 16, 7]]
[[1, 6, 11, 12, 7], [8, 9, 11, 12, 7]]
[[1, 2, 6, 9, 7]]
[[1, 2, 3, 6, 7], [8, 9, 10, 11, 7]]
[[3, 3, 4, 6, 7]]
[[1, 4, 7, 10, 7]]
[[1, 4, 8, 11, 7]]
[]
[[1, 3, 6, 8, 7]]
[[3, 4, 5, 8, 7]]
[[1, 4, 0, 0, 7]]
[[1, 3, 6, 7, 7], [1, 3, 15, 18, 6], [11, 12, 15, 18, 6]]
[[1, 5, 7, 9, 7]]
[[1, 5, 9, 11, 8]]
[[4, 5, 6, 8, 7]]
[[6, 7, 3, 4, 7]]
[[1, 2, 3, 5, 7]]
[[3, 6, 7, 8, 7]]
[[1, 3, 4, 6, 7]]
[[1, 8, 9, 10, 7]]
[[7, 12, 1, 3, 7]]
[[1, 3, 4, 5, 8]]
[[5, 7, 8, 10, 7]]
[[1, 2, 6, 7, 7]]
[[4, 11, 12, 13, 12]]
[[9, 10, 4, 7, 7], [9, 10, 12, 16, 7]]
[[1, 6, 7, 8, 7]]
[[3, 6, 7, 11, 12]]
[[8, 10, 13, 18, 7]]
[[1, 2, 8, 10, 7], [3, 7, 8, 10, 7], [12, 15, 16, 17, 8]]
[[2, 8, 9, 14, 6]]
[[1, 5, 12, 14, 0]]
[]
[[4, 5, 6, 7, 7]]
[[1, 3, 4, 5, 7]]
[[3, 4, 5, 8, 4], [1, 4, 5, 8, 4]]
[[1, 4, 7, 8, 7]]
[[1, 2, 5, 6, 7], [1, 4, 5, 6, 7]]
[[1, 2, 3, 4, 7]]
[[1, 9, 11, 12, 7]]
[[3, 4, 7, 9, 25], [3, 4, 5, 9, 25]]
[[1, 2, 3, 4, 7]]
[]
[[1, 5, 9, 11, 7]]
[[1, 4, 11, 12, 7]]
[[4, 6, 8, 10, 7]]
[[1, 2, 3, 5, 7]]
[[8, 11, 4, 5, 6], [8, 11, 22, 24, 8]]
[[1, 5, 6, 7, 7], [1, 5, 8, 10, 7]]
[]
[]
[[1, 2, 5, 7, 1]]
[[22, 23, 24, 25, 1], [48, 49, 50, 52, 6], [68, 71, 72, 74, 0], [76, 77, 78, 80, 4]]
[]
[]
[[0, 0, 7, 8, 6], [10, 11, 12, 13, 3], [15, 16, 17, 24, 9]]
[[0, 0, 37, 40, 2]]
[]
[[0, 0, 18, 19, 0]]
[[0, 0, 7, 8, 4]]
[[0, 0, 11, 16, 49], [23, 24, 25, 27, 3]]
[[0, 0, 11, 15, 49]]
[[1, 2, 3, 8, 1], [1, 2, 5, 8, 1]]
[]
[[1, 2, 3, 8, 3], [9, 10, 11, 13, 3], [16, 17, 19, 23, 1], [16, 17, 49, 51, 1]]
[[0, 0, 1, 2, 0], [0, 0, 13, 14, 2], [4, 7, 1, 2, 0]]
[[1, 3, 7, 10, 138]]
[[55, 56, 62, 64, 2], [58, 60, 62, 64, 3]]
[[0, 0, 70, 71, 1], [89, 92, 93, 98, 12]]
[[7, 11, 13, 15, 3]]
[]
[[0, 0, 3, 4, 1]]
[[0, 0, 1, 3, 1], [0, 0, 17, 21, 4], [0, 0, 26, 27, 4], [22, 24, 26, 27, 4]]
[[15, 16, 17, 21, 21], [98, 101, 102, 103, 3]]
[[0, 0, 8, 10, 3], [15, 16, 19, 22, 1]]
[[0, 0, 30, 32, 3]]
[[0, 0, 4, 8, 49], [0, 0, 7, 8, 49]]
[[2, 3, 1, 1, 0], [4, 5, 6, 7, 6], [2, 5, 6, 7, 6], [2, 5, 8, 18, 6]]
[[0, 0, 1, 2, 0], [0, 0, 12, 16, 3], [4, 5, 1, 2, 0], [4, 5, 7, 9, 3]]
[[0, 0, 24, 26, 1], [20, 21, 22, 26, 1]]
[[1, 2, 3, 4, 3]]
[[29, 30, 32, 34, 1]]
[[16, 17, 18, 20, 4]]
[[0, 0, 37, 39, 0]]
[[0, 0, 4, 7, 0], [16, 19, 26, 29, 3], [22, 23, 26, 29, 3], [34, 35, 37, 40, 1]]
[[0, 0, 16, 18, 58], [14, 15, 16, 18, 58]]
[[7, 8, 9, 10, 4]]
[[0, 0, 5, 8, 0]]
[[8, 9, 10, 11, 1]]
[[0, 0, 88, 89, 1], [26, 27, 28, 31, 6], [55, 56, 57, 60, 58]]
[[0, 0, 5, 6, 0]]
[[0, 0, 14, 15, 49]]
[[0, 0, 43, 44, 0], [83, 84, 86, 89, 1]]
[[0, 0, 1, 3, 108]]
[[0, 0, 3, 4, 0], [1, 2, 3, 4, 0]]
[[0, 0, 18, 20, 3], [16, 17, 18, 20, 1]]
[]
[[13, 14, 21, 23, 3], [0, 0, 21, 23, 3]]
[[0, 0, 8, 10, 2]]
[[6, 10, 11, 14, 3]]
[[0, 0, 14, 17, 0], [18, 19, 20, 21, 4]]
[[0, 0, 55, 65, 0], [51, 53, 55, 65, 4]]
[[0, 0, 1, 2, 0]]
[[3, 4, 8, 9, 3]]
[[7, 10, 5, 6, 3], [12, 13, 15, 16, 3]]
[[6, 7, 1, 4, 3], [9, 10, 11, 16, 1]]
[[0, 0, 26, 29, 1], [0, 0, 34, 34, 1]]
[[0, 0, 22, 24, 1]]
[[0, 0, 23, 30, 3]]
[[0, 0, 5, 10, 1], [0, 0, 88, 93, 0], [12, 13, 15, 16, 1], [97, 98, 99, 104, 3]]
[[5, 7, 8, 10, 3], [14, 15, 17, 20, 1], [2, 7, 8, 10, 3]]
[]
[[4, 5, 6, 7, 3]]
[[0, 0, 16, 17, 0], [30, 33, 27, 28, 3]]
[]
[[1, 2, 3, 4, 3], [21, 22, 23, 27, 3], [37, 38, 34, 35, 0]]
[[3, 6, 10, 13, 0]]
[]
[[0, 0, 34, 36, 45]]
[[0, 0, 1, 2, 0], [0, 0, 34, 35, 0], [19, 20, 21, 23, 87]]
[[0, 0, 62, 65, 49], [0, 0, 109, 113, 0], [60, 61, 62, 65, 4]]
[[0, 0, 5, 7, 1], [9, 10, 5, 7, 3], [16, 17, 18, 20, 1]]
[[3, 6, 14, 15, 3], [9, 12, 14, 15, 3], [19, 20, 22, 31, 3], [19, 20, 22, 28, 3]]
[[0, 0, 66, 68, 45], [34, 35, 36, 42, 108]]
[[1, 2, 3, 4, 3]]
[]
[[0, 0, 54, 57, 58], [7, 16, 17, 19, 162]]
[[0, 0, 20, 22, 12]]
[]
[[1, 3, 4, 7, 1], [9, 10, 11, 15, 180]]
[[18, 19, 21, 21, 58], [0, 0, 21, 21, 0]]
[[25, 26, 27, 28, 4], [0, 0, 27, 28, 4]]
[[0, 0, 26, 29, 6]]
[[4, 7, 1, 2, 3], [4, 7, 13, 14, 0]]
[[5, 6, 7, 8, 3], [11, 12, 13, 16, 1]]
[[0, 0, 2, 3, 0]]
[[1, 2, 3, 5, 1], [15, 16, 12, 13, 0]]
[]
[[0, 0, 6, 10, 108], [1, 5, 6, 10, 135]]
[[0, 0, 59, 61, 0]]
[[24, 28, 20, 22, 12], [24, 28, 29, 30, 12]]
[[1, 2, 3, 5, 6]]
[[0, 0, 3, 7, 0]]
[[18, 21, 16, 17, 12], [18, 21, 27, 30, 12], [23, 26, 27, 30, 3], [34, 35, 32, 33, 103]]
[]
[[0, 0, 47, 48, 4]]
[[1, 2, 7, 9, 3], [4, 5, 7, 9, 1]]
[]
[[0, 0, 22, 25, 9], [2, 3, 6, 7, 1]]
[[1, 3, 4, 11, 0], [13, 16, 17, 18, 9], [20, 21, 22, 23, 126]]
[[1, 4, 5, 10, 2], [14, 19, 20, 22, 138], [1, 7, 8, 10, 2]]
[[8, 9, 11, 12, 1]]
[[1, 1, 5, 9, 112], [3, 4, 5, 9, 108]]
[[1, 5, 6, 10, 58], [55, 56, 57, 61, 58], [4, 5, 6, 10, 58]]
[]
[[21, 22, 23, 24, 4]]
[[0, 0, 24, 27, 3], [14, 15, 24, 27, 58], [17, 18, 24, 27, 112], [21, 22, 24, 27, 99]]
[]
[[0, 0, 26, 30, 0]]
[]
[[3, 6, 9, 10, 6]]
[[0, 0, 1, 2, 6], [0, 0, 47, 49, 1], [22, 23, 26, 28, 4]]
[[0, 0, 27, 28, 6], [0, 0, 30, 33, 6]]
[[0, 0, 37, 38, 1]]
[[0, 0, 6, 9, 9], [0, 0, 67, 69, 0], [4, 5, 6, 9, 9], [63, 66, 67, 69, 13]]
[[0, 0, 14, 18, 4], [10, 11, 14, 18, 4]]
[[0, 0, 30, 32, 0], [19, 20, 21, 22, 1]]
[[0, 0, 11, 12, 6]]
[[0, 0, 10, 13, 12], [0, 0, 31, 34, 0]]
[[0, 0, 5, 6, 4], [1, 2, 5, 6, 4], [8, 9, 10, 11, 4]]
[[0, 0, 4, 9, 3]]
[[0, 0, 18, 21, 45], [23, 27, 28, 29, 6]]
[[0, 0, 13, 15, 3], [1, 2, 6, 9, 3]]
[[0, 0, 1, 2, 0], [60, 62, 63, 67, 45]]
[[0, 0, 6, 7, 1]]
[[1, 4, 7, 8, 3], [1, 4, 5, 8, 3]]
[[3, 7, 8, 11, 0]]
[[3, 4, 5, 9, 4], [11, 12, 14, 16, 58]]
[[1, 5, 6, 10, 0]]
[[20, 21, 22, 27, 6], [0, 0, 12, 17, 0]]
[[1, 2, 6, 9, 3], [12, 13, 15, 17, 1]]
[[0, 0, 12, 14, 0]]
[[0, 0, 5, 7, 0], [0, 0, 24, 27, 0], [20, 23, 24, 27, 4]]
[[0, 0, 12, 13, 1], [1, 2, 3, 3, 6]]
[[3, 4, 5, 14, 3], [25, 28, 29, 32, 13], [17, 20, 21, 23, 3]]
[[18, 19, 21, 25, 4]]
[[5, 8, 11, 12, 6]]
[[23, 26, 27, 30, 4]]
[]
[[0, 0, 24, 28, 112]]
[[1, 6, 7, 11, 1], [16, 17, 19, 20, 1]]
[[3, 4, 5, 9, 3]]
[[9, 12, 13, 14, 58]]
[]
[[0, 0, 7, 11, 6], [0, 0, 33, 35, 1], [30, 31, 33, 35, 1], [61, 62, 63, 65, 58]]
[[15, 16, 18, 20, 3]]
[[0, 0, 10, 12, 49]]
[[6, 7, 8, 10, 0]]
[[6, 7, 15, 16, 9]]
[[0, 0, 19, 25, 3]]
[[8, 11, 12, 16, 3], [18, 21, 23, 26, 3]]
[[0, 0, 1, 2, 3], [3, 4, 1, 2, 3]]
[[13, 15, 17, 19, 4], [20, 21, 22, 27, 3]]
[[0, 0, 52, 56, 9]]
[[9, 10, 13, 14, 4]]
[[0, 0, 4, 7, 0]]
[[5, 13, 14, 19, 3], [37, 38, 39, 42, 6]]
[[0, 0, 13, 15, 0], [0, 0, 24, 27, 2]]
[[1, 2, 7, 10, 3], [4, 5, 7, 10, 3], [13, 14, 16, 18, 4], [22, 23, 24, 30, 1]]
[[0, 0, 10, 16, 45]]
[]
[[0, 0, 6, 8, 3]]
[[3, 4, 6, 7, 3], [1, 4, 6, 7, 3]]
[[0, 0, 5, 10, 3], [0, 0, 11, 16, 0]]
[]
[]
[]
[[0, 0, 3, 6, 0]]
[[9, 10, 11, 14, 3]]
[[0, 0, 6, 8, 9]]
[[3, 4, 5, 10, 3]]
[[0, 0, 24, 27, 3]]
[[1, 3, 4, 7, 9], [1, 3, 6, 7, 9]]
[[1, 2, 3, 11, 3]]
[[0, 0, 18, 20, 0]]
[[23, 24, 25, 28, 6], [32, 36, 37, 41, 4]]
[]
[[0, 0, 17, 18, 1], [19, 20, 17, 18, 1], [19, 20, 28, 34, 0], [53, 54, 55, 56, 162]]
[[0, 0, 14, 19, 3], [22, 23, 24, 24, 6]]
[[0, 0, 21, 25, 103], [16, 20, 21, 25, 103]]
[[0, 0, 6, 13, 3]]
[[5, 8, 1, 3, 6], [5, 8, 12, 15, 0]]
[[10, 12, 13, 14, 0]]
[[0, 0, 1, 2, 0]]
[[0, 0, 3, 4, 1]]
[[6, 10, 1, 5, 3], [14, 15, 17, 18, 1]]
[[0, 0, 27, 31, 3], [18, 21, 27, 31, 3], [23, 26, 27, 31, 3]]
[[0, 0, 41, 44, 2], [0, 0, 141, 148, 45]]
[[53, 54, 55, 56, 58]]
[[0, 0, 8, 10, 9], [0, 0, 29, 31, 9], [23, 27, 29, 31, 9]]
[[14, 15, 19, 22, 162]]
[[0, 0, 7, 10, 0]]
[[8, 9, 15, 17, 6], [30, 32, 39, 41, 49]]
[[49, 50, 53, 55, 4], [49, 50, 71, 74, 4]]
[[0, 0, 29, 32, 1]]
[[0, 0, 20, 22, 4], [3, 4, 5, 7, 6], [8, 11, 13, 15, 12]]
[[3, 4, 5, 6, 0]]
[]
[[0, 0, 58, 60, 49]]
[[0, 0, 3, 4, 4], [1, 2, 3, 4, 4]]
[[1, 2, 6, 9, 9], [13, 14, 15, 18, 6]]
[[0, 0, 28, 30, 12], [24, 27, 28, 30, 12]]
[[19, 23, 24, 27, 1]]
[[4, 5, 1, 2, 0], [4, 5, 6, 7, 3], [9, 10, 6, 7, 3]]
[[45, 49, 50, 58, 0]]
[[0, 0, 43, 46, 0], [58, 59, 61, 64, 1]]
[[6, 7, 3, 4, 6], [6, 7, 9, 12, 0]]
[[1, 2, 3, 4, 3], [7, 8, 11, 12, 1]]
[[1, 2, 7, 11, 3], [4, 5, 7, 11, 3], [17, 18, 19, 27, 1]]
[[28, 30, 31, 32, 4]]
[[8, 9, 1, 2, 0]]
[[1, 5, 6, 9, 12]]
[[10, 11, 13, 14, 3], [18, 19, 20, 24, 3]]
[[1, 4, 5, 6, 3], [7, 8, 10, 13, 3], [16, 17, 14, 15, 3]]
[[9, 12, 13, 17, 12]]
[[0, 0, 21, 22, 0], [1, 3, 4, 5, 9], [11, 12, 13, 15, 1]]
[[0, 0, 27, 27, 1], [0, 0, 12, 16, 3], [10, 11, 12, 16, 3]]
[[0, 0, 42, 45, 4], [40, 41, 42, 45, 108]]
[[0, 0, 5, 12, 3]]
[[19, 20, 21, 23, 4], [0, 0, 21, 23, 4]]
[[0, 0, 6, 8, 45], [3, 5, 6, 8, 45]]
[[1, 4, 5, 8, 0], [10, 11, 12, 13, 1]]
[[0, 0, 5, 8, 6]]
[[0, 0, 7, 10, 0]]
[[1, 2, 6, 9, 3]]
[[0, 0, 5, 6, 49]]
[]
[[0, 0, 16, 19, 0], [0, 0, 59, 62, 1]]
[[0, 0, 62, 64, 6]]
[[8, 9, 10, 12, 3]]
[[1, 2, 3, 6, 3]]
[[0, 0, 144, 146, 1], [38, 39, 43, 48, 4], [41, 42, 43, 48, 4], [140, 141, 144, 146, 1]]
[[0, 0, 5, 6, 1]]
[[12, 15, 19, 23, 12], [45, 48, 49, 51, 0]]
[[0, 0, 5, 6, 0], [1, 4, 5, 6, 0]]
[[20, 21, 22, 22, 12], [23, 24, 26, 27, 12]]
[[0, 0, 4, 7, 3], [9, 12, 13, 16, 12]]
[[0, 0, 1, 4, 0], [7, 10, 11, 16, 4]]
[[0, 0, 11, 14, 3], [18, 19, 25, 26, 1]]
[[0, 0, 12, 13, 4], [17, 18, 19, 24, 4], [28, 29, 30, 35, 4], [39, 40, 41, 52, 1]]
[[9, 10, 6, 7, 0]]
[[2, 5, 8, 10, 3], [23, 24, 25, 29, 4]]
[[0, 0, 20, 21, 3], [0, 0, 22, 24, 4]]
[[4, 5, 1, 2, 0]]
[[0, 0, 8, 9, 0]]
[[0, 0, 10, 14, 1]]
[]
[[0, 0, 1, 2, 0], [3, 4, 1, 2, 2]]
[[3, 4, 5, 6, 3]]
[[0, 0, 6, 8, 0], [0, 0, 24, 26, 9], [22, 23, 24, 26, 9]]
[[0, 0, 17, 18, 3], [20, 24, 17, 18, 12]]
[[1, 5, 6, 8, 3]]
[[1, 2, 3, 4, 21]]
[[11, 12, 17, 19, 6]]
[[0, 0, 4, 6, 0]]
[[14, 15, 18, 24, 3]]
[]
[]
[[0, 0, 33, 39, 3]]
[[1, 2, 3, 8, 3]]
[]
[]
[[6, 9, 10, 15, 0], [53, 54, 55, 59, 3]]
[[0, 0, 15, 18, 0], [0, 0, 27, 31, 49]]
[[1, 2, 3, 5, 4], [11, 12, 13, 15, 3]]
[[10, 11, 12, 16, 2]]
[[0, 0, 33, 34, 103]]
[[0, 0, 12, 16, 3]]
[[0, 0, 12, 14, 3], [16, 17, 19, 21, 1]]
[[1, 2, 3, 5, 9]]
[]
[[0, 0, 5, 8, 6], [0, 0, 47, 59, 54], [1, 4, 5, 8, 6]]
[[1, 3, 4, 5, 6], [7, 8, 4, 5, 6], [22, 23, 18, 19, 0]]
[[0, 0, 11, 14, 0], [0, 0, 31, 31, 6], [0, 0, 34, 40, 3], [0, 0, 44, 49, 3], [42, 43, 44, 49, 3], [51, 52, 55, 58, 9]]
[[21, 22, 25, 27, 6]]
[[0, 0, 14, 15, 0], [17, 18, 23, 24, 58], [20, 21, 23, 24, 3], [25, 26, 28, 32, 162]]
[[0, 0, 27, 31, 6]]
[[0, 0, 5, 7, 3], [1, 4, 5, 7, 3]]
[[0, 0, 31, 32, 9], [9, 11, 12, 13, 103]]
[[26, 27, 28, 29, 1], [1, 2, 8, 11, 3]]
[[0, 0, 6, 8, 3], [1, 2, 6, 8, 3], [4, 5, 6, 8, 3], [19, 20, 21, 22, 1]]
[[4, 5, 6, 8, 3], [14, 15, 16, 19, 3], [12, 15, 16, 19, 3]]
[[1, 2, 3, 4, 3], [5, 6, 3, 4, 1], [5, 6, 8, 9, 1]]
[[0, 0, 15, 19, 9]]
[[5, 6, 7, 8, 3], [19, 22, 24, 25, 103]]
[[11, 12, 13, 18, 58]]
[[0, 0, 5, 8, 2], [1, 4, 5, 8, 2]]
[]
[[3, 4, 1, 2, 6]]
[]
[[6, 7, 4, 5, 3], [6, 7, 9, 12, 3]]
[[4, 5, 7, 8, 6], [13, 14, 15, 17, 3]]
[[1, 4, 6, 8, 3], [9, 12, 13, 15, 21]]
[[0, 0, 7, 11, 12], [0, 0, 16, 17, 9], [12, 15, 16, 17, 12]]
[[0, 0, 6, 10, 1]]
[[26, 31, 37, 39, 3], [33, 35, 37, 39, 3], [44, 52, 53, 57, 4]]
[[1, 3, 4, 6, 9]]
[[12, 13, 14, 15, 49], [0, 0, 14, 15, 49]]
[[0, 0, 31, 34, 189]]
[[27, 28, 25, 26, 3]]
[[0, 0, 15, 19, 3], [13, 14, 15, 19, 3]]
[[0, 0, 4, 9, 0]]
[[15, 16, 21, 22, 3], [18, 19, 21, 22, 3]]
[[0, 0, 16, 20, 87]]
[[0, 0, 7, 8, 0]]
[[44, 48, 49, 51, 1]]
[[1, 2, 7, 11, 3]]
[[0, 0, 13, 16, 3]]
[[0, 0, 7, 9, 3]]
[[0, 0, 64, 66, 49], [121, 122, 125, 127, 49]]
[[0, 0, 12, 15, 0], [0, 0, 22, 24, 9], [20, 21, 22, 24, 9]]
[[0, 0, 2, 3, 0]]
[]
[[1, 5, 9, 12, 0]]
[[0, 0, 5, 6, 6], [0, 0, 23, 24, 4], [21, 22, 23, 24, 4]]
[[2, 5, 6, 13, 3]]
[[20, 21, 23, 25, 3], [0, 0, 23, 25, 3]]
[[3, 6, 13, 17, 3], [8, 9, 13, 17, 1]]
[[12, 13, 17, 18, 9], [12, 15, 17, 18, 9]]
[[0, 0, 33, 36, 12]]
[[1, 4, 5, 8, 3]]
[]
[]
[[1, 2, 3, 4, 0]]
[[54, 58, 59, 64, 1], [0, 0, 59, 64, 1]]
[[5, 8, 2, 3, 58]]
[[0, 0, 10, 12, 4]]
[[0, 0, 47, 49, 0]]
[[4, 7, 9, 11, 21]]
[[1, 4, 5, 6, 4]]
[[0, 0, 10, 11, 6], [16, 17, 10, 15, 6], [16, 17, 18, 19, 103], [46, 49, 50, 51, 6]]
[[0, 0, 8, 9, 1], [1, 2, 3, 4, 3], [11, 12, 13, 16, 6]]
[[22, 23, 24, 25, 3]]
[[0, 0, 4, 6, 0]]
[[0, 0, 7, 9, 45], [0, 0, 33, 35, 3], [28, 29, 33, 35, 58]]
[[7, 9, 10, 14, 138]]
[[0, 0, 11, 13, 3]]
[[1, 2, 3, 3, 6], [5, 6, 3, 3, 6], [9, 10, 3, 3, 1]]
[[7, 9, 1, 2, 3], [7, 9, 10, 12, 0]]
[[0, 0, 11, 13, 4], [7, 8, 11, 13, 4], [16, 17, 19, 19, 12], [21, 22, 24, 26, 1]]
[[0, 0, 10, 14, 1], [0, 0, 30, 32, 49]]
[[1, 2, 8, 9, 3], [5, 6, 8, 9, 3]]
[]
[[0, 0, 15, 17, 1], [30, 31, 33, 35, 9]]
[[0, 0, 2, 4, 0], [0, 0, 6, 8, 6], [33, 34, 36, 38, 1]]
[[0, 0, 4, 10, 3]]
[[1, 2, 3, 4, 3], [6, 7, 3, 4, 0], [13, 14, 15, 17, 1]]
[[16, 17, 18, 20, 4]]
[[0, 0, 11, 15, 1], [1, 2, 3, 6, 3]]
[[0, 0, 8, 10, 12]]
[]
[]
[[1, 4, 6, 14, 2], [19, 23, 24, 27, 3]]
[[0, 0, 13, 13, 4], [10, 11, 13, 13, 4]]
[[3, 4, 5, 5, 58]]
[]
[[0, 0, 8, 10, 1], [6, 7, 8, 10, 1], [14, 15, 16, 17, 4]]
[[0, 0, 84, 87, 1]]
[[0, 0, 13, 15, 6], [0, 0, 41, 42, 49], [37, 38, 41, 42, 4]]
[[0, 0, 21, 35, 112]]
[[1, 2, 3, 9, 6], [1, 2, 8, 9, 6]]
[[0, 0, 11, 12, 3]]
[[6, 7, 1, 4, 3], [6, 7, 12, 18, 3], [8, 11, 12, 18, 138]]
[[0, 0, 34, 35, 1], [32, 33, 34, 35, 1]]
[[5, 8, 10, 11, 6]]
[[0, 0, 9, 12, 6]]
[]
[[1, 2, 3, 5, 3], [7, 8, 9, 11, 6], [14, 17, 18, 20, 3]]
[[1, 2, 3, 4, 6], [9, 10, 11, 13, 4], [17, 18, 19, 22, 1]]
[[1, 2, 3, 4, 12], [12, 15, 16, 17, 99], [30, 33, 34, 35, 21]]
[[4, 5, 6, 7, 12]]
[[1, 5, 6, 11, 126]]
[[0, 0, 54, 56, 189], [24, 25, 26, 28, 1], [24, 25, 29, 30, 1]]
[[0, 0, 6, 9, 0]]
[[0, 0, 25, 27, 3], [6, 8, 9, 11, 3]]
[]
[[15, 16, 18, 21, 3]]
[[0, 0, 14, 16, 3], [19, 20, 22, 27, 1]]
[]
[[0, 0, 9, 12, 0]]
[[28, 31, 33, 38, 4]]
[[51, 53, 54, 56, 1]]
[[1, 2, 3, 4, 3], [8, 9, 10, 13, 6]]
[[4, 5, 1, 2, 0], [4, 5, 7, 10, 0]]
[[41, 42, 44, 51, 4]]
[[15, 16, 22, 24, 1], [72, 75, 77, 79, 3]]
[[0, 0, 21, 25, 87], [27, 30, 31, 34, 3]]
[[0, 0, 5, 9, 0], [0, 0, 25, 32, 108], [1, 3, 5, 9, 0]]
[[0, 0, 2, 9, 6]]
[[3, 4, 5, 7, 3]]
[[4, 5, 8, 11, 6]]
[]
[[0, 0, 11, 12, 49], [211, 216, 218, 219, 1]]
[]
[[1, 3, 4, 7, 1], [9, 10, 4, 7, 0]]
[[1, 2, 3, 3, 6]]
[[0, 0, 1, 1, 0], [0, 0, 17, 19, 3]]
[[1, 4, 5, 7, 3]]
[[19, 20, 21, 21, 4]]
[[7, 8, 9, 11, 0], [17, 22, 24, 28, 3], [59, 63, 64, 64, 3]]
[[80, 82, 83, 94, 108]]
[[3, 4, 7, 8, 1], [10, 11, 7, 8, 0]]
[[48, 52, 53, 57, 9]]
[]
[[0, 0, 36, 45, 9], [1, 5, 6, 10, 3]]
[]
[[17, 21, 22, 23, 0], [69, 73, 75, 76, 3]]
[[0, 0, 1, 3, 3], [0, 0, 7, 11, 3]]
[[1, 2, 3, 4, 6], [6, 7, 9, 10, 4], [15, 16, 17, 19, 1]]
[[0, 0, 27, 30, 0]]
[]
[[1, 6, 7, 9, 3], [10, 11, 12, 17, 4]]
[[0, 0, 4, 8, 0]]
[[0, 0, 8, 9, 1]]
[[15, 16, 18, 21, 6], [1, 6, 7, 11, 4]]
[[17, 18, 19, 24, 1]]
[]
[[10, 11, 12, 15, 1], [1, 4, 5, 8, 3]]
[[1, 4, 5, 9, 0]]
[[0, 0, 29, 30, 0], [1, 2, 3, 4, 3], [7, 11, 3, 4, 11]]
[]
[[1, 6, 9, 10, 3], [1, 6, 7, 10, 3], [13, 14, 15, 18, 1]]
[[0, 0, 6, 9, 1]]
[[3, 7, 8, 10, 138]]
[[0, 0, 1, 1, 0], [0, 0, 21, 23, 9], [7, 10, 1, 1, 9]]
[[12, 20, 21, 23, 12]]
[[10, 13, 14, 17, 9]]
[[1, 2, 3, 4, 3], [8, 9, 10, 11, 12], [23, 24, 25, 27, 12]]
[[0, 0, 11, 16, 189]]
[[1, 3, 4, 9, 4]]
[[0, 0, 28, 29, 3]]
[[0, 0, 6, 8, 0]]
[[0, 0, 3, 5, 0], [0, 0, 12, 14, 3], [1, 2, 3, 5, 1], [20, 21, 23, 25, 58]]
[[42, 43, 44, 44, 103]]
[[0, 0, 14, 14, 0], [1, 2, 3, 4, 3]]
[[0, 0, 46, 53, 1]]
[[1, 2, 5, 7, 3]]
[[6, 7, 9, 10, 0], [12, 13, 9, 10, 3]]
[[0, 0, 17, 22, 0]]
[[0, 0, 28, 29, 1]]
[]
[[0, 0, 9, 11, 0]]
[[13, 16, 17, 20, 103]]
[[17, 18, 22, 25, 1]]
[[33, 34, 42, 47, 4], [52, 53, 54, 56, 1]]
[[0, 0, 12, 14, 3]]
[[0, 0, 4, 9, 54], [0, 0, 16, 17, 58], [11, 14, 16, 17, 112]]
[[0, 0, 5, 6, 3], [0, 0, 43, 48, 6], [0, 0, 11, 15, 1], [8, 9, 11, 15, 1], [17, 18, 19, 25, 4]]
[[0, 0, 4, 8, 3]]
[[1, 4, 5, 7, 0]]
[[0, 0, 12, 14, 3]]
[[0, 0, 4, 7, 0], [9, 10, 13, 14, 1]]
[[0, 0, 3, 6, 3], [1, 2, 3, 6, 3]]
[[1, 2, 3, 6, 3], [11, 16, 18, 24, 58]]
[[0, 0, 38, 38, 2], [41, 42, 46, 48, 1]]
[[0, 0, 31, 34, 1], [1, 4, 5, 7, 126], [9, 10, 11, 15, 9]]
[[0, 0, 16, 17, 0]]
[[1, 2, 3, 4, 3], [7, 8, 9, 15, 1]]
[[1, 2, 3, 4, 3], [9, 14, 16, 18, 3]]
[[1, 3, 6, 10, 3]]
[[0, 0, 35, 41, 0], [29, 30, 35, 41, 3], [32, 33, 35, 41, 4]]
[[0, 0, 11, 13, 21], [8, 9, 11, 13, 21]]
[[0, 0, 5, 7, 0]]
[[1, 4, 7, 11, 0], [1, 4, 15, 19, 0], [23, 24, 25, 27, 2]]
[[0, 0, 5, 8, 0], [3, 4, 5, 8, 0]]
[[0, 0, 11, 13, 4]]
[[0, 0, 9, 12, 3]]
[[3, 8, 9, 11, 3], [15, 16, 18, 19, 1], [35, 38, 42, 45, 21], [64, 65, 67, 73, 9]]
[[71, 72, 73, 74, 3]]
[[0, 0, 37, 39, 3], [1, 2, 3, 4, 3], [16, 20, 21, 26, 12]]
[[0, 0, 12, 14, 3], [9, 10, 12, 14, 3]]
[[1, 2, 3, 4, 0]]
[[1, 2, 3, 5, 3], [7, 8, 3, 5, 1], [7, 8, 9, 14, 1], [7, 8, 11, 14, 1]]
[[4, 7, 1, 2, 3], [4, 7, 8, 13, 0]]
[[1, 7, 8, 10, 3], [12, 13, 14, 18, 3], [20, 25, 26, 32, 3]]
[[0, 0, 8, 11, 9], [36, 37, 38, 39, 6], [41, 42, 43, 44, 3], [51, 52, 53, 54, 4]]
[[1, 4, 5, 8, 3]]
[[26, 27, 29, 31, 4], [0, 0, 29, 31, 0]]
[[3, 4, 5, 7, 3], [14, 15, 18, 20, 4]]
[]
[[1, 2, 3, 5, 3]]
[[19, 21, 24, 27, 49]]
[[0, 0, 10, 14, 3]]
[[0, 0, 3, 6, 3], [0, 0, 15, 17, 0], [1, 2, 3, 6, 3]]
[[0, 0, 6, 8, 0], [10, 11, 13, 13, 3]]
[[2, 3, 4, 7, 0], [15, 16, 18, 21, 2], [23, 24, 25, 26, 58], [34, 35, 37, 38, 58]]
[]
[[0, 0, 4, 6, 0], [8, 9, 11, 13, 1]]
[[0, 0, 56, 58, 9], [0, 0, 68, 69, 4]]
[[15, 19, 21, 27, 3], [35, 36, 37, 38, 1]]
[[10, 11, 12, 13, 6], [15, 16, 17, 17, 6], [26, 29, 30, 30, 9]]
[[1, 2, 4, 7, 3]]
[[0, 0, 4, 7, 3]]
[[3, 4, 5, 10, 1]]
[[0, 0, 10, 14, 3]]
[[0, 0, 45, 49, 0]]
[]
[[0, 0, 22, 23, 2]]
[[1, 2, 3, 4, 3], [1, 2, 9, 10, 3], [6, 7, 3, 4, 1], [6, 7, 9, 10, 1]]
[[1, 2, 3, 4, 6], [19, 20, 21, 23, 58]]
[[0, 0, 11, 12, 1]]
[[13, 14, 15, 18, 4], [24, 25, 26, 30, 1]]
[[0, 0, 5, 8, 1]]
[[0, 0, 12, 13, 1], [0, 0, 15, 16, 0], [9, 10, 12, 13, 1], [9, 10, 15, 16, 1]]
[[0, 0, 9, 11, 4], [7, 8, 9, 11, 4]]
[[3, 4, 8, 11, 6], [19, 20, 21, 22, 4]]
[[0, 0, 49, 50, 75], [9, 10, 11, 15, 4], [17, 18, 21, 24, 58]]
[[23, 26, 29, 31, 58]]
[[21, 22, 23, 26, 12], [21, 22, 28, 33, 9]]
[[1, 5, 6, 8, 0]]
[[1, 2, 3, 5, 0]]
[[0, 0, 5, 7, 0]]
[[1, 2, 12, 14, 1], [25, 26, 29, 31, 6]]
[]
[[13, 14, 1, 2, 6], [13, 14, 4, 5, 6]]
[[21, 24, 19, 20, 12], [21, 24, 30, 31, 12], [26, 29, 30, 31, 3], [35, 36, 33, 34, 103]]
[]
[[8, 9, 1, 6, 0], [8, 9, 4, 6, 0]]
[[87, 88, 90, 97, 1]]
[[0, 0, 10, 12, 0], [15, 17, 18, 20, 103]]
[]
[]
[[0, 0, 18, 21, 9]]
[[12, 13, 15, 20, 1]]
[[0, 0, 39, 42, 1]]
[[0, 0, 21, 24, 1], [4, 5, 8, 12, 3], [4, 5, 6, 12, 3], [16, 17, 19, 24, 1], [16, 17, 21, 24, 1]]
[[1, 2, 3, 6, 4], [1, 2, 5, 6, 4]]
[[0, 0, 22, 24, 49], [4, 7, 8, 10, 0]]
[]
[[0, 0, 6, 8, 0], [0, 0, 11, 12, 6], [49, 50, 52, 55, 6], [49, 50, 56, 58, 6]]
[[3, 4, 5, 6, 3]]
[[0, 0, 6, 8, 3]]
[[1, 4, 5, 6, 12]]
[[0, 0, 15, 18, 3]]
[[20, 21, 17, 19, 6]]
[[0, 0, 6, 7, 3]]
[[3, 4, 7, 10, 0], [11, 12, 7, 10, 0]]
[]
[[1, 2, 3, 5, 9]]
[[0, 0, 5, 6, 4], [1, 4, 5, 6, 75]]
[[7, 8, 9, 12, 3]]
[[1, 6, 7, 8, 3], [23, 24, 26, 32, 3]]
[[0, 0, 2, 3, 0]]
[]
[[0, 0, 3, 4, 3], [0, 0, 14, 16, 0], [1, 2, 3, 4, 3]]
[[49, 54, 55, 57, 75]]
[[0, 0, 8, 10, 3]]
[[12, 13, 16, 19, 1]]
[[1, 9, 10, 15, 3]]
[[56, 57, 67, 70, 6]]
[[0, 0, 4, 5, 0]]
[[0, 0, 22, 24, 1]]
[[1, 4, 5, 10, 9]]
[[1, 2, 13, 16, 4], [7, 8, 13, 16, 6], [10, 11, 13, 16, 1]]
[[0, 0, 19, 20, 9], [0, 0, 22, 26, 9]]
[[0, 0, 20, 22, 87]]
[[0, 0, 17, 21, 0]]
[[0, 0, 10, 16, 3], [7, 9, 10, 16, 3]]
[[0, 0, 5, 7, 3]]
[[1, 2, 3, 10, 112]]
[[10, 11, 12, 20, 1], [10, 11, 14, 20, 1]]
[[3, 4, 6, 10, 1]]
[[9, 11, 12, 16, 0]]
[[1, 2, 3, 8, 3]]
[[1, 4, 6, 8, 3]]
[[0, 0, 25, 27, 103]]
[[0, 0, 97, 98, 3], [95, 96, 97, 98, 3]]
[]
[[0, 0, 6, 7, 4], [4, 5, 6, 7, 4], [14, 15, 16, 21, 3]]
[[0, 0, 20, 21, 12], [36, 37, 38, 41, 3]]
[[1, 2, 6, 10, 3], [13, 14, 17, 19, 3]]
[[1, 2, 3, 5, 3], [7, 8, 3, 5, 1], [7, 8, 9, 11, 1]]
[[8, 9, 11, 12, 3]]
[[0, 0, 18, 24, 0]]
[[6, 10, 11, 16, 103], [63, 64, 67, 67, 21], [171, 172, 173, 176, 3]]
[[1, 2, 3, 8, 6], [9, 12, 14, 18, 12]]
[]
[[97, 98, 99, 100, 3]]
[[0, 0, 17, 22, 0], [0, 0, 36, 40, 49]]
[[4, 5, 1, 2, 3], [7, 8, 1, 13, 2], [7, 8, 9, 13, 2]]
[[0, 0, 9, 13, 3]]
[[10, 11, 14, 16, 1]]
[]
[[0, 0, 13, 14, 2], [6, 11, 13, 14, 2]]
[[0, 0, 5, 8, 0]]
[[1, 2, 3, 7, 3], [1, 2, 3, 4, 3], [9, 12, 13, 14, 0], [16, 21, 22, 24, 138]]
[[7, 8, 10, 11, 1]]
[[1, 3, 7, 10, 4]]
[[12, 13, 3, 4, 0], [12, 13, 7, 10, 3]]
[[0, 0, 22, 25, 9]]
[[30, 32, 33, 34, 3]]
[[0, 0, 98, 100, 58], [93, 96, 98, 100, 58]]
[[22, 25, 20, 21, 12], [22, 25, 31, 34, 12], [27, 30, 31, 34, 3]]
[[1, 4, 5, 8, 6], [1, 4, 6, 8, 6]]
[[1, 2, 3, 7, 6], [1, 2, 6, 7, 6]]
[[16, 17, 19, 20, 2], [35, 36, 28, 31, 0]]
[[9, 10, 17, 19, 6], [13, 14, 17, 19, 3]]
[[2, 3, 4, 14, 3]]
[[1, 2, 3, 6, 3], [9, 10, 15, 23, 1]]
[[5, 11, 13, 16, 4]]
[[0, 0, 7, 9, 0], [0, 0, 29, 31, 49]]
[[2, 5, 6, 11, 1]]
[[0, 0, 34, 36, 4], [32, 33, 34, 36, 4], [32, 33, 46, 47, 4]]
[[17, 18, 19, 22, 21]]
[[9, 10, 13, 14, 1], [16, 18, 19, 21, 1]]
[[0, 0, 12, 15, 9], [6, 7, 12, 15, 9], [6, 7, 31, 35, 12], [17, 18, 19, 27, 103], [36, 37, 38, 39, 12], [41, 42, 44, 46, 6]]
[[3, 4, 1, 2, 6], [6, 9, 10, 11, 58]]
[[0, 0, 16, 16, 1], [39, 40, 41, 43, 1]]
[[0, 0, 5, 6, 3]]
[[1, 2, 3, 4, 3]]
[[0, 0, 36, 37, 6], [9, 12, 16, 19, 3]]
[[9, 10, 12, 14, 6]]
[[0, 0, 5, 8, 3], [0, 0, 10, 13, 3]]
[[0, 0, 6, 9, 6]]
[[0, 0, 3, 4, 3], [6, 7, 3, 4, 3], [11, 12, 15, 22, 6]]
[[0, 0, 1, 1, 3], [0, 0, 8, 9, 3], [18, 21, 23, 24, 3]]
[]
[]
[[0, 0, 15, 17, 4]]
[]
[]
[[4, 5, 7, 8, 3], [20, 21, 22, 24, 1]]
[[0, 0, 27, 27, 1], [1, 2, 3, 6, 1], [14, 15, 18, 22, 1]]
[[9, 10, 11, 14, 0], [9, 10, 13, 14, 0]]
[[0, 0, 14, 17, 3], [3, 7, 14, 17, 3]]
[[1, 2, 3, 5, 9]]
[[0, 0, 3, 5, 1], [0, 0, 16, 18, 3], [1, 2, 3, 5, 1], [1, 2, 16, 18, 3]]
[[21, 22, 24, 27, 4]]
[[7, 8, 4, 5, 3], [15, 16, 12, 13, 12]]
[[0, 0, 11, 15, 58]]
[[0, 0, 13, 16, 4], [11, 12, 13, 16, 4]]
[[0, 0, 29, 31, 6]]
[[4, 5, 1, 2, 3], [9, 11, 6, 7, 3], [9, 11, 12, 17, 6]]
[[42, 45, 46, 49, 6], [52, 53, 54, 55, 103]]
[[12, 16, 17, 19, 3], [15, 16, 17, 19, 3]]
[[0, 0, 4, 10, 3]]
[[0, 0, 19, 21, 108]]
[[2, 3, 4, 8, 0]]
[[23, 24, 25, 27, 4]]
[[0, 0, 1, 4, 0], [0, 0, 19, 22, 6], [13, 18, 19, 22, 6]]
[[5, 8, 1, 3, 0]]
[]
[[0, 0, 7, 9, 0], [15, 16, 17, 19, 1]]
[[0, 0, 31, 33, 1]]
[[0, 0, 11, 15, 58]]
[]
[[0, 0, 11, 13, 0]]
[[0, 0, 48, 50, 3], [44, 47, 48, 50, 12]]
[[0, 0, 4, 6, 120]]
[[0, 0, 6, 8, 3]]
[[0, 0, 7, 9, 0]]
[]
[[0, 0, 1, 21, 58], [15, 16, 18, 21, 58]]
[[60, 63, 64, 66, 12]]
[[1, 2, 3, 8, 3]]
[[7, 8, 9, 15, 6]]
[[0, 0, 35, 37, 1], [33, 34, 35, 37, 1], [63, 68, 71, 73, 1]]
[[0, 0, 7, 9, 0]]
[[1, 2, 5, 10, 58]]
[[0, 0, 47, 50, 58], [45, 46, 47, 50, 58], [52, 53, 54, 54, 21]]
[[0, 0, 5, 6, 0], [3, 4, 5, 6, 0], [41, 44, 45, 47, 12], [150, 151, 152, 152, 103], [156, 157, 158, 159, 4]]
[]
[[3, 4, 1, 2, 4]]
[[0, 0, 11, 14, 3], [9, 10, 11, 14, 3], [16, 19, 21, 23, 9]]
[[52, 54, 51, 51, 45]]
[[0, 0, 3, 7, 75], [1, 1, 3, 7, 75]]
[[0, 0, 4, 6, 9]]
[]
[[1, 2, 3, 7, 3]]
[[0, 0, 5, 6, 0], [0, 0, 15, 16, 1], [10, 14, 15, 16, 1]]
[[0, 0, 43, 44, 4]]
[[0, 0, 55, 58, 0], [60, 61, 62, 62, 6]]
[[19, 20, 21, 25, 3]]
[[24, 25, 26, 28, 4]]
[[22, 23, 26, 29, 4]]
[[19, 20, 22, 23, 3]]
[]
[[0, 0, 35, 36, 1]]
[[1, 2, 3, 4, 3]]
[[0, 0, 3, 4, 0], [9, 10, 11, 11, 3], [12, 13, 14, 14, 3], [12, 13, 15, 21, 3]]
[[1, 2, 3, 7, 3]]
[[6, 7, 3, 4, 3]]
[[0, 0, 3, 7, 3]]
[[0, 0, 16, 24, 3], [5, 6, 7, 10, 3]]
[[0, 0, 7, 12, 3], [0, 0, 22, 24, 3], [28, 31, 34, 36, 2]]
[[1, 2, 7, 10, 3], [4, 5, 7, 10, 3]]
[[3, 6, 10, 13, 4]]
[[0, 0, 7, 9, 3], [0, 0, 30, 34, 3], [1, 6, 7, 9, 3]]
[[1, 2, 3, 4, 3]]
[[4, 5, 6, 7, 3], [9, 10, 11, 13, 3], [16, 17, 19, 20, 1]]
[[0, 0, 73, 73, 1]]
[[1, 5, 6, 12, 3]]
[[12, 15, 16, 18, 87], [25, 30, 34, 36, 99]]
[[0, 0, 75, 79, 49], [38, 41, 43, 46, 75]]
[[0, 0, 6, 7, 0]]
[[0, 0, 26, 30, 4], [0, 0, 39, 42, 49]]
[[7, 8, 9, 11, 4], [1, 8, 9, 11, 103]]
[]
[]
[]
[]
[]
[]
[]
[]
[]
[]
[]
[]
[]
[]
[]
[]
[]
[]
[]
[]
[]
[]
[]
[]
[]
[]
[]
[]
[]
[]
[]
[]
[]
[]
[]
[]
[]
[]
[]
[]
[]
[]
[]
[]
[]
[]
[]
[]
[]
[]
[]
[]
[]
[]
[]
[]
[]
[]
[]
[]
[]
[]
[]
[]
[]
[]
[]
[]
[]
[]
[]
[]
[]
[]
[]
[]
[]
[]
[]
[]
[]
[]
[]
[]
[]
[]
[]
[]
[]
[]
[]
[]
[]
[]
[]
[]
[]
[]
[]
[]
[]
[]
[]
[]
[]
[]
[]
[]
[]
[]
[]
[]
[]
[]
[]
[]
[]
[]
[]
[]
[]
[]
[]
[]
[[4, 6, 10, 11, 7]]
[]
[]
[]
[]
[]
[]
[]
[]
[]
[]
[]
[]
[]
[]
[]
[]
[]
[]
[]
[]
[]
[]
[]
[]
[]
[]
[]
[]
[]
[]
[]
[]
[]
[]
[]
[]
[]
[]
[]
[]
[]
[]
[]
[]
[]
[]
[]
[]
[]
[]
[]
[]
[]
[]
[]
[]
[]
[]
[]
[]
[]
[]
[]
[]
[]
[]
[]
[]
[]
[]
[]
[]
[]
[]
[]
[]
[]
[]
[]
[]
[]
[]
[]
[]
[]
[]
[]
[]
[]
[]
[]
[]
[]
[]
[]
[]
[]
[]
[]
[]
[]
[]
[]
[]
[]
[]
[]
[]
[]
[]
[]
[]
[]
[]
[]
[]
[]
[]
[]
[]
[]
[]
[]
[]
[]
[]
[]
[]
[]
[]
[]
[]
[]
[]
[]
[]
[[10, 11, 12, 15, 7]]
[]
[]
[]
[]
[[1, 2, 5, 6, 7]]
[]
[]
[]
[[0, 0, 2, 4, 0], [0, 0, 28, 30, 0]]
[]
[[1, 2, 3, 7, 1], [15, 16, 18, 21, 3]]
[[0, 0, 73, 75, 49], [48, 49, 50, 52, 6], [77, 78, 79, 81, 4]]
[]
[[0, 0, 23, 29, 3], [0, 0, 75, 80, 0], [16, 22, 23, 29, 21]]
[[0, 0, 11, 12, 3], [14, 15, 16, 17, 3]]
[[0, 0, 58, 61, 0]]
[[26, 27, 29, 34, 58]]
[[0, 0, 10, 11, 0], [0, 0, 21, 24, 0]]
[[0, 0, 5, 11, 0]]
[[0, 0, 12, 15, 49], [24, 25, 26, 28, 3]]
[[0, 0, 11, 15, 0]]
[[1, 2, 3, 8, 1]]
[[0, 0, 6, 13, 0]]
[[1, 2, 3, 8, 3], [16, 17, 19, 23, 1], [16, 17, 49, 51, 1]]
[[4, 7, 1, 2, 3]]
[[1, 3, 7, 10, 3]]
[[55, 56, 62, 64, 3], [58, 60, 62, 64, 4]]
[[127, 130, 131, 136, 12], [0, 0, 108, 109, 1]]
[[10, 11, 13, 15, 3], [7, 11, 13, 15, 3]]
[]
[[0, 0, 12, 13, 1]]
[[0, 0, 1, 3, 0], [22, 24, 26, 27, 4]]
[[15, 16, 17, 21, 21], [98, 101, 102, 103, 3]]
[[0, 0, 9, 11, 3], [16, 17, 20, 23, 1]]
[[0, 0, 34, 36, 3]]
[[0, 0, 5, 9, 0]]
[[6, 7, 8, 10, 6]]
[[4, 5, 1, 2, 0], [4, 5, 7, 9, 0]]
[[20, 21, 25, 27, 1]]
[[1, 2, 3, 4, 3]]
[[0, 0, 10, 12, 0], [25, 26, 28, 30, 1]]
[[3, 4, 5, 7, 3], [16, 17, 18, 20, 4], [22, 25, 26, 27, 4]]
[[0, 0, 40, 42, 0], [61, 62, 57, 60, 6]]
[[0, 0, 4, 7, 0], [16, 19, 26, 29, 3], [22, 23, 26, 29, 3], [34, 35, 37, 40, 1]]
[[18, 19, 20, 22, 58]]
[[7, 8, 11, 13, 4]]
[[0, 0, 2, 8, 0], [0, 0, 21, 24, 12], [28, 29, 21, 24, 12]]
[[8, 9, 10, 11, 1]]
[[26, 27, 28, 31, 6]]
[[0, 0, 11, 12, 0]]
[[0, 0, 14, 15, 4], [22, 23, 24, 26, 12]]
[[104, 105, 107, 110, 1]]
[[0, 0, 1, 3, 0], [0, 0, 11, 13, 0]]
[[0, 0, 3, 4, 0], [1, 2, 3, 4, 0]]
[[0, 0, 6, 8, 0], [17, 18, 19, 21, 1]]
[[3, 6, 7, 10, 21]]
[[18, 19, 23, 28, 3], [21, 22, 23, 28, 4]]
[[0, 0, 10, 12, 3]]
[[6, 10, 11, 14, 3]]
[[0, 0, 15, 18, 4], [19, 20, 21, 22, 4]]
[[55, 57, 59, 72, 4]]
[[0, 0, 1, 2, 0], [17, 22, 24, 26, 0]]
[[3, 4, 6, 9, 3]]
[[12, 13, 15, 16, 3]]
[[6, 7, 1, 4, 3]]
[[0, 0, 29, 32, 0], [0, 0, 37, 37, 1]]
[[0, 0, 22, 23, 1]]
[[0, 0, 33, 40, 3]]
[[13, 14, 16, 17, 1]]
[[5, 7, 8, 10, 3], [14, 15, 17, 20, 1]]
[[51, 54, 55, 58, 4]]
[[4, 5, 6, 7, 3]]
[[0, 0, 53, 55, 3], [32, 35, 29, 30, 4]]
[]
[[1, 2, 3, 4, 3], [37, 38, 34, 35, 0]]
[[3, 6, 8, 13, 3]]
[]
[[0, 0, 38, 40, 0], [117, 118, 119, 125, 3]]
[[0, 0, 47, 48, 0], [23, 24, 25, 27, 4]]
[[0, 0, 123, 127, 4], [65, 66, 67, 70, 4]]
[[0, 0, 13, 15, 3], [24, 25, 26, 28, 1]]
[[9, 12, 14, 15, 3], [19, 20, 22, 28, 3]]
[]
[[1, 2, 3, 4, 3], [7, 8, 13, 22, 1]]
[]
[[0, 0, 17, 19, 0], [0, 0, 67, 71, 0], [54, 55, 57, 60, 58]]
[[0, 0, 22, 24, 3]]
[]
[[1, 3, 4, 7, 1], [9, 10, 11, 15, 1]]
[[22, 23, 25, 25, 58]]
[[28, 29, 30, 31, 4], [0, 0, 23, 25, 0]]
[[0, 0, 30, 33, 0]]
[[4, 7, 1, 2, 0]]
[[5, 6, 7, 8, 3], [11, 12, 13, 16, 1]]
[[0, 0, 5, 6, 0]]
[[1, 2, 3, 5, 1], [15, 16, 12, 13, 0]]
[[1, 5, 6, 12, 12]]
[[0, 0, 6, 10, 0], [1, 5, 6, 10, 0]]
[[0, 0, 59, 61, 3]]
[[1, 8, 20, 22, 3], [24, 28, 29, 30, 12]]
[[1, 2, 3, 5, 6]]
[[0, 0, 3, 7, 0]]
[[32, 35, 30, 31, 12], [32, 35, 41, 44, 12], [37, 40, 41, 44, 12], [48, 49, 46, 47, 4]]
[[3, 4, 6, 15, 0]]
[[0, 0, 60, 61, 4], [0, 0, 80, 89, 4]]
[[1, 2, 7, 9, 3], [4, 5, 7, 9, 1]]
[]
[[0, 0, 22, 25, 0], [2, 3, 6, 7, 1]]
[[1, 3, 9, 11, 3], [20, 21, 22, 23, 4], [13, 16, 17, 18, 12]]
[[1, 8, 9, 11, 3], [15, 20, 21, 23, 49]]
[[8, 9, 11, 12, 1]]
[]
[[0, 0, 6, 10, 58], [55, 56, 57, 61, 58]]
[]
[[19, 22, 23, 24, 4]]
[[22, 23, 32, 35, 58]]
[[23, 26, 28, 32, 4]]
[[0, 0, 28, 32, 0]]
[[16, 17, 1, 3, 0], [16, 17, 6, 7, 6]]
[[3, 6, 9, 10, 0]]
[[0, 0, 1, 2, 6], [0, 0, 47, 49, 1], [22, 23, 26, 28, 4]]
[[0, 0, 33, 34, 0], [0, 0, 36, 39, 0]]
[[0, 0, 44, 45, 1]]
[[100, 103, 104, 106, 12]]
[[0, 0, 15, 19, 4], [11, 12, 15, 19, 4], [11, 12, 13, 19, 4]]
[[0, 0, 31, 35, 0], [19, 20, 21, 22, 1]]
[[0, 0, 13, 14, 6], [11, 12, 13, 14, 6]]
[[0, 0, 11, 14, 3], [0, 0, 35, 38, 3], [9, 10, 11, 14, 3]]
[[1, 2, 5, 6, 4], [8, 9, 10, 11, 4]]
[[0, 0, 14, 19, 3]]
[[24, 28, 29, 30, 6], [33, 34, 35, 39, 6]]
[[1, 2, 3, 9, 0]]
[[0, 0, 1, 2, 0], [0, 0, 107, 111, 49], [104, 106, 107, 111, 49]]
[[0, 0, 7, 8, 0]]
[[1, 4, 5, 8, 0]]
[[3, 7, 8, 11, 0]]
[[3, 4, 5, 9, 4], [11, 12, 14, 16, 58]]
[[1, 5, 6, 10, 3]]
[[0, 0, 15, 20, 12], [23, 24, 25, 30, 6]]
[[12, 13, 15, 17, 1]]
[[0, 0, 16, 18, 0]]
[[0, 0, 10, 12, 0], [19, 20, 21, 23, 4], [25, 28, 29, 32, 4]]
[[0, 0, 12, 13, 1], [1, 2, 3, 3, 6]]
[[3, 4, 5, 14, 3], [17, 18, 19, 23, 3], [25, 28, 29, 32, 3]]
[[19, 20, 22, 26, 4]]
[[5, 8, 11, 12, 0]]
[[23, 26, 27, 30, 0]]
[[22, 23, 24, 25, 4], [0, 0, 9, 12, 6]]
[[0, 0, 36, 40, 0], [51, 52, 53, 54, 4], [59, 60, 61, 67, 1]]
[[1, 6, 7, 11, 1]]
[[3, 4, 5, 9, 0]]
[[9, 12, 13, 14, 58]]
[[15, 16, 46, 49, 6], [25, 28, 33, 35, 4]]
[[0, 0, 8, 12, 1], [32, 33, 35, 37, 1]]
[[0, 0, 19, 21, 3], [16, 17, 19, 21, 3]]
[[0, 0, 10, 12, 0]]
[[6, 7, 12, 15, 0]]
[]
[[0, 0, 20, 26, 0]]
[[8, 11, 12, 16, 3], [18, 21, 23, 26, 3]]
[[3, 4, 1, 2, 3]]
[[17, 19, 21, 23, 4], [24, 25, 26, 31, 4]]
[[0, 0, 55, 59, 12], [0, 0, 81, 87, 3]]
[[9, 10, 13, 14, 4]]
[[0, 0, 5, 8, 0]]
[[5, 13, 14, 19, 3], [37, 38, 39, 42, 6]]
[[0, 0, 18, 20, 0], [0, 0, 31, 34, 1]]
[[1, 2, 7, 10, 3], [4, 5, 7, 10, 3], [13, 14, 16, 18, 4]]
[[0, 0, 11, 14, 0]]
[]
[[0, 0, 8, 10, 3]]
[[3, 4, 6, 7, 3]]
[[0, 0, 12, 17, 0]]
[]
[]
[[0, 0, 11, 14, 0]]
[[0, 0, 8, 11, 0]]
[[9, 10, 11, 14, 3]]
[]
[[3, 4, 5, 10, 3]]
[[0, 0, 32, 35, 3]]
[[1, 3, 4, 7, 12]]
[[1, 2, 3, 11, 3]]
[[0, 0, 19, 21, 0]]
[[23, 24, 25, 28, 6], [32, 36, 37, 41, 4]]
[[0, 0, 56, 64, 0]]
[[20, 21, 18, 19, 0], [54, 55, 56, 57, 162]]
[[0, 0, 18, 23, 3], [26, 27, 28, 28, 6], [26, 27, 30, 33, 6]]
[[0, 0, 21, 25, 4], [16, 20, 21, 25, 103], [100, 101, 102, 105, 112]]
[[0, 0, 8, 15, 0]]
[[5, 8, 9, 15, 6]]
[[10, 12, 13, 14, 0]]
[[0, 0, 1, 2, 0]]
[[0, 0, 3, 4, 1]]
[[14, 15, 17, 18, 1]]
[[26, 29, 35, 39, 3], [31, 34, 35, 39, 3]]
[[0, 0, 43, 46, 12]]
[[75, 78, 79, 86, 58]]
[[0, 0, 12, 14, 0], [32, 36, 38, 40, 12]]
[]
[[0, 0, 15, 18, 0]]
[[30, 32, 39, 41, 4], [37, 38, 39, 41, 4]]
[[71, 72, 93, 96, 4]]
[[0, 0, 31, 34, 0]]
[[0, 0, 22, 24, 4], [3, 4, 5, 7, 6], [8, 11, 13, 15, 12]]
[[3, 4, 5, 6, 0]]
[]
[[0, 0, 71, 72, 4]]
[[1, 2, 3, 4, 4]]
[[1, 2, 6, 9, 12]]
[[0, 0, 32, 34, 12]]
[[0, 0, 24, 27, 1], [19, 23, 24, 27, 1], [30, 34, 37, 40, 3]]
[[4, 5, 1, 2, 3], [4, 5, 6, 7, 3], [9, 10, 1, 2, 3], [9, 10, 6, 7, 3]]
[[0, 0, 23, 24, 0], [4, 5, 6, 12, 4]]
[[0, 0, 63, 66, 0], [78, 79, 81, 84, 1]]
[[6, 7, 3, 4, 0], [6, 7, 9, 12, 0]]
[[1, 2, 3, 4, 3], [7, 8, 11, 11, 1]]
[[1, 2, 7, 11, 3]]
[[28, 30, 31, 32, 103]]
[[8, 9, 1, 2, 0]]
[[1, 5, 6, 11, 12]]
[[10, 11, 13, 14, 3], [18, 19, 20, 24, 3]]
[[1, 4, 5, 6, 3], [7, 8, 10, 11, 3]]
[[9, 12, 13, 17, 12]]
[[1, 3, 4, 5, 12], [11, 12, 13, 15, 0]]
[[23, 24, 25, 29, 1]]
[[0, 0, 44, 47, 0], [10, 11, 15, 21, 0], [42, 43, 44, 47, 0]]
[[0, 0, 13, 19, 3]]
[[0, 0, 18, 20, 6], [22, 23, 24, 26, 4]]
[[0, 0, 7, 9, 0], [3, 6, 7, 9, 0]]
[[1, 4, 5, 8, 3], [10, 11, 12, 13, 1]]
[[0, 0, 7, 10, 0]]
[[0, 0, 10, 13, 0], [6, 9, 10, 13, 0]]
[[1, 2, 6, 9, 3], [4, 5, 6, 9, 6]]
[[0, 0, 6, 7, 0]]
[[1, 4, 6, 10, 0]]
[]
[[0, 0, 64, 67, 0], [0, 0, 73, 75, 0], [0, 0, 28, 31, 12]]
[[8, 9, 10, 12, 3]]
[[1, 2, 3, 6, 3]]
[[173, 174, 177, 179, 1]]
[[0, 0, 7, 8, 1]]
[[0, 0, 9, 10, 12], [12, 15, 19, 23, 12]]
[[0, 0, 5, 6, 0], [1, 4, 5, 6, 0]]
[]
[[0, 0, 6, 9, 3], [11, 14, 15, 18, 12], [26, 27, 30, 33, 12]]
[[0, 0, 1, 4, 4], [0, 0, 13, 18, 4]]
[[0, 0, 6, 15, 3], [19, 20, 26, 27, 1]]
[[0, 0, 15, 16, 0], [20, 22, 23, 27, 4], [43, 44, 45, 50, 1]]
[[1, 4, 6, 7, 0], [9, 10, 6, 7, 0]]
[[2, 5, 6, 10, 3], [23, 24, 25, 26, 4]]
[[0, 0, 30, 31, 3], [0, 0, 32, 34, 3]]
[[4, 5, 1, 2, 0]]
[[0, 0, 9, 10, 1]]
[[0, 0, 11, 17, 1], [0, 0, 36, 40, 1], [29, 32, 36, 40, 0]]
[[12, 15, 1, 7, 0], [12, 15, 18, 28, 0]]
[[3, 4, 1, 2, 0]]
[[3, 4, 5, 6, 3]]
[[0, 0, 14, 16, 3], [21, 22, 14, 16, 6], [30, 31, 32, 34, 12]]
[[0, 0, 4, 6, 3], [20, 24, 17, 18, 12]]
[[1, 5, 6, 8, 3]]
[[1, 2, 3, 4, 21]]
[[11, 12, 15, 19, 6], [11, 12, 13, 19, 6]]
[[0, 0, 5, 7, 0]]
[[0, 0, 23, 29, 3], [19, 20, 23, 29, 3]]
[]
[[4, 5, 6, 10, 0]]
[[0, 0, 33, 39, 1]]
[[1, 2, 3, 8, 3]]
[[1, 2, 13, 16, 3]]
[[0, 0, 18, 20, 3], [21, 22, 18, 20, 3]]
[[54, 55, 56, 60, 3]]
[[0, 0, 16, 19, 0], [0, 0, 28, 32, 4]]
[[1, 2, 3, 5, 4], [11, 12, 13, 15, 0]]
[[10, 11, 12, 16, 0]]
[[0, 0, 12, 15, 6], [3, 4, 12, 15, 6]]
[[0, 0, 13, 17, 3]]
[[0, 0, 16, 18, 3], [20, 21, 23, 25, 1]]
[[1, 2, 3, 5, 12], [7, 9, 10, 12, 12]]
[]
[[1, 4, 5, 8, 3]]
[[1, 3, 4, 5, 6], [7, 8, 4, 5, 6], [13, 16, 10, 11, 3], [22, 23, 21, 21, 0]]
[[0, 0, 23, 25, 0], [46, 47, 48, 53, 3]]
[[1, 2, 4, 6, 3], [21, 22, 25, 27, 3]]
[[0, 0, 15, 16, 0], [18, 19, 24, 25, 58], [21, 22, 24, 25, 3], [26, 27, 29, 33, 162]]
[[0, 0, 30, 34, 0]]
[[1, 4, 5, 7, 3]]
[[0, 0, 36, 37, 9], [9, 11, 12, 13, 4]]
[[1, 2, 5, 11, 3]]
[[1, 2, 6, 8, 3], [4, 5, 6, 8, 3], [19, 20, 21, 22, 1]]
[[4, 5, 6, 8, 3], [12, 15, 16, 19, 3]]
[[1, 2, 3, 4, 3], [5, 6, 8, 9, 1]]
[[0, 0, 16, 20, 12]]
[[5, 6, 7, 8, 3], [10, 11, 12, 13, 4], [19, 22, 24, 25, 4]]
[[11, 12, 13, 18, 58]]
[[1, 4, 5, 8, 3]]
[[0, 0, 102, 104, 0]]
[[1, 4, 6, 11, 0]]
[]
[[6, 7, 1, 5, 3], [6, 7, 9, 12, 3]]
[[4, 5, 7, 8, 6], [13, 14, 15, 17, 3], [19, 23, 25, 27, 6], [45, 46, 48, 53, 3]]
[[7, 12, 13, 15, 3]]
[[0, 0, 27, 29, 0], [12, 15, 16, 17, 12]]
[[0, 0, 7, 11, 1]]
[[33, 35, 37, 39, 3], [44, 52, 53, 57, 58]]
[[1, 3, 4, 6, 12]]
[[13, 14, 15, 16, 4]]
[[3, 4, 8, 12, 3]]
[[27, 28, 25, 26, 3]]
[[13, 14, 15, 19, 3]]
[[0, 0, 5, 9, 0]]
[[15, 16, 21, 22, 3], [18, 19, 21, 22, 3]]
[[0, 0, 23, 27, 0]]
[[0, 0, 9, 10, 0]]
[]
[[1, 2, 7, 11, 3]]
[[0, 0, 12, 17, 3]]
[[0, 0, 9, 11, 3]]
[]
[[24, 25, 26, 28, 12], [0, 0, 16, 19, 0]]
[[0, 0, 5, 6, 0], [0, 0, 16, 24, 3]]
[[1, 2, 5, 8, 0]]
[[1, 5, 6, 12, 0]]
[[27, 28, 29, 30, 4], [32, 35, 36, 39, 4], [0, 0, 9, 10, 6]]
[[2, 5, 6, 13, 3]]
[[0, 0, 5, 9, 3], [21, 22, 24, 26, 3]]
[[3, 6, 13, 17, 3], [8, 9, 13, 17, 1]]
[[13, 16, 18, 19, 12]]
[[0, 0, 34, 37, 3]]
[[1, 4, 5, 8, 3], [10, 15, 16, 17, 3]]
[]
[]
[[1, 2, 3, 4, 0]]
[[0, 0, 57, 62, 0]]
[[0, 0, 2, 3, 58], [0, 0, 50, 55, 4], [5, 8, 2, 3, 58]]
[[0, 0, 6, 8, 0], [0, 0, 12, 13, 49]]
[[0, 0, 57, 59, 0], [0, 0, 122, 126, 0]]
[[4, 7, 9, 11, 21]]
[[1, 4, 5, 6, 4]]
[[16, 23, 24, 25, 4], [52, 55, 57, 57, 6]]
[[0, 0, 8, 9, 1], [1, 2, 3, 4, 3], [11, 12, 13, 19, 6]]
[[22, 23, 24, 25, 3], [27, 28, 29, 30, 4]]
[[0, 0, 5, 7, 0]]
[[0, 0, 8, 10, 0], [17, 18, 19, 21, 12], [29, 30, 34, 36, 58], [32, 33, 34, 36, 58]]
[[7, 9, 10, 16, 3]]
[[0, 0, 19, 21, 3], [13, 15, 19, 21, 58]]
[[1, 2, 3, 3, 3], [5, 6, 7, 7, 6]]
[[0, 0, 11, 13, 0], [7, 10, 11, 13, 0]]
[[11, 12, 15, 17, 4], [20, 21, 23, 23, 12], [25, 26, 28, 30, 1]]
[[0, 0, 10, 14, 1], [0, 0, 30, 32, 1]]
[[1, 2, 8, 9, 3], [5, 6, 8, 9, 3], [14, 15, 17, 18, 3]]
[]
[[0, 0, 17, 19, 0], [32, 33, 35, 37, 12]]
[[0, 0, 6, 8, 0], [0, 0, 10, 12, 0], [38, 39, 41, 43, 1]]
[[0, 0, 6, 10, 0]]
[[1, 2, 3, 4, 3], [13, 14, 15, 17, 1]]
[[16, 17, 18, 20, 4], [31, 32, 33, 36, 1]]
[[1, 2, 3, 6, 3], [0, 0, 12, 15, 1]]
[[0, 0, 11, 13, 12], [0, 0, 15, 17, 12]]
[[3, 4, 5, 8, 58]]
[[31, 32, 33, 34, 4]]
[[1, 4, 6, 14, 3], [19, 23, 24, 27, 3]]
[[10, 11, 13, 13, 4], [23, 26, 27, 30, 58]]
[[3, 4, 5, 5, 58]]
[[0, 0, 19, 25, 0]]
[[0, 0, 8, 10, 0], [0, 0, 28, 28, 0], [6, 7, 8, 10, 0], [14, 15, 16, 17, 4]]
[[0, 0, 11, 13, 0], [18, 20, 21, 26, 49]]
[[0, 0, 15, 17, 0], [50, 51, 54, 55, 4]]
[[0, 0, 35, 36, 0]]
[[1, 2, 3, 5, 0], [1, 2, 8, 9, 6]]
[[0, 0, 15, 16, 3]]
[[6, 7, 1, 4, 3]]
[[0, 0, 7, 20, 3], [33, 34, 35, 36, 3]]
[[5, 8, 10, 11, 0]]
[[0, 0, 19, 22, 6], [17, 18, 19, 22, 6]]
[]
[[1, 2, 3, 5, 3], [7, 8, 9, 11, 6], [12, 17, 18, 20, 3]]
[[1, 2, 3, 4, 3], [9, 10, 11, 13, 4], [17, 18, 19, 22, 1]]
[[1, 2, 3, 4, 12], [12, 15, 16, 17, 12], [30, 33, 34, 35, 21]]
[[4, 5, 6, 7, 12]]
[[1, 7, 8, 11, 4]]
[[0, 0, 55, 57, 3], [5, 6, 2, 2, 0], [24, 25, 26, 30, 1]]
[]
[[0, 0, 29, 31, 3], [6, 8, 9, 11, 3]]
[]
[[15, 16, 18, 21, 3], [15, 16, 24, 26, 3]]
[[0, 0, 14, 16, 3], [19, 20, 22, 27, 1]]
[[104, 108, 110, 111, 49], [0, 0, 75, 78, 6]]
[[0, 0, 10, 13, 0]]
[[28, 31, 33, 38, 4]]
[[12, 15, 16, 18, 21]]
[[1, 2, 3, 4, 4], [8, 9, 10, 13, 6]]
[[4, 5, 1, 2, 0], [4, 5, 7, 10, 0]]
[]
[[15, 16, 22, 24, 1], [72, 75, 77, 79, 3]]
[[0, 0, 21, 25, 0], [6, 9, 10, 14, 6]]
[]
[[0, 0, 8, 15, 0]]
[[3, 4, 5, 7, 3], [23, 28, 30, 32, 3]]
[[4, 5, 8, 11, 0], [4, 5, 6, 11, 0]]
[]
[]
[[3, 7, 9, 12, 12]]
[[1, 3, 4, 7, 1]]
[[1, 2, 3, 3, 6]]
[[0, 0, 1, 1, 3], [0, 0, 26, 28, 12], [12, 15, 17, 17, 6]]
[[1, 4, 5, 7, 3]]
[[19, 20, 21, 21, 4], [38, 39, 40, 41, 1]]
[[18, 23, 25, 29, 3], [42, 47, 48, 53, 3]]
[]
[[3, 4, 7, 8, 1], [10, 11, 7, 8, 1]]
[[0, 0, 54, 58, 12], [49, 53, 54, 58, 12]]
[[3, 4, 1, 2, 3]]
[[0, 0, 6, 10, 3], [1, 5, 6, 10, 3]]
[[14, 17, 18, 19, 58]]
[[0, 0, 32, 33, 1], [79, 83, 85, 86, 4]]
[[5, 6, 10, 11, 3]]
[[1, 2, 3, 4, 6], [6, 7, 9, 10, 4]]
[[0, 0, 28, 31, 0]]
[[8, 11, 12, 14, 4]]
[[10, 11, 12, 17, 4], [1, 6, 7, 9, 3]]
[[0, 0, 4, 8, 0]]
[]
[[15, 16, 18, 21, 6]]
[[7, 8, 9, 15, 12], [17, 18, 19, 24, 1]]
[[18, 20, 21, 27, 0]]
[[10, 11, 12, 15, 1]]
[[1, 4, 5, 9, 0]]
[[0, 0, 32, 33, 0], [1, 2, 3, 4, 6]]
[[16, 17, 13, 14, 3]]
[[1, 6, 7, 10, 3], [13, 14, 15, 18, 1]]
[[0, 0, 11, 14, 0], [0, 0, 21, 32, 112], [16, 19, 11, 14, 112], [16, 19, 21, 32, 112]]
[[3, 7, 8, 10, 3]]
[[0, 0, 1, 1, 0], [0, 0, 27, 29, 0]]
[[12, 16, 21, 23, 3], [19, 20, 21, 23, 3]]
[[29, 30, 31, 38, 3], [10, 13, 14, 17, 12]]
[[1, 2, 3, 4, 3], [8, 9, 10, 11, 12], [23, 24, 25, 26, 4]]
[[0, 0, 11, 16, 1]]
[[1, 3, 4, 9, 4]]
[[0, 0, 32, 33, 3]]
[[0, 0, 13, 15, 0]]
[[0, 0, 16, 18, 3], [24, 25, 27, 29, 58]]
[[0, 0, 42, 44, 4]]
[[1, 2, 3, 4, 0]]
[[0, 0, 7, 8, 1]]
[[1, 2, 5, 7, 3], [1, 2, 3, 7, 3]]
[[12, 13, 9, 10, 3]]
[[0, 0, 23, 28, 0]]
[[0, 0, 29, 30, 1]]
[[13, 14, 1, 5, 0]]
[[0, 0, 12, 14, 0]]
[[0, 0, 4, 5, 1]]
[[17, 18, 22, 25, 1]]
[[62, 63, 64, 66, 1]]
[[0, 0, 20, 22, 3], [0, 0, 17, 22, 3]]
[[0, 0, 10, 15, 58], [0, 0, 22, 23, 58], [17, 20, 22, 23, 4]]
[[0, 0, 13, 14, 3], [16, 17, 19, 23, 1], [25, 26, 32, 33, 4]]
[[0, 0, 7, 11, 3]]
[[0, 0, 6, 8, 0], [1, 5, 6, 8, 0]]
[[0, 0, 13, 15, 21], [27, 28, 29, 31, 12]]
[[0, 0, 5, 8, 0], [10, 11, 14, 15, 1]]
[[1, 2, 3, 6, 3]]
[[1, 2, 3, 6, 3]]
[]
[[1, 4, 5, 7, 12], [9, 10, 14, 15, 12]]
[[0, 0, 16, 17, 0]]
[[1, 2, 3, 4, 3], [7, 8, 9, 15, 1]]
[[1, 2, 3, 4, 3], [9, 14, 16, 18, 3]]
[[1, 3, 6, 10, 3]]
[]
[[0, 0, 13, 15, 21], [10, 11, 13, 15, 21]]
[[0, 0, 5, 7, 3], [1, 4, 5, 7, 3]]
[[1, 4, 7, 11, 0], [1, 4, 5, 11, 0], [1, 4, 15, 19, 3], [1, 4, 26, 28, 0]]
[[3, 4, 5, 7, 0]]
[[0, 0, 14, 16, 0]]
[[0, 0, 10, 13, 3]]
[[3, 8, 9, 11, 3]]
[[113, 116, 117, 118, 3]]
[[1, 2, 3, 4, 3], [16, 20, 21, 26, 12], [0, 0, 40, 42, 3]]
[[9, 10, 12, 14, 3]]
[[1, 2, 3, 4, 0]]
[[1, 2, 3, 5, 3], [7, 8, 11, 14, 1]]
[[4, 7, 1, 2, 0], [4, 7, 8, 13, 0]]
[[12, 13, 14, 18, 3], [20, 25, 26, 32, 3], [1, 7, 8, 10, 3]]
[[0, 0, 9, 12, 12], [38, 39, 40, 41, 6], [43, 44, 45, 46, 3], [53, 54, 55, 56, 4]]
[[1, 4, 5, 6, 3]]
[[29, 30, 32, 34, 4], [25, 30, 32, 34, 4]]
[[3, 4, 5, 7, 3]]
[[0, 0, 31, 33, 0], [28, 29, 31, 33, 6]]
[[1, 2, 3, 5, 3]]
[[4, 5, 11, 16, 0], [20, 21, 24, 27, 4], [28, 30, 33, 34, 4]]
[[0, 0, 12, 15, 3], [0, 0, 26, 29, 3]]
[[1, 2, 3, 6, 3]]
[[0, 0, 7, 9, 0], [11, 12, 14, 14, 3]]
[[15, 16, 18, 21, 3], [23, 24, 25, 26, 58], [34, 35, 37, 38, 58]]
[]
[[0, 0, 5, 7, 1], [9, 10, 12, 14, 1]]
[[0, 0, 58, 64, 12]]
[[35, 36, 37, 38, 1]]
[[0, 0, 20, 21, 6], [23, 24, 25, 25, 6], [37, 40, 41, 41, 12]]
[[1, 2, 4, 7, 3]]
[[0, 0, 5, 8, 3], [0, 0, 28, 37, 3]]
[[3, 4, 5, 10, 1]]
[[0, 0, 12, 16, 0]]
[]
[[82, 83, 85, 89, 1]]
[[0, 0, 29, 30, 0]]
[[1, 2, 3, 4, 3]]
[[1, 2, 3, 4, 3], [17, 20, 13, 15, 58], [17, 20, 21, 23, 58]]
[[0, 0, 17, 18, 1]]
[[13, 14, 15, 18, 4], [24, 25, 26, 30, 1]]
[[0, 0, 8, 10, 0]]
[[10, 11, 13, 14, 1], [0, 0, 16, 17, 1]]
[[0, 0, 35, 36, 3], [13, 14, 15, 17, 4]]
[[3, 4, 8, 11, 6], [19, 20, 21, 22, 4]]
[[9, 10, 11, 15, 4], [17, 18, 21, 24, 58]]
[[27, 30, 33, 35, 58], [27, 30, 31, 35, 58]]
[]
[[1, 5, 6, 8, 0]]
[[1, 2, 3, 5, 0]]
[[0, 0, 10, 12, 0], [0, 0, 15, 17, 0]]
[]
[]
[[13, 14, 1, 2, 0], [13, 14, 4, 5, 0]]
[[40, 43, 38, 39, 12], [40, 43, 49, 50, 12], [45, 48, 49, 50, 12], [54, 55, 52, 53, 4]]
[]
[[8, 9, 1, 6, 0], [8, 9, 11, 16, 0]]
[[90, 91, 93, 96, 1]]
[[0, 0, 13, 15, 4], [18, 20, 21, 23, 4]]
[]
[[0, 0, 16, 20, 12]]
[[0, 0, 19, 22, 12], [3, 4, 5, 10, 3]]
[[0, 0, 7, 9, 1], [13, 14, 11, 11, 1], [13, 14, 16, 21, 1]]
[[35, 38, 39, 40, 3], [0, 0, 43, 46, 1]]
[[4, 5, 6, 12, 3]]
[[1, 2, 3, 6, 4]]
[[0, 0, 8, 10, 0], [0, 0, 23, 25, 0], [4, 7, 8, 10, 0]]
[]
[[28, 31, 33, 39, 58], [50, 51, 52, 54, 58], [62, 63, 65, 68, 6]]
[[3, 4, 5, 6, 3]]
[[0, 0, 10, 12, 3]]
[[1, 4, 5, 6, 12]]
[[23, 24, 17, 20, 1]]
[]
[[0, 0, 9, 10, 0]]
[[3, 4, 7, 10, 0], [11, 12, 7, 10, 0]]
[]
[[1, 2, 3, 5, 12], [7, 8, 12, 14, 3]]
[[1, 4, 5, 6, 58]]
[[7, 8, 9, 12, 3]]
[[1, 6, 7, 8, 3]]
[[0, 0, 3, 4, 0], [9, 12, 13, 19, 4]]
[[5, 11, 13, 17, 0]]
[[1, 2, 3, 4, 3]]
[]
[[0, 0, 8, 10, 3]]
[[12, 13, 14, 19, 1]]
[[1, 9, 10, 15, 3]]
[[0, 0, 32, 34, 0], [0, 0, 78, 81, 6], [67, 68, 78, 81, 6]]
[[0, 0, 4, 5, 0], [0, 0, 70, 72, 58], [50, 51, 55, 60, 58]]
[[0, 0, 27, 29, 1]]
[[1, 2, 3, 4, 12]]
[[1, 2, 13, 16, 4], [4, 5, 13, 16, 3], [7, 8, 13, 16, 6], [10, 11, 13, 16, 1]]
[[0, 0, 34, 35, 12], [0, 0, 37, 41, 12]]
[[0, 0, 22, 24, 0], [26, 27, 32, 34, 6]]
[[0, 0, 21, 22, 0]]
[[0, 0, 24, 29, 0], [7, 9, 10, 16, 0]]
[[0, 0, 7, 9, 3]]
[]
[[10, 11, 14, 18, 1]]
[[3, 4, 9, 10, 1], [7, 8, 9, 10, 1]]
[[0, 0, 13, 17, 0], [9, 12, 13, 17, 0]]
[[1, 2, 3, 8, 3]]
[[1, 4, 6, 8, 3]]
[[0, 0, 30, 32, 4]]
[[0, 0, 129, 130, 3]]
[]
[[0, 0, 8, 9, 4], [16, 17, 18, 23, 3]]
[[0, 0, 21, 22, 3], [37, 38, 39, 42, 3]]
[[1, 2, 3, 9, 3], [13, 14, 15, 19, 3]]
[[1, 2, 3, 5, 3], [7, 8, 9, 11, 1]]
[[8, 9, 11, 12, 3]]
[[0, 0, 32, 38, 0], [55, 56, 52, 53, 4]]
[[73, 74, 77, 80, 21], [82, 84, 86, 87, 4]]
[[1, 2, 3, 8, 6]]
[[0, 0, 23, 24, 0]]
[]
[[0, 0, 20, 25, 0], [0, 0, 39, 45, 49]]
[[4, 5, 1, 2, 3], [7, 8, 9, 13, 3]]
[[0, 0, 15, 19, 3]]
[[10, 11, 14, 16, 1], [10, 11, 12, 16, 1]]
[[0, 0, 55, 57, 0]]
[[0, 0, 22, 23, 3]]
[[0, 0, 5, 8, 0], [0, 0, 16, 21, 0]]
[[1, 2, 3, 7, 3], [9, 12, 13, 14, 3], [16, 21, 22, 24, 12]]
[[7, 8, 10, 11, 1]]
[[1, 3, 7, 10, 4]]
[[9, 10, 7, 8, 3], [12, 13, 3, 4, 0], [12, 13, 7, 8, 0]]
[[0, 0, 30, 33, 12]]
[[12, 15, 16, 17, 3], [30, 31, 33, 34, 3]]
[[0, 0, 134, 136, 4], [0, 0, 150, 156, 1], [129, 132, 134, 136, 58]]
[[0, 0, 26, 27, 4], [0, 0, 31, 32, 12], [28, 29, 26, 27, 4], [33, 36, 31, 32, 12], [33, 36, 42, 45, 12], [38, 41, 42, 45, 12]]
[[1, 4, 6, 8, 6]]
[[1, 2, 3, 7, 0]]
[[16, 17, 19, 20, 3]]
[[9, 10, 17, 19, 6], [13, 14, 17, 19, 3]]
[[2, 3, 4, 5, 3], [16, 17, 18, 24, 0]]
[[1, 2, 3, 6, 3]]
[[5, 11, 13, 16, 4]]
[[0, 0, 8, 10, 1], [0, 0, 30, 31, 0], [0, 0, 33, 35, 49], [45, 46, 50, 52, 0]]
[[2, 5, 6, 11, 1]]
[[0, 0, 66, 68, 4]]
[[17, 18, 19, 22, 21]]
[[9, 10, 13, 14, 1], [16, 18, 19, 21, 1]]
[[8, 9, 14, 17, 12], [19, 20, 21, 29, 4], [43, 44, 46, 48, 6]]
[[3, 4, 1, 2, 3]]
[[0, 0, 31, 34, 1], [39, 40, 41, 43, 1]]
[[0, 0, 7, 8, 3]]
[[1, 2, 3, 4, 3]]
[[0, 0, 17, 20, 3], [34, 35, 37, 38, 6]]
[[1, 2, 3, 6, 6], [9, 10, 12, 14, 6]]
[[0, 0, 5, 8, 3]]
[[0, 0, 10, 13, 6]]
[[6, 7, 3, 4, 3], [11, 12, 15, 22, 6], [0, 0, 37, 40, 1]]
[[0, 0, 17, 18, 3], [27, 30, 32, 33, 3]]
[[0, 0, 1, 2, 6], [0, 0, 9, 12, 3], [7, 8, 9, 12, 3]]
[[66, 69, 71, 73, 49]]
[[41, 42, 43, 47, 0]]
[]
[]
[[20, 21, 22, 24, 1]]
[[0, 0, 27, 27, 1]]
[[9, 10, 13, 14, 0]]
[]
[[1, 2, 3, 5, 12]]
[[0, 0, 16, 18, 0], [1, 2, 3, 5, 0]]
[[8, 9, 10, 12, 6], [18, 19, 24, 27, 6], [21, 22, 24, 27, 4]]
[[0, 0, 17, 18, 3], [20, 21, 17, 18, 3], [28, 29, 25, 26, 12], [28, 29, 33, 35, 12]]
[[0, 0, 16, 20, 58]]
[[0, 0, 13, 16, 4], [11, 12, 13, 16, 4]]
[[0, 0, 43, 45, 6]]
[[4, 5, 1, 2, 3], [4, 5, 6, 7, 3], [9, 11, 6, 7, 3], [9, 11, 15, 17, 3]]
[[20, 23, 24, 25, 3], [42, 45, 46, 49, 3], [52, 53, 54, 55, 4]]
[[1, 3, 5, 8, 3], [12, 16, 17, 19, 3]]
[[0, 0, 5, 11, 0]]
[[0, 0, 21, 24, 112]]
[[2, 3, 4, 8, 0]]
[[23, 24, 25, 27, 4], [36, 44, 30, 31, 0]]
[[0, 0, 24, 27, 3]]
[[5, 8, 1, 3, 0]]
[]
[[0, 0, 7, 9, 0], [15, 16, 17, 19, 1]]
[[0, 0, 42, 44, 1]]
[[0, 0, 11, 15, 58]]
[[0, 0, 143, 144, 0], [147, 148, 150, 151, 6]]
[[0, 0, 12, 14, 0]]
[[74, 75, 78, 80, 12]]
[[0, 0, 7, 9, 3]]
[[0, 0, 15, 17, 3]]
[[0, 0, 19, 21, 0]]
[[0, 0, 14, 15, 1], [16, 17, 14, 15, 1]]
[[29, 30, 32, 35, 58]]
[[117, 120, 122, 124, 12]]
[[1, 2, 3, 8, 3]]
[[13, 14, 15, 21, 6], [36, 39, 43, 48, 21]]
[[41, 42, 43, 45, 1]]
[[0, 0, 7, 9, 0]]
[[1, 2, 5, 10, 58]]
[[56, 57, 58, 61, 58], [63, 64, 65, 65, 21]]
[[3, 4, 5, 6, 0], [42, 45, 46, 48, 12]]
[]
[[3, 4, 1, 2, 4]]
[[0, 0, 13, 16, 3], [11, 12, 13, 16, 3], [18, 21, 23, 25, 3]]
[]
[[0, 0, 3, 7, 0], [13, 14, 16, 17, 0], [34, 35, 37, 38, 1]]
[[0, 0, 5, 7, 0]]
[]
[[1, 2, 3, 7, 3]]
[[0, 0, 10, 11, 0], [0, 0, 20, 21, 1], [15, 19, 20, 21, 1]]
[[0, 0, 56, 57, 4]]
[[98, 99, 100, 100, 6], [102, 104, 106, 108, 12]]
[[20, 21, 22, 26, 3]]
[[24, 25, 26, 28, 4], [55, 56, 49, 50, 6], [62, 64, 72, 78, 4], [80, 81, 72, 78, 3]]
[[1, 6, 16, 21, 3], [22, 23, 26, 29, 4]]
[[17, 20, 22, 23, 3]]
[]
[[0, 0, 39, 40, 1]]
[[1, 2, 3, 4, 3]]
[[0, 0, 3, 4, 3], [9, 10, 11, 11, 3], [12, 13, 14, 21, 3]]
[[1, 2, 3, 7, 3]]
[[6, 7, 1, 4, 3]]
[[0, 0, 4, 8, 3]]
[[0, 0, 17, 25, 3], [5, 6, 7, 10, 3], [32, 33, 29, 30, 3], [32, 33, 36, 41, 3]]
[[0, 0, 8, 13, 3], [0, 0, 26, 28, 0]]
[[1, 2, 7, 10, 3]]
[]
[[0, 0, 7, 9, 0]]
[[1, 2, 3, 4, 3]]
[[4, 5, 6, 7, 3], [9, 10, 11, 13, 3], [16, 17, 19, 20, 1]]
[]
[[1, 5, 6, 12, 3]]
[[12, 15, 16, 18, 103]]
[[40, 43, 45, 48, 49]]
[[0, 0, 7, 8, 0]]
[[0, 0, 26, 30, 4], [0, 0, 39, 42, 3]]
[[1, 8, 9, 11, 4]]
[[1, 5, 6, 7, 7]]
[[1, 4, 5, 6, 8]]
[[4, 5, 9, 11, 15]]
[[1, 7, 15, 16, 7]]
[[3, 6, 7, 10, 7], [3, 6, 15, 18, 7]]
[[1, 4, 6, 7, 8]]
[[27, 29, 24, 25, 7], [9, 14, 24, 25, 7]]
[[1, 3, 4, 6, 7]]
[[1, 3, 8, 9, 8], [7, 7, 8, 9, 8], [11, 12, 13, 14, 7]]
[[4, 7, 9, 12, 20]]
[]
[[1, 2, 5, 6, 7]]
[[1, 2, 4, 5, 15]]
[[1, 2, 3, 5, 7]]
[[1, 8, 9, 10, 7]]
[[7, 8, 3, 4, 7]]
[[6, 8, 9, 12, 7]]
[[4, 8, 9, 13, 7]]
[[6, 9, 10, 13, 20]]
[]
[[8, 9, 10, 13, 7]]
[[4, 8, 9, 10, 7]]
[[1, 6, 9, 10, 7]]
[[1, 4, 5, 7, 7]]
[[1, 4, 5, 7, 15]]
[[7, 8, 9, 10, 8], [1, 8, 9, 10, 8]]
[]
[[1, 4, 5, 6, 7], [1, 4, 8, 10, 7]]
[[1, 2, 3, 5, 7]]
[[1, 2, 4, 8, 7]]
[[1, 4, 7, 8, 8], [1, 6, 7, 8, 8]]
[[1, 2, 6, 7, 7], [1, 2, 9, 10, 7]]
[[1, 2, 3, 5, 20]]
[[1, 4, 6, 9, 8]]
[[1, 2, 3, 6, 7]]
[[1, 3, 4, 7, 7]]
[[1, 3, 4, 5, 7], [7, 8, 9, 10, 8]]
[[1, 4, 5, 10, 7]]
[[1, 5, 6, 7, 7]]
[[3, 4, 19, 21, 7], [6, 8, 19, 21, 7], [10, 12, 19, 21, 7], [14, 17, 19, 21, 7]]
[[6, 9, 10, 13, 7]]
[[1, 4, 5, 6, 8], [1, 4, 8, 10, 7]]
[[1, 4, 5, 8, 7]]
[[1, 4, 8, 10, 7]]
[[1, 4, 11, 13, 7], [6, 7, 11, 13, 7]]
[[1, 2, 3, 5, 7]]
[[1, 3, 9, 12, 7], [5, 6, 9, 12, 7]]
[[1, 3, 4, 5, 7]]
[[4, 5, 6, 7, 7], [9, 10, 11, 12, 7], [4, 10, 11, 12, 7]]
[[1, 2, 5, 6, 7]]
[[5, 6, 7, 9, 8]]
[[1, 2, 3, 4, 7]]
[[1, 4, 5, 5, 20], [7, 10, 11, 12, 20]]
[[1, 4, 5, 6, 7]]
[[1, 2, 3, 5, 7]]
[[6, 7, 12, 13, 1]]
[[1, 2, 7, 8, 7]]
[[1, 2, 11, 14, 7]]
[[6, 8, 10, 11, 7]]
[[3, 4, 7, 8, 7], [14, 17, 18, 19, 7], [21, 22, 23, 24, 7]]
[[1, 1, 4, 5, 7]]
[[1, 2, 3, 4, 15], [8, 9, 10, 11, 4]]
[[1, 6, 8, 9, 8]]
[[6, 7, 1, 2, 7], [6, 7, 3, 4, 7]]
[[1, 2, 17, 19, 7]]
[[6, 7, 1, 3, 7]]
[[1, 4, 5, 7, 7]]
[[1, 6, 8, 10, 7]]
[[10, 13, 14, 17, 8]]
[[1, 2, 3, 8, 7]]
[[6, 7, 9, 10, 1], [3, 7, 9, 10, 1]]
[[1, 3, 6, 7, 7], [1, 3, 9, 14, 7]]
[[3, 6, 1, 2, 7], [11, 12, 8, 9, 7], [11, 12, 15, 17, 7], [11, 12, 18, 21, 7]]
[[1, 2, 3, 6, 7]]
[[1, 2, 3, 9, 7], [12, 15, 16, 18, 7]]
[[1, 4, 6, 8, 7]]
[[11, 12, 4, 7, 7]]
[[5, 6, 10, 14, 7]]
[[1, 7, 8, 10, 7]]
[[9, 9, 13, 14, 7], [9, 9, 19, 21, 7]]
[[1, 5, 13, 15, 7], [23, 24, 25, 27, 7]]
[[21, 22, 23, 24, 7]]
[[1, 3, 7, 12, 7]]
[[1, 7, 8, 10, 6]]
[[1, 3, 6, 9, 7]]
[[16, 17, 24, 26, 7], [9, 11, 12, 13, 8], [1, 6, 24, 26, 7]]
[[11, 11, 14, 16, 7], [3, 5, 6, 9, 7]]
[[1, 2, 3, 4, 8], [5, 9, 10, 11, 8]]
[[6, 9, 1, 4, 7], [6, 9, 17, 18, 7]]
[[1, 2, 3, 6, 15], [8, 10, 3, 6, 15]]
[[1, 4, 5, 6, 7]]
[[16, 17, 19, 21, 7]]
[[1, 2, 3, 4, 7]]
[[1, 2, 7, 10, 1]]
[[1, 4, 5, 6, 7], [1, 4, 7, 9, 7]]
[[0, 0, 13, 16, 0]]
[[1, 3, 4, 6, 7]]
[[11, 12, 8, 9, 8]]
[[1, 3, 8, 10, 7]]
[[1, 2, 4, 6, 7]]
[]
[[0, 0, 18, 21, 0], [13, 13, 18, 21, 7]]
[[3, 4, 5, 6, 7]]
[[6, 7, 14, 15, 7], [22, 23, 24, 25, 8], [26, 27, 28, 30, 7]]
[[1, 2, 3, 7, 7]]
[[1, 2, 3, 4, 7]]
[[1, 4, 5, 6, 7]]
[[1, 4, 5, 7, 7], [9, 10, 14, 15, 8]]
[[1, 2, 3, 5, 15], [1, 2, 9, 11, 15]]
[[1, 4, 5, 6, 7]]
[[4, 5, 6, 7, 7]]
[[1, 2, 3, 4, 7]]
[[2, 5, 8, 10, 7]]
[[1, 2, 3, 5, 7]]
[[1, 5, 6, 7, 7], [1, 5, 8, 10, 7]]
[[1, 5, 6, 7, 7]]
[[6, 9, 12, 14, 8]]
[[5, 7, 1, 3, 7]]
[[1, 2, 3, 4, 7]]
[[1, 4, 5, 6, 1]]
[[1, 4, 9, 11, 7], [6, 7, 9, 11, 7]]
[[1, 8, 10, 14, 8]]
[[1, 4, 5, 6, 7]]
[[1, 4, 5, 6, 7], [9, 11, 12, 15, 8]]
[[12, 13, 14, 17, 7], [1, 8, 9, 10, 7]]
[[1, 2, 3, 4, 7], [1, 2, 5, 7, 7]]
[[6, 11, 1, 4, 7]]
[[5, 6, 8, 13, 7], [19, 20, 15, 16, 7]]
[[1, 3, 5, 6, 7]]
[[1, 2, 9, 11, 7], [4, 5, 9, 11, 7]]
[[1, 2, 3, 5, 7]]
[[1, 2, 7, 10, 7]]
[[1, 2, 6, 7, 7], [9, 10, 11, 12, 1], [9, 10, 13, 15, 1]]
[[1, 4, 5, 6, 8]]
[[1, 6, 7, 8, 7], [9, 13, 14, 15, 7], [17, 18, 20, 23, 7], [17, 18, 26, 28, 7]]
[[1, 2, 3, 4, 8], [1, 2, 9, 10, 7], [6, 8, 3, 4, 8], [6, 8, 9, 10, 7]]
[[1, 6, 8, 14, 7]]
[[9, 12, 1, 3, 7], [14, 15, 1, 3, 7]]
[[1, 4, 5, 8, 7]]
[[16, 17, 12, 14, 7]]
[[1, 4, 10, 11, 7], [15, 17, 18, 19, 7]]
[]
[[1, 2, 5, 6, 7], [1, 2, 9, 11, 7]]
[[3, 6, 8, 10, 7]]
[[2, 3, 6, 7, 7]]
[[1, 4, 5, 8, 7]]
[[4, 8, 11, 13, 8]]
[[7, 9, 3, 4, 7]]
[[1, 5, 6, 8, 7], [1, 5, 14, 17, 7]]
[[5, 8, 9, 10, 7]]
[[1, 4, 5, 8, 20]]
[[1, 3, 4, 6, 7]]
[[1, 2, 10, 11, 7], [1, 2, 16, 18, 7]]
[[1, 2, 3, 8, 7]]
[[1, 2, 0, 0, 7], [1, 2, 3, 5, 7]]
[[1, 2, 4, 5, 15]]
[[1, 2, 10, 12, 7], [1, 2, 7, 8, 7]]
[[1, 2, 6, 8, 8], [11, 12, 13, 14, 8]]
[[7, 13, 15, 17, 7]]
[[2, 3, 5, 8, 7]]
[[1, 3, 4, 5, 8]]
[[1, 2, 3, 4, 7]]
[[1, 4, 5, 8, 7], [1, 4, 5, 6, 7], [1, 4, 7, 8, 7]]
[[1, 2, 3, 6, 25]]
[[1, 2, 3, 4, 7], [5, 8, 10, 12, 7]]
[[1, 5, 7, 9, 7]]
[[1, 3, 5, 8, 7]]
[[16, 17, 20, 23, 7], [16, 17, 27, 30, 7]]
[[4, 5, 7, 8, 8], [14, 15, 16, 19, 1]]
[[1, 2, 3, 5, 7]]
[[1, 3, 4, 6, 7]]
[[1, 3, 4, 7, 7], [1, 3, 12, 14, 7]]
[[7, 11, 12, 14, 7]]
[[5, 6, 7, 8, 4]]
[[15, 16, 17, 20, 7]]
[[3, 6, 7, 9, 8]]
[[7, 10, 11, 14, 7]]
[[1, 3, 4, 5, 7]]
[[6, 7, 8, 9, 1], [14, 15, 17, 20, 8]]
[[5, 5, 6, 9, 8]]
[[1, 2, 3, 5, 7], [6, 8, 9, 13, 7]]
[[1, 4, 5, 8, 7], [11, 12, 13, 14, 7]]
[[4, 5, 15, 17, 8], [26, 27, 31, 33, 7], [28, 29, 31, 33, 7], [4, 8, 9, 11, 7], [4, 8, 15, 17, 8], [4, 8, 31, 33, 7], [26, 29, 31, 33, 7]]
[[5, 6, 9, 9, 7], [11, 13, 18, 19, 7], [16, 17, 18, 19, 1]]
[[3, 6, 9, 12, 15]]
[[1, 2, 5, 8, 7], [9, 10, 11, 12, 7], [9, 10, 14, 16, 7]]
[[3, 5, 6, 7, 8], [3, 5, 8, 10, 8]]
[[18, 20, 15, 16, 7]]
[[1, 2, 3, 4, 7]]
[[1, 6, 7, 7, 8]]
[[1, 3, 4, 5, 7]]
[[15, 17, 12, 13, 7]]
[[5, 6, 7, 10, 20]]
[[3, 4, 5, 8, 8]]
[[1, 1, 5, 10, 7]]
[[4, 6, 8, 9, 8]]
[[1, 4, 5, 6, 20], [7, 10, 11, 12, 7]]
[[1, 2, 3, 4, 7]]
[[6, 7, 2, 3, 7]]
[[1, 4, 10, 12, 20]]
[[1, 4, 8, 9, 7], [6, 7, 8, 9, 7]]
[[33, 33, 34, 36, 7], [1, 5, 26, 28, 7]]
[[1, 3, 4, 11, 7]]
[[3, 3, 4, 6, 7]]
[[1, 2, 5, 7, 25]]
[[1, 3, 4, 4, 7], [15, 16, 17, 20, 7]]
[[1, 7, 11, 14, 7]]
[[1, 2, 6, 10, 7], [12, 14, 15, 16, 7]]
[[5, 7, 1, 4, 7], [12, 14, 1, 4, 7]]
[[1, 5, 6, 7, 7]]
[[7, 9, 11, 12, 4], [16, 17, 18, 21, 25]]
[[6, 9, 1, 2, 7]]
[[1, 3, 14, 17, 7]]
[[1, 2, 3, 6, 7]]
[[1, 4, 5, 8, 6]]
[[4, 5, 6, 8, 8]]
[[3, 4, 9, 11, 7]]
[[1, 2, 0, 0, 7]]
[[1, 2, 3, 4, 12], [1, 2, 8, 11, 12], [15, 16, 17, 18, 8]]
[[15, 16, 17, 19, 8]]
[[1, 2, 4, 6, 7]]
[[6, 9, 10, 12, 7]]
[[0, 0, 13, 16, 7], [0, 0, 20, 23, 7]]
[[1, 2, 4, 4, 7]]
[[1, 3, 11, 13, 7], [8, 9, 11, 13, 7]]
[[1, 4, 5, 6, 7], [1, 4, 7, 8, 7]]
[[3, 7, 8, 11, 15]]
[[1, 4, 12, 14, 7]]
[[8, 9, 10, 12, 25]]
[[1, 2, 3, 6, 7]]
[[4, 5, 10, 13, 7], [7, 8, 10, 13, 7]]
[[3, 4, 5, 8, 7], [18, 20, 21, 23, 7]]
[[1, 6, 12, 15, 8]]
[[1, 2, 5, 7, 7], [1, 2, 11, 14, 7]]
[[3, 8, 12, 13, 20]]
[[4, 5, 6, 8, 8]]
[[1, 3, 4, 6, 7], [1, 3, 9, 11, 7]]
[[5, 7, 12, 12, 7], [5, 7, 14, 15, 7]]
[[1, 2, 29, 32, 7]]
[[4, 5, 6, 9, 8]]
[[1, 2, 5, 7, 7], [8, 9, 10, 10, 8], [12, 13, 14, 15, 7]]
[[1, 6, 7, 8, 7]]
[[1, 4, 5, 6, 7]]
[[5, 6, 7, 11, 8]]
[[5, 6, 7, 8, 7]]
[[1, 5, 8, 11, 7]]
[[1, 4, 7, 11, 7]]
[[1, 3, 7, 8, 7]]
[[1, 2, 3, 6, 7], [1, 2, 3, 4, 7], [1, 2, 5, 6, 7]]
[[1, 5, 7, 13, 7]]
[[9, 11, 4, 7, 0]]
[[4, 7, 8, 9, 8]]
[[1, 2, 3, 4, 7]]
[[1, 6, 27, 29, 7], [21, 24, 27, 29, 8]]
[[0, 0, 12, 15, 1], [4, 8, 12, 15, 7]]
[[1, 3, 4, 7, 7]]
[[1, 4, 5, 6, 7]]
[[1, 2, 3, 4, 4], [1, 2, 5, 9, 4]]
[[1, 4, 5, 6, 7]]
[[1, 6, 9, 10, 8]]
[[1, 2, 7, 8, 7], [5, 5, 7, 8, 7]]
[[11, 14, 3, 5, 7], [11, 14, 17, 19, 7]]
[[4, 6, 7, 8, 7]]
[[1, 4, 8, 9, 7], [1, 4, 17, 20, 7]]
[[1, 4, 5, 6, 7]]
[[15, 16, 10, 11, 0]]
[[1, 9, 10, 13, 7]]
[[4, 7, 2, 3, 7]]
[[1, 7, 8, 9, 7], [6, 7, 8, 9, 7]]
[[4, 5, 7, 9, 7]]
[[3, 6, 7, 7, 7]]
[[1, 5, 6, 7, 7]]
[[6, 7, 8, 9, 20], [11, 12, 14, 16, 20]]
[[2, 5, 6, 7, 7]]
[[1, 4, 8, 12, 7]]
[[1, 2, 3, 4, 7]]
[[1, 2, 3, 5, 7], [1, 2, 8, 9, 8], [1, 2, 10, 12, 7]]
[[1, 4, 5, 8, 7]]
[[1, 2, 3, 5, 7], [1, 2, 6, 9, 7]]
[[1, 2, 3, 5, 8]]
[[1, 4, 8, 11, 7]]
[[1, 2, 5, 6, 7]]
[[8, 9, 5, 6, 7]]
[[4, 6, 17, 19, 7]]
[[10, 11, 14, 15, 8], [19, 21, 24, 25, 8]]
[[1, 2, 3, 5, 7]]
[[10, 13, 6, 9, 7]]
[[11, 14, 15, 19, 7]]
[[1, 2, 8, 10, 7]]
[[2, 3, 4, 5, 7], [7, 8, 9, 13, 7]]
[[1, 2, 3, 5, 7], [7, 9, 10, 12, 7]]
[[1, 2, 5, 7, 7], [1, 2, 19, 22, 8]]
[[1, 5, 6, 9, 7]]
[[1, 3, 4, 5, 7]]
[[2, 2, 3, 9, 7]]
[[8, 10, 3, 4, 7]]
[[1, 2, 3, 5, 7]]
[[4, 10, 15, 18, 7]]
[]
[[1, 2, 8, 12, 7]]
[[1, 4, 13, 18, 7], [7, 8, 13, 18, 7]]
[[2, 2, 5, 9, 7]]
[[4, 5, 9, 11, 20]]
[[3, 6, 9, 10, 7]]
[[3, 5, 1, 2, 7], [1, 8, 9, 10, 7]]
[[1, 5, 10, 11, 7]]
[[1, 4, 5, 6, 7]]
[[1, 3, 9, 13, 7]]
[]
[[5, 6, 23, 25, 7]]
[[4, 6, 1, 3, 7], [4, 6, 9, 10, 7]]
[[1, 5, 11, 12, 7], [7, 9, 11, 12, 7]]
[[7, 9, 1, 5, 7]]
[[1, 2, 4, 6, 7]]
[[1, 6, 10, 14, 7]]
[[1, 2, 4, 7, 7]]
[[7, 9, 4, 6, 7], [7, 9, 15, 16, 7], [7, 9, 21, 25, 7], [13, 14, 15, 16, 7]]
[[1, 3, 4, 10, 7], [1, 3, 9, 10, 7], [12, 13, 14, 15, 6]]
[[1, 2, 3, 6, 7]]
[[9, 10, 11, 12, 7], [9, 10, 13, 15, 7], [1, 3, 4, 7, 7]]
[[1, 4, 7, 9, 7], [12, 12, 14, 16, 8]]
[[1, 4, 5, 8, 7], [1, 4, 7, 8, 7], [10, 12, 14, 19, 7]]
[[1, 3, 4, 6, 7], [1, 3, 12, 13, 7]]
[[3, 4, 5, 6, 7]]
[[1, 6, 9, 10, 7]]
[[8, 9, 11, 13, 7]]
[[10, 11, 12, 14, 1], [1, 2, 3, 7, 4]]
[[3, 5, 6, 8, 12], [3, 5, 12, 13, 7]]
[]
[[6, 7, 1, 4, 7]]
[[1, 6, 7, 10, 12]]
[[1, 2, 3, 4, 7], [1, 2, 5, 7, 7]]
[[3, 6, 8, 10, 15]]
[[1, 5, 6, 9, 7]]
[[1, 4, 10, 11, 7], [8, 9, 10, 11, 7]]
[[1, 2, 3, 6, 7]]
[[1, 5, 6, 9, 7]]
[]
[[1, 2, 3, 6, 7]]
[[1, 5, 6, 9, 7]]
[[1, 2, 3, 4, 7], [1, 2, 8, 8, 8]]
[[1, 4, 5, 7, 7]]
[[2, 3, 4, 7, 7], [2, 3, 5, 7, 7]]
[[1, 7, 11, 13, 7]]
[[1, 4, 5, 7, 7]]
[[4, 5, 7, 9, 8]]
[[1, 3, 4, 5, 7]]
[[5, 8, 2, 3, 7]]
[[1, 2, 4, 5, 8]]
[[6, 6, 12, 15, 7], [8, 9, 12, 15, 7], [22, 25, 27, 29, 7]]
[[1, 4, 5, 6, 8]]
[[7, 8, 19, 20, 7]]
[[3, 7, 8, 13, 7], [14, 15, 16, 17, 7]]
[[1, 2, 3, 4, 7]]
[[1, 7, 8, 10, 7]]
[[1, 6, 7, 10, 7]]
[[0, 0, 9, 12, 15], [3, 4, 9, 12, 15]]
[[1, 4, 5, 6, 7]]
[[4, 6, 7, 9, 7]]
[[1, 2, 3, 6, 7], [1, 2, 7, 8, 7]]
[[1, 3, 6, 9, 7], [1, 3, 11, 14, 7], [15, 16, 17, 18, 7]]
[[3, 6, 7, 10, 7]]
[[0, 0, 13, 17, 1], [11, 12, 13, 17, 1]]
[[1, 2, 8, 10, 7]]
[[9, 14, 6, 7, 8], [9, 14, 19, 22, 7]]
[[3, 4, 5, 9, 15]]
[[1, 3, 4, 10, 12]]
[[6, 7, 8, 9, 7]]
[[1, 2, 3, 6, 8], [7, 8, 9, 9, 8]]
[[0, 0, 12, 14, 7], [5, 8, 0, 0, 7], [5, 8, 12, 14, 7], [16, 17, 0, 0, 7]]
[[15, 16, 4, 7, 15], [15, 16, 11, 13, 15]]
[[1, 2, 3, 4, 7]]
[[1, 2, 3, 4, 7], [1, 2, 5, 8, 7]]
[[3, 5, 7, 8, 7], [3, 5, 12, 13, 7]]
[[1, 3, 4, 7, 7]]
[[1, 4, 5, 6, 15]]
[[1, 4, 5, 11, 7]]
[[1, 4, 5, 6, 4]]
[[1, 4, 5, 6, 7]]
[[1, 9, 10, 11, 7]]
[[1, 4, 6, 9, 7]]
[[1, 5, 6, 8, 7]]
[[1, 6, 8, 11, 7]]
[[1, 2, 3, 4, 7]]
[[1, 5, 16, 17, 7], [7, 10, 16, 17, 7]]
[[1, 2, 4, 9, 20]]
[[1, 2, 7, 10, 8]]
[[1, 2, 13, 16, 7], [4, 5, 13, 16, 7], [10, 11, 13, 16, 7]]
[[7, 8, 9, 10, 7], [19, 20, 21, 22, 7]]
[[3, 4, 6, 7, 15], [9, 14, 16, 17, 7]]
[[1, 4, 5, 6, 7]]
[[5, 6, 1, 3, 7]]
[[1, 2, 3, 4, 7]]
[[1, 3, 0, 0, 7]]
[[1, 2, 3, 4, 15], [1, 2, 5, 6, 15], [7, 9, 11, 12, 20]]
[[1, 3, 5, 12, 7], [1, 3, 10, 12, 7]]
[[1, 4, 5, 7, 7], [1, 4, 12, 15, 7], [9, 11, 12, 15, 7], [17, 20, 21, 22, 7]]
[[3, 3, 4, 5, 7]]
[[1, 4, 5, 6, 7]]
[[1, 2, 4, 5, 7]]
[[1, 5, 11, 14, 0]]
[[1, 2, 7, 9, 7]]
[[21, 22, 26, 28, 7], [1, 8, 9, 11, 7]]
[[1, 2, 4, 7, 7]]
[[1, 4, 8, 11, 7], [1, 4, 23, 24, 7]]
[[1, 2, 5, 8, 7]]
[[7, 8, 4, 5, 7], [7, 8, 15, 16, 7]]
[[1, 2, 3, 6, 7], [1, 2, 3, 9, 7]]
[[1, 1, 2, 3, 7], [1, 1, 14, 17, 7], [1, 3, 4, 6, 7]]
[[1, 4, 6, 7, 7]]
[[4, 5, 1, 3, 7]]
[[1, 6, 16, 17, 7], [27, 28, 24, 25, 8]]
[[1, 5, 8, 11, 7], [1, 5, 17, 19, 7]]
[[1, 2, 3, 5, 7], [7, 8, 9, 10, 7], [12, 13, 14, 16, 7]]
[[1, 7, 8, 9, 7]]
[[1, 5, 6, 7, 7]]
[[1, 3, 14, 17, 7]]
[[4, 5, 6, 7, 7]]
[[1, 5, 7, 9, 7]]
[[12, 14, 8, 10, 7], [19, 23, 25, 28, 7]]
[[6, 9, 20, 23, 7]]
[[1, 3, 4, 6, 7], [1, 3, 8, 9, 7], [11, 12, 13, 14, 7]]
[[1, 3, 8, 11, 7], [13, 14, 15, 17, 7]]
[[1, 5, 6, 9, 7]]
[[1, 3, 9, 12, 7], [5, 8, 9, 12, 7]]
[[1, 3, 9, 10, 8]]
[[6, 7, 1, 4, 7], [6, 7, 8, 13, 7]]
[[1, 6, 7, 10, 8], [13, 14, 16, 18, 7]]
[[1, 2, 4, 6, 7], [1, 2, 7, 10, 7]]
[[9, 10, 15, 16, 7]]
[[1, 3, 4, 5, 7], [1, 3, 6, 8, 7]]
[[1, 2, 3, 5, 7]]
[[3, 4, 5, 6, 7]]
[[1, 2, 3, 6, 7]]
[[1, 4, 8, 9, 7], [18, 19, 20, 22, 7]]
[[1, 5, 7, 10, 15]]
[[1, 2, 3, 5, 7], [19, 20, 21, 22, 7]]
[[1, 2, 3, 5, 8]]
[[1, 2, 3, 5, 7], [11, 12, 13, 14, 8]]
[[1, 2, 3, 8, 7], [14, 15, 20, 21, 7], [17, 18, 20, 21, 7], [14, 18, 20, 21, 7]]
[[1, 4, 5, 6, 7]]
[[1, 1, 2, 3, 7]]
[[7, 11, 14, 15, 7], [7, 13, 14, 15, 7]]
[[1, 2, 4, 5, 7]]
[[0, 0, 9, 11, 7], [5, 5, 9, 11, 7]]
[[1, 4, 5, 6, 7], [3, 4, 5, 6, 7]]
[[1, 2, 7, 8, 8], [11, 15, 18, 20, 20]]
[[2, 3, 6, 9, 7], [2, 3, 16, 22, 7]]
[[6, 9, 1, 3, 7], [11, 15, 1, 3, 7]]
[[3, 4, 5, 7, 7]]
[[1, 5, 6, 8, 7]]
[[3, 5, 6, 9, 7], [3, 5, 11, 15, 7]]
[[1, 7, 8, 10, 7]]
[[4, 8, 1, 2, 7]]
[[1, 2, 6, 9, 7], [13, 14, 15, 18, 7]]
[[1, 2, 8, 9, 7], [14, 15, 16, 18, 8]]
[[1, 4, 6, 8, 7]]
[[1, 2, 3, 6, 7]]
[[0, 0, 9, 10, 1], [0, 0, 42, 44, 1], [18, 19, 23, 26, 7], [21, 22, 23, 26, 7], [39, 40, 42, 44, 7]]
[[3, 4, 5, 9, 1], [3, 4, 13, 15, 1]]
[[7, 8, 12, 14, 7]]
[[1, 3, 4, 6, 7]]
[[5, 6, 8, 9, 7]]
[[0, 0, 6, 8, 7], [1, 2, 6, 8, 7]]
[[1, 2, 3, 4, 7]]
[[3, 6, 9, 11, 7]]
[[2, 6, 7, 8, 7]]
[[5, 9, 10, 11, 7]]
[[2, 3, 4, 10, 7]]
[[0, 0, 9, 11, 7], [0, 0, 12, 18, 0]]
[[4, 5, 6, 7, 4], [8, 9, 11, 15, 4]]
[[3, 6, 7, 10, 20]]
[[1, 2, 0, 0, 7]]
[[3, 5, 6, 8, 7]]
[[1, 6, 7, 8, 7]]
[[6, 10, 1, 5, 7]]
[[6, 9, 15, 17, 7]]
[[3, 5, 6, 10, 7]]
[[1, 2, 3, 6, 15]]
[[1, 2, 3, 7, 7]]
[[1, 2, 6, 9, 7], [1, 2, 16, 19, 7], [1, 2, 11, 14, 7]]
[[1, 2, 12, 14, 7], [18, 19, 21, 24, 7]]
[[4, 5, 1, 2, 7]]
[[1, 5, 6, 9, 8]]
[[1, 2, 3, 4, 7]]
[[5, 10, 11, 15, 7]]
[[1, 3, 0, 0, 7]]
[[0, 0, 1, 6, 7]]
[[8, 9, 3, 6, 7]]
[[17, 18, 25, 29, 7]]
[[1, 5, 7, 10, 7]]
[[3, 4, 5, 6, 7]]
[[4, 7, 23, 25, 7], [17, 19, 14, 15, 7], [17, 19, 23, 25, 7]]
[[2, 3, 7, 11, 1]]
[[1, 2, 3, 3, 20], [5, 6, 7, 9, 7]]
[[1, 3, 4, 5, 7]]
[[1, 4, 5, 6, 7], [1, 4, 8, 10, 7]]
[[8, 9, 18, 18, 7], [14, 15, 18, 18, 8], [30, 31, 32, 36, 7]]
[[1, 4, 5, 6, 7], [1, 4, 10, 13, 7]]
[[5, 6, 9, 10, 1]]
[[1, 3, 7, 10, 7]]
[[1, 5, 6, 7, 7]]
[[1, 3, 8, 12, 7], [6, 7, 8, 12, 7]]
[[14, 18, 3, 4, 7]]
[[1, 4, 5, 7, 7]]
[[0, 0, 14, 17, 15], [3, 10, 11, 12, 4]]
[[9, 14, 15, 16, 8]]
[[1, 4, 5, 8, 7]]
[[5, 6, 10, 13, 7], [5, 6, 15, 16, 7]]
[[1, 4, 7, 8, 7]]
[[1, 2, 3, 8, 15]]
[[9, 10, 1, 7, 4]]
[[1, 5, 6, 7, 7]]
[[1, 2, 11, 12, 7]]
[[10, 11, 12, 17, 15]]
[[1, 2, 0, 0, 7], [4, 5, 0, 0, 7]]
[[0, 0, 3, 5, 25], [1, 1, 3, 5, 15]]
[[4, 6, 7, 9, 7]]
[[1, 5, 8, 10, 7], [1, 6, 8, 10, 7]]
[[5, 8, 10, 12, 20]]
[[2, 3, 4, 7, 7]]
[[1, 2, 6, 7, 7], [1, 2, 12, 15, 7]]
[[7, 15, 18, 20, 8]]
[[1, 2, 3, 6, 7], [1, 2, 8, 9, 7], [1, 2, 23, 26, 7], [10, 11, 13, 14, 7]]
[[1, 6, 8, 9, 7]]
[[1, 2, 4, 6, 7], [7, 8, 10, 10, 8]]
[[1, 6, 7, 10, 7]]
[[1, 5, 14, 16, 7]]
[[1, 3, 4, 5, 7]]
[[1, 2, 3, 4, 7]]
[[1, 2, 3, 5, 7]]
[[3, 7, 16, 17, 8], [9, 12, 16, 17, 8], [14, 15, 16, 17, 1]]
[[1, 2, 3, 6, 7]]
[[1, 3, 8, 13, 7]]
[[1, 7, 8, 9, 7]]
[[1, 4, 5, 8, 7]]
[[14, 15, 17, 18, 7]]
[[1, 2, 3, 4, 7], [7, 7, 8, 9, 7]]
[[1, 6, 7, 9, 7]]
[[1, 2, 12, 13, 7], [1, 2, 15, 16, 7]]
[[3, 6, 7, 11, 1]]
[[8, 9, 3, 4, 7]]
[[10, 12, 13, 16, 7]]
[[5, 8, 1, 2, 7]]
[[1, 2, 3, 4, 7], [1, 2, 5, 9, 7]]
[[1, 2, 3, 5, 7]]
[[3, 6, 7, 8, 15]]
[[1, 2, 3, 4, 7]]
[[1, 4, 5, 6, 7]]
[[1, 6, 7, 10, 15]]
[]
[[1, 4, 5, 6, 7]]
[[1, 2, 8, 9, 7]]
[[5, 7, 8, 12, 7], [5, 7, 18, 21, 7]]
[]
[[4, 15, 2, 3, 7]]
[[6, 7, 3, 4, 8], [16, 17, 19, 22, 1]]
[[5, 6, 8, 10, 7]]
[[0, 0, 7, 12, 7]]
[[4, 8, 12, 13, 7]]
[[18, 21, 1, 2, 7], [18, 21, 12, 15, 7]]
[[3, 6, 8, 9, 7]]
[[1, 2, 3, 4, 7]]
[[1, 7, 16, 18, 7], [1, 7, 12, 18, 7], [20, 21, 22, 24, 7]]
[[1, 4, 5, 8, 7]]
[[4, 9, 11, 13, 7]]
[[1, 2, 15, 17, 7]]
[[3, 7, 8, 9, 4]]
[[5, 6, 11, 14, 7], [5, 6, 16, 20, 7]]
[[5, 5, 6, 8, 7], [10, 11, 12, 13, 20]]
[[1, 2, 3, 4, 7], [6, 7, 3, 4, 7]]
[[1, 2, 4, 7, 20], [1, 2, 9, 11, 20]]
[[4, 5, 8, 11, 15]]
[[10, 12, 5, 6, 7]]
[[6, 7, 8, 10, 7]]
[[1, 4, 6, 8, 7]]
[[2, 3, 7, 10, 7]]
[[1, 2, 3, 4, 15], [5, 6, 7, 9, 15]]
[[1, 2, 4, 7, 7]]
[[1, 2, 3, 5, 7], [15, 15, 16, 16, 8]]
[[1, 2, 3, 5, 7]]
[[1, 4, 5, 6, 7], [1, 4, 8, 12, 7]]
[[1, 4, 10, 11, 7]]
[[1, 5, 7, 9, 7], [12, 13, 14, 15, 7], [17, 18, 23, 24, 7]]
[[1, 2, 3, 4, 7]]
[[24, 25, 27, 28, 7]]
[[1, 3, 11, 12, 7], [5, 6, 11, 12, 7]]
[[12, 16, 17, 18, 8]]
[[1, 10, 11, 14, 7]]
[[1, 1, 7, 8, 7]]
[[4, 6, 7, 8, 7], [9, 10, 13, 14, 7]]
[[1, 4, 5, 8, 7]]
[[1, 2, 3, 4, 7], [7, 12, 13, 14, 20]]
[[7, 8, 9, 10, 7], [7, 8, 11, 13, 7]]
[[1, 7, 8, 8, 7], [9, 10, 11, 11, 8], [13, 14, 16, 17, 20]]
[[1, 2, 6, 6, 8]]
[[1, 4, 6, 7, 7], [1, 4, 8, 11, 7]]
[[2, 4, 6, 9, 7]]
[[1, 3, 6, 8, 7]]
[[3, 4, 5, 6, 7]]
[[3, 4, 6, 10, 7]]
[[6, 7, 3, 4, 7]]
[[1, 6, 7, 8, 7]]
[[1, 4, 5, 8, 7]]
[]
[[1, 4, 5, 8, 7]]
[[1, 2, 4, 5, 7]]
[[8, 9, 13, 14, 8]]
[[1, 3, 4, 5, 7], [7, 8, 10, 11, 8]]
[[1, 2, 5, 7, 8]]
[[1, 3, 4, 7, 7]]
[[1, 4, 5, 7, 8]]
[[3, 4, 5, 7, 7]]
[[6, 7, 9, 12, 7]]
[[1, 3, 5, 6, 7]]
[[1, 8, 15, 17, 7]]
[[3, 4, 6, 11, 7]]
[[0, 0, 4, 7, 7]]
[[1, 12, 13, 16, 7]]
[[1, 6, 7, 8, 7], [1, 6, 10, 13, 7]]
[[7, 10, 1, 5, 0], [15, 21, 1, 5, 7], [15, 21, 12, 13, 7], [23, 25, 26, 28, 7]]
[[7, 9, 13, 15, 7], [11, 11, 13, 15, 7]]
[[5, 6, 7, 8, 7]]
[[4, 6, 7, 10, 7]]
[[1, 2, 7, 9, 7], [1, 2, 23, 26, 7]]
[[1, 3, 4, 4, 7], [1, 3, 7, 8, 7]]
[[4, 5, 6, 9, 7]]
[[1, 3, 8, 10, 7]]
[[6, 7, 3, 4, 7]]
[[5, 6, 7, 11, 7]]
[[0, 0, 12, 14, 1], [4, 5, 12, 14, 1]]
[[1, 5, 6, 7, 7]]
[[1, 3, 4, 5, 7], [1, 3, 16, 18, 7], [13, 15, 16, 18, 7]]
[[1, 2, 3, 8, 15]]
[[1, 6, 7, 10, 7], [12, 14, 19, 20, 7], [16, 17, 19, 20, 7]]
[[1, 4, 10, 11, 20]]
[[1, 5, 6, 10, 7], [12, 15, 16, 17, 7]]
[[1, 4, 5, 6, 7]]
[[21, 22, 23, 29, 7], [13, 16, 17, 19, 7]]
[[3, 3, 4, 7, 7]]
[[9, 12, 14, 15, 7]]
[[1, 3, 6, 8, 7]]
[[1, 4, 5, 6, 20]]
[[1, 3, 4, 7, 7], [1, 3, 4, 5, 7], [1, 3, 16, 18, 7], [11, 15, 16, 18, 7]]
[[7, 17, 18, 19, 7]]
[[1, 5, 6, 9, 7]]
[[1, 2, 6, 9, 7]]
[]
[[1, 6, 7, 10, 7], [1, 6, 11, 12, 7]]
[[1, 2, 7, 10, 7]]
[[1, 3, 4, 5, 7]]
[[1, 7, 8, 11, 8]]
[[5, 8, 9, 10, 7]]
[[1, 2, 9, 10, 7], [4, 5, 9, 10, 7]]
[[6, 6, 9, 11, 7], [6, 6, 14, 17, 7]]
[[1, 4, 5, 9, 7]]
[[1, 1, 5, 7, 7]]
[[4, 5, 1, 3, 7], [4, 5, 7, 8, 7]]
[[11, 13, 18, 20, 7]]
[[1, 4, 6, 7, 20]]
[[1, 4, 5, 8, 7]]
[[1, 3, 4, 6, 7]]
[[1, 2, 18, 22, 7], [7, 8, 18, 22, 7]]
[[6, 9, 1, 3, 7]]
[[1, 7, 8, 9, 7]]
[[1, 3, 7, 9, 7]]
[[1, 5, 9, 10, 7], [1, 5, 11, 13, 7]]
[[6, 7, 8, 10, 7]]
[[1, 2, 3, 4, 7]]
[[6, 12, 1, 3, 7]]
[[1, 2, 3, 5, 15]]
[[3, 6, 7, 8, 8]]
[[1, 6, 7, 10, 7], [1, 6, 11, 12, 7]]
[[1, 2, 3, 6, 7]]
[[1, 2, 3, 6, 7]]
[[1, 6, 7, 8, 7]]
[[1, 4, 5, 9, 7]]
[[6, 11, 1, 2, 7]]
[[7, 8, 10, 11, 7]]
[[1, 5, 6, 8, 7]]
[[1, 2, 7, 8, 7]]
[[1, 3, 8, 9, 7], [1, 3, 14, 17, 7], [1, 3, 19, 22, 7]]
[[1, 2, 4, 6, 7], [1, 2, 19, 22, 7]]
[[6, 9, 10, 12, 12]]
[[4, 8, 10, 17, 7], [4, 8, 14, 17, 7]]
[[1, 2, 5, 6, 7], [8, 9, 10, 13, 7]]
[[5, 6, 3, 4, 7], [8, 9, 10, 11, 7], [13, 14, 16, 17, 7], [19, 21, 25, 26, 7]]
[[1, 4, 6, 9, 7]]
[[1, 2, 3, 4, 7]]
[[14, 15, 18, 21, 7]]
[[20, 21, 22, 23, 8]]
[[0, 0, 1, 4, 7], [0, 0, 6, 7, 7]]
[[1, 4, 5, 6, 7]]
[[1, 2, 3, 4, 7]]
[[1, 5, 6, 7, 8]]
[[1, 3, 7, 9, 7], [5, 6, 7, 9, 7]]
[[5, 8, 9, 12, 7], [5, 8, 9, 10, 7], [5, 8, 11, 12, 7]]
[[1, 4, 6, 7, 7]]
[[2, 4, 9, 10, 7]]
[[9, 12, 13, 16, 7]]
[[11, 13, 5, 6, 7]]
[[3, 6, 8, 10, 20]]
[[1, 5, 6, 9, 7]]
[[1, 7, 8, 9, 7]]
[[1, 4, 11, 12, 7], [1, 4, 13, 15, 7]]
[[7, 8, 12, 15, 4]]
[[8, 9, 1, 4, 7], [8, 9, 11, 15, 7], [8, 9, 18, 20, 7], [8, 9, 26, 28, 7], [22, 23, 18, 20, 7], [22, 23, 26, 28, 7]]
[[1, 2, 3, 6, 7]]
[[3, 4, 7, 8, 8], [20, 21, 22, 23, 7], [3, 6, 0, 0, 8], [3, 6, 7, 8, 8]]
[[1, 6, 7, 10, 7]]
[[1, 5, 7, 9, 7]]
[[1, 2, 3, 4, 1], [7, 9, 10, 13, 6], [22, 23, 17, 18, 7], [26, 28, 17, 18, 7]]
[[1, 5, 6, 8, 8]]
[[6, 7, 3, 4, 7]]
[[7, 12, 3, 6, 7], [7, 12, 5, 6, 7]]
[[1, 5, 6, 8, 7]]
[[1, 6, 7, 8, 7]]
[[3, 4, 8, 11, 7]]
[[3, 4, 21, 24, 7], [14, 17, 21, 24, 7]]
[[4, 5, 10, 12, 15], [7, 8, 10, 12, 7]]
[[1, 2, 3, 5, 7]]
[[3, 7, 11, 13, 7]]
[[1, 5, 6, 7, 8]]
[[4, 7, 8, 9, 7], [4, 7, 14, 16, 7]]
[[1, 6, 10, 12, 20]]
[[4, 6, 8, 10, 4]]
[[1, 2, 3, 6, 7]]
[[1, 2, 3, 4, 7]]
[[1, 5, 8, 10, 12], [1, 5, 12, 14, 12]]
[[1, 4, 5, 8, 7]]
[[1, 2, 3, 6, 7]]
[[1, 6, 20, 23, 7]]
[[3, 4, 8, 11, 7]]
[[1, 2, 3, 6, 7]]
[[3, 4, 5, 6, 7]]
[[1, 4, 5, 6, 7], [1, 4, 7, 9, 7]]
[[3, 4, 14, 16, 7]]
[[1, 8, 9, 12, 20]]
[[21, 28, 18, 19, 7]]
[[10, 11, 12, 13, 7], [10, 11, 7, 8, 7]]
[[7, 8, 9, 10, 20]]
[[8, 10, 3, 6, 7]]
[[4, 6, 7, 10, 7]]
[[1, 2, 3, 5, 7]]
[[1, 1, 5, 7, 7]]
[[5, 8, 1, 2, 7]]
[[1, 2, 4, 5, 6]]
[[1, 4, 5, 7, 7]]
[[1, 2, 3, 4, 7]]
[[7, 9, 4, 5, 7]]
[[1, 5, 7, 11, 7], [1, 5, 16, 19, 7]]
[[1, 2, 5, 7, 7]]
[[13, 14, 9, 11, 7]]
[[1, 2, 3, 5, 7]]
[[1, 5, 6, 7, 7]]
[[10, 11, 21, 24, 7]]
[]
[[1, 2, 8, 9, 7], [1, 2, 10, 11, 7]]
[[3, 4, 7, 10, 7], [3, 4, 12, 15, 7]]
[[1, 5, 7, 11, 7]]
[[3, 6, 1, 2, 7]]
[[11, 12, 13, 16, 7]]
[[1, 2, 6, 9, 7]]
[[1, 8, 9, 10, 7]]
[[1, 2, 4, 8, 7]]
[[3, 4, 5, 8, 7]]
[[15, 16, 17, 18, 7]]
[]
[[1, 14, 17, 18, 7]]
[[1, 2, 9, 11, 7], [4, 7, 9, 11, 7]]
[[1, 8, 9, 11, 7]]
[[1, 2, 4, 5, 7]]
[[1, 2, 3, 4, 7]]
[[1, 4, 10, 10, 8], [6, 8, 10, 10, 8]]
[[1, 3, 4, 7, 7]]
[[13, 15, 10, 12, 7]]
[[1, 7, 11, 12, 20]]
[[10, 11, 7, 8, 7]]
[[1, 3, 7, 8, 7]]
[[1, 4, 18, 19, 7]]
[[1, 2, 13, 16, 15]]
[[4, 7, 1, 2, 20], [4, 7, 9, 13, 20]]
[[2, 5, 6, 8, 20], [10, 13, 14, 15, 20]]
[[1, 5, 6, 9, 7], [13, 15, 16, 18, 7]]
[[1, 2, 3, 6, 7], [10, 11, 17, 18, 7]]
[[6, 7, 10, 11, 15], [6, 7, 8, 11, 15]]
[[33, 36, 25, 30, 7]]
[[1, 2, 3, 8, 7]]
[[1, 2, 3, 4, 7]]
[[1, 7, 10, 12, 7]]
[[1, 2, 4, 6, 7], [10, 11, 13, 17, 1]]
[[4, 9, 10, 11, 20], [4, 9, 12, 15, 20]]
[]
[[3, 4, 12, 13, 4]]
[[1, 3, 4, 6, 7]]
[]
[[1, 7, 8, 9, 7], [11, 14, 15, 17, 7]]
[[12, 13, 14, 15, 7], [16, 17, 18, 19, 7]]
[[1, 5, 6, 7, 6], [8, 9, 11, 12, 7]]
[[4, 5, 8, 11, 7]]
[[3, 4, 1, 2, 7], [3, 4, 8, 8, 7]]
[[1, 4, 13, 14, 7]]
[[2, 4, 5, 7, 7], [2, 4, 10, 14, 7]]
[]
[[1, 5, 7, 8, 7], [4, 5, 7, 8, 7]]
[[1, 4, 5, 6, 7]]
[[1, 2, 3, 8, 7], [1, 2, 3, 6, 7], [1, 2, 10, 11, 7]]
[]
[[1, 5, 6, 9, 7], [11, 12, 13, 16, 7]]
[[1, 2, 3, 4, 7], [1, 2, 5, 6, 7]]
[[1, 5, 6, 9, 7], [1, 5, 23, 24, 7]]
[[1, 5, 9, 10, 7]]
[[0, 0, 1, 4, 25]]
[[1, 3, 4, 6, 7]]
[[1, 5, 7, 10, 7]]
[[1, 2, 9, 10, 7]]
[[5, 8, 9, 10, 7]]
[[6, 7, 1, 2, 7]]
[[1, 7, 8, 9, 7], [10, 11, 12, 13, 7]]
[[1, 4, 5, 5, 7]]
[[1, 2, 3, 4, 7], [6, 7, 8, 10, 15]]
[[3, 7, 8, 9, 6]]
[[1, 7, 11, 12, 7]]
[[1, 2, 4, 7, 1], [9, 10, 11, 12, 20]]
[[6, 10, 11, 14, 7]]
[[1, 8, 9, 10, 7]]
[[9, 10, 11, 14, 15]]
[[1, 2, 4, 6, 7], [1, 2, 8, 9, 7]]
[[15, 16, 17, 18, 8], [5, 6, 11, 13, 7]]
[[1, 4, 5, 6, 7], [1, 4, 9, 12, 7], [14, 15, 16, 16, 8]]
[[1, 3, 7, 10, 7]]
[[1, 7, 8, 9, 7]]
[[1, 2, 3, 4, 7], [1, 2, 15, 20, 7]]
[[12, 14, 21, 22, 7]]
[[1, 4, 5, 6, 7], [8, 8, 9, 10, 8]]
[[3, 4, 14, 15, 1]]
[[5, 6, 1, 3, 7], [5, 6, 7, 8, 7], [5, 6, 19, 23, 7]]
[[4, 5, 6, 9, 8]]
[[0, 0, 19, 22, 0]]
[[1, 4, 5, 6, 8]]
[[1, 2, 3, 4, 7]]
[[0, 0, 3, 5, 7]]
[[4, 6, 7, 9, 7]]
[[1, 2, 4, 5, 7], [8, 8, 13, 14, 7]]
[[4, 5, 6, 9, 7]]
[[1, 5, 7, 10, 7], [12, 13, 16, 17, 7]]
[[1, 3, 4, 6, 7], [25, 26, 21, 23, 7]]
[[1, 4, 21, 22, 7]]
[[2, 6, 7, 10, 8]]
[[1, 2, 6, 7, 7], [1, 2, 8, 10, 7]]
[[1, 4, 0, 0, 7]]
[[1, 4, 12, 16, 7]]
[[3, 4, 5, 9, 7]]
[[0, 0, 1, 2, 0]]
[[1, 10, 11, 14, 7], [5, 10, 11, 14, 7]]
[[1, 2, 3, 4, 7], [6, 8, 13, 16, 7], [6, 8, 3, 4, 7]]
[[6, 7, 9, 13, 7]]
[[6, 7, 10, 13, 7]]
[[1, 2, 10, 11, 7]]
[[1, 4, 5, 7, 7]]
[[4, 5, 7, 9, 7], [13, 14, 11, 12, 7]]
[[1, 4, 7, 10, 15]]
[[3, 5, 13, 15, 7], [3, 5, 19, 21, 7]]
[[9, 10, 4, 7, 15]]
[[1, 5, 6, 7, 7]]
[[1, 2, 4, 6, 7]]
[[7, 12, 14, 16, 7]]
[[1, 10, 11, 13, 7], [1, 10, 14, 16, 7], [1, 10, 11, 12, 7]]
[[1, 2, 3, 4, 7], [6, 7, 8, 9, 7], [11, 12, 13, 14, 7], [1, 7, 8, 9, 7]]
[[1, 4, 5, 7, 7]]
[[3, 4, 5, 6, 7], [3, 4, 8, 9, 7], [11, 12, 17, 20, 7]]
[[1, 5, 12, 14, 7]]
[[1, 4, 6, 9, 8]]
[[1, 7, 20, 22, 7]]
[[19, 21, 9, 11, 7], [19, 21, 16, 17, 7]]
[[1, 2, 3, 7, 7], [1, 2, 9, 10, 7]]
[[1, 2, 3, 9, 7]]
[[1, 8, 9, 11, 7]]
[[9, 10, 4, 5, 7]]
[[3, 3, 4, 5, 7]]
[[1, 2, 3, 4, 7], [5, 11, 12, 15, 7], [26, 29, 30, 31, 7], [7, 11, 12, 15, 7]]
[[5, 9, 10, 11, 8], [13, 14, 15, 16, 7]]
[[1, 4, 0, 0, 7], [1, 4, 5, 6, 7], [1, 4, 8, 10, 7], [1, 4, 14, 18, 7], [12, 13, 0, 0, 7], [12, 13, 14, 18, 7]]
[[1, 4, 5, 6, 7]]
[[1, 2, 3, 4, 7]]
[[1, 6, 7, 8, 8]]
[[3, 4, 5, 6, 7], [10, 11, 12, 12, 8], [14, 15, 16, 23, 7]]
[[3, 6, 8, 9, 15]]
[[1, 4, 5, 6, 7]]
[[1, 6, 7, 8, 8]]
[[1, 2, 0, 0, 7], [1, 2, 5, 6, 7], [11, 12, 0, 0, 7], [11, 12, 13, 16, 7]]
[[4, 6, 7, 8, 8]]
[[1, 2, 8, 10, 7]]
[]
[[1, 5, 6, 7, 7]]
[[1, 5, 6, 8, 7]]
[[4, 6, 7, 9, 7]]
[[3, 9, 1, 2, 7]]
[[1, 2, 3, 6, 7]]
[[3, 7, 8, 10, 7]]
[[1, 3, 4, 5, 7]]
[[1, 2, 7, 8, 12]]
[[5, 9, 13, 17, 7]]
[[1, 2, 3, 5, 7]]
[[1, 3, 8, 9, 7]]
[[1, 5, 7, 10, 7]]
[[1, 4, 5, 8, 8]]
[[1, 6, 9, 11, 7], [13, 14, 15, 16, 7]]
[[1, 2, 4, 6, 7]]
[[1, 2, 7, 11, 7]]
[[1, 9, 10, 11, 7], [1, 9, 12, 14, 7], [16, 19, 20, 22, 7]]
[[3, 4, 5, 7, 7], [3, 4, 8, 12, 7]]
[[3, 4, 5, 6, 15]]
[[1, 2, 4, 5, 7]]
[[1, 2, 4, 6, 6]]
[[0, 0, 19, 22, 7], [6, 7, 2, 4, 4]]
[[1, 7, 8, 9, 7]]
[[1, 4, 5, 6, 7]]
[[1, 2, 5, 8, 7]]
[[0, 0, 4, 6, 7]]
[[5, 8, 10, 12, 7]]
[[1, 4, 5, 7, 20]]
[[1, 3, 4, 5, 7], [13, 14, 15, 16, 8]]
[[23, 27, 15, 17, 12]]
[[4, 5, 6, 10, 7], [4, 5, 11, 13, 7]]
[[1, 4, 5, 7, 7], [1, 4, 8, 11, 7]]
[[7, 8, 9, 12, 8], [1, 8, 9, 12, 7]]
[[1, 4, 5, 7, 7]]
[[5, 8, 9, 11, 15]]
[[1, 5, 6, 8, 7], [1, 5, 12, 15, 7]]
[[12, 13, 9, 10, 7], [12, 13, 23, 26, 7]]
[[3, 4, 10, 11, 7], [3, 4, 14, 18, 7], [20, 21, 14, 18, 7]]
[[3, 4, 5, 9, 7]]
[[1, 2, 5, 7, 7]]
[[1, 3, 7, 8, 7], [10, 11, 12, 13, 7], [14, 15, 16, 17, 7]]
[[1, 2, 5, 6, 7]]
[[1, 4, 5, 8, 7], [14, 15, 16, 18, 7]]
[[1, 4, 5, 9, 7]]
[[5, 6, 7, 9, 7]]
[[1, 2, 6, 9, 7]]
[[1, 4, 6, 7, 7], [9, 10, 14, 16, 7], [11, 12, 14, 16, 7], [9, 12, 14, 16, 7]]
[[13, 16, 17, 20, 7]]
[[1, 3, 4, 6, 7], [1, 3, 8, 11, 7]]
[[5, 6, 2, 3, 7], [5, 6, 7, 8, 7]]
[[1, 3, 8, 12, 7]]
[[1, 4, 5, 6, 7]]
[[1, 3, 4, 7, 7], [1, 3, 8, 9, 7]]
[[3, 6, 7, 19, 7]]
[[4, 5, 9, 10, 7]]
[[9, 10, 4, 6, 7]]
[[1, 5, 6, 7, 7]]
[[4, 5, 6, 9, 7]]
[[4, 6, 12, 13, 7]]
[[1, 5, 6, 9, 7]]
[[4, 12, 13, 16, 7], [18, 19, 20, 21, 7], [22, 23, 25, 27, 7]]
[[1, 2, 3, 4, 7], [6, 7, 8, 9, 7]]
[[4, 11, 12, 15, 7], [22, 26, 27, 28, 7]]
[[1, 2, 4, 6, 7]]
[[4, 5, 7, 9, 7]]
[[1, 2, 3, 4, 7], [1, 2, 5, 6, 7], [1, 2, 8, 10, 7]]
[[9, 10, 11, 12, 8]]
[[1, 5, 12, 16, 7]]
[[1, 3, 4, 11, 7], [13, 14, 15, 15, 7], [16, 17, 19, 20, 7]]
[[1, 2, 3, 5, 7]]
[[1, 5, 6, 7, 8]]
[[1, 2, 4, 6, 7], [11, 12, 16, 17, 7]]
[]
[[1, 2, 7, 10, 8], [1, 4, 7, 10, 8]]
[[1, 4, 5, 6, 7]]
[[0, 0, 1, 3, 7]]
[[0, 0, 5, 11, 1], [3, 4, 5, 11, 1]]
[[1, 2, 5, 8, 8]]
[[0, 0, 3, 4, 7]]
[[3, 4, 7, 8, 7]]
[[1, 2, 4, 6, 7], [1, 2, 11, 13, 7]]
[[5, 7, 9, 10, 1]]
[[1, 2, 4, 5, 7]]
[[1, 6, 12, 15, 6]]
[[1, 4, 5, 9, 7]]
[[5, 7, 2, 3, 7]]
[[8, 9, 10, 12, 7], [1, 9, 10, 12, 7]]
[[1, 4, 5, 10, 7]]
[[1, 5, 6, 8, 7]]
[[1, 2, 4, 7, 7]]
[[0, 0, 18, 21, 0]]
[[5, 6, 7, 8, 15]]
[[1, 2, 3, 6, 7], [1, 2, 8, 9, 7], [12, 16, 20, 21, 7]]
[[1, 2, 3, 5, 15]]
[[0, 0, 6, 9, 7], [0, 0, 14, 16, 7], [1, 2, 6, 9, 7]]
[[16, 17, 18, 19, 7], [25, 26, 29, 30, 7], [27, 28, 29, 30, 7], [25, 28, 29, 30, 7]]
[[1, 2, 3, 4, 7], [7, 8, 9, 10, 7]]
[[3, 4, 6, 7, 7], [1, 4, 6, 7, 7]]
[[3, 4, 8, 10, 7]]
[[1, 5, 6, 9, 7]]
[[1, 3, 4, 8, 7]]
[[1, 3, 4, 6, 7]]
[[1, 6, 8, 10, 8]]
[[1, 2, 5, 6, 7]]
[[5, 7, 8, 9, 7], [12, 13, 17, 19, 7], [1, 7, 8, 9, 7]]
[[4, 5, 6, 9, 7]]
[[3, 4, 7, 7, 7]]
[[1, 2, 3, 6, 7]]
[[1, 4, 6, 7, 7], [12, 12, 14, 14, 8]]
[[1, 2, 3, 7, 7]]
[[4, 5, 6, 8, 7]]
[[1, 4, 11, 14, 15], [6, 9, 11, 14, 20]]
[[6, 6, 7, 10, 7], [12, 14, 15, 18, 7]]
[[2, 3, 9, 11, 8]]
[[1, 4, 7, 9, 7]]
[[1, 5, 6, 7, 7], [1, 5, 13, 14, 7], [1, 5, 18, 19, 7], [16, 17, 18, 19, 7]]
[[1, 4, 7, 10, 7]]
[[4, 5, 6, 10, 15]]
[[1, 5, 8, 11, 7]]
[]
[[0, 0, 8, 9, 7]]
[[1, 7, 8, 9, 7]]
[[9, 15, 16, 19, 7]]
[[1, 3, 4, 6, 4]]
[[4, 5, 6, 9, 7]]
[[1, 7, 8, 9, 7]]
[[1, 2, 8, 9, 7], [4, 7, 8, 9, 7], [1, 7, 8, 9, 7]]
[[1, 7, 9, 13, 7]]
[[1, 2, 7, 10, 7]]
[[9, 10, 11, 14, 7], [9, 10, 3, 6, 7], [16, 17, 18, 21, 7]]
[[1, 6, 7, 9, 7], [1, 6, 11, 12, 7]]
[[1, 5, 6, 7, 7]]
[[3, 4, 5, 9, 7]]
[[1, 4, 6, 6, 7], [10, 12, 13, 16, 7]]
[[1, 5, 6, 7, 7], [9, 10, 11, 12, 7], [9, 10, 13, 15, 7]]
[[1, 5, 6, 7, 8]]
[[1, 2, 3, 4, 7]]
[[8, 9, 11, 14, 7]]
[[8, 9, 11, 12, 7]]
[[0, 0, 8, 10, 7], [2, 2, 8, 10, 7]]
[[1, 4, 19, 21, 7]]
[[11, 12, 13, 16, 7]]
[[1, 2, 4, 6, 7]]
[[1, 3, 4, 5, 7], [1, 3, 17, 18, 8], [12, 15, 17, 18, 8]]
[[1, 3, 15, 18, 7]]
[[1, 2, 5, 7, 7], [1, 2, 16, 20, 7]]
[[1, 3, 4, 5, 7]]
[[1, 4, 5, 7, 8], [1, 4, 10, 11, 8], [13, 14, 15, 16, 7]]
[[1, 4, 5, 7, 7]]
[[1, 3, 6, 7, 7], [1, 3, 9, 12, 7]]
[[1, 3, 6, 7, 7], [12, 13, 20, 23, 15], [10, 13, 20, 23, 15]]
[[1, 2, 17, 19, 7]]
[[0, 0, 16, 19, 0], [1, 2, 16, 19, 4]]
[[8, 9, 5, 6, 7]]
[[1, 2, 5, 6, 7]]
[[9, 10, 14, 16, 7]]
[[1, 4, 5, 7, 20]]
[[1, 3, 8, 9, 7], [1, 3, 13, 17, 8], [6, 7, 8, 9, 7]]
[[4, 5, 7, 8, 7], [14, 15, 17, 18, 7]]
[[1, 5, 6, 9, 7]]
[[1, 2, 8, 9, 7]]
[[1, 2, 6, 8, 7]]
[[1, 2, 4, 5, 6]]
[[1, 6, 7, 10, 7]]
[[4, 8, 9, 10, 7]]
[[1, 9, 10, 11, 7], [1, 9, 12, 14, 7]]
[[1, 2, 5, 9, 7], [1, 2, 21, 22, 7], [18, 20, 21, 22, 7]]
[[1, 2, 4, 5, 7], [14, 15, 16, 17, 8]]
[[1, 2, 3, 7, 7]]
[[1, 5, 8, 9, 7]]
[[12, 16, 7, 8, 7]]
[[3, 4, 8, 9, 7]]
[[1, 4, 5, 7, 7]]
[[4, 5, 6, 11, 7]]
[[1, 2, 5, 8, 7]]
[[7, 8, 10, 12, 7]]
[[1, 2, 3, 4, 7]]
[[1, 3, 6, 8, 7]]
[[1, 2, 3, 6, 7], [1, 4, 5, 6, 7]]
[]
[[1, 7, 10, 11, 7]]
[[1, 4, 0, 0, 7], [5, 6, 0, 0, 7], [5, 6, 20, 23, 7]]
[[1, 2, 6, 9, 7], [11, 14, 15, 17, 7]]
[[1, 3, 10, 13, 7], [8, 9, 10, 13, 8], [1, 9, 10, 13, 7]]
[[1, 1, 9, 11, 8], [4, 5, 9, 11, 8]]
[[6, 8, 9, 12, 7]]
[[14, 17, 7, 8, 7]]
[[2, 4, 5, 7, 7]]
[[1, 5, 6, 10, 7]]
[[1, 3, 7, 8, 7], [5, 6, 7, 8, 7]]
[[1, 4, 13, 16, 7], [6, 10, 13, 16, 7]]
[[1, 4, 8, 8, 8]]
[[1, 3, 4, 7, 12]]
[[14, 17, 18, 22, 20]]
[[1, 4, 5, 11, 8]]
[[6, 9, 1, 4, 7], [6, 9, 17, 18, 7], [6, 9, 20, 21, 8], [6, 9, 27, 28, 8], [12, 16, 17, 18, 7]]
[[1, 2, 10, 12, 7]]
[[15, 16, 1, 3, 20], [15, 16, 11, 13, 7], [18, 19, 11, 13, 20]]
[[1, 4, 5, 6, 8]]
[[1, 2, 3, 6, 7], [8, 9, 10, 13, 7]]
[[1, 5, 6, 7, 8]]
[[5, 6, 1, 3, 7]]
[[1, 2, 4, 6, 7]]
[]
[[1, 2, 3, 5, 7]]
[[1, 2, 10, 11, 7], [1, 2, 13, 16, 7]]
[[15, 17, 25, 26, 7]]
[[1, 2, 7, 9, 7], [4, 5, 7, 9, 7]]
[[1, 5, 6, 7, 7]]
[[0, 0, 10, 11, 1], [3, 4, 10, 11, 1]]
[[1, 2, 3, 5, 7]]
[]
[[2, 3, 4, 7, 7]]
[[1, 4, 5, 6, 7]]
[[1, 4, 5, 7, 7]]
[[4, 6, 8, 10, 7], [4, 6, 11, 12, 7]]
[[1, 2, 4, 6, 7]]
[[11, 12, 8, 9, 7]]
[[8, 11, 12, 15, 20]]
[[3, 4, 8, 10, 7]]
[[1, 4, 5, 8, 7], [1, 6, 7, 8, 7]]
[[1, 2, 4, 5, 7], [8, 11, 12, 13, 20]]
[[1, 2, 3, 5, 7]]
[[1, 4, 5, 6, 7]]
[[1, 2, 0, 0, 7], [1, 2, 6, 8, 7]]
[[3, 7, 1, 2, 7]]
[[1, 4, 10, 13, 7]]
[[1, 4, 6, 8, 7], [10, 14, 16, 17, 20]]
[[1, 4, 20, 26, 7], [1, 4, 24, 26, 7]]
[[3, 6, 7, 10, 15]]
[[1, 2, 3, 5, 8]]
[[3, 6, 7, 10, 8]]
[[1, 2, 3, 4, 7], [1, 2, 5, 6, 7], [1, 2, 8, 8, 7]]
[[6, 7, 8, 9, 7]]
[[2, 5, 7, 9, 7]]
[[1, 2, 11, 13, 7], [4, 6, 7, 10, 7]]
[[1, 2, 7, 9, 15]]
[[1, 2, 3, 6, 7]]
[]
[[6, 6, 12, 14, 7]]
[[1, 2, 3, 5, 7]]
[[1, 2, 0, 0, 7]]
[[1, 2, 3, 6, 7]]
[[1, 2, 0, 0, 7], [10, 11, 13, 13, 7]]
[[14, 16, 18, 19, 7], [1, 4, 8, 11, 8]]
[[3, 4, 6, 9, 1]]
[[10, 12, 6, 8, 7]]
[[4, 7, 10, 11, 7]]
[[14, 16, 9, 10, 7]]
[[1, 2, 3, 4, 7]]
[[6, 7, 8, 9, 7], [6, 7, 10, 12, 7]]
[[1, 3, 4, 7, 7]]
[[4, 8, 10, 12, 7]]
[[1, 7, 8, 9, 7]]
[[1, 4, 9, 11, 7], [13, 14, 15, 18, 7], [20, 21, 22, 23, 7]]
[[6, 10, 11, 14, 7]]
[[1, 4, 5, 7, 7], [1, 4, 10, 11, 7]]
[[1, 6, 7, 8, 20]]
[[1, 2, 5, 7, 7]]
[[1, 2, 5, 8, 7], [1, 2, 10, 14, 7]]
[[5, 6, 7, 10, 7]]
[[3, 5, 9, 11, 7], [3, 5, 13, 16, 7]]
[[1, 4, 0, 0, 7], [1, 4, 20, 21, 7]]
[[1, 2, 3, 4, 7], [1, 2, 12, 14, 7]]
[[1, 4, 5, 6, 7], [1, 4, 9, 10, 7]]
[[1, 3, 4, 7, 7]]
[[1, 5, 7, 11, 7]]
[[1, 6, 13, 16, 7]]
[[1, 6, 11, 12, 7], [8, 9, 11, 12, 7]]
[[1, 2, 6, 9, 7], [14, 15, 16, 19, 7]]
[[1, 2, 3, 4, 7], [8, 9, 10, 11, 7]]
[[3, 3, 4, 6, 7]]
[[1, 4, 7, 10, 7]]
[[1, 4, 8, 11, 7]]
[[3, 8, 10, 15, 0]]
[[1, 3, 6, 8, 7]]
[[3, 4, 5, 8, 7]]
[[1, 2, 0, 0, 7]]
[[1, 3, 6, 7, 7], [11, 12, 15, 18, 1]]
[[1, 5, 7, 9, 7]]
[[1, 5, 9, 11, 8]]
[[4, 5, 6, 8, 7]]
[[6, 7, 3, 4, 7]]
[[1, 2, 3, 5, 7]]
[[3, 6, 7, 8, 7]]
[[1, 3, 4, 6, 7]]
[[1, 8, 9, 10, 7], [1, 8, 10, 10, 7], [1, 8, 12, 12, 7], [1, 8, 14, 15, 7]]
[[7, 12, 1, 3, 7]]
[[1, 3, 4, 5, 8]]
[[5, 7, 8, 10, 7]]
[[1, 2, 6, 7, 7]]
[[9, 11, 12, 13, 7]]
[[9, 10, 12, 16, 7]]
[[1, 6, 7, 8, 7]]
[[3, 6, 7, 11, 7]]
[[1, 3, 13, 18, 7], [8, 10, 13, 18, 7]]
[[1, 7, 8, 10, 7], [12, 15, 16, 17, 8]]
[[2, 8, 9, 14, 6]]
[[1, 5, 12, 14, 0]]
[]
[[4, 5, 6, 7, 7]]
[[1, 3, 4, 5, 7]]
[[1, 4, 5, 8, 4]]
[[1, 4, 7, 8, 7]]
[[1, 2, 3, 6, 7]]
[[1, 2, 3, 4, 7]]
[[1, 9, 11, 12, 7]]
[[3, 4, 5, 9, 25]]
[[1, 2, 3, 4, 7]]
[[8, 8, 10, 12, 7]]
[[1, 5, 9, 11, 7]]
[[1, 4, 11, 12, 7]]
[[4, 6, 8, 10, 7]]
[[1, 2, 3, 5, 7]]
[[8, 11, 4, 5, 6], [19, 20, 22, 24, 7]]
[[1, 5, 6, 7, 7], [1, 5, 8, 10, 7]]
[[103, 107, 100, 101, 0]]
[[3, 4, 5, 11, 3]]
[[1, 2, 3, 7, 1], [1, 2, 18, 21, 1]]
[[76, 77, 78, 80, 4]]
[]
[[0, 0, 22, 28, 21], [15, 21, 22, 28, 21]]
[[0, 0, 7, 8, 6], [10, 11, 12, 13, 3], [15, 16, 17, 24, 9]]
[[0, 0, 37, 40, 0]]
[]
[[0, 0, 9, 10, 0], [0, 0, 18, 19, 0]]
[[0, 0, 7, 8, 4]]
[[0, 0, 11, 16, 49], [23, 24, 25, 27, 3]]
[[0, 0, 11, 15, 49]]
[[1, 2, 5, 8, 1]]
[]
[[1, 2, 3, 8, 3], [9, 10, 11, 13, 3], [16, 17, 19, 23, 1], [16, 17, 49, 51, 1]]
[[0, 0, 1, 2, 0], [0, 0, 11, 14, 6], [4, 7, 1, 2, 0], [4, 7, 11, 14, 6]]
[[1, 3, 4, 10, 138], [1, 3, 7, 10, 138]]
[[55, 56, 62, 64, 2], [58, 60, 62, 64, 3]]
[[0, 0, 70, 71, 1], [89, 92, 93, 98, 12]]
[[7, 11, 13, 15, 3]]
[]
[[0, 0, 3, 4, 1]]
[[0, 0, 1, 3, 1], [0, 0, 17, 21, 4], [0, 0, 26, 27, 4], [22, 24, 26, 27, 103]]
[[15, 16, 17, 21, 20], [98, 101, 102, 103, 3]]
[[0, 0, 8, 10, 3], [0, 0, 19, 22, 1], [15, 16, 19, 22, 1]]
[[0, 0, 30, 32, 3]]
[[0, 0, 4, 8, 49]]
[[2, 3, 1, 1, 0], [2, 3, 6, 7, 6], [4, 5, 6, 7, 6]]
[[0, 0, 1, 2, 0], [0, 0, 12, 16, 3], [4, 5, 1, 2, 0], [4, 5, 7, 9, 3]]
[[0, 0, 24, 26, 1], [20, 23, 24, 26, 1]]
[[1, 2, 3, 4, 3]]
[[29, 30, 32, 34, 1]]
[[16, 17, 18, 20, 4]]
[[0, 0, 37, 39, 0]]
[[0, 0, 4, 7, 0], [0, 0, 26, 29, 0], [0, 0, 37, 40, 1], [22, 23, 26, 29, 3], [34, 35, 37, 40, 1]]
[[14, 15, 16, 18, 54]]
[[7, 8, 9, 10, 4]]
[[0, 0, 5, 8, 0], [28, 29, 21, 24, 9]]
[[8, 9, 10, 11, 1]]
[[0, 0, 88, 89, 1], [26, 27, 28, 31, 6], [55, 56, 57, 60, 58]]
[[0, 0, 5, 6, 0], [0, 0, 18, 22, 6], [16, 17, 18, 22, 6]]
[[0, 0, 14, 15, 112], [18, 19, 24, 26, 112]]
[[83, 84, 86, 89, 1], [143, 144, 145, 146, 9], [0, 0, 86, 89, 1]]
[[0, 0, 1, 3, 108], [0, 0, 8, 10, 108]]
[[0, 0, 3, 4, 0], [1, 2, 3, 4, 0]]
[[0, 0, 18, 20, 1], [16, 17, 18, 20, 1]]
[]
[[0, 0, 18, 23, 3], [13, 14, 18, 23, 3], [16, 17, 18, 23, 4]]
[[0, 0, 8, 10, 2]]
[[6, 10, 11, 14, 3]]
[[0, 0, 14, 17, 49], [18, 19, 20, 21, 4]]
[[51, 53, 55, 65, 4]]
[[0, 0, 1, 2, 0]]
[[3, 4, 8, 9, 3]]
[[7, 10, 5, 6, 3], [12, 13, 15, 16, 3]]
[[6, 7, 1, 4, 3], [9, 10, 11, 16, 1]]
[[0, 0, 26, 29, 1], [0, 0, 34, 34, 1]]
[[0, 0, 22, 24, 1]]
[[0, 0, 23, 30, 0]]
[[0, 0, 5, 10, 0], [0, 0, 15, 16, 1], [12, 13, 15, 16, 1], [97, 98, 99, 104, 2]]
[[5, 7, 8, 10, 3], [14, 15, 17, 20, 1], [2, 7, 8, 10, 3]]
[]
[[4, 5, 6, 7, 3]]
[[0, 0, 16, 17, 0], [30, 33, 27, 28, 3]]
[[0, 0, 6, 7, 0]]
[[1, 2, 3, 4, 3], [21, 22, 23, 27, 3], [37, 38, 34, 35, 0]]
[[3, 6, 10, 13, 3]]
[]
[]
[[0, 0, 1, 2, 0], [0, 0, 34, 35, 0], [19, 20, 21, 23, 84]]
[[0, 0, 62, 65, 4], [0, 0, 109, 113, 4], [60, 61, 62, 65, 4]]
[[0, 0, 5, 7, 1], [9, 10, 5, 7, 3], [16, 17, 18, 20, 1]]
[[3, 6, 14, 15, 3], [9, 12, 14, 15, 3], [19, 20, 22, 31, 3]]
[]
[[1, 2, 3, 4, 3], [7, 8, 13, 16, 1]]
[]
[]
[[0, 0, 20, 22, 3]]
[[192, 193, 194, 197, 12]]
[[1, 3, 4, 7, 180], [9, 10, 11, 15, 180]]
[[18, 19, 21, 21, 58], [0, 0, 21, 21, 0]]
[[25, 26, 27, 28, 4]]
[[0, 0, 26, 29, 6]]
[[4, 7, 1, 2, 3], [4, 7, 13, 14, 0]]
[[5, 6, 7, 8, 6], [11, 12, 13, 16, 1]]
[[0, 0, 2, 3, 0]]
[[1, 2, 3, 5, 1], [15, 16, 12, 13, 0]]
[[1, 5, 8, 12, 3]]
[[0, 0, 6, 10, 45], [1, 5, 6, 10, 112]]
[[0, 0, 59, 61, 0]]
[[24, 28, 29, 30, 12], [24, 28, 20, 22, 13]]
[[1, 2, 3, 5, 6]]
[[0, 0, 3, 7, 4]]
[[18, 21, 16, 17, 12], [18, 21, 27, 30, 12], [23, 26, 27, 30, 3], [34, 35, 32, 33, 4], [34, 35, 36, 41, 4], [0, 0, 32, 33, 4]]
[]
[[0, 0, 47, 48, 4]]
[[1, 2, 7, 9, 3], [4, 5, 7, 9, 1]]
[]
[[0, 0, 22, 25, 0], [2, 3, 6, 7, 1]]
[[1, 3, 4, 11, 0], [13, 16, 17, 18, 13], [20, 21, 22, 23, 3]]
[[1, 4, 5, 10, 2], [14, 19, 20, 22, 138], [1, 7, 8, 10, 2]]
[[8, 9, 11, 12, 1]]
[[1, 1, 5, 9, 112], [3, 4, 5, 9, 112]]
[[1, 5, 6, 10, 58], [55, 56, 57, 61, 58]]
[]
[]
[[14, 15, 24, 27, 54], [17, 18, 24, 27, 112], [21, 22, 24, 27, 4]]
[[17, 20, 22, 26, 12]]
[[0, 0, 26, 30, 0]]
[[16, 17, 13, 14, 6]]
[[3, 6, 9, 10, 6]]
[[0, 0, 1, 2, 6], [22, 23, 26, 28, 4]]
[[0, 0, 27, 28, 6], [0, 0, 30, 33, 6]]
[[0, 0, 37, 38, 1]]
[[0, 0, 67, 69, 13], [4, 5, 6, 9, 9], [63, 66, 67, 69, 13]]
[[0, 0, 14, 18, 4], [10, 11, 14, 18, 4]]
[[0, 0, 30, 32, 0], [19, 20, 21, 22, 1]]
[[0, 0, 11, 12, 6]]
[[0, 0, 10, 13, 13], [0, 0, 31, 34, 0]]
[[1, 2, 5, 6, 4], [8, 9, 10, 11, 4]]
[[0, 0, 4, 9, 3]]
[[0, 0, 18, 21, 75], [23, 27, 28, 29, 6]]
[[0, 0, 3, 9, 3], [0, 0, 13, 15, 3], [1, 2, 6, 9, 3], [1, 2, 3, 9, 3]]
[[0, 0, 1, 2, 0], [60, 62, 63, 67, 49]]
[[0, 0, 6, 7, 1]]
[[1, 4, 7, 8, 3]]
[[3, 7, 8, 11, 0]]
[[3, 4, 5, 9, 4], [11, 12, 14, 16, 58]]
[[1, 5, 6, 10, 0]]
[[20, 21, 22, 27, 6], [0, 0, 12, 17, 4]]
[[1, 2, 6, 9, 189], [12, 13, 15, 17, 1]]
[[0, 0, 12, 14, 0]]
[[0, 0, 5, 7, 0], [0, 0, 24, 27, 4], [14, 15, 16, 18, 3], [20, 23, 24, 27, 4]]
[[0, 0, 12, 13, 1], [1, 2, 3, 3, 6]]
[[3, 4, 5, 14, 3], [25, 28, 29, 32, 13]]
[[18, 19, 21, 25, 4]]
[[5, 8, 11, 12, 6]]
[[23, 26, 27, 30, 4]]
[]
[[0, 0, 24, 28, 112]]
[[1, 6, 7, 11, 1]]
[[3, 4, 5, 9, 3]]
[[9, 12, 13, 14, 58]]
[]
[[30, 31, 33, 35, 1]]
[[15, 16, 18, 20, 3]]
[[0, 0, 10, 12, 108]]
[[6, 7, 8, 10, 0]]
[]
[[0, 0, 19, 25, 3]]
[[3, 11, 12, 16, 3], [18, 21, 23, 26, 3], [8, 11, 12, 16, 3]]
[[0, 0, 1, 2, 3], [3, 4, 1, 2, 3]]
[[13, 15, 17, 19, 4], [20, 21, 22, 27, 3], [0, 0, 17, 19, 4]]
[[0, 0, 52, 56, 9], [0, 0, 66, 82, 3]]
[[9, 10, 13, 14, 4]]
[[0, 0, 4, 7, 0]]
[[5, 13, 14, 19, 3], [37, 38, 39, 42, 6], [54, 57, 58, 62, 3]]
[[0, 0, 13, 15, 0], [0, 0, 24, 27, 2]]
[[1, 2, 7, 10, 3], [4, 5, 7, 10, 3], [13, 14, 16, 18, 4]]
[[0, 0, 10, 13, 0]]
[]
[[0, 0, 6, 8, 3]]
[[3, 4, 6, 7, 0]]
[[0, 0, 5, 10, 3], [0, 0, 11, 16, 0]]
[[0, 0, 23, 29, 4]]
[[3, 4, 6, 24, 12]]
[[0, 0, 1, 3, 0]]
[[0, 0, 3, 6, 0], [15, 18, 12, 13, 1]]
[[9, 10, 11, 14, 3]]
[[0, 0, 6, 8, 9]]
[[3, 4, 5, 7, 3]]
[[0, 0, 24, 27, 3]]
[[1, 3, 4, 7, 9]]
[[1, 2, 3, 4, 3]]
[[0, 0, 18, 20, 0]]
[[23, 24, 25, 28, 6], [32, 36, 37, 41, 4]]
[]
[[0, 0, 17, 18, 1], [53, 54, 55, 56, 162]]
[[0, 0, 14, 19, 3], [22, 23, 24, 24, 6]]
[[0, 0, 21, 25, 4], [0, 0, 99, 102, 4], [16, 20, 21, 25, 103]]
[[0, 0, 6, 13, 3]]
[[5, 8, 1, 3, 3], [5, 8, 9, 15, 3]]
[[10, 12, 13, 14, 138]]
[[0, 0, 1, 2, 0]]
[[0, 0, 3, 4, 1]]
[[6, 10, 1, 5, 3], [14, 15, 17, 18, 1]]
[[0, 0, 27, 31, 3], [18, 21, 27, 31, 3], [23, 26, 27, 31, 3]]
[[0, 0, 41, 44, 9]]
[[53, 54, 55, 56, 58], [75, 78, 79, 86, 58], [88, 89, 94, 98, 0]]
[[0, 0, 8, 10, 0], [0, 0, 29, 31, 49], [23, 27, 29, 31, 12]]
[[14, 15, 19, 22, 162]]
[[0, 0, 7, 10, 0]]
[]
[[0, 0, 53, 55, 4], [40, 41, 53, 55, 112], [49, 50, 53, 55, 4]]
[[0, 0, 29, 32, 0]]
[[0, 0, 5, 7, 6], [0, 0, 20, 22, 4], [3, 4, 5, 7, 6], [8, 11, 13, 15, 12]]
[[3, 4, 5, 6, 0], [8, 12, 5, 6, 0]]
[]
[[0, 0, 58, 60, 4]]
[[1, 2, 3, 4, 4]]
[[1, 2, 6, 9, 9], [13, 14, 15, 22, 6]]
[[0, 0, 11, 15, 0], [0, 0, 28, 30, 13]]
[[19, 23, 24, 27, 180]]
[[4, 5, 1, 2, 0], [4, 5, 6, 7, 0], [9, 10, 6, 7, 3]]
[[45, 49, 50, 58, 4]]
[[0, 0, 43, 46, 0], [58, 59, 61, 64, 1]]
[[6, 7, 3, 4, 6], [6, 7, 9, 12, 0]]
[[1, 2, 3, 4, 3], [7, 8, 11, 18, 1]]
[[1, 2, 7, 11, 3], [4, 5, 7, 11, 3], [17, 18, 19, 27, 1]]
[[28, 30, 31, 32, 4], [25, 30, 31, 32, 4]]
[[3, 9, 1, 2, 0]]
[[1, 5, 6, 9, 12]]
[[10, 11, 13, 14, 3], [18, 19, 20, 24, 2]]
[[1, 4, 5, 6, 3], [7, 8, 10, 13, 3], [16, 17, 19, 19, 3]]
[[9, 12, 13, 17, 12]]
[[0, 0, 4, 5, 0], [1, 3, 4, 5, 9], [11, 12, 13, 15, 1]]
[[0, 0, 2, 2, 0], [0, 0, 12, 16, 3], [10, 11, 12, 16, 3]]
[[0, 0, 42, 45, 4], [40, 41, 42, 45, 108]]
[[0, 0, 6, 12, 3]]
[[19, 20, 21, 23, 4], [0, 0, 15, 17, 6], [0, 0, 21, 23, 4]]
[[0, 0, 6, 8, 49], [3, 5, 6, 8, 49]]
[[1, 4, 5, 8, 0], [10, 11, 12, 13, 1]]
[[0, 0, 5, 8, 6]]
[[0, 0, 7, 10, 0], [12, 16, 17, 24, 12]]
[[1, 2, 6, 9, 3], [4, 5, 6, 9, 6]]
[[0, 0, 5, 6, 4]]
[]
[[0, 0, 16, 19, 1]]
[[0, 0, 14, 15, 6], [0, 0, 24, 27, 6], [0, 0, 62, 64, 6], [0, 0, 76, 77, 49]]
[[8, 9, 10, 12, 3]]
[[1, 2, 3, 6, 3]]
[[38, 39, 43, 48, 4], [140, 141, 144, 146, 1]]
[[0, 0, 5, 6, 1]]
[[12, 15, 19, 23, 12]]
[[0, 0, 5, 6, 0], [1, 4, 5, 6, 0]]
[[20, 21, 22, 22, 12], [23, 24, 26, 27, 12]]
[[0, 0, 4, 7, 3], [9, 12, 13, 16, 12], [57, 66, 67, 73, 138]]
[[0, 0, 1, 4, 0], [9, 10, 11, 16, 4], [7, 10, 11, 16, 4]]
[[0, 0, 11, 14, 3], [18, 19, 25, 26, 1]]
[[17, 18, 19, 24, 4], [28, 29, 30, 35, 4]]
[[9, 10, 6, 7, 0]]
[[2, 5, 8, 10, 3], [23, 24, 25, 29, 4]]
[[0, 0, 20, 21, 0], [0, 0, 22, 24, 4]]
[[4, 5, 1, 2, 0]]
[[0, 0, 8, 9, 1]]
[[0, 0, 10, 14, 1]]
[]
[[0, 0, 1, 2, 0], [3, 4, 1, 2, 0]]
[[3, 4, 5, 6, 3]]
[[0, 0, 6, 8, 0], [13, 14, 6, 8, 6], [22, 23, 24, 26, 9]]
[[0, 0, 17, 18, 3], [20, 24, 17, 18, 12]]
[[1, 5, 6, 8, 3]]
[[1, 2, 3, 4, 21]]
[[11, 12, 17, 19, 3]]
[[0, 0, 4, 6, 0]]
[[14, 15, 18, 24, 3]]
[]
[[4, 5, 6, 10, 1], [1, 5, 6, 10, 1]]
[[0, 0, 33, 39, 3]]
[[1, 2, 3, 8, 3], [1, 2, 11, 15, 3]]
[]
[]
[[6, 9, 10, 15, 0], [53, 54, 55, 59, 3]]
[[0, 0, 15, 18, 0], [0, 0, 27, 31, 49]]
[[1, 2, 3, 5, 4], [11, 12, 13, 15, 3]]
[[10, 11, 12, 16, 0]]
[[6, 7, 3, 4, 6]]
[[0, 0, 12, 16, 3]]
[[0, 0, 12, 14, 3], [16, 17, 19, 21, 1]]
[[1, 2, 3, 5, 9], [7, 9, 10, 15, 13]]
[]
[[0, 0, 5, 8, 6], [1, 4, 5, 8, 6], [11, 15, 17, 27, 3]]
[[7, 8, 4, 5, 6], [1, 3, 4, 5, 12]]
[[0, 0, 11, 14, 0], [0, 0, 46, 49, 3], [42, 43, 44, 49, 3], [42, 43, 46, 49, 3], [51, 52, 55, 58, 9]]
[[21, 22, 25, 27, 6]]
[[0, 0, 14, 15, 0], [17, 18, 23, 24, 54], [20, 21, 23, 24, 3], [25, 26, 28, 32, 162]]
[[0, 0, 21, 25, 6], [0, 0, 27, 31, 6]]
[[1, 4, 5, 7, 3]]
[[0, 0, 5, 7, 6], [0, 0, 31, 32, 9], [0, 0, 34, 40, 0], [9, 11, 12, 13, 4]]
[[1, 2, 8, 11, 3], [26, 27, 28, 29, 1]]
[[1, 2, 6, 8, 3], [4, 5, 6, 8, 3], [19, 20, 21, 22, 1]]
[[4, 5, 6, 8, 3], [14, 15, 16, 19, 3], [12, 15, 16, 19, 3]]
[[1, 2, 3, 4, 3], [5, 6, 8, 9, 1]]
[[0, 0, 15, 19, 9]]
[[5, 6, 7, 8, 3], [19, 22, 24, 25, 4]]
[[11, 12, 13, 18, 58]]
[[1, 4, 5, 8, 2]]
[[0, 0, 70, 72, 0]]
[[3, 4, 1, 2, 6], [3, 4, 6, 11, 0], [1, 4, 6, 11, 3]]
[]
[[6, 7, 4, 5, 3], [6, 7, 9, 12, 3]]
[[4, 5, 7, 8, 6], [13, 14, 15, 17, 3], [45, 46, 48, 53, 6]]
[[1, 4, 6, 8, 3], [9, 12, 13, 15, 21]]
[[0, 0, 7, 11, 138], [12, 15, 16, 17, 12]]
[[0, 0, 6, 10, 1]]
[[33, 35, 37, 39, 3], [44, 52, 53, 57, 4]]
[[1, 3, 4, 6, 9]]
[[12, 13, 14, 15, 4], [0, 0, 14, 15, 49], [9, 13, 14, 15, 49]]
[[0, 0, 8, 12, 1], [0, 0, 31, 34, 49]]
[[27, 28, 25, 26, 3]]
[[0, 0, 15, 19, 3], [13, 14, 15, 19, 3]]
[[0, 0, 4, 9, 0]]
[[15, 16, 21, 22, 3], [18, 19, 21, 22, 3]]
[[0, 0, 16, 20, 4]]
[[0, 0, 7, 8, 0]]
[[44, 48, 49, 51, 1]]
[[1, 2, 7, 11, 3], [19, 20, 21, 28, 54]]
[[0, 0, 13, 16, 3]]
[[0, 0, 7, 9, 3]]
[[0, 0, 64, 66, 49], [121, 122, 125, 127, 49]]
[[0, 0, 12, 15, 0], [0, 0, 22, 24, 9], [20, 21, 22, 24, 9]]
[[0, 0, 2, 3, 0]]
[[1, 2, 5, 8, 0]]
[[1, 5, 9, 12, 0]]
[[0, 0, 5, 6, 6], [21, 22, 23, 24, 4], [26, 29, 30, 33, 6]]
[[2, 5, 6, 13, 3]]
[[20, 21, 23, 25, 3]]
[[3, 6, 13, 17, 3], [8, 9, 13, 17, 1]]
[[12, 13, 17, 18, 9], [12, 15, 17, 18, 13]]
[[0, 0, 33, 36, 13]]
[[10, 15, 16, 17, 6]]
[[0, 0, 25, 27, 0]]
[[1, 3, 4, 8, 3], [1, 3, 10, 11, 3]]
[[1, 2, 3, 4, 0]]
[[0, 0, 59, 64, 1], [54, 58, 59, 64, 1]]
[[5, 8, 2, 3, 58]]
[[0, 0, 5, 7, 0], [0, 0, 11, 12, 4]]
[[0, 0, 47, 49, 45], [0, 0, 81, 85, 0]]
[[4, 7, 9, 11, 21]]
[[21, 24, 26, 27, 0], [1, 4, 5, 6, 4]]
[[16, 17, 18, 19, 4], [46, 49, 50, 51, 6]]
[[0, 0, 8, 9, 1], [1, 2, 3, 4, 3], [11, 12, 13, 19, 6]]
[]
[[0, 0, 4, 6, 0]]
[[0, 0, 7, 9, 0], [0, 0, 33, 35, 3], [28, 29, 33, 35, 58]]
[[7, 9, 10, 14, 138], [7, 9, 15, 16, 138]]
[[0, 0, 11, 13, 3]]
[[1, 2, 3, 3, 3], [5, 6, 7, 7, 6]]
[[7, 9, 1, 2, 3], [7, 9, 10, 12, 0]]
[[0, 0, 11, 13, 4], [7, 8, 11, 13, 4], [16, 17, 19, 19, 12], [21, 22, 24, 26, 1]]
[[0, 0, 10, 14, 1], [0, 0, 30, 32, 49]]
[[1, 2, 8, 9, 3], [5, 6, 8, 9, 3]]
[]
[[0, 0, 15, 17, 1], [30, 31, 33, 35, 9]]
[[0, 0, 2, 4, 0], [0, 0, 6, 8, 6], [0, 0, 36, 38, 1], [33, 34, 36, 38, 1]]
[[0, 0, 4, 8, 3]]
[[1, 2, 3, 4, 3], [13, 14, 15, 17, 1]]
[[16, 17, 18, 20, 4], [16, 17, 18, 18, 4]]
[[0, 0, 3, 6, 3], [0, 0, 11, 15, 1], [1, 2, 3, 6, 3]]
[[0, 0, 8, 10, 12], [0, 0, 12, 14, 6]]
[[0, 0, 13, 17, 58]]
[[0, 0, 28, 33, 58], [0, 0, 32, 33, 4]]
[[1, 4, 6, 14, 3], [19, 23, 24, 27, 3]]
[[10, 11, 13, 13, 4]]
[[3, 4, 5, 5, 58]]
[[0, 0, 20, 22, 0]]
[[0, 0, 8, 10, 1], [6, 7, 8, 10, 1], [14, 15, 16, 17, 4]]
[[0, 0, 35, 41, 49], [43, 45, 46, 52, 112]]
[[0, 0, 13, 15, 4], [0, 0, 41, 42, 49], [37, 38, 41, 42, 4]]
[[0, 0, 21, 35, 112]]
[[1, 2, 3, 5, 6], [1, 2, 8, 9, 6]]
[[0, 0, 11, 12, 3]]
[[6, 7, 1, 4, 3], [8, 11, 12, 18, 84]]
[[0, 0, 34, 35, 1], [32, 33, 34, 35, 1]]
[[5, 8, 10, 11, 6]]
[[0, 0, 9, 12, 6]]
[]
[[1, 2, 3, 5, 3], [7, 8, 9, 11, 6], [12, 17, 18, 20, 3]]
[[1, 2, 3, 4, 6], [9, 10, 11, 13, 4], [17, 18, 19, 22, 1]]
[[1, 2, 3, 4, 12], [12, 15, 16, 17, 102], [30, 33, 34, 35, 21]]
[[4, 5, 6, 7, 12]]
[]
[[0, 0, 54, 56, 0], [5, 6, 1, 2, 0], [24, 25, 26, 28, 1], [24, 25, 29, 30, 1]]
[[0, 0, 6, 9, 0]]
[[0, 0, 25, 27, 3], [6, 8, 9, 11, 3]]
[]
[[15, 16, 18, 21, 3]]
[[0, 0, 14, 16, 3], [0, 0, 22, 27, 1], [19, 20, 22, 27, 1]]
[[74, 78, 79, 81, 21], [0, 0, 45, 48, 6]]
[[0, 0, 9, 12, 0]]
[[28, 31, 33, 38, 4]]
[[51, 53, 54, 56, 2]]
[[1, 2, 3, 4, 4], [8, 9, 10, 13, 6]]
[[4, 5, 1, 2, 0], [4, 5, 7, 10, 0]]
[[41, 42, 44, 51, 4]]
[[15, 16, 22, 24, 1]]
[[0, 0, 10, 14, 0], [0, 0, 21, 25, 4], [6, 9, 10, 14, 6]]
[[0, 0, 5, 9, 0], [1, 3, 5, 9, 0]]
[[0, 0, 2, 9, 6]]
[[3, 4, 5, 7, 3]]
[[4, 5, 8, 11, 6]]
[]
[]
[[3, 7, 9, 12, 12]]
[[1, 3, 4, 7, 1]]
[[1, 2, 3, 3, 6]]
[[0, 0, 1, 1, 0], [0, 0, 17, 19, 3]]
[[1, 4, 5, 7, 3]]
[[19, 20, 21, 21, 4]]
[[7, 8, 9, 11, 3], [17, 22, 24, 28, 3]]
[[80, 82, 83, 103, 112]]
[[3, 4, 7, 8, 1], [3, 4, 15, 21, 1], [10, 11, 7, 8, 0]]
[[48, 52, 53, 57, 12]]
[]
[[0, 0, 6, 10, 3], [1, 5, 6, 10, 3]]
[]
[[69, 73, 75, 76, 4]]
[[0, 0, 1, 3, 3], [0, 0, 7, 11, 3]]
[[6, 7, 9, 10, 4], [15, 16, 17, 19, 1]]
[[0, 0, 27, 30, 0]]
[]
[[10, 11, 12, 17, 4], [1, 6, 7, 9, 12]]
[[0, 0, 4, 8, 0]]
[[0, 0, 8, 9, 1], [0, 0, 27, 28, 1]]
[[1, 6, 7, 11, 4], [15, 16, 18, 21, 6]]
[[17, 18, 19, 24, 1]]
[]
[[10, 11, 12, 15, 1], [1, 4, 5, 8, 3]]
[[1, 4, 5, 9, 0]]
[[0, 0, 3, 4, 0], [0, 0, 29, 30, 0], [1, 2, 3, 4, 12], [7, 11, 3, 4, 12]]
[]
[[1, 6, 7, 10, 3], [13, 14, 15, 18, 1]]
[[0, 0, 6, 9, 0], [0, 0, 16, 26, 112], [11, 14, 16, 26, 112]]
[[3, 7, 8, 10, 138]]
[[0, 0, 1, 1, 0], [0, 0, 21, 23, 0]]
[[12, 20, 21, 23, 12]]
[[10, 13, 14, 17, 9], [29, 30, 31, 38, 13]]
[[1, 2, 3, 4, 3], [8, 9, 10, 11, 3], [23, 24, 25, 27, 12]]
[[0, 0, 11, 16, 0]]
[[1, 3, 4, 9, 4]]
[[0, 0, 28, 29, 3]]
[[0, 0, 6, 8, 0]]
[[0, 0, 3, 5, 0], [0, 0, 12, 14, 3], [1, 2, 3, 5, 1], [20, 21, 23, 25, 58]]
[[0, 0, 39, 41, 6], [42, 43, 44, 44, 4]]
[[1, 2, 3, 4, 3]]
[[0, 0, 7, 8, 1]]
[[1, 2, 5, 7, 3]]
[[12, 13, 9, 10, 3]]
[[0, 0, 17, 22, 0]]
[[0, 0, 28, 29, 1]]
[]
[]
[[13, 16, 17, 20, 103]]
[[17, 18, 22, 25, 1]]
[[33, 34, 42, 47, 4], [52, 53, 54, 56, 1]]
[[0, 0, 12, 14, 3]]
[[0, 0, 4, 9, 58], [0, 0, 16, 17, 58], [11, 14, 16, 17, 112]]
[[0, 0, 5, 6, 3], [0, 0, 11, 15, 1], [0, 0, 19, 25, 4], [8, 9, 11, 15, 1], [17, 18, 19, 25, 4]]
[[0, 0, 4, 8, 3]]
[[1, 4, 5, 7, 0]]
[[0, 0, 12, 14, 21]]
[[0, 0, 4, 7, 0], [9, 10, 13, 14, 1]]
[[1, 2, 3, 6, 3]]
[[1, 2, 3, 6, 3], [11, 16, 18, 24, 57]]
[[41, 42, 46, 48, 1], [0, 0, 38, 38, 0]]
[[1, 4, 5, 7, 58], [9, 10, 14, 15, 9]]
[[0, 0, 7, 11, 0], [0, 0, 16, 17, 0]]
[[1, 2, 3, 4, 3], [7, 8, 9, 15, 1]]
[[1, 2, 3, 4, 3], [9, 14, 16, 18, 3]]
[[1, 3, 6, 10, 3]]
[[0, 0, 35, 41, 0], [29, 30, 35, 41, 3], [32, 33, 35, 41, 4]]
[[0, 0, 11, 13, 21], [0, 0, 17, 23, 0], [8, 9, 11, 13, 21]]
[[0, 0, 5, 7, 0]]
[[1, 4, 7, 11, 0], [1, 4, 15, 19, 0], [23, 24, 25, 27, 0]]
[]
[[0, 0, 11, 13, 4]]
[[0, 0, 9, 12, 3]]
[[7, 8, 9, 11, 3], [15, 16, 18, 19, 1], [35, 38, 42, 45, 21], [64, 65, 67, 73, 9], [3, 8, 9, 11, 3]]
[[71, 72, 73, 74, 3]]
[[1, 2, 3, 4, 3], [16, 20, 21, 26, 12]]
[[9, 10, 12, 14, 3]]
[[1, 2, 3, 4, 0]]
[[1, 2, 3, 5, 3], [7, 8, 11, 14, 1]]
[[4, 7, 1, 2, 3], [4, 7, 8, 13, 3]]
[[1, 7, 8, 10, 3], [12, 13, 14, 18, 3], [20, 25, 26, 32, 3]]
[[0, 0, 8, 11, 9], [36, 37, 38, 39, 6], [41, 42, 43, 44, 3], [51, 52, 53, 54, 4]]
[[1, 4, 5, 8, 3]]
[[26, 27, 29, 31, 4], [0, 0, 29, 31, 0], [22, 27, 29, 31, 4]]
[[3, 4, 5, 7, 3]]
[[0, 0, 29, 31, 1]]
[[1, 2, 3, 5, 3]]
[[4, 5, 13, 15, 0], [19, 21, 24, 27, 49]]
[[0, 0, 10, 14, 3], [0, 0, 24, 27, 3]]
[[1, 2, 3, 6, 3]]
[[0, 0, 6, 8, 0], [0, 0, 13, 13, 3], [10, 11, 13, 13, 3]]
[[15, 16, 18, 21, 2], [23, 24, 25, 26, 58], [34, 35, 37, 38, 58]]
[]
[[0, 0, 4, 6, 0]]
[[0, 0, 68, 69, 4]]
[[35, 36, 37, 38, 1]]
[[10, 11, 12, 13, 6], [15, 16, 17, 17, 6], [26, 29, 30, 30, 13]]
[[1, 2, 4, 7, 3]]
[[0, 0, 4, 7, 3], [0, 0, 26, 35, 3]]
[[3, 4, 5, 10, 1]]
[[0, 0, 10, 14, 3]]
[[0, 0, 45, 49, 0]]
[]
[[0, 0, 22, 23, 4]]
[[1, 2, 3, 4, 3], [1, 2, 9, 10, 3], [6, 7, 9, 10, 1]]
[[1, 2, 3, 4, 3], [19, 20, 21, 23, 54], [17, 20, 21, 23, 54]]
[[0, 0, 11, 12, 1]]
[[13, 14, 15, 18, 4]]
[]
[[0, 0, 12, 13, 1], [0, 0, 15, 16, 0], [9, 10, 12, 13, 1], [9, 10, 15, 16, 1]]
[[0, 0, 9, 11, 4], [0, 0, 23, 24, 3], [7, 8, 9, 11, 4]]
[[3, 4, 8, 11, 6], [19, 20, 21, 22, 4]]
[[0, 0, 21, 24, 58], [9, 10, 11, 15, 4], [17, 18, 21, 24, 58]]
[[23, 26, 29, 31, 58]]
[[21, 22, 23, 26, 12]]
[[1, 5, 6, 8, 0]]
[[1, 2, 3, 5, 0]]
[[0, 0, 5, 7, 0]]
[[1, 2, 12, 14, 1], [25, 26, 29, 31, 6]]
[[1, 4, 21, 22, 1]]
[[13, 14, 1, 2, 6]]
[[21, 24, 19, 20, 12], [21, 24, 30, 31, 12], [26, 29, 30, 31, 3], [35, 36, 33, 34, 4], [35, 36, 37, 44, 4]]
[[1, 2, 3, 6, 4]]
[[8, 9, 4, 6, 0]]
[]
[[0, 0, 10, 12, 0], [15, 17, 18, 20, 4]]
[]
[[0, 0, 17, 19, 0]]
[[0, 0, 18, 21, 9]]
[[0, 0, 6, 8, 0], [0, 0, 15, 20, 1], [12, 13, 15, 20, 1]]
[[0, 0, 41, 42, 1]]
[[0, 0, 6, 12, 3], [4, 5, 6, 12, 3], [16, 17, 19, 24, 1], [16, 17, 21, 24, 1]]
[[1, 2, 3, 6, 4]]
[[0, 0, 22, 24, 4]]
[[0, 0, 3, 3, 3]]
[[0, 0, 6, 8, 0], [0, 0, 11, 12, 6], [49, 50, 52, 55, 6], [49, 50, 11, 12, 6], [49, 50, 56, 58, 6]]
[[3, 4, 5, 6, 3]]
[[0, 0, 6, 8, 3]]
[[1, 4, 5, 6, 12]]
[[0, 0, 15, 18, 6]]
[]
[[0, 0, 6, 7, 3]]
[[3, 4, 7, 10, 0]]
[]
[[1, 2, 3, 5, 9]]
[[1, 4, 5, 6, 66]]
[[7, 8, 9, 12, 3]]
[[1, 6, 7, 8, 3]]
[[0, 0, 2, 3, 0], [8, 11, 2, 3, 4], [8, 11, 12, 18, 4]]
[]
[[0, 0, 3, 4, 3], [1, 2, 3, 4, 3]]
[]
[[0, 0, 8, 10, 3]]
[[12, 13, 14, 19, 1]]
[[1, 9, 10, 15, 3]]
[[0, 0, 21, 23, 4], [0, 0, 67, 70, 1]]
[[0, 0, 4, 5, 0], [37, 38, 42, 47, 58]]
[[0, 0, 22, 24, 1], [5, 6, 8, 8, 4]]
[[1, 4, 5, 10, 12]]
[[7, 8, 13, 16, 6], [10, 11, 13, 16, 1], [1, 2, 13, 16, 4]]
[[0, 0, 19, 20, 9], [0, 0, 22, 26, 9]]
[[0, 0, 20, 22, 102]]
[[0, 0, 17, 21, 0]]
[[0, 0, 10, 16, 3], [7, 9, 10, 16, 3]]
[[0, 0, 5, 7, 3]]
[]
[[10, 11, 12, 20, 1], [10, 11, 14, 20, 1]]
[[7, 8, 9, 10, 108]]
[[9, 11, 12, 16, 0]]
[[1, 2, 3, 8, 3], [1, 2, 3, 6, 3]]
[[1, 4, 6, 8, 3], [10, 11, 13, 20, 3]]
[[0, 0, 25, 27, 4], [1, 2, 3, 6, 6]]
[[0, 0, 97, 98, 3], [95, 96, 97, 98, 3]]
[]
[[0, 0, 6, 7, 4], [0, 0, 9, 10, 6], [4, 5, 6, 7, 4], [14, 15, 16, 21, 3]]
[[0, 0, 20, 21, 3], [0, 0, 38, 41, 3], [6, 7, 8, 14, 3], [36, 37, 38, 41, 3]]
[[1, 2, 6, 10, 3], [1, 2, 3, 10, 3], [13, 14, 15, 19, 3]]
[[1, 2, 3, 5, 3], [7, 8, 3, 5, 1], [7, 8, 9, 11, 1]]
[[8, 9, 11, 12, 3]]
[[0, 0, 2, 4, 0], [0, 0, 18, 24, 0], [35, 36, 32, 33, 4]]
[[6, 10, 11, 16, 103], [69, 70, 73, 76, 20], [78, 80, 82, 83, 4]]
[[1, 2, 3, 8, 6], [9, 12, 14, 22, 12]]
[]
[[97, 98, 99, 100, 138]]
[[0, 0, 17, 22, 0]]
[[4, 5, 1, 2, 3], [7, 8, 9, 13, 2]]
[[0, 0, 9, 13, 3]]
[[10, 11, 12, 16, 1]]
[]
[[0, 0, 13, 14, 2]]
[[0, 0, 5, 8, 0]]
[[1, 2, 3, 7, 3], [1, 2, 3, 4, 3], [9, 12, 13, 14, 0], [16, 21, 22, 24, 138]]
[[7, 8, 10, 11, 1]]
[[1, 3, 7, 10, 4]]
[[9, 10, 7, 8, 3], [12, 13, 3, 4, 3]]
[[0, 0, 22, 25, 12]]
[[30, 32, 33, 34, 3]]
[[0, 0, 98, 100, 49], [0, 0, 114, 120, 1], [93, 96, 98, 100, 58]]
[[17, 18, 15, 16, 4], [22, 25, 20, 21, 12], [22, 25, 31, 34, 12], [27, 30, 31, 34, 3]]
[[1, 4, 6, 8, 6]]
[[1, 2, 3, 7, 6]]
[[16, 17, 19, 20, 2], [35, 36, 28, 31, 0]]
[[9, 10, 17, 19, 6], [13, 14, 17, 19, 3]]
[[2, 3, 4, 14, 3]]
[[1, 2, 3, 6, 3], [9, 10, 15, 23, 1]]
[[5, 11, 13, 16, 112]]
[[0, 0, 7, 9, 0]]
[[2, 5, 6, 11, 1]]
[[0, 0, 34, 36, 4]]
[]
[[9, 10, 13, 14, 1], [16, 18, 19, 21, 1]]
[[0, 0, 12, 15, 0], [6, 7, 12, 15, 9], [6, 7, 31, 35, 12], [9, 10, 12, 15, 0], [17, 18, 19, 27, 4], [36, 37, 38, 39, 12], [41, 42, 44, 46, 6]]
[[3, 4, 1, 2, 6], [6, 9, 10, 11, 58]]
[[39, 40, 41, 43, 1]]
[[0, 0, 5, 6, 3], [0, 0, 13, 16, 3]]
[[1, 2, 3, 4, 3]]
[[0, 0, 16, 19, 3], [0, 0, 36, 37, 6]]
[[1, 2, 3, 6, 102], [9, 10, 12, 14, 6]]
[[0, 0, 5, 8, 3], [0, 0, 10, 13, 3]]
[[0, 0, 6, 9, 6]]
[[0, 0, 1, 4, 3], [6, 7, 1, 4, 3], [11, 12, 15, 22, 6]]
[[0, 0, 1, 1, 0], [0, 0, 8, 9, 3], [18, 21, 23, 24, 3]]
[[0, 0, 9, 12, 0]]
[[65, 68, 70, 72, 4]]
[[0, 0, 15, 17, 45]]
[]
[]
[[4, 5, 7, 8, 3], [20, 21, 22, 24, 1]]
[[0, 0, 3, 6, 1], [0, 0, 27, 27, 1], [1, 2, 3, 6, 1]]
[[0, 0, 1, 4, 3], [9, 10, 11, 14, 0]]
[]
[[1, 2, 3, 5, 9]]
[[0, 0, 3, 5, 1], [0, 0, 16, 18, 3], [1, 2, 3, 5, 1], [1, 2, 16, 18, 3]]
[[21, 22, 24, 27, 4]]
[[0, 0, 4, 5, 3], [0, 0, 20, 22, 3], [7, 8, 4, 5, 3], [15, 16, 12, 13, 12], [15, 16, 20, 22, 9]]
[[0, 0, 11, 15, 58]]
[[0, 0, 13, 16, 4], [11, 12, 13, 16, 4]]
[[0, 0, 29, 31, 6]]
[[9, 11, 12, 17, 3], [1, 5, 6, 7, 3]]
[[42, 45, 46, 49, 6], [52, 53, 54, 55, 103]]
[[12, 16, 17, 19, 138]]
[[0, 0, 4, 10, 3]]
[[0, 0, 19, 21, 108], [0, 0, 18, 21, 112]]
[[2, 3, 4, 8, 0]]
[[23, 24, 25, 27, 4]]
[[0, 0, 1, 4, 0], [0, 0, 19, 22, 6]]
[[5, 8, 1, 3, 0]]
[]
[[0, 0, 7, 9, 0], [0, 0, 17, 19, 1], [15, 16, 17, 19, 1]]
[[0, 0, 31, 33, 1]]
[[0, 0, 11, 15, 54]]
[[0, 0, 83, 84, 0], [0, 0, 132, 133, 0]]
[[0, 0, 11, 13, 0]]
[[44, 47, 48, 50, 12]]
[[0, 0, 4, 6, 75]]
[[0, 0, 6, 8, 3], [0, 0, 10, 17, 3]]
[[0, 0, 7, 9, 0]]
[[0, 0, 14, 15, 1], [16, 17, 14, 15, 1]]
[[15, 16, 18, 21, 58], [15, 16, 17, 21, 58]]
[[60, 63, 64, 66, 12]]
[[1, 2, 3, 8, 3]]
[[7, 8, 9, 15, 6]]
[[0, 0, 35, 37, 1], [33, 34, 35, 37, 1], [63, 68, 71, 73, 1]]
[[0, 0, 7, 9, 0]]
[[1, 2, 5, 10, 58]]
[[0, 0, 47, 50, 58], [45, 46, 47, 50, 58], [52, 53, 54, 54, 58]]
[[0, 0, 5, 6, 0], [3, 4, 5, 6, 0], [41, 44, 45, 47, 12], [150, 151, 152, 152, 4], [156, 157, 158, 159, 4]]
[]
[[3, 4, 1, 2, 4]]
[[0, 0, 11, 14, 3], [9, 10, 11, 14, 3], [16, 19, 21, 23, 3]]
[[52, 54, 51, 51, 49]]
[[0, 0, 3, 7, 75], [1, 1, 3, 7, 75]]
[[0, 0, 4, 6, 9]]
[]
[[1, 2, 3, 7, 3], [10, 11, 13, 16, 1]]
[[0, 0, 5, 6, 0], [0, 0, 15, 16, 1], [10, 14, 15, 16, 1]]
[[0, 0, 43, 44, 4]]
[[60, 61, 62, 62, 75]]
[[19, 20, 21, 25, 3], [0, 0, 21, 25, 3]]
[[24, 25, 26, 28, 4]]
[[22, 23, 26, 29, 4]]
[[17, 18, 22, 23, 3], [17, 20, 22, 23, 3]]
[]
[[0, 0, 35, 36, 1]]
[[1, 2, 3, 4, 3]]
[[0, 0, 3, 4, 0], [9, 10, 11, 11, 3], [12, 13, 14, 14, 3]]
[[1, 2, 3, 7, 3], [14, 22, 10, 13, 0]]
[[6, 7, 3, 4, 3]]
[[0, 0, 3, 7, 3]]
[[0, 0, 16, 24, 3], [5, 6, 7, 10, 3], [31, 32, 28, 29, 3], [28, 32, 35, 40, 3]]
[[0, 0, 7, 12, 3], [0, 0, 22, 24, 3], [28, 31, 34, 36, 2]]
[[1, 2, 7, 10, 3], [4, 5, 7, 10, 3]]
[]
[[0, 0, 7, 9, 3], [1, 6, 7, 9, 3]]
[[1, 2, 3, 4, 3]]
[[4, 5, 6, 7, 3], [9, 10, 11, 13, 3], [16, 17, 19, 20, 1]]
[[0, 0, 73, 73, 1]]
[[1, 5, 6, 12, 3]]
[[12, 15, 16, 18, 102]]
[[38, 41, 43, 46, 75]]
[[0, 0, 6, 7, 0]]
[[0, 0, 26, 30, 4], [0, 0, 39, 42, 4]]
[[7, 8, 9, 11, 4], [1, 8, 9, 11, 103]]
[[1, 5, 6, 7, 7]]
[[1, 4, 5, 6, 8]]
[[4, 5, 9, 11, 15]]
[[1, 7, 10, 16, 7]]
[[3, 6, 7, 10, 7]]
[[1, 4, 6, 7, 13]]
[[9, 14, 4, 6, 7], [27, 29, 24, 25, 7]]
[[1, 3, 4, 5, 7]]
[[7, 7, 8, 9, 8], [11, 12, 13, 14, 7]]
[[4, 7, 9, 12, 20]]
[]
[[1, 2, 5, 6, 7]]
[[1, 2, 4, 5, 15]]
[[1, 2, 3, 5, 7]]
[[1, 8, 9, 10, 7]]
[[7, 8, 3, 4, 7]]
[[6, 8, 9, 12, 7]]
[[4, 5, 9, 13, 7], [4, 8, 9, 13, 7]]
[[6, 9, 10, 13, 20]]
[[5, 9, 11, 16, 7]]
[[1, 4, 10, 13, 7], [8, 9, 10, 13, 7]]
[[4, 8, 9, 10, 7]]
[[1, 6, 9, 10, 7]]
[[1, 4, 5, 7, 7]]
[[1, 4, 5, 7, 15]]
[[1, 8, 9, 10, 13]]
[[1, 5, 6, 14, 12]]
[[1, 4, 5, 6, 7], [1, 4, 8, 10, 7]]
[[1, 2, 3, 5, 7]]
[[1, 2, 4, 8, 7]]
[[1, 6, 7, 8, 7]]
[[1, 2, 6, 7, 7], [1, 2, 9, 10, 8]]
[[1, 2, 3, 5, 20], [10, 11, 3, 5, 7]]
[[1, 4, 6, 9, 8]]
[[1, 2, 3, 6, 7]]
[[1, 3, 4, 7, 6]]
[[1, 3, 4, 5, 7], [7, 8, 9, 10, 8]]
[[1, 4, 5, 10, 7]]
[[1, 5, 6, 7, 7]]
[[6, 8, 19, 21, 7], [10, 12, 19, 21, 7], [14, 17, 19, 21, 7]]
[[6, 9, 10, 13, 7]]
[[1, 4, 5, 6, 8]]
[[1, 4, 5, 8, 7]]
[[1, 4, 8, 10, 7]]
[[1, 4, 11, 13, 7], [6, 7, 11, 13, 7]]
[[1, 2, 3, 5, 7]]
[[1, 3, 9, 12, 7], [5, 6, 9, 12, 7]]
[[1, 3, 4, 5, 7]]
[[4, 5, 6, 7, 7], [9, 10, 11, 12, 7]]
[[1, 2, 5, 6, 8]]
[[1, 6, 7, 9, 8]]
[[1, 2, 3, 4, 7]]
[[1, 4, 5, 5, 20], [7, 10, 11, 12, 20]]
[[1, 4, 5, 6, 7]]
[[1, 2, 3, 5, 7]]
[[6, 7, 12, 13, 1]]
[[1, 2, 7, 8, 7]]
[[1, 2, 11, 14, 7]]
[[6, 8, 10, 11, 7]]
[[14, 15, 16, 19, 7], [21, 22, 23, 24, 7], [1, 4, 7, 8, 7]]
[[1, 1, 4, 7, 7]]
[[1, 2, 3, 4, 15], [8, 9, 10, 11, 4]]
[[1, 6, 8, 9, 7]]
[[6, 7, 1, 2, 7], [6, 7, 3, 4, 7]]
[[1, 2, 7, 10, 8]]
[[6, 7, 1, 3, 7]]
[[1, 4, 5, 7, 7]]
[[1, 4, 8, 10, 7], [5, 6, 8, 10, 7]]
[[10, 13, 14, 17, 8]]
[[1, 2, 3, 8, 7]]
[[6, 7, 9, 10, 1]]
[[1, 3, 6, 7, 7], [1, 3, 9, 14, 7]]
[[3, 6, 1, 2, 7], [3, 6, 18, 21, 7], [3, 6, 23, 27, 7]]
[[1, 2, 3, 6, 7]]
[[1, 2, 3, 9, 7], [12, 15, 16, 18, 7]]
[[1, 4, 6, 8, 7]]
[[0, 0, 4, 7, 7], [11, 12, 4, 7, 7]]
[[5, 6, 10, 14, 7]]
[]
[[9, 9, 13, 14, 7], [9, 9, 19, 21, 7]]
[[1, 5, 13, 15, 7], [23, 24, 25, 27, 7]]
[[21, 22, 23, 24, 7]]
[[1, 3, 7, 12, 12]]
[[1, 7, 9, 10, 6]]
[[1, 3, 6, 9, 7]]
[[16, 17, 24, 26, 7], [9, 11, 12, 13, 8]]
[[11, 11, 12, 13, 7], [3, 5, 14, 16, 7]]
[[1, 2, 3, 4, 8], [5, 9, 10, 11, 8], [13, 14, 22, 23, 8]]
[[6, 9, 1, 4, 7], [6, 9, 17, 18, 7]]
[[0, 0, 3, 6, 15], [8, 10, 3, 6, 15]]
[[1, 4, 5, 6, 7]]
[[16, 17, 19, 21, 7]]
[[1, 2, 3, 4, 7]]
[[1, 2, 7, 10, 1]]
[[1, 4, 5, 6, 12], [1, 4, 7, 9, 12], [1, 4, 28, 29, 12]]
[]
[[1, 3, 4, 6, 7]]
[[11, 12, 8, 9, 8]]
[[1, 3, 8, 10, 7]]
[[1, 2, 4, 6, 7]]
[[14, 16, 3, 6, 7], [14, 16, 11, 12, 7]]
[]
[[3, 4, 5, 6, 7]]
[[6, 7, 14, 15, 7], [6, 7, 17, 20, 7], [22, 23, 24, 25, 8], [26, 27, 28, 30, 7]]
[[1, 2, 3, 7, 7]]
[[1, 2, 3, 4, 7]]
[[1, 4, 5, 6, 7]]
[[1, 4, 5, 7, 7], [9, 10, 14, 15, 8], [12, 12, 14, 15, 8]]
[[1, 2, 3, 5, 15], [1, 2, 9, 11, 15]]
[[1, 2, 3, 6, 15]]
[[4, 5, 6, 7, 7]]
[[1, 2, 3, 4, 7]]
[[2, 3, 8, 10, 7], [4, 5, 8, 10, 7], [2, 5, 8, 10, 7]]
[[1, 2, 3, 5, 7]]
[[1, 5, 6, 7, 7], [1, 5, 8, 10, 7]]
[[1, 5, 6, 7, 7]]
[[6, 9, 12, 14, 8]]
[[5, 7, 1, 3, 7]]
[[1, 2, 3, 4, 7]]
[[1, 4, 5, 6, 1]]
[[1, 4, 9, 11, 7], [6, 7, 9, 11, 7]]
[[1, 8, 10, 14, 8]]
[[1, 4, 5, 6, 7]]
[[1, 4, 5, 6, 7], [9, 11, 12, 15, 8]]
[[1, 8, 9, 10, 7], [12, 13, 14, 17, 7]]
[[1, 2, 3, 4, 7], [1, 2, 5, 7, 7]]
[[6, 11, 1, 4, 7]]
[[19, 20, 15, 16, 7]]
[[1, 3, 5, 6, 12]]
[[1, 2, 9, 11, 7], [4, 5, 9, 11, 7]]
[[1, 2, 3, 5, 7]]
[[1, 2, 7, 10, 7]]
[[1, 2, 6, 7, 7], [1, 2, 13, 15, 7], [9, 10, 11, 12, 6]]
[[1, 4, 5, 6, 8]]
[[4, 6, 7, 8, 7], [17, 18, 20, 23, 7], [1, 6, 7, 8, 7], [1, 6, 26, 28, 7], [10, 13, 14, 15, 7]]
[[1, 2, 3, 4, 7], [1, 2, 9, 10, 7], [6, 8, 3, 4, 7], [6, 8, 9, 10, 7]]
[[1, 6, 8, 12, 7]]
[[9, 12, 1, 3, 7], [14, 15, 1, 3, 7]]
[[1, 4, 5, 8, 7]]
[[16, 17, 12, 14, 4]]
[[1, 4, 10, 11, 7]]
[[6, 7, 8, 13, 7]]
[[1, 2, 5, 6, 7]]
[[3, 6, 8, 10, 7]]
[[2, 3, 6, 7, 7]]
[[1, 4, 5, 8, 7]]
[[4, 8, 11, 13, 8]]
[[7, 9, 3, 4, 7]]
[[1, 5, 6, 8, 7]]
[[5, 8, 9, 10, 7]]
[[1, 4, 5, 8, 20]]
[[1, 3, 4, 6, 7]]
[[1, 2, 10, 11, 7], [1, 2, 13, 18, 7]]
[[1, 2, 3, 8, 7]]
[[1, 2, 0, 0, 7], [1, 2, 3, 5, 8], [7, 7, 0, 0, 7], [7, 7, 10, 11, 8]]
[[1, 2, 4, 5, 15]]
[[1, 2, 7, 8, 7], [1, 2, 10, 12, 7]]
[[1, 2, 6, 8, 8], [11, 12, 13, 14, 8]]
[[7, 9, 10, 13, 7], [7, 9, 15, 17, 7]]
[[2, 3, 5, 8, 7]]
[[1, 3, 4, 5, 8]]
[[1, 2, 3, 4, 7]]
[[1, 4, 5, 8, 7]]
[[1, 2, 3, 6, 25]]
[[1, 2, 3, 4, 7], [5, 8, 10, 12, 7]]
[[3, 5, 7, 9, 7]]
[[1, 3, 5, 8, 7]]
[[16, 17, 20, 23, 7], [16, 17, 27, 30, 7]]
[[4, 5, 7, 8, 8]]
[[1, 2, 3, 5, 7]]
[[1, 3, 4, 6, 7]]
[[1, 3, 12, 14, 7]]
[[7, 11, 12, 14, 7]]
[[5, 6, 7, 8, 1]]
[[15, 16, 17, 20, 7]]
[[3, 6, 7, 9, 8]]
[[1, 4, 11, 14, 7]]
[[1, 3, 4, 5, 7]]
[[14, 15, 17, 20, 8], [6, 7, 8, 11, 1]]
[[1, 5, 6, 9, 8]]
[[1, 2, 3, 5, 7], [6, 8, 9, 10, 7], [6, 8, 11, 13, 7]]
[[1, 4, 0, 0, 7], [11, 12, 0, 0, 7], [1, 6, 7, 8, 7]]
[[26, 27, 31, 33, 7], [28, 29, 31, 33, 7], [26, 29, 31, 33, 7]]
[[5, 6, 9, 9, 7], [11, 17, 18, 19, 6], [16, 17, 18, 19, 1]]
[[3, 6, 9, 12, 15]]
[[1, 2, 5, 8, 7], [9, 10, 11, 12, 7]]
[]
[]
[[1, 2, 3, 4, 7]]
[[1, 6, 7, 7, 8]]
[[1, 3, 4, 5, 7]]
[[15, 17, 12, 13, 7]]
[[5, 6, 7, 10, 20]]
[[3, 4, 5, 8, 8]]
[[1, 1, 5, 10, 7]]
[[4, 6, 8, 9, 4]]
[[1, 4, 5, 6, 20], [7, 10, 11, 12, 7]]
[[1, 2, 3, 4, 7]]
[[6, 7, 1, 3, 7], [6, 7, 2, 3, 7]]
[[1, 4, 10, 12, 20]]
[[1, 4, 8, 9, 7], [6, 7, 8, 9, 7]]
[[33, 33, 34, 36, 7]]
[[1, 3, 4, 11, 7]]
[[3, 3, 4, 6, 7]]
[[1, 2, 5, 7, 25]]
[[1, 1, 2, 2, 7], [15, 16, 17, 20, 7]]
[[1, 7, 11, 14, 7]]
[[1, 2, 6, 10, 7], [12, 14, 15, 16, 7]]
[[12, 14, 1, 4, 7]]
[[1, 5, 6, 7, 7]]
[[7, 9, 11, 12, 25], [16, 17, 11, 12, 25], [16, 17, 18, 21, 25]]
[[6, 9, 1, 2, 7], [6, 9, 3, 4, 6]]
[[1, 3, 14, 17, 7]]
[[1, 2, 3, 6, 7]]
[[1, 4, 5, 8, 6]]
[[4, 5, 6, 8, 8]]
[[3, 4, 9, 11, 7]]
[[1, 2, 0, 0, 7]]
[[1, 2, 3, 4, 12], [1, 2, 8, 11, 12], [15, 16, 17, 18, 8]]
[[15, 16, 17, 19, 8]]
[[1, 2, 4, 6, 7]]
[[6, 9, 10, 12, 7]]
[[0, 0, 20, 26, 7]]
[[1, 2, 4, 4, 7]]
[[1, 9, 11, 13, 7], [8, 9, 11, 13, 7]]
[[1, 4, 5, 6, 7], [1, 4, 7, 8, 7]]
[[6, 7, 8, 11, 15]]
[[1, 4, 7, 8, 7], [1, 4, 12, 14, 7]]
[[8, 9, 10, 12, 25]]
[[1, 2, 3, 6, 7]]
[[4, 5, 10, 13, 7], [7, 8, 10, 13, 7]]
[[1, 4, 5, 8, 12], [1, 4, 9, 11, 12], [18, 20, 21, 23, 12]]
[[1, 6, 12, 15, 8]]
[[1, 2, 5, 7, 7], [1, 2, 11, 14, 7]]
[[3, 8, 12, 13, 20]]
[[4, 5, 6, 8, 8]]
[[1, 3, 4, 6, 7], [1, 3, 9, 11, 7]]
[[5, 7, 14, 15, 7]]
[[1, 2, 29, 32, 7]]
[[4, 5, 6, 9, 7]]
[[1, 2, 5, 7, 6], [8, 9, 10, 10, 8], [12, 13, 14, 15, 7]]
[[1, 6, 7, 8, 7]]
[[1, 4, 5, 6, 7]]
[[5, 6, 7, 11, 8]]
[[5, 6, 7, 8, 7]]
[[1, 5, 8, 11, 7]]
[[1, 4, 5, 11, 7]]
[[1, 3, 7, 8, 7]]
[[1, 2, 3, 6, 7]]
[[1, 5, 7, 13, 7], [1, 5, 9, 13, 7]]
[[9, 11, 4, 7, 1]]
[[4, 7, 8, 9, 8]]
[[1, 2, 3, 4, 7], [6, 7, 8, 8, 8]]
[[1, 6, 27, 29, 6], [21, 24, 27, 29, 6]]
[[0, 0, 12, 15, 7], [4, 8, 12, 15, 7]]
[[1, 3, 4, 7, 7]]
[[1, 4, 5, 6, 7]]
[[1, 2, 3, 4, 4], [1, 2, 5, 9, 4]]
[[1, 4, 5, 6, 7]]
[[1, 6, 0, 0, 8], [1, 6, 9, 10, 8]]
[[1, 5, 7, 8, 7]]
[[11, 14, 3, 5, 7], [11, 14, 17, 19, 7]]
[[4, 6, 7, 8, 7]]
[[1, 4, 8, 9, 7], [1, 4, 17, 20, 7]]
[[1, 4, 5, 6, 7]]
[[15, 16, 10, 11, 0]]
[[1, 9, 10, 13, 7]]
[[4, 7, 2, 3, 7]]
[[6, 7, 8, 9, 7]]
[[4, 5, 7, 9, 7]]
[[3, 6, 7, 7, 7]]
[[1, 5, 6, 7, 7]]
[[2, 7, 8, 9, 20], [11, 12, 14, 16, 20]]
[[2, 3, 6, 7, 7]]
[[1, 4, 8, 12, 7]]
[[1, 2, 3, 4, 7]]
[[1, 2, 3, 5, 7], [1, 2, 8, 9, 8], [1, 2, 10, 12, 8]]
[[1, 4, 5, 8, 7]]
[[1, 2, 3, 5, 7], [1, 2, 8, 9, 7]]
[[1, 2, 3, 5, 8]]
[[1, 4, 8, 11, 7]]
[[1, 2, 5, 6, 7], [1, 2, 8, 11, 7]]
[[8, 9, 5, 6, 7]]
[[4, 6, 17, 19, 7]]
[[10, 11, 14, 15, 8], [19, 21, 22, 25, 7], [19, 21, 24, 25, 7]]
[[1, 2, 3, 6, 7]]
[[10, 13, 6, 9, 7]]
[[11, 14, 15, 19, 7]]
[[1, 2, 8, 10, 7]]
[[2, 3, 4, 5, 7], [7, 8, 9, 13, 7]]
[[7, 9, 10, 12, 7]]
[[1, 2, 5, 7, 7]]
[[1, 5, 6, 9, 7]]
[[1, 3, 4, 5, 7]]
[[2, 2, 6, 9, 7]]
[[8, 10, 3, 4, 7]]
[[1, 2, 3, 5, 7]]
[[4, 10, 15, 18, 7]]
[[0, 0, 15, 19, 1]]
[[1, 2, 8, 12, 7]]
[[7, 8, 13, 18, 7]]
[[11, 12, 6, 9, 7]]
[[1, 5, 9, 11, 20]]
[[3, 6, 9, 10, 7]]
[[1, 5, 9, 10, 7]]
[[1, 4, 10, 11, 7]]
[[1, 4, 5, 6, 7]]
[[1, 3, 9, 13, 7]]
[[0, 0, 17, 20, 7]]
[[5, 6, 14, 15, 12], [5, 6, 23, 25, 12]]
[[4, 6, 1, 3, 7], [4, 6, 9, 10, 7]]
[[1, 5, 11, 12, 7], [7, 9, 11, 12, 7]]
[[7, 9, 1, 5, 7]]
[[1, 2, 4, 6, 7]]
[[1, 6, 0, 0, 7], [1, 6, 9, 13, 7]]
[[1, 2, 4, 7, 7]]
[[7, 9, 4, 6, 7], [7, 9, 21, 25, 7]]
[[1, 3, 4, 10, 7], [1, 3, 9, 10, 7], [12, 13, 14, 15, 6]]
[[1, 2, 3, 6, 7]]
[[1, 3, 4, 7, 7], [9, 10, 11, 12, 7]]
[[1, 4, 7, 9, 8], [12, 12, 14, 16, 8]]
[[1, 4, 7, 8, 7]]
[[1, 3, 4, 6, 7], [1, 3, 10, 13, 7]]
[[3, 4, 5, 6, 7]]
[[1, 6, 9, 10, 7]]
[[8, 9, 11, 13, 7]]
[[10, 11, 12, 14, 1]]
[[3, 5, 6, 8, 12]]
[[4, 7, 25, 28, 12], [4, 9, 10, 12, 12]]
[[6, 7, 1, 4, 7]]
[[1, 6, 7, 10, 12]]
[[1, 2, 3, 4, 8], [1, 2, 5, 7, 7]]
[[3, 6, 8, 10, 15]]
[[1, 5, 6, 9, 7]]
[[1, 4, 10, 11, 7], [8, 9, 10, 11, 7]]
[[1, 2, 3, 6, 7]]
[[1, 5, 6, 9, 7]]
[[3, 4, 14, 17, 7]]
[[1, 2, 3, 6, 7]]
[[1, 5, 6, 9, 7]]
[[1, 2, 3, 4, 7]]
[[1, 4, 5, 7, 7]]
[[2, 3, 4, 7, 7]]
[[1, 7, 11, 13, 7]]
[[1, 4, 5, 7, 7]]
[[4, 5, 7, 9, 13]]
[[1, 3, 4, 5, 7]]
[[5, 8, 2, 3, 7]]
[[1, 2, 4, 5, 8]]
[[20, 25, 27, 29, 7]]
[[1, 4, 5, 6, 8]]
[[7, 8, 12, 17, 7], [7, 8, 19, 20, 7]]
[[3, 7, 8, 13, 7], [14, 15, 16, 17, 7]]
[[1, 2, 3, 4, 7]]
[[1, 7, 8, 10, 7]]
[[1, 6, 7, 10, 7]]
[[3, 4, 9, 10, 15]]
[[1, 4, 5, 6, 7]]
[[4, 6, 7, 9, 7]]
[[1, 2, 3, 6, 7], [1, 2, 7, 8, 7]]
[[1, 3, 6, 9, 8], [1, 3, 11, 14, 7], [15, 16, 17, 18, 7]]
[[3, 6, 7, 10, 7]]
[[0, 0, 13, 17, 1]]
[[1, 2, 8, 10, 7]]
[[11, 14, 9, 10, 7]]
[[3, 4, 5, 9, 0]]
[[1, 3, 4, 10, 7]]
[[0, 0, 3, 7, 7], [1, 2, 3, 7, 7]]
[[1, 2, 3, 5, 8], [1, 2, 3, 6, 8], [1, 2, 9, 9, 8], [7, 8, 9, 9, 8]]
[[5, 8, 0, 0, 7], [16, 17, 0, 0, 7]]
[[1, 2, 5, 7, 0], [15, 16, 5, 7, 0]]
[[1, 2, 3, 4, 7]]
[[1, 2, 3, 4, 7], [1, 2, 5, 8, 7]]
[[3, 5, 7, 8, 7], [3, 5, 12, 13, 7]]
[[1, 3, 4, 7, 7], [1, 3, 8, 9, 7]]
[[1, 4, 5, 6, 15]]
[[1, 4, 5, 11, 7]]
[[1, 4, 5, 6, 13]]
[[1, 4, 5, 6, 7]]
[[1, 9, 10, 11, 7]]
[[1, 4, 6, 9, 7]]
[[1, 5, 6, 8, 7]]
[[1, 6, 8, 11, 7]]
[[1, 2, 3, 4, 7]]
[[1, 5, 16, 17, 7]]
[[1, 2, 4, 7, 20]]
[[1, 2, 7, 10, 6]]
[[1, 2, 13, 16, 7], [10, 11, 13, 16, 7]]
[[7, 8, 9, 10, 7], [19, 20, 21, 22, 7], [1, 4, 5, 6, 7]]
[[3, 4, 6, 7, 15], [9, 14, 16, 17, 7]]
[[1, 4, 5, 6, 7]]
[[5, 6, 1, 3, 7]]
[[1, 2, 3, 4, 7]]
[[1, 3, 0, 0, 7], [1, 3, 6, 8, 7]]
[[1, 2, 3, 4, 4], [1, 2, 5, 6, 4], [7, 9, 11, 12, 20]]
[[1, 3, 10, 12, 7]]
[[1, 4, 5, 7, 7], [17, 20, 21, 22, 7], [17, 20, 23, 25, 7]]
[[3, 3, 4, 5, 7]]
[[1, 4, 5, 6, 7]]
[[1, 2, 4, 5, 7]]
[[1, 5, 11, 14, 0]]
[[1, 2, 7, 9, 7]]
[[21, 22, 26, 28, 7], [1, 8, 9, 11, 7]]
[[1, 2, 4, 7, 7]]
[[1, 4, 8, 11, 7]]
[[1, 2, 5, 8, 7]]
[[7, 8, 4, 5, 7], [7, 8, 15, 16, 7], [7, 8, 10, 11, 7], [12, 13, 10, 11, 7], [12, 13, 15, 16, 7]]
[[1, 2, 3, 9, 7]]
[[1, 1, 9, 10, 7], [1, 1, 14, 17, 7]]
[[1, 4, 6, 7, 7]]
[[4, 5, 1, 3, 7]]
[[27, 28, 24, 25, 8]]
[[1, 5, 8, 11, 7], [1, 5, 17, 19, 7]]
[[1, 2, 3, 5, 7], [7, 8, 9, 10, 7], [12, 13, 14, 16, 7]]
[[1, 7, 8, 9, 7]]
[[1, 5, 6, 7, 7]]
[[1, 3, 14, 17, 7]]
[[4, 5, 6, 7, 7]]
[[1, 5, 7, 9, 7]]
[[12, 14, 8, 10, 7], [12, 14, 25, 28, 7]]
[[6, 9, 20, 23, 7]]
[[1, 3, 4, 6, 7], [1, 3, 8, 9, 7], [11, 12, 13, 14, 7]]
[[1, 3, 8, 11, 7], [13, 14, 16, 17, 7]]
[[1, 5, 6, 9, 7]]
[[1, 3, 9, 12, 7], [5, 8, 9, 12, 7]]
[[1, 3, 9, 10, 6]]
[[6, 7, 1, 4, 7], [6, 7, 10, 13, 7]]
[[1, 6, 7, 10, 8], [13, 14, 16, 18, 7]]
[[1, 2, 4, 6, 7], [1, 2, 7, 10, 7]]
[[9, 10, 3, 6, 7], [9, 10, 15, 16, 7]]
[[1, 3, 4, 5, 7], [1, 3, 6, 8, 7]]
[[1, 2, 3, 4, 7]]
[[3, 4, 5, 6, 7]]
[[1, 2, 3, 6, 7]]
[[18, 19, 20, 22, 7], [1, 4, 8, 10, 7]]
[[4, 5, 7, 10, 15]]
[[1, 2, 3, 5, 7], [19, 20, 21, 22, 7]]
[[1, 2, 3, 5, 8]]
[[1, 2, 3, 5, 7], [11, 12, 13, 14, 8]]
[[1, 2, 3, 8, 7], [14, 18, 20, 21, 7]]
[[1, 4, 5, 6, 7]]
[[1, 1, 2, 3, 7]]
[[7, 11, 14, 15, 7]]
[[1, 2, 4, 5, 7]]
[[5, 5, 9, 11, 7]]
[[3, 4, 5, 6, 7]]
[[1, 2, 7, 8, 8], [14, 15, 18, 20, 20], [11, 15, 18, 20, 20]]
[[2, 3, 6, 9, 7]]
[[6, 9, 1, 3, 7], [11, 15, 1, 3, 7]]
[[3, 4, 5, 7, 7]]
[[1, 5, 6, 8, 7]]
[[3, 5, 6, 9, 7], [3, 5, 11, 15, 7]]
[[1, 7, 8, 10, 7]]
[[4, 8, 1, 2, 7]]
[[1, 2, 6, 9, 7], [13, 14, 15, 18, 7]]
[[1, 2, 8, 9, 7], [1, 2, 16, 18, 8], [14, 15, 16, 18, 8]]
[[1, 4, 6, 8, 7]]
[[1, 2, 3, 6, 7]]
[[0, 0, 9, 10, 1], [39, 40, 42, 44, 12]]
[[0, 0, 13, 15, 7], [3, 4, 5, 9, 1]]
[[1, 4, 12, 14, 7]]
[[1, 3, 4, 6, 7]]
[[5, 6, 8, 9, 7]]
[[0, 0, 6, 8, 7], [1, 2, 6, 8, 7]]
[[1, 2, 3, 4, 7]]
[[3, 6, 9, 11, 7]]
[[2, 6, 7, 8, 7]]
[[5, 9, 10, 11, 7]]
[[2, 3, 4, 10, 7]]
[]
[[4, 5, 6, 7, 4], [8, 9, 6, 7, 4], [8, 9, 11, 15, 4]]
[[3, 6, 7, 10, 4]]
[[1, 2, 0, 0, 7]]
[[3, 5, 6, 8, 7]]
[[1, 6, 7, 8, 7]]
[[6, 10, 1, 5, 7]]
[[6, 9, 15, 17, 7]]
[[3, 5, 6, 10, 6]]
[[1, 2, 3, 6, 4]]
[[1, 2, 3, 7, 7]]
[[1, 2, 6, 9, 7], [1, 2, 16, 19, 7], [1, 2, 11, 14, 7]]
[[1, 2, 5, 8, 7], [1, 2, 21, 24, 7]]
[[4, 5, 1, 2, 7]]
[[1, 5, 6, 9, 8], [1, 5, 6, 7, 8]]
[[1, 2, 3, 4, 7]]
[[5, 10, 11, 15, 7]]
[[1, 3, 0, 0, 7]]
[[0, 0, 1, 6, 7]]
[[8, 9, 3, 6, 7]]
[[17, 18, 25, 29, 7]]
[[1, 5, 7, 10, 7]]
[[3, 4, 5, 6, 7], [3, 4, 7, 10, 7]]
[[4, 7, 14, 15, 7], [4, 7, 23, 25, 7], [17, 19, 14, 15, 7]]
[[0, 0, 7, 11, 1], [2, 3, 7, 11, 1]]
[[1, 2, 3, 3, 20], [5, 6, 7, 9, 7]]
[[1, 3, 4, 5, 7]]
[[1, 4, 5, 6, 7], [1, 4, 8, 10, 7]]
[[30, 31, 32, 36, 7]]
[[1, 4, 5, 6, 7], [1, 4, 10, 13, 7]]
[[5, 6, 9, 10, 1]]
[[1, 3, 7, 10, 7]]
[[1, 5, 6, 7, 8]]
[[1, 3, 8, 12, 7]]
[[14, 18, 3, 4, 7], [11, 18, 3, 4, 7]]
[[1, 4, 5, 7, 7]]
[[3, 3, 11, 12, 15], [3, 3, 14, 17, 15]]
[[9, 14, 15, 16, 8]]
[[1, 4, 5, 8, 7]]
[[5, 6, 10, 13, 7]]
[[1, 4, 7, 8, 7]]
[[1, 2, 3, 6, 4]]
[[9, 10, 1, 5, 0]]
[[1, 5, 6, 7, 7]]
[[1, 2, 8, 12, 7]]
[[10, 11, 12, 17, 0]]
[[1, 2, 0, 0, 7]]
[[1, 1, 3, 5, 15]]
[[4, 6, 7, 9, 7]]
[[1, 5, 8, 10, 7]]
[[5, 8, 10, 12, 20]]
[[2, 3, 4, 7, 7]]
[[1, 2, 6, 7, 7], [1, 2, 12, 15, 7]]
[[12, 15, 18, 20, 8]]
[[1, 2, 3, 6, 7], [1, 2, 8, 9, 7], [10, 11, 13, 14, 7]]
[[1, 2, 8, 9, 7], [5, 6, 8, 9, 7]]
[[1, 2, 4, 6, 7], [7, 8, 10, 10, 8]]
[[1, 6, 7, 10, 7]]
[[1, 5, 14, 16, 7]]
[[1, 3, 4, 5, 7]]
[[1, 2, 3, 4, 7]]
[[1, 2, 3, 5, 7]]
[[14, 15, 16, 17, 6]]
[[1, 2, 3, 6, 7]]
[[1, 3, 8, 13, 7]]
[[1, 7, 8, 9, 7]]
[[1, 4, 5, 8, 7]]
[]
[[1, 2, 3, 4, 7], [7, 7, 8, 9, 7]]
[[1, 6, 7, 9, 7]]
[[1, 2, 15, 16, 7]]
[[3, 6, 7, 11, 6]]
[[8, 9, 3, 6, 7]]
[[10, 12, 13, 16, 7]]
[[5, 8, 1, 2, 7]]
[[1, 2, 3, 4, 7]]
[[1, 2, 3, 5, 7]]
[[3, 6, 7, 8, 15]]
[[1, 2, 3, 4, 7]]
[[1, 4, 5, 6, 7]]
[[3, 6, 7, 10, 15]]
[[10, 11, 15, 18, 7]]
[[1, 4, 5, 6, 7]]
[[1, 2, 8, 9, 7]]
[[5, 7, 8, 12, 7], [5, 7, 18, 21, 7]]
[[1, 2, 15, 19, 20]]
[[4, 15, 2, 3, 7]]
[[6, 7, 3, 4, 7], [16, 17, 19, 22, 1]]
[[5, 6, 8, 10, 7]]
[[0, 0, 7, 12, 7]]
[[6, 8, 12, 13, 7]]
[[18, 21, 1, 2, 7]]
[[3, 6, 8, 9, 7]]
[[1, 2, 3, 4, 12]]
[[20, 21, 22, 24, 7]]
[[1, 4, 5, 8, 7]]
[[5, 9, 11, 13, 7]]
[[1, 2, 15, 17, 6]]
[[3, 7, 8, 9, 4]]
[[5, 6, 11, 14, 7], [5, 6, 16, 20, 7]]
[[5, 5, 6, 8, 7], [10, 11, 12, 13, 20]]
[[6, 7, 3, 4, 7], [1, 2, 3, 4, 7]]
[[1, 2, 4, 7, 20], [1, 2, 9, 11, 20]]
[[4, 5, 8, 11, 4]]
[[10, 12, 5, 6, 7]]
[[6, 7, 8, 10, 7]]
[[1, 4, 6, 8, 7]]
[[2, 3, 7, 10, 7]]
[[1, 2, 3, 4, 15], [5, 6, 7, 9, 4]]
[[1, 2, 4, 7, 7]]
[[1, 2, 3, 5, 7], [1, 2, 9, 10, 8], [15, 15, 16, 16, 8]]
[[1, 2, 3, 5, 7]]
[[1, 4, 5, 6, 7]]
[[1, 6, 10, 11, 7]]
[[1, 5, 7, 9, 7], [12, 13, 14, 15, 7], [17, 18, 23, 26, 7]]
[[1, 2, 3, 4, 7]]
[[24, 25, 27, 28, 7]]
[[1, 3, 11, 12, 7], [5, 6, 11, 12, 7]]
[[12, 16, 17, 18, 8]]
[[6, 10, 11, 14, 7]]
[[1, 1, 7, 8, 7]]
[[4, 6, 7, 8, 7], [9, 10, 13, 14, 7], [19, 20, 21, 22, 7]]
[[1, 4, 5, 8, 7]]
[[1, 2, 3, 4, 7], [7, 12, 13, 14, 20]]
[[7, 8, 9, 10, 7], [7, 8, 11, 13, 7]]
[[3, 7, 8, 8, 7], [9, 10, 11, 11, 8], [13, 14, 16, 17, 20]]
[[1, 4, 5, 5, 6]]
[[1, 4, 6, 7, 7], [1, 4, 8, 11, 7]]
[[2, 4, 6, 9, 7]]
[[1, 3, 6, 8, 12]]
[[3, 4, 5, 6, 7]]
[[3, 4, 6, 10, 7], [3, 4, 12, 13, 7]]
[[6, 7, 3, 4, 7], [9, 10, 3, 4, 7]]
[[1, 6, 7, 8, 7]]
[[1, 4, 5, 8, 7]]
[]
[[1, 4, 5, 8, 7]]
[[1, 2, 4, 5, 7]]
[]
[[1, 3, 4, 5, 7], [7, 8, 10, 11, 8]]
[]
[[1, 3, 4, 7, 7]]
[[1, 4, 5, 7, 8]]
[[3, 4, 5, 7, 7]]
[[1, 3, 9, 12, 7]]
[[1, 3, 5, 6, 7]]
[[1, 8, 15, 17, 7]]
[[3, 4, 6, 11, 7]]
[[0, 0, 4, 7, 7]]
[[1, 12, 13, 16, 7]]
[[1, 6, 7, 8, 7]]
[[7, 10, 1, 5, 0], [15, 21, 12, 13, 7], [23, 25, 26, 28, 7], [15, 25, 26, 28, 7]]
[[7, 9, 13, 15, 7], [11, 11, 13, 15, 7]]
[[5, 6, 7, 8, 7]]
[[4, 6, 7, 10, 7]]
[[1, 2, 7, 9, 7], [1, 2, 23, 26, 7]]
[[1, 2, 3, 4, 7], [1, 2, 7, 8, 8]]
[[4, 5, 6, 9, 7]]
[[1, 3, 8, 10, 7]]
[[6, 7, 3, 4, 7]]
[[5, 6, 7, 11, 7]]
[[0, 0, 12, 14, 0]]
[[1, 5, 6, 7, 7]]
[[1, 3, 4, 5, 7]]
[[1, 2, 3, 8, 15]]
[[1, 6, 7, 10, 7], [12, 14, 19, 20, 7]]
[[1, 4, 5, 11, 20]]
[[1, 5, 6, 10, 7], [1, 5, 20, 23, 7]]
[[1, 4, 5, 6, 7]]
[[21, 22, 23, 29, 7], [9, 16, 17, 19, 7]]
[[3, 3, 4, 7, 7]]
[[9, 12, 14, 15, 12]]
[[1, 3, 6, 8, 7]]
[[1, 4, 5, 6, 20]]
[[1, 3, 4, 5, 7], [1, 3, 6, 7, 7], [1, 3, 16, 18, 7], [11, 15, 16, 18, 7]]
[]
[[1, 5, 6, 9, 7]]
[[13, 13, 17, 20, 7]]
[[1, 7, 9, 12, 7]]
[[1, 6, 7, 10, 7], [1, 6, 11, 12, 7]]
[[1, 2, 7, 10, 7]]
[[1, 3, 4, 5, 7]]
[[1, 2, 8, 11, 8]]
[[5, 8, 9, 10, 7]]
[[1, 2, 9, 10, 7], [4, 5, 9, 10, 7]]
[[6, 6, 9, 11, 7], [6, 6, 14, 17, 7]]
[[1, 4, 7, 9, 7]]
[[1, 1, 5, 7, 7]]
[[4, 5, 1, 3, 7], [4, 5, 7, 8, 7]]
[[11, 13, 18, 20, 7]]
[[1, 4, 6, 7, 20]]
[[1, 4, 5, 7, 7]]
[[1, 3, 4, 6, 7]]
[[1, 3, 18, 22, 7]]
[[6, 12, 1, 3, 7]]
[[1, 7, 8, 9, 7]]
[[1, 3, 7, 9, 12]]
[[1, 5, 9, 10, 7], [1, 5, 11, 13, 7]]
[[6, 7, 8, 10, 7]]
[[1, 2, 3, 4, 7], [1, 2, 6, 9, 7]]
[[6, 12, 1, 3, 7]]
[[1, 2, 3, 5, 15]]
[[3, 6, 7, 8, 8]]
[[1, 6, 7, 10, 7], [1, 3, 11, 12, 7]]
[[1, 2, 3, 6, 7]]
[[1, 2, 3, 6, 7]]
[[1, 6, 7, 8, 7]]
[[1, 4, 5, 9, 7]]
[[6, 11, 1, 2, 7]]
[]
[[1, 5, 6, 8, 7]]
[[1, 2, 7, 8, 7]]
[[1, 3, 8, 9, 7], [1, 3, 14, 17, 7], [1, 3, 19, 22, 7]]
[[1, 2, 4, 6, 7]]
[[6, 9, 10, 12, 12]]
[[4, 8, 12, 17, 7]]
[[1, 2, 5, 6, 7], [8, 9, 10, 13, 7]]
[[5, 6, 3, 4, 7], [8, 9, 10, 11, 7], [19, 21, 25, 26, 7]]
[[1, 4, 6, 9, 7]]
[[1, 2, 3, 6, 7], [1, 2, 3, 4, 7]]
[[1, 5, 9, 10, 7], [14, 15, 18, 21, 7]]
[[18, 19, 20, 21, 8]]
[[0, 0, 1, 4, 7], [0, 0, 6, 7, 7]]
[[1, 4, 5, 6, 7]]
[[1, 2, 3, 4, 7]]
[[1, 5, 6, 7, 8]]
[[1, 3, 7, 9, 7], [5, 6, 7, 9, 7]]
[[5, 8, 9, 10, 7], [5, 8, 11, 12, 7]]
[[1, 4, 6, 7, 7]]
[[0, 0, 9, 10, 7]]
[[1, 3, 17, 18, 7]]
[[11, 13, 5, 6, 7]]
[[3, 6, 8, 10, 20]]
[[1, 5, 6, 9, 7]]
[[3, 7, 8, 9, 7]]
[[1, 4, 11, 12, 7], [1, 4, 13, 15, 7], [1, 4, 19, 21, 7]]
[[7, 8, 12, 15, 8]]
[[22, 23, 26, 28, 7], [22, 23, 18, 20, 7]]
[[1, 2, 3, 6, 7]]
[[0, 0, 13, 15, 7], [3, 4, 13, 15, 7], [20, 21, 22, 23, 7], [3, 6, 7, 8, 8]]
[[1, 6, 7, 10, 7]]
[[1, 5, 7, 9, 7]]
[[22, 23, 17, 18, 7], [26, 28, 17, 18, 7]]
[[1, 5, 7, 8, 8]]
[[6, 7, 3, 4, 7]]
[[9, 12, 3, 6, 7], [7, 12, 3, 6, 7]]
[[1, 5, 6, 8, 7]]
[[1, 6, 7, 8, 7]]
[[3, 4, 8, 11, 7]]
[[3, 4, 21, 24, 7], [14, 17, 21, 24, 7]]
[[4, 5, 10, 12, 15], [7, 8, 10, 12, 7]]
[[1, 2, 3, 5, 7]]
[[3, 7, 11, 13, 7]]
[[1, 5, 6, 7, 6]]
[[4, 7, 8, 9, 12], [4, 5, 14, 16, 12]]
[[1, 6, 10, 12, 20]]
[[4, 6, 8, 10, 25]]
[[1, 2, 3, 6, 7]]
[[1, 2, 3, 4, 7]]
[[1, 5, 8, 10, 11], [1, 5, 12, 14, 12]]
[[1, 4, 5, 8, 7]]
[[1, 2, 3, 6, 7]]
[[1, 4, 20, 23, 7]]
[[3, 4, 1, 2, 7], [3, 4, 8, 11, 7]]
[[1, 2, 3, 6, 7]]
[[3, 4, 5, 6, 6], [3, 4, 7, 9, 7]]
[[1, 4, 5, 6, 12], [1, 4, 7, 9, 12]]
[[3, 4, 14, 16, 7]]
[[1, 8, 9, 12, 20]]
[[2, 4, 6, 9, 7], [2, 4, 10, 12, 7]]
[[10, 11, 7, 8, 7]]
[[7, 8, 9, 10, 20]]
[[8, 10, 3, 6, 7]]
[[4, 6, 7, 10, 7]]
[[1, 2, 3, 5, 7]]
[[1, 1, 5, 7, 7]]
[[5, 8, 1, 2, 7]]
[[1, 2, 4, 5, 1]]
[[1, 4, 5, 7, 7]]
[[1, 2, 3, 4, 7]]
[[7, 9, 4, 5, 8]]
[[1, 5, 7, 11, 7], [1, 5, 16, 19, 7]]
[[1, 2, 5, 7, 7]]
[[13, 14, 9, 11, 7]]
[[1, 2, 3, 5, 7]]
[[1, 5, 6, 7, 7]]
[[10, 11, 0, 0, 7]]
[]
[[1, 2, 10, 11, 7]]
[[3, 4, 7, 10, 7], [3, 4, 12, 15, 7]]
[[1, 5, 7, 11, 7]]
[]
[[11, 12, 13, 16, 7]]
[[1, 2, 6, 9, 7]]
[[1, 8, 9, 10, 7]]
[[1, 2, 4, 8, 7]]
[[3, 4, 5, 8, 7]]
[[15, 16, 17, 18, 7]]
[]
[[1, 14, 17, 18, 7]]
[[1, 2, 9, 11, 7], [4, 7, 9, 11, 7]]
[[1, 8, 9, 11, 7]]
[[1, 2, 4, 5, 7]]
[[1, 2, 3, 4, 7]]
[[1, 4, 10, 10, 8], [6, 8, 10, 10, 8]]
[[1, 3, 4, 7, 7]]
[]
[[1, 7, 11, 12, 20]]
[[10, 11, 1, 4, 7], [10, 11, 7, 8, 7]]
[[1, 3, 7, 9, 7]]
[[1, 4, 18, 19, 7]]
[[1, 2, 13, 16, 0]]
[[4, 7, 1, 2, 4], [4, 7, 9, 13, 4]]
[[2, 5, 6, 8, 20], [10, 13, 14, 15, 20]]
[[1, 5, 6, 9, 7], [13, 15, 16, 18, 7]]
[[1, 2, 3, 6, 7], [10, 11, 17, 18, 7]]
[]
[[33, 36, 25, 30, 0]]
[[1, 2, 3, 8, 7]]
[[1, 2, 3, 4, 7]]
[[1, 7, 10, 12, 7]]
[[1, 2, 4, 6, 7], [10, 11, 13, 17, 6]]
[[4, 9, 10, 11, 20], [4, 9, 12, 15, 20]]
[]
[]
[[1, 3, 4, 6, 12]]
[[9, 12, 15, 19, 7]]
[[1, 7, 8, 9, 7], [11, 14, 15, 17, 7]]
[[12, 13, 14, 15, 7], [16, 17, 18, 19, 7]]
[[8, 9, 6, 7, 7], [8, 9, 11, 12, 7]]
[[4, 5, 8, 11, 7]]
[[3, 4, 6, 8, 4]]
[[1, 4, 13, 14, 7]]
[[2, 4, 5, 7, 7], [2, 4, 10, 14, 7]]
[[1, 2, 14, 15, 7]]
[[1, 5, 7, 8, 7]]
[[1, 4, 5, 6, 7]]
[[1, 2, 3, 8, 7], [1, 2, 10, 11, 7]]
[[8, 9, 15, 17, 8]]
[[1, 5, 6, 9, 7], [11, 12, 13, 16, 7]]
[[1, 2, 3, 4, 7], [1, 2, 5, 6, 7]]
[[1, 5, 6, 9, 7]]
[[1, 5, 9, 10, 7], [1, 5, 15, 18, 7], [1, 5, 20, 21, 7]]
[[0, 0, 1, 4, 7]]
[[1, 3, 4, 6, 7]]
[[1, 5, 7, 10, 7]]
[[1, 2, 3, 4, 7], [1, 5, 9, 10, 7]]
[[5, 8, 9, 10, 7]]
[[6, 7, 1, 2, 7]]
[[1, 7, 8, 9, 7], [10, 11, 12, 13, 7]]
[[1, 4, 5, 5, 7]]
[[1, 2, 3, 4, 7], [6, 7, 8, 10, 15]]
[[3, 7, 8, 9, 6]]
[[1, 7, 11, 14, 7]]
[[1, 2, 4, 7, 1], [9, 10, 11, 12, 20]]
[[6, 10, 11, 14, 7]]
[[1, 8, 9, 10, 7]]
[[9, 10, 11, 14, 15]]
[[1, 2, 4, 6, 8], [1, 2, 8, 9, 7]]
[[3, 6, 8, 13, 7], [15, 16, 17, 18, 8]]
[[1, 4, 5, 12, 7], [1, 4, 9, 12, 7], [1, 4, 20, 23, 7]]
[[1, 5, 7, 10, 7]]
[[1, 7, 8, 9, 7]]
[[1, 2, 3, 4, 7], [1, 2, 15, 20, 7]]
[[12, 14, 21, 22, 7]]
[[1, 4, 5, 6, 7], [8, 8, 9, 10, 8]]
[[3, 4, 14, 15, 6]]
[[5, 6, 1, 3, 8], [5, 6, 19, 23, 8]]
[[4, 5, 6, 9, 7]]
[[0, 0, 19, 22, 7]]
[[1, 4, 5, 6, 8]]
[[1, 2, 3, 4, 7]]
[[0, 0, 3, 5, 7]]
[[4, 6, 7, 9, 7]]
[[1, 2, 4, 5, 7], [8, 8, 13, 14, 7], [8, 8, 17, 20, 7]]
[[4, 5, 6, 9, 7]]
[[1, 5, 7, 10, 7], [12, 13, 16, 17, 7]]
[[1, 3, 4, 6, 8], [1, 3, 17, 20, 7], [25, 26, 21, 23, 7]]
[]
[[2, 6, 7, 10, 8]]
[[1, 2, 6, 7, 7], [1, 2, 8, 10, 7]]
[[1, 4, 0, 0, 7], [1, 4, 5, 9, 7]]
[[1, 4, 12, 16, 7]]
[[3, 4, 5, 9, 7]]
[[0, 0, 1, 2, 0]]
[[1, 10, 11, 14, 7]]
[[6, 8, 13, 16, 7], [1, 2, 3, 4, 7]]
[[6, 7, 9, 13, 7]]
[[6, 7, 10, 13, 7]]
[[1, 4, 10, 11, 7]]
[[1, 4, 5, 7, 7], [1, 4, 6, 7, 7]]
[[4, 5, 7, 9, 7], [13, 14, 11, 12, 7]]
[[1, 4, 7, 10, 15]]
[[3, 5, 13, 15, 7]]
[[9, 10, 4, 5, 15]]
[[1, 5, 6, 7, 7]]
[[1, 2, 4, 6, 7]]
[[3, 4, 14, 16, 7]]
[[1, 10, 11, 13, 12], [1, 10, 14, 16, 12]]
[[1, 7, 8, 9, 12], [11, 12, 13, 14, 7], [11, 12, 15, 20, 7]]
[[1, 4, 5, 7, 7]]
[[3, 4, 5, 6, 12], [3, 4, 8, 9, 12], [11, 12, 17, 20, 7], [14, 15, 17, 20, 7]]
[[1, 5, 12, 14, 7]]
[[1, 4, 6, 7, 8]]
[[1, 6, 20, 22, 6]]
[[19, 21, 9, 11, 0], [19, 21, 16, 17, 0]]
[[1, 2, 3, 7, 7], [1, 2, 9, 10, 7]]
[[1, 3, 4, 10, 7]]
[[1, 4, 9, 11, 7], [6, 8, 9, 11, 7]]
[[9, 10, 1, 5, 7]]
[[3, 3, 4, 5, 7]]
[[1, 2, 3, 4, 7], [10, 11, 12, 15, 7], [26, 29, 30, 31, 12]]
[[5, 9, 10, 11, 8], [13, 14, 15, 16, 7]]
[[1, 4, 0, 0, 7], [1, 4, 5, 6, 7], [1, 4, 8, 10, 7], [12, 13, 14, 16, 7]]
[[1, 4, 5, 6, 7]]
[[1, 2, 3, 4, 7]]
[[1, 6, 7, 8, 8]]
[[3, 4, 5, 6, 7], [10, 11, 12, 12, 8], [14, 15, 16, 17, 7]]
[[3, 6, 8, 9, 15]]
[[1, 4, 5, 6, 7]]
[[1, 4, 5, 8, 7], [1, 4, 7, 8, 7]]
[[1, 2, 0, 0, 7], [11, 12, 0, 0, 7], [11, 12, 13, 16, 7]]
[[4, 6, 7, 8, 8]]
[[1, 2, 8, 10, 7]]
[[1, 2, 9, 12, 7]]
[[1, 5, 6, 7, 7]]
[[1, 5, 6, 8, 7]]
[[4, 6, 7, 9, 7]]
[[3, 9, 1, 2, 7]]
[[1, 2, 3, 6, 7]]
[[3, 7, 8, 10, 7]]
[[1, 3, 4, 5, 7]]
[[1, 2, 7, 8, 11], [1, 2, 13, 14, 12]]
[[5, 9, 13, 17, 7], [5, 9, 23, 26, 7]]
[[1, 2, 3, 5, 7]]
[[1, 3, 8, 9, 7]]
[[1, 5, 7, 10, 7]]
[[1, 4, 5, 8, 8]]
[[1, 6, 9, 11, 7], [13, 14, 15, 16, 7]]
[[1, 2, 4, 6, 7]]
[[1, 2, 7, 11, 7]]
[[1, 9, 10, 11, 7], [16, 19, 20, 22, 7], [8, 9, 12, 14, 7]]
[[3, 4, 5, 7, 7], [3, 4, 8, 12, 7]]
[[3, 4, 5, 8, 15]]
[[1, 2, 4, 5, 7]]
[[1, 2, 4, 6, 1]]
[[6, 7, 2, 4, 4], [6, 7, 19, 22, 4]]
[[1, 7, 8, 9, 7]]
[[1, 4, 5, 6, 7]]
[[1, 2, 5, 8, 7]]
[[0, 0, 4, 6, 7]]
[[5, 8, 10, 12, 7]]
[[3, 4, 6, 7, 4], [1, 4, 6, 7, 4]]
[[1, 3, 4, 5, 7], [13, 14, 15, 16, 8]]
[[0, 0, 15, 17, 0]]
[[4, 5, 6, 10, 7], [4, 5, 11, 13, 7]]
[[1, 4, 5, 7, 7], [1, 4, 8, 11, 7]]
[[1, 8, 9, 12, 8]]
[[1, 4, 5, 7, 7]]
[[5, 8, 9, 11, 15]]
[[1, 2, 6, 8, 7], [1, 2, 12, 15, 7]]
[[12, 13, 23, 26, 7]]
[[3, 4, 10, 11, 7]]
[[3, 4, 5, 9, 7]]
[[1, 2, 5, 7, 7]]
[[1, 3, 7, 8, 7], [10, 11, 12, 13, 7], [14, 15, 16, 17, 7]]
[[1, 2, 5, 6, 7]]
[[1, 4, 5, 8, 7], [14, 15, 16, 18, 7]]
[[1, 4, 5, 9, 7]]
[[5, 6, 7, 9, 7]]
[[1, 2, 6, 9, 7]]
[[9, 10, 14, 16, 7], [11, 12, 14, 16, 7]]
[[8, 9, 17, 20, 7], [13, 16, 17, 20, 7]]
[[1, 3, 4, 6, 7]]
[[5, 6, 2, 3, 7]]
[[1, 3, 8, 12, 7]]
[[1, 4, 5, 6, 7]]
[[1, 3, 4, 7, 7]]
[[3, 6, 7, 19, 7]]
[[4, 5, 7, 10, 8]]
[[9, 10, 4, 6, 7]]
[[1, 5, 6, 7, 7]]
[[4, 5, 6, 9, 7]]
[]
[[1, 5, 6, 9, 7]]
[[4, 12, 13, 16, 7], [18, 19, 20, 21, 7], [22, 23, 20, 21, 7], [22, 23, 25, 27, 7]]
[[1, 2, 3, 4, 7], [6, 7, 8, 9, 7]]
[[4, 11, 12, 15, 7], [22, 26, 27, 28, 7]]
[[1, 2, 4, 6, 7]]
[[4, 5, 7, 9, 7]]
[[1, 2, 3, 4, 7], [1, 2, 5, 6, 7]]
[[9, 10, 11, 12, 8]]
[[1, 5, 12, 16, 8]]
[[1, 3, 4, 11, 7], [13, 14, 15, 15, 7], [16, 17, 19, 20, 7]]
[[1, 2, 3, 5, 7]]
[[1, 5, 6, 7, 8]]
[[1, 2, 4, 6, 7], [11, 12, 16, 17, 7]]
[[1, 5, 29, 32, 7]]
[[1, 2, 7, 10, 8], [1, 4, 7, 10, 8]]
[[1, 4, 5, 6, 6]]
[[0, 0, 1, 3, 7]]
[[0, 0, 10, 11, 1]]
[[1, 2, 5, 8, 7]]
[[0, 0, 3, 4, 7]]
[]
[[1, 2, 4, 6, 7], [1, 2, 11, 13, 7]]
[[5, 7, 9, 10, 4]]
[[1, 2, 4, 5, 7]]
[[1, 6, 12, 15, 11]]
[[1, 4, 5, 9, 7]]
[[5, 7, 2, 3, 7]]
[[8, 9, 10, 12, 7]]
[[1, 4, 5, 10, 7]]
[[1, 5, 6, 8, 7]]
[[1, 2, 4, 7, 7]]
[[0, 0, 17, 20, 0]]
[[5, 6, 7, 8, 15]]
[[1, 2, 3, 6, 7], [1, 2, 8, 9, 7]]
[[1, 2, 3, 5, 15]]
[[0, 0, 6, 9, 7], [1, 2, 6, 9, 7], [11, 12, 14, 16, 1]]
[[16, 17, 18, 19, 7], [25, 28, 29, 30, 7]]
[[1, 2, 3, 4, 7], [7, 8, 9, 10, 7], [11, 11, 13, 15, 7]]
[[3, 4, 6, 7, 7]]
[[3, 4, 8, 10, 7]]
[[1, 5, 6, 9, 7]]
[[1, 3, 4, 8, 7]]
[[1, 3, 4, 6, 7]]
[[1, 6, 8, 10, 8]]
[[1, 2, 5, 6, 7]]
[[1, 4, 8, 9, 7], [12, 13, 17, 19, 7]]
[[4, 5, 6, 9, 7]]
[[3, 4, 7, 7, 7]]
[[1, 2, 3, 6, 7]]
[[1, 4, 6, 7, 7], [1, 4, 9, 11, 8], [12, 12, 14, 14, 8]]
[[1, 2, 3, 7, 7]]
[[4, 5, 6, 8, 7]]
[[1, 4, 11, 14, 15], [6, 9, 11, 14, 20]]
[[6, 6, 7, 10, 7], [12, 14, 15, 18, 7]]
[[2, 3, 9, 11, 8]]
[[1, 4, 7, 9, 7]]
[[1, 5, 6, 7, 7], [16, 17, 18, 19, 7]]
[[1, 4, 7, 10, 7]]
[[4, 5, 6, 10, 15]]
[[1, 5, 8, 11, 7]]
[[1, 4, 14, 15, 7]]
[[0, 0, 3, 9, 7]]
[[1, 5, 6, 9, 7]]
[[9, 15, 16, 19, 7]]
[[1, 3, 4, 6, 4]]
[[4, 5, 6, 9, 7]]
[[1, 7, 8, 9, 7]]
[[4, 7, 8, 9, 7], [1, 7, 8, 9, 7]]
[[1, 7, 9, 13, 7]]
[[1, 2, 7, 10, 7]]
[[9, 10, 3, 6, 7], [9, 10, 11, 12, 8], [16, 17, 18, 21, 7]]
[[1, 4, 11, 12, 7]]
[[1, 5, 6, 7, 7]]
[[3, 4, 5, 9, 7]]
[[1, 4, 5, 6, 7], [10, 12, 13, 16, 7]]
[[1, 5, 6, 7, 7], [9, 10, 11, 12, 7]]
[[1, 5, 6, 7, 8]]
[[1, 2, 3, 4, 7]]
[[8, 9, 11, 14, 7]]
[[8, 9, 11, 12, 7]]
[[2, 2, 8, 10, 7]]
[[1, 4, 19, 21, 7]]
[[11, 12, 13, 16, 7]]
[[1, 2, 4, 6, 7]]
[[1, 3, 4, 5, 6], [12, 15, 17, 18, 8]]
[[1, 3, 15, 18, 7]]
[[1, 2, 5, 7, 7], [1, 2, 16, 20, 7]]
[[1, 3, 4, 5, 7]]
[[1, 4, 5, 7, 8], [13, 14, 15, 16, 7]]
[[1, 4, 5, 7, 7]]
[[1, 3, 6, 7, 7], [1, 3, 9, 12, 7]]
[[1, 3, 6, 7, 7], [12, 13, 20, 23, 15]]
[[1, 2, 17, 19, 12]]
[[1, 2, 16, 19, 4]]
[[8, 9, 5, 6, 7]]
[[1, 2, 5, 6, 7]]
[[9, 10, 14, 16, 7]]
[[1, 4, 5, 7, 20]]
[[1, 3, 13, 17, 8], [19, 20, 25, 26, 7]]
[[4, 5, 7, 8, 7], [14, 15, 17, 18, 7]]
[[1, 5, 6, 9, 7]]
[[1, 2, 8, 9, 7]]
[[1, 2, 6, 8, 7]]
[[1, 2, 4, 5, 1]]
[[1, 6, 7, 10, 7]]
[[4, 6, 0, 0, 7], [4, 8, 9, 10, 7]]
[[1, 9, 10, 11, 7], [1, 9, 12, 14, 7]]
[[1, 2, 11, 14, 7], [1, 2, 21, 22, 7]]
[[1, 2, 4, 5, 7], [14, 15, 16, 17, 8]]
[[1, 2, 3, 7, 7]]
[[1, 5, 8, 9, 7]]
[[12, 16, 7, 8, 7]]
[[11, 12, 8, 9, 7]]
[[1, 4, 5, 7, 7]]
[[4, 5, 6, 11, 7]]
[[1, 2, 5, 8, 7]]
[[7, 8, 10, 12, 7]]
[[1, 2, 3, 4, 7]]
[[1, 3, 6, 8, 7]]
[[1, 2, 3, 6, 7]]
[]
[]
[[1, 6, 0, 0, 7], [1, 6, 20, 23, 7]]
[[1, 2, 6, 8, 7], [11, 14, 15, 17, 7], [11, 14, 19, 20, 7]]
[[1, 9, 10, 13, 7]]
[[4, 5, 9, 11, 8]]
[[6, 8, 9, 12, 7]]
[[14, 17, 7, 8, 7]]
[]
[[1, 7, 8, 10, 7]]
[[1, 3, 7, 8, 7], [5, 6, 7, 8, 7]]
[[6, 10, 13, 16, 7]]
[[1, 6, 7, 7, 6]]
[[1, 3, 4, 7, 12]]
[[1, 3, 6, 7, 20], [14, 17, 18, 20, 20]]
[[1, 4, 5, 11, 8]]
[[6, 9, 1, 4, 7]]
[[1, 2, 10, 12, 7]]
[[15, 16, 11, 13, 7], [18, 19, 11, 13, 20]]
[[1, 4, 5, 6, 8]]
[[1, 2, 3, 6, 7], [8, 9, 10, 13, 7]]
[[1, 5, 6, 7, 8]]
[[5, 6, 1, 3, 7]]
[[1, 2, 4, 6, 7]]
[[1, 5, 18, 19, 7]]
[[1, 2, 3, 5, 7]]
[[1, 2, 10, 11, 12], [1, 2, 13, 16, 12]]
[[15, 17, 4, 6, 7], [15, 17, 25, 26, 7]]
[[1, 2, 7, 9, 7], [4, 5, 7, 9, 7]]
[[1, 5, 6, 7, 7]]
[[0, 0, 10, 11, 1], [3, 4, 10, 11, 1]]
[[1, 2, 3, 5, 7]]
[[0, 0, 3, 8, 7]]
[[2, 3, 4, 7, 7]]
[[1, 4, 5, 6, 7]]
[[1, 4, 5, 7, 7]]
[[4, 6, 8, 10, 7], [4, 6, 11, 12, 7]]
[[1, 2, 4, 6, 7]]
[[11, 12, 8, 9, 7]]
[[8, 11, 12, 15, 20]]
[[3, 4, 8, 10, 7]]
[[1, 6, 7, 8, 12]]
[[1, 2, 4, 6, 7], [1, 2, 12, 13, 7], [8, 11, 12, 13, 20]]
[[1, 2, 3, 5, 7]]
[[1, 4, 5, 6, 7], [1, 4, 8, 11, 7]]
[[1, 2, 0, 0, 7], [1, 2, 6, 8, 7]]
[[3, 7, 1, 2, 7]]
[[1, 4, 10, 13, 7]]
[[1, 4, 6, 8, 7], [10, 14, 16, 17, 20]]
[[1, 4, 20, 26, 7]]
[[3, 6, 7, 12, 15]]
[[1, 2, 3, 5, 8]]
[[3, 6, 7, 10, 8]]
[[1, 2, 3, 6, 7], [1, 2, 3, 4, 7], [1, 2, 5, 6, 7], [1, 2, 8, 8, 7]]
[[6, 7, 8, 9, 7]]
[[2, 5, 7, 9, 7]]
[[1, 2, 11, 13, 7]]
[[1, 2, 7, 9, 0]]
[[1, 2, 3, 6, 7]]
[[1, 4, 14, 17, 7]]
[[6, 6, 12, 14, 7]]
[[1, 2, 4, 5, 7], [1, 2, 6, 12, 7]]
[[1, 2, 0, 0, 7]]
[[1, 2, 3, 6, 7]]
[[1, 2, 0, 0, 7], [10, 11, 13, 13, 7]]
[[1, 2, 8, 11, 6], [14, 16, 18, 19, 7]]
[[3, 4, 6, 9, 1]]
[[10, 12, 6, 8, 12]]
[[4, 7, 10, 13, 7]]
[[14, 16, 9, 12, 12]]
[[1, 2, 3, 4, 7]]
[[6, 7, 8, 9, 7], [6, 7, 10, 12, 7]]
[[1, 3, 4, 7, 7]]
[[4, 8, 10, 12, 7]]
[[1, 7, 8, 9, 7]]
[[1, 5, 9, 11, 7], [13, 14, 15, 18, 7]]
[[6, 10, 11, 14, 12]]
[[1, 4, 5, 7, 7], [1, 4, 10, 11, 7]]
[[3, 6, 7, 8, 20]]
[[1, 2, 5, 7, 7]]
[[1, 2, 5, 8, 7], [1, 2, 10, 14, 7]]
[[5, 6, 7, 10, 7]]
[[3, 5, 9, 11, 7], [3, 5, 13, 16, 7]]
[]
[[1, 2, 3, 4, 7], [1, 2, 12, 14, 7]]
[[1, 4, 5, 6, 12]]
[[1, 3, 4, 7, 7]]
[[1, 5, 7, 11, 7]]
[[1, 6, 13, 16, 7]]
[[1, 6, 11, 12, 7], [8, 9, 11, 12, 7]]
[[1, 2, 6, 9, 7]]
[[1, 2, 3, 6, 7], [8, 9, 10, 11, 7]]
[[3, 3, 4, 6, 7]]
[[1, 4, 7, 10, 7]]
[[1, 4, 8, 11, 7]]
[[3, 8, 10, 15, 0]]
[[1, 3, 6, 8, 7]]
[[3, 4, 5, 8, 7]]
[[1, 4, 0, 0, 7]]
[[1, 3, 6, 7, 7], [11, 12, 15, 18, 1]]
[[1, 5, 7, 9, 7]]
[[1, 5, 9, 11, 8]]
[[4, 5, 6, 8, 7]]
[[6, 7, 3, 4, 7]]
[[1, 2, 3, 5, 7]]
[[3, 6, 7, 8, 7]]
[[1, 3, 4, 6, 7]]
[[1, 8, 9, 10, 12], [1, 6, 14, 15, 12]]
[[7, 12, 1, 3, 7]]
[[1, 3, 4, 5, 8]]
[[5, 7, 8, 10, 7]]
[[1, 2, 6, 7, 7]]
[[4, 5, 12, 13, 7], [4, 5, 15, 17, 8], [9, 11, 12, 13, 7], [1, 2, 15, 17, 13]]
[[9, 10, 4, 7, 7], [9, 10, 12, 16, 7]]
[[1, 6, 7, 8, 7]]
[[3, 6, 7, 11, 12]]
[[1, 6, 13, 18, 7]]
[[12, 15, 16, 17, 8]]
[[2, 8, 9, 14, 6]]
[[1, 5, 12, 14, 0]]
[[1, 3, 5, 7, 20]]
[[4, 5, 6, 7, 7]]
[[1, 3, 4, 5, 7]]
[[3, 4, 5, 8, 4], [1, 4, 5, 8, 4]]
[[1, 4, 7, 8, 7]]
[[1, 4, 5, 6, 7]]
[[1, 2, 3, 4, 7]]
[[0, 0, 11, 12, 7]]
[[3, 4, 5, 9, 25]]
[[1, 2, 3, 4, 7]]
[[8, 8, 10, 12, 7]]
[[1, 5, 9, 11, 7]]
[[1, 4, 11, 12, 7]]
[[4, 6, 8, 10, 7]]
[[1, 2, 3, 5, 7]]
[[8, 11, 4, 5, 6]]
[[1, 5, 6, 7, 7], [1, 5, 8, 10, 7]]
[]
[]
[]
[]
[]
[]
[]
[]
[]
[]
[]
[]
[]
[]
[]
[]
[]
[]
[]
[]
[]
[]
[]
[]
[]
[]
[]
[]
[]
[]
[]
[]
[]
[]
[]
[]
[]
[]
[]
[]
[]
[]
[]
[]
[]
[]
[]
[]
[]
[]
[]
[]
[]
[]
[]
[]
[]
[]
[]
[]
[]
[]
[]
[]
[]
[]
[]
[]
[]
[]
[]
[]
[]
[]
[]
[]
[]
[]
[]
[]
[]
[]
[]
[]
[]
[]
[]
[]
[]
[]
[]
[]
[]
[]
[]
[]
[]
[]
[]
[]
[]
[]
[]
[]
[]
[]
[]
[]
[]
[]
[]
[]
[]
[]
[]
[]
[]
[]
[]
[]
[]
[]
[]
[]
[]
[]
[]
[]
[]
[]
[]
[]
[]
[]
[]
[]
[]
[]
[]
[]
[]
[]
[]
[]
[]
[]
[]
[]
[]
[]
[]
[]
[]
[]
[]
[]
[]
[]
[]
[]
[]
[]
[]
[]
[]
[]
[]
[]
[]
[]
[]
[]
[]
[]
[]
[]
[]
[]
[]
[[1, 2, 9, 10, 7]]
[]
[]
[]
[]
[]
[]
[]
[]
[]
[]
[]
[]
[]
[]
[]
[]
[]
[]
[]
[]
[]
[]
[]
[]
[]
[]
[]
[]
[]
[]
[]
[]
[]
[]
[]
[]
[]
[]
[]
[]
[]
[]
[]
[]
[]
[]
[]
[]
[]
[]
[]
[]
[]
[]
[]
[]
[]
[]
[]
[]
[]
[]
[]
[]
[]
[]
[]
[]
[]
[]
[]
[]
[]
[]
[]
[]
[]
[]
[]
[]
[]
[]
[[42, 43, 3, 7, 1]]
[[118, 119, 79, 81, 4]]
[]
[[41, 41, 23, 29, 3]]
[[41, 41, 11, 12, 3], [55, 56, 16, 17, 3]]
[[41, 41, 58, 61, 0]]
[]
[[41, 41, 21, 24, 0], [41, 41, 38, 39, 3]]
[[41, 41, 5, 11, 1]]
[[45, 47, 12, 15, 3], [65, 66, 26, 28, 3]]
[[41, 41, 11, 15, 3]]
[[42, 43, 3, 8, 1]]
[]
[[42, 43, 3, 8, 3], [57, 58, 49, 51, 1]]
[[45, 48, 1, 2, 3]]
[[42, 44, 4, 10, 3]]
[[96, 97, 62, 64, 3]]
[[168, 171, 131, 136, 12]]
[]
[]
[[41, 41, 12, 13, 1]]
[[63, 65, 26, 27, 4]]
[[56, 57, 17, 19, 0], [139, 142, 102, 103, 3]]
[[41, 41, 9, 11, 3]]
[[41, 41, 34, 36, 3]]
[[41, 41, 5, 9, 0]]
[[47, 48, 8, 9, 6]]
[[41, 41, 1, 2, 3], [45, 46, 1, 2, 3]]
[[61, 62, 25, 27, 1]]
[[42, 43, 3, 4, 3]]
[[47, 49, 10, 12, 1], [66, 67, 28, 30, 1], [0, 0, 38, 40, 1]]
[[57, 58, 18, 20, 4]]
[]
[[41, 41, 4, 7, 3], [75, 76, 37, 40, 1]]
[[41, 41, 20, 22, 49], [59, 60, 20, 22, 58]]
[]
[[41, 41, 2, 8, 0]]
[[49, 50, 10, 11, 1]]
[[67, 68, 28, 31, 6], [96, 97, 59, 60, 58]]
[[41, 41, 11, 12, 0]]
[[41, 41, 14, 15, 3]]
[[145, 146, 107, 110, 1]]
[[41, 41, 1, 3, 0]]
[[41, 41, 3, 4, 3], [42, 43, 3, 4, 3]]
[[41, 41, 19, 21, 1], [58, 59, 19, 21, 1]]
[]
[]
[[41, 41, 10, 12, 1]]
[[6, 10, 39, 42, 3]]
[[60, 61, 21, 22, 4]]
[[96, 98, 59, 72, 4]]
[]
[[44, 45, 6, 9, 3]]
[[48, 51, 5, 6, 3], [53, 54, 15, 16, 3]]
[[47, 48, 1, 4, 3]]
[[41, 41, 29, 32, 1], [41, 41, 65, 65, 1]]
[]
[]
[[54, 55, 16, 17, 1]]
[[46, 48, 8, 10, 3], [55, 56, 17, 20, 1]]
[]
[[45, 46, 6, 7, 3]]
[[0, 0, 45, 46, 3], [0, 0, 81, 83, 3]]
[]
[[42, 43, 3, 4, 3], [78, 79, 34, 35, 3]]
[]
[]
[]
[[41, 41, 47, 48, 0], [41, 41, 53, 55, 3]]
[[106, 107, 67, 70, 49]]
[[41, 41, 13, 15, 3], [65, 66, 26, 28, 1]]
[]
[]
[]
[]
[[95, 96, 57, 60, 58], [0, 0, 45, 47, 1]]
[[41, 41, 22, 24, 3], [44, 45, 5, 8, 1]]
[]
[[42, 44, 4, 7, 1], [50, 51, 11, 15, 3]]
[]
[[69, 70, 30, 31, 4], [0, 0, 51, 53, 0]]
[[41, 41, 30, 33, 6]]
[[45, 48, 1, 2, 3]]
[[46, 47, 7, 8, 3], [52, 53, 13, 16, 1]]
[[41, 41, 5, 6, 0]]
[[42, 43, 3, 5, 1], [56, 57, 12, 13, 1]]
[[42, 46, 6, 12, 3]]
[[41, 41, 6, 10, 0], [42, 46, 6, 10, 0]]
[]
[]
[[42, 43, 3, 5, 6]]
[[41, 41, 3, 7, 0]]
[[73, 76, 30, 31, 3], [73, 76, 41, 44, 3], [78, 81, 41, 44, 3]]
[]
[[41, 41, 60, 61, 49]]
[[42, 43, 7, 9, 3], [45, 46, 7, 9, 3]]
[]
[[43, 44, 6, 7, 1], [0, 0, 50, 53, 1]]
[[61, 62, 22, 23, 3]]
[[42, 49, 9, 11, 3], [56, 61, 21, 23, 3]]
[[49, 50, 11, 12, 1]]
[[41, 41, 6, 10, 3], [42, 43, 6, 10, 3]]
[[96, 97, 57, 61, 58]]
[[43, 44, 8, 9, 0], [52, 59, 19, 21, 4]]
[]
[[41, 41, 32, 35, 3], [63, 64, 32, 35, 58]]
[]
[[0, 0, 56, 60, 3]]
[[57, 58, 13, 14, 6]]
[[44, 47, 9, 10, 3]]
[[63, 64, 26, 28, 4]]
[[41, 41, 36, 39, 0], [41, 41, 61, 62, 0]]
[[41, 41, 44, 45, 1]]
[[141, 144, 104, 106, 3]]
[]
[[60, 61, 21, 22, 1], [0, 0, 59, 63, 12]]
[[41, 41, 13, 14, 6], [52, 53, 13, 14, 6]]
[[50, 51, 11, 14, 3], [0, 0, 39, 42, 3], [0, 0, 63, 66, 3]]
[[42, 43, 5, 6, 4]]
[[41, 41, 14, 19, 3]]
[[65, 69, 29, 30, 6]]
[[42, 43, 3, 9, 3], [0, 0, 41, 43, 3]]
[[41, 41, 1, 2, 0]]
[[41, 41, 7, 8, 1]]
[[42, 45, 5, 8, 3]]
[[44, 48, 8, 11, 3]]
[[44, 45, 5, 9, 4], [52, 53, 14, 16, 4]]
[[42, 46, 6, 10, 3]]
[]
[[42, 43, 6, 9, 3], [53, 54, 15, 17, 1]]
[[41, 41, 16, 18, 12]]
[[41, 41, 10, 12, 3], [66, 69, 29, 32, 4]]
[[41, 41, 3, 3, 6], [41, 41, 12, 13, 1], [42, 43, 3, 3, 6]]
[[58, 59, 21, 23, 3], [66, 69, 29, 32, 3]]
[]
[[46, 49, 11, 12, 3]]
[[64, 67, 27, 30, 3]]
[[63, 64, 24, 25, 4]]
[[100, 101, 61, 67, 1]]
[[42, 47, 7, 11, 1]]
[[44, 45, 5, 9, 3]]
[]
[[66, 69, 33, 35, 6]]
[[73, 74, 35, 40, 1]]
[[57, 58, 19, 21, 3]]
[[41, 41, 10, 12, 0]]
[]
[[47, 48, 15, 16, 12]]
[]
[[49, 52, 12, 16, 3]]
[[44, 45, 1, 2, 3]]
[[58, 60, 21, 23, 4]]
[]
[[50, 51, 13, 14, 4]]
[[41, 41, 5, 8, 0]]
[[78, 79, 39, 42, 6]]
[[41, 41, 18, 20, 0], [41, 41, 59, 62, 1]]
[[54, 55, 16, 18, 4]]
[[41, 41, 13, 14, 0]]
[]
[[41, 41, 8, 10, 3]]
[[44, 45, 6, 7, 3]]
[[41, 41, 12, 17, 3]]
[]
[]
[[0, 0, 39, 42, 3]]
[[41, 41, 8, 11, 0], [61, 64, 17, 18, 1]]
[[50, 51, 11, 14, 3]]
[[41, 41, 7, 9, 12]]
[[44, 45, 5, 7, 3]]
[[41, 41, 32, 35, 3]]
[[42, 44, 4, 7, 12]]
[[42, 43, 3, 11, 3]]
[[41, 41, 19, 21, 0]]
[[64, 65, 25, 28, 6], [73, 77, 37, 41, 4]]
[]
[]
[[41, 41, 18, 23, 3], [67, 68, 28, 28, 6]]
[]
[[41, 41, 8, 15, 3]]
[]
[[51, 53, 13, 14, 3]]
[]
[[41, 41, 3, 4, 1]]
[[47, 51, 3, 5, 3], [55, 56, 17, 18, 1]]
[[67, 70, 35, 39, 3]]
[[41, 41, 43, 46, 12]]
[]
[[41, 41, 12, 14, 0], [73, 77, 38, 40, 12]]
[]
[[41, 41, 15, 18, 0]]
[[71, 73, 39, 41, 49]]
[]
[[41, 41, 31, 34, 0]]
[[44, 45, 5, 7, 6], [49, 52, 13, 15, 3]]
[[44, 45, 5, 6, 3]]
[]
[]
[[41, 41, 3, 4, 4], [42, 43, 3, 4, 4]]
[[42, 43, 6, 9, 12]]
[]
[]
[[45, 46, 1, 2, 3], [45, 46, 6, 7, 3], [50, 51, 6, 7, 3]]
[]
[[41, 41, 63, 66, 0], [119, 120, 81, 84, 1]]
[[47, 48, 3, 4, 3], [47, 48, 9, 12, 3]]
[[42, 43, 3, 4, 3]]
[[42, 43, 7, 11, 3], [45, 46, 7, 11, 3]]
[[42, 46, 6, 10, 3], [69, 71, 31, 32, 3]]
[[49, 50, 1, 2, 0]]
[[42, 46, 6, 9, 12]]
[[51, 52, 13, 14, 3]]
[[1, 4, 33, 34, 3]]
[]
[[42, 44, 4, 5, 3], [52, 53, 13, 15, 3]]
[[64, 65, 25, 29, 6]]
[[41, 41, 44, 47, 0], [51, 52, 15, 21, 0], [83, 84, 44, 47, 0]]
[[41, 41, 12, 19, 3]]
[[63, 64, 24, 26, 4]]
[[41, 41, 7, 9, 0], [44, 47, 7, 9, 0]]
[[42, 45, 5, 8, 3], [51, 52, 12, 13, 1]]
[[41, 41, 7, 10, 0]]
[[47, 50, 10, 13, 3]]
[[42, 43, 6, 9, 3], [54, 55, 15, 20, 1]]
[[41, 41, 6, 7, 0]]
[]
[]
[[0, 0, 101, 103, 0], [0, 0, 116, 117, 49]]
[[49, 50, 10, 12, 3]]
[[42, 43, 3, 6, 3]]
[[82, 83, 43, 48, 4], [214, 215, 177, 179, 1]]
[[41, 41, 7, 8, 1]]
[[53, 56, 16, 23, 3]]
[[41, 41, 5, 6, 0]]
[]
[[41, 41, 6, 9, 3]]
[[41, 41, 1, 4, 3]]
[]
[[72, 73, 33, 39, 4]]
[[42, 45, 6, 7, 6], [50, 51, 6, 7, 6]]
[[64, 65, 25, 26, 4]]
[[41, 41, 30, 31, 3], [41, 41, 32, 34, 3]]
[[45, 46, 1, 2, 3]]
[[41, 41, 9, 10, 1]]
[[41, 41, 11, 17, 1], [49, 50, 11, 17, 1]]
[]
[[41, 41, 1, 2, 3], [44, 45, 1, 2, 3]]
[[44, 45, 5, 6, 3]]
[[41, 41, 14, 16, 3], [71, 72, 32, 34, 12]]
[[41, 41, 17, 18, 3], [61, 65, 17, 18, 12]]
[[1, 5, 34, 36, 3]]
[[42, 43, 3, 4, 21]]
[]
[[41, 41, 5, 7, 0]]
[]
[]
[]
[]
[[42, 43, 3, 8, 3]]
[]
[[0, 0, 46, 48, 3]]
[[95, 96, 56, 60, 3]]
[[0, 0, 56, 60, 3]]
[[42, 43, 3, 5, 4], [52, 53, 13, 15, 3]]
[[51, 52, 12, 16, 0]]
[[41, 41, 12, 15, 6], [44, 45, 12, 15, 6]]
[[41, 41, 13, 17, 3]]
[[41, 41, 16, 18, 3]]
[[42, 43, 3, 5, 12]]
[]
[[42, 45, 5, 8, 3]]
[[42, 44, 4, 5, 6], [48, 49, 4, 5, 6]]
[[87, 88, 48, 49, 3]]
[]
[[59, 60, 24, 25, 58], [67, 68, 29, 33, 3]]
[[41, 41, 30, 34, 0]]
[[44, 45, 5, 7, 3]]
[[41, 41, 36, 37, 12], [41, 41, 67, 73, 6], [50, 52, 12, 13, 4]]
[[42, 43, 7, 11, 3]]
[[42, 43, 6, 8, 3], [45, 46, 6, 8, 3], [60, 61, 21, 22, 1]]
[[45, 46, 6, 8, 3], [12, 15, 44, 47, 3]]
[[42, 43, 3, 4, 3], [46, 47, 8, 9, 1]]
[]
[[46, 47, 7, 8, 3], [51, 52, 12, 13, 3], [60, 63, 24, 25, 4]]
[[52, 53, 13, 18, 3]]
[[42, 45, 5, 8, 3]]
[]
[[44, 45, 1, 2, 3]]
[]
[]
[[45, 46, 7, 8, 6], [54, 55, 15, 17, 6]]
[]
[[53, 56, 16, 17, 12], [0, 0, 35, 37, 3]]
[]
[[74, 76, 37, 39, 3], [85, 93, 53, 57, 3]]
[[42, 44, 4, 6, 12]]
[]
[]
[[68, 69, 25, 26, 3]]
[[41, 41, 15, 19, 3], [54, 55, 15, 19, 3]]
[]
[[56, 57, 21, 22, 3], [59, 60, 21, 22, 3]]
[[41, 41, 23, 27, 0]]
[]
[[85, 89, 49, 51, 3]]
[[73, 74, 35, 38, 1]]
[]
[[41, 41, 9, 11, 3]]
[]
[[65, 66, 26, 28, 12]]
[[41, 41, 5, 6, 0]]
[]
[[42, 46, 6, 12, 3]]
[[41, 41, 9, 10, 0], [68, 69, 29, 30, 4], [73, 76, 36, 39, 3]]
[[43, 46, 6, 12, 3]]
[[41, 41, 5, 9, 3], [62, 63, 24, 26, 3]]
[[44, 47, 13, 17, 3]]
[]
[[41, 41, 34, 37, 12]]
[]
[]
[]
[[42, 43, 3, 4, 3]]
[[93, 97, 57, 62, 3]]
[[46, 49, 2, 3, 3]]
[[41, 41, 6, 8, 0], [41, 41, 40, 41, 49]]
[[41, 41, 57, 59, 0], [41, 41, 122, 126, 0]]
[[45, 48, 9, 11, 21]]
[]
[[93, 96, 57, 57, 6]]
[[41, 41, 8, 9, 1], [42, 43, 3, 4, 3]]
[[63, 64, 24, 25, 3], [68, 69, 29, 30, 3]]
[[41, 41, 5, 7, 0]]
[[0, 0, 36, 38, 49]]
[[48, 50, 10, 14, 3]]
[[41, 41, 19, 21, 3], [54, 56, 19, 21, 3]]
[[42, 43, 3, 3, 6]]
[[41, 41, 1, 2, 3], [48, 51, 11, 13, 0]]
[[66, 67, 28, 30, 1]]
[[41, 41, 10, 14, 1], [41, 41, 58, 60, 1]]
[[42, 43, 8, 9, 3], [46, 47, 8, 9, 3]]
[]
[[41, 41, 17, 19, 3], [41, 41, 63, 65, 3], [73, 74, 35, 37, 12]]
[[41, 41, 6, 8, 1], [41, 41, 10, 12, 1], [79, 80, 41, 43, 1]]
[[41, 41, 6, 10, 3]]
[[42, 43, 3, 4, 3], [54, 55, 15, 17, 1]]
[[57, 58, 18, 20, 4], [72, 73, 33, 36, 1]]
[[41, 41, 3, 6, 3], [42, 43, 3, 6, 3]]
[[41, 41, 11, 13, 12]]
[]
[[72, 73, 33, 34, 4]]
[[42, 45, 6, 14, 3]]
[[51, 52, 13, 13, 4], [64, 67, 27, 30, 4]]
[[44, 45, 5, 5, 58]]
[[41, 41, 19, 25, 0]]
[[47, 48, 8, 10, 0], [55, 56, 16, 17, 4]]
[[59, 61, 21, 26, 12]]
[[41, 41, 15, 17, 0], [91, 92, 54, 55, 4]]
[]
[[42, 43, 3, 5, 6]]
[[41, 41, 15, 16, 3]]
[]
[[74, 75, 35, 36, 3]]
[[46, 49, 10, 11, 3]]
[[0, 0, 47, 50, 6]]
[]
[[42, 43, 3, 5, 3], [48, 49, 9, 11, 6]]
[[50, 51, 11, 13, 4], [58, 59, 19, 22, 1]]
[[42, 43, 3, 4, 12], [53, 56, 16, 17, 6]]
[[45, 46, 6, 7, 12]]
[]
[[65, 66, 26, 30, 1], [0, 0, 83, 85, 0]]
[]
[[41, 41, 29, 31, 3], [41, 41, 61, 64, 3]]
[]
[[56, 57, 18, 21, 3]]
[[41, 41, 14, 16, 3]]
[]
[[41, 41, 10, 13, 3]]
[]
[[53, 56, 16, 18, 3]]
[[42, 43, 3, 4, 4], [49, 50, 10, 13, 6]]
[[45, 46, 1, 2, 3], [45, 46, 7, 10, 3]]
[[83, 86, 47, 54, 4]]
[[56, 57, 22, 24, 1], [113, 116, 77, 79, 3]]
[[47, 50, 10, 14, 6], [0, 0, 49, 53, 0]]
[[42, 44, 5, 7, 0]]
[[41, 41, 8, 15, 0]]
[[44, 45, 5, 7, 3]]
[[45, 46, 8, 11, 3]]
[]
[[265, 270, 231, 232, 1]]
[]
[[42, 44, 4, 7, 1]]
[[42, 43, 3, 3, 6]]
[[0, 0, 54, 56, 3]]
[[1, 4, 33, 35, 3]]
[[60, 61, 21, 21, 4], [79, 80, 40, 41, 1]]
[[59, 64, 25, 29, 3]]
[]
[[44, 45, 7, 8, 1]]
[[41, 41, 54, 58, 12], [90, 94, 54, 58, 12]]
[[44, 45, 1, 2, 3]]
[]
[[55, 58, 18, 19, 3]]
[]
[[46, 47, 10, 11, 3]]
[[47, 48, 9, 10, 4]]
[[41, 41, 28, 31, 1]]
[]
[]
[[41, 41, 4, 8, 3]]
[]
[[42, 47, 9, 11, 3], [56, 57, 18, 21, 6]]
[[48, 49, 9, 15, 3], [58, 59, 19, 24, 1]]
[[59, 61, 21, 27, 3]]
[[51, 52, 12, 15, 1], [1, 4, 33, 36, 3]]
[[42, 45, 5, 9, 0]]
[[0, 0, 60, 61, 3]]
[]
[[42, 47, 7, 10, 3]]
[[41, 41, 11, 14, 3]]
[[44, 48, 8, 10, 3]]
[]
[]
[]
[[42, 43, 3, 4, 3], [49, 50, 10, 11, 3]]
[[41, 41, 11, 16, 0]]
[[42, 44, 4, 9, 4]]
[[41, 41, 32, 33, 3]]
[[41, 41, 13, 15, 0]]
[[65, 66, 27, 29, 3]]
[]
[[42, 43, 3, 4, 3]]
[]
[[1, 2, 31, 35, 3]]
[]
[[0, 0, 51, 56, 0]]
[]
[]
[]
[[54, 57, 19, 25, 6]]
[[58, 59, 22, 25, 1]]
[[103, 104, 64, 66, 1]]
[[41, 41, 20, 22, 3]]
[[41, 41, 10, 15, 58], [41, 41, 50, 51, 58], [58, 61, 22, 23, 3]]
[[41, 41, 13, 14, 3], [57, 58, 19, 23, 1], [66, 67, 32, 33, 4]]
[[41, 41, 7, 11, 3]]
[[42, 46, 6, 8, 0]]
[[41, 41, 13, 15, 3], [68, 69, 29, 31, 12]]
[[41, 41, 5, 8, 3], [51, 52, 14, 15, 1], [60, 61, 21, 23, 3]]
[[42, 43, 3, 6, 3]]
[[42, 43, 3, 6, 3]]
[[82, 83, 46, 48, 1]]
[[50, 51, 14, 15, 12], [1, 4, 33, 35, 3]]
[[41, 41, 16, 17, 0]]
[[42, 43, 3, 4, 3], [48, 49, 9, 15, 3]]
[[42, 43, 3, 4, 3], [50, 55, 16, 18, 3]]
[[42, 44, 6, 10, 3]]
[]
[[41, 41, 13, 15, 21], [51, 52, 13, 15, 3]]
[[41, 41, 5, 7, 3], [42, 45, 5, 7, 3]]
[[42, 45, 7, 11, 3], [42, 45, 43, 47, 3]]
[[44, 45, 5, 7, 3]]
[[41, 41, 14, 16, 0]]
[[41, 41, 10, 13, 3]]
[[44, 49, 9, 11, 3], [56, 57, 18, 19, 1], [76, 79, 42, 45, 21], [105, 106, 67, 69, 12]]
[]
[[42, 43, 3, 4, 3], [57, 61, 21, 26, 12]]
[[47, 48, 1, 5, 3], [50, 51, 12, 14, 3]]
[[42, 43, 3, 4, 3]]
[[42, 43, 3, 5, 3]]
[[45, 48, 1, 2, 3], [45, 48, 8, 13, 3]]
[[42, 48, 8, 10, 3], [61, 66, 26, 32, 3]]
[[79, 80, 40, 41, 6], [84, 85, 45, 46, 3], [94, 95, 55, 56, 3], [0, 0, 73, 74, 3]]
[]
[]
[[44, 45, 5, 7, 3]]
[[69, 70, 31, 33, 0], [0, 0, 59, 61, 0]]
[[42, 43, 3, 5, 3]]
[]
[[41, 41, 12, 15, 3]]
[[42, 43, 3, 6, 3]]
[[41, 41, 7, 9, 0]]
[[56, 57, 18, 21, 3], [64, 65, 25, 26, 3], [75, 76, 37, 38, 3]]
[[44, 45, 5, 10, 3]]
[]
[[41, 41, 1, 2, 0], [41, 41, 90, 92, 12]]
[]
[[41, 41, 20, 21, 6], [64, 65, 25, 25, 6]]
[[42, 43, 4, 7, 3]]
[[41, 41, 5, 8, 3]]
[[44, 45, 5, 10, 1]]
[[41, 41, 12, 16, 0]]
[[42, 44, 4, 7, 21]]
[[123, 124, 85, 89, 1]]
[]
[[42, 43, 3, 4, 3]]
[[42, 43, 3, 4, 3], [58, 61, 21, 23, 6]]
[[41, 41, 17, 18, 1]]
[[54, 55, 15, 18, 4]]
[]
[[51, 52, 13, 14, 1], [0, 0, 44, 45, 1]]
[[41, 41, 35, 36, 3]]
[[60, 61, 21, 22, 6]]
[[50, 51, 11, 15, 4], [58, 59, 21, 24, 58]]
[]
[[62, 63, 23, 26, 12]]
[[42, 46, 6, 8, 3]]
[[42, 43, 3, 5, 3]]
[[41, 41, 10, 12, 3]]
[]
[]
[]
[[81, 84, 38, 39, 3], [81, 84, 49, 50, 3], [86, 89, 49, 50, 3]]
[]
[[49, 50, 1, 6, 3]]
[[131, 132, 93, 96, 1]]
[[59, 61, 21, 23, 4]]
[]
[]
[[44, 45, 5, 10, 3], [0, 0, 47, 50, 12]]
[]
[[0, 0, 71, 74, 1]]
[[41, 41, 6, 12, 3], [45, 46, 6, 12, 3], [57, 58, 20, 24, 1]]
[[42, 43, 3, 6, 4]]
[[41, 41, 8, 10, 3], [45, 48, 8, 10, 0]]
[]
[[0, 0, 47, 49, 6]]
[[44, 45, 5, 6, 3]]
[[41, 41, 10, 12, 3]]
[[1, 4, 33, 34, 12]]
[]
[[61, 62, 17, 19, 6]]
[[41, 41, 9, 10, 3]]
[[44, 45, 5, 10, 3]]
[]
[[42, 43, 3, 5, 3], [48, 49, 12, 14, 3]]
[[42, 45, 5, 6, 3]]
[[48, 49, 9, 12, 3]]
[[42, 47, 7, 8, 3]]
[[41, 41, 3, 4, 3], [41, 41, 41, 47, 4]]
[]
[[42, 43, 3, 4, 3]]
[]
[[41, 41, 8, 10, 3]]
[[53, 54, 14, 19, 1]]
[[1, 9, 38, 43, 3]]
[]
[[41, 41, 4, 5, 0]]
[[0, 0, 55, 57, 1]]
[[42, 43, 3, 4, 12]]
[]
[[41, 41, 34, 35, 12]]
[]
[]
[[48, 50, 10, 16, 3]]
[[41, 41, 7, 9, 3]]
[]
[[51, 52, 14, 18, 1]]
[[44, 45, 9, 10, 1], [48, 49, 9, 10, 1]]
[[41, 41, 13, 17, 0]]
[]
[[42, 45, 6, 8, 3]]
[[41, 41, 30, 32, 4]]
[[41, 41, 129, 130, 3], [168, 169, 129, 130, 3], [173, 176, 138, 141, 6]]
[]
[[41, 41, 8, 9, 49], [47, 48, 8, 9, 4]]
[[78, 79, 39, 42, 3], [0, 0, 49, 50, 3]]
[[54, 55, 17, 19, 3]]
[[42, 43, 3, 5, 3]]
[[49, 50, 11, 12, 3]]
[]
[[47, 51, 11, 16, 49], [114, 115, 79, 80, 3], [217, 218, 178, 181, 3]]
[[42, 43, 3, 8, 3]]
[[41, 41, 23, 24, 0]]
[]
[[41, 41, 20, 25, 0]]
[[45, 46, 1, 2, 3]]
[[41, 41, 15, 19, 3]]
[[51, 52, 14, 16, 1]]
[]
[[41, 41, 22, 23, 3]]
[[41, 41, 5, 8, 3], [41, 41, 44, 49, 3]]
[[42, 43, 3, 4, 3], [50, 53, 13, 14, 3], [57, 62, 22, 24, 3]]
[[48, 49, 10, 11, 1]]
[[42, 44, 7, 10, 4]]
[[50, 51, 7, 8, 3]]
[[41, 41, 30, 33, 12]]
[[53, 56, 16, 17, 3]]
[[41, 41, 134, 136, 49]]
[[74, 77, 31, 32, 3], [74, 77, 42, 45, 3], [79, 82, 42, 45, 3]]
[[42, 45, 6, 8, 6]]
[[42, 43, 6, 7, 6], [42, 43, 31, 35, 6]]
[[57, 58, 19, 20, 3]]
[[50, 51, 17, 19, 6]]
[[43, 44, 4, 5, 3]]
[[42, 43, 5, 6, 3]]
[[49, 52, 13, 16, 4]]
[[0, 0, 61, 63, 1]]
[[2, 5, 34, 39, 1]]
[[41, 41, 66, 68, 49]]
[]
[[50, 51, 13, 14, 1], [57, 59, 19, 21, 1]]
[[60, 61, 21, 29, 6], [84, 85, 46, 48, 6]]
[]
[]
[[0, 0, 35, 36, 3], [0, 0, 43, 46, 3]]
[[42, 43, 3, 4, 3], [48, 49, 9, 10, 3]]
[[41, 41, 17, 20, 3], [75, 76, 37, 38, 6]]
[[50, 51, 12, 14, 6]]
[]
[[41, 41, 10, 13, 3]]
[[41, 41, 3, 4, 3], [47, 48, 3, 4, 3], [52, 53, 15, 22, 6]]
[[41, 41, 17, 18, 3], [68, 71, 32, 33, 3]]
[[41, 41, 1, 2, 3], [41, 41, 9, 12, 3]]
[]
[]
[]
[]
[[61, 62, 22, 24, 1]]
[[0, 0, 55, 55, 1]]
[]
[]
[[42, 43, 3, 5, 12]]
[[41, 41, 16, 18, 0], [42, 43, 3, 5, 0]]
[]
[[41, 41, 17, 18, 3], [61, 62, 17, 18, 3], [69, 70, 25, 26, 12]]
[[41, 41, 16, 20, 0]]
[[52, 53, 13, 16, 4]]
[]
[[45, 46, 1, 2, 3], [45, 46, 6, 7, 3]]
[[83, 86, 46, 49, 3], [93, 94, 54, 55, 3]]
[[42, 44, 5, 8, 3]]
[[41, 41, 5, 11, 0]]
[[41, 41, 21, 24, 0]]
[[43, 44, 4, 8, 3]]
[[64, 65, 25, 27, 4]]
[[41, 41, 1, 4, 3], [41, 41, 24, 27, 3]]
[[46, 49, 1, 3, 3]]
[]
[[41, 41, 7, 9, 3]]
[[0, 0, 70, 72, 1]]
[[41, 41, 11, 15, 3]]
[]
[[41, 41, 12, 14, 1]]
[]
[[41, 41, 7, 9, 3]]
[[41, 41, 15, 17, 3], [41, 41, 47, 54, 3]]
[[0, 0, 47, 49, 0]]
[[57, 58, 14, 15, 1]]
[[41, 41, 1, 4, 54], [70, 71, 32, 35, 58]]
[[158, 161, 122, 124, 12]]
[[42, 43, 3, 8, 3]]
[[54, 55, 15, 21, 6]]
[[82, 83, 43, 45, 1]]
[[41, 41, 7, 9, 0]]
[[42, 43, 5, 10, 58]]
[[97, 98, 58, 61, 3]]
[[41, 41, 5, 6, 0], [44, 45, 5, 6, 0], [83, 86, 46, 48, 12]]
[]
[]
[[41, 41, 13, 16, 3], [41, 41, 51, 53, 3], [52, 53, 13, 16, 3]]
[]
[[75, 76, 37, 38, 1]]
[[41, 41, 5, 7, 12]]
[]
[[42, 43, 3, 7, 3]]
[[41, 41, 10, 11, 1], [41, 41, 20, 21, 1], [56, 60, 20, 21, 1]]
[[0, 0, 84, 85, 49]]
[]
[[20, 21, 50, 54, 3]]
[[65, 66, 26, 28, 4]]
[[42, 47, 16, 21, 3]]
[]
[]
[[0, 0, 67, 68, 1]]
[[42, 43, 3, 4, 3]]
[[50, 51, 11, 11, 3]]
[[42, 43, 3, 7, 3]]
[]
[[41, 41, 4, 8, 3], [54, 60, 25, 29, 3]]
[[0, 0, 45, 53, 3]]
[[41, 41, 8, 13, 3]]
[]
[]
[[42, 47, 7, 9, 0]]
[[42, 43, 3, 4, 3]]
[[45, 46, 6, 7, 3], [50, 51, 11, 13, 3], [57, 58, 19, 20, 1]]
[]
[[1, 5, 34, 40, 3]]
[[53, 56, 16, 18, 6]]
[[81, 84, 45, 48, 49]]
[]
[[0, 0, 54, 58, 49], [0, 0, 67, 70, 3]]
[]
[[42, 46, 6, 7, 7]]
[[42, 45, 5, 6, 8]]
[[45, 46, 9, 11, 15]]
[[42, 48, 15, 16, 7]]
[[44, 47, 7, 10, 7]]
[[42, 45, 6, 7, 20]]
[[68, 70, 24, 25, 7], [9, 14, 52, 53, 7]]
[[42, 44, 4, 6, 7]]
[[42, 44, 8, 9, 7], [48, 48, 8, 9, 7], [52, 53, 13, 14, 7]]
[[45, 48, 9, 12, 20]]
[[1, 3, 32, 37, 7]]
[[42, 43, 5, 6, 7]]
[[42, 43, 4, 5, 15]]
[[42, 43, 3, 5, 7]]
[[42, 49, 9, 10, 7]]
[[48, 49, 3, 4, 7]]
[[47, 49, 9, 12, 7]]
[[45, 49, 9, 13, 7]]
[[47, 50, 10, 13, 20]]
[]
[[49, 50, 10, 13, 7]]
[[45, 49, 9, 10, 7]]
[[42, 47, 9, 10, 7]]
[[42, 45, 5, 7, 7]]
[[42, 45, 5, 7, 15]]
[]
[[42, 46, 6, 10, 7]]
[[42, 45, 5, 6, 7], [42, 45, 36, 38, 7]]
[[42, 43, 3, 5, 7]]
[[42, 43, 4, 8, 7]]
[]
[[42, 43, 6, 7, 7], [42, 43, 37, 38, 7]]
[[42, 43, 3, 5, 20]]
[[42, 45, 6, 9, 7]]
[[42, 43, 3, 6, 7]]
[[42, 44, 4, 7, 7]]
[[42, 44, 4, 5, 7], [48, 49, 9, 10, 8]]
[[42, 45, 5, 10, 7]]
[[42, 46, 6, 7, 7]]
[[44, 45, 19, 21, 7], [47, 49, 19, 21, 7], [51, 53, 19, 21, 7], [55, 58, 19, 21, 7]]
[[47, 50, 10, 13, 7]]
[[1, 4, 33, 34, 7]]
[[42, 45, 5, 8, 7]]
[[42, 45, 8, 10, 7]]
[[42, 45, 11, 13, 7], [47, 48, 11, 13, 7]]
[[42, 43, 3, 5, 7]]
[[42, 44, 9, 12, 7], [46, 47, 9, 12, 7]]
[[42, 44, 4, 5, 7]]
[[45, 46, 6, 7, 7], [4, 10, 39, 40, 7]]
[[42, 43, 5, 6, 7]]
[[1, 6, 35, 37, 8]]
[[42, 43, 3, 4, 7]]
[[42, 45, 5, 5, 20], [48, 51, 11, 12, 20]]
[[42, 45, 5, 6, 7]]
[[42, 43, 3, 5, 7]]
[]
[]
[]
[[47, 49, 10, 11, 7]]
[[62, 63, 23, 24, 7], [1, 4, 35, 36, 7]]
[[42, 42, 4, 7, 7]]
[[42, 43, 3, 4, 15]]
[[42, 47, 8, 9, 7]]
[[6, 7, 29, 30, 7], [6, 7, 31, 32, 7]]
[]
[[47, 48, 1, 3, 7]]
[[42, 45, 5, 7, 7]]
[[42, 47, 8, 10, 7]]
[[51, 54, 14, 17, 8]]
[[42, 43, 3, 8, 7]]
[[47, 48, 9, 10, 6]]
[[42, 44, 6, 7, 7], [42, 44, 37, 42, 7]]
[[44, 47, 1, 2, 7], [11, 12, 43, 45, 7]]
[[42, 43, 3, 6, 7]]
[[53, 56, 16, 18, 7]]
[[42, 45, 6, 8, 7]]
[[52, 53, 4, 7, 7]]
[[46, 47, 10, 14, 7]]
[[42, 48, 8, 10, 7]]
[[50, 50, 13, 14, 7]]
[[64, 65, 25, 27, 7], [1, 5, 41, 43, 7]]
[[62, 63, 23, 24, 7]]
[[42, 44, 7, 12, 7]]
[[42, 48, 8, 10, 6]]
[[42, 44, 6, 9, 7]]
[[42, 47, 24, 26, 7], [57, 58, 24, 26, 7]]
[[3, 5, 42, 44, 7]]
[[42, 43, 3, 4, 7], [46, 50, 10, 11, 8]]
[[47, 50, 1, 4, 7], [47, 50, 43, 46, 7]]
[[42, 43, 3, 6, 15], [49, 51, 3, 6, 15]]
[[42, 45, 5, 6, 7]]
[[57, 58, 19, 21, 7]]
[[42, 43, 3, 4, 7]]
[[42, 43, 7, 10, 1]]
[[42, 45, 5, 6, 7], [42, 45, 35, 37, 7]]
[]
[[42, 44, 4, 6, 7]]
[]
[[42, 44, 8, 10, 7]]
[[42, 43, 4, 6, 7]]
[[14, 16, 39, 40, 7]]
[]
[[44, 45, 5, 6, 7]]
[[47, 48, 14, 15, 7], [63, 64, 24, 25, 8], [67, 68, 28, 30, 7]]
[[42, 43, 3, 7, 7]]
[[42, 43, 3, 4, 7]]
[[42, 45, 5, 6, 7]]
[[42, 45, 5, 7, 7], [50, 51, 14, 15, 7]]
[[42, 43, 3, 5, 15], [42, 43, 37, 39, 15]]
[[42, 45, 5, 6, 7]]
[[45, 46, 6, 7, 7]]
[[42, 43, 3, 4, 7]]
[[43, 46, 8, 10, 7]]
[[42, 43, 3, 5, 7]]
[[42, 46, 6, 7, 7], [42, 46, 37, 38, 7]]
[[42, 46, 6, 7, 7]]
[[47, 50, 12, 14, 8]]
[[46, 48, 1, 3, 7]]
[[42, 43, 3, 4, 7]]
[[42, 45, 5, 6, 20]]
[[42, 45, 9, 11, 7], [47, 48, 9, 11, 7]]
[[42, 49, 10, 14, 8]]
[[42, 45, 5, 6, 7]]
[[42, 45, 5, 6, 7], [50, 52, 12, 15, 7]]
[[42, 49, 9, 10, 7], [53, 54, 14, 17, 7]]
[[42, 43, 3, 4, 7], [42, 43, 33, 35, 7]]
[[47, 52, 1, 4, 7]]
[[46, 47, 3, 4, 7], [46, 47, 36, 41, 7], [60, 61, 15, 16, 7]]
[[42, 44, 5, 6, 7]]
[[42, 43, 9, 11, 7], [45, 46, 9, 11, 7]]
[[42, 43, 3, 5, 7]]
[[1, 2, 35, 38, 7]]
[[42, 43, 6, 7, 7]]
[[42, 45, 5, 6, 8]]
[[42, 47, 7, 8, 7], [50, 54, 14, 15, 7], [58, 59, 20, 23, 7]]
[[42, 43, 3, 4, 7], [42, 43, 37, 38, 7], [47, 49, 3, 4, 7], [47, 49, 9, 10, 7]]
[[42, 47, 8, 14, 7]]
[[50, 53, 1, 3, 7]]
[[42, 45, 5, 8, 7]]
[[57, 58, 12, 14, 7]]
[[42, 45, 10, 11, 7]]
[]
[[42, 43, 5, 6, 7]]
[[44, 47, 8, 10, 7]]
[[43, 44, 6, 7, 7]]
[[42, 45, 5, 8, 7]]
[[45, 49, 11, 13, 8]]
[]
[[42, 46, 6, 8, 7]]
[[46, 49, 9, 10, 7]]
[[42, 45, 5, 8, 20]]
[[42, 44, 4, 6, 7]]
[[42, 43, 10, 11, 7]]
[[42, 43, 3, 8, 7]]
[[42, 43, 0, 0, 7], [42, 43, 3, 5, 7]]
[[42, 43, 4, 5, 15]]
[[42, 43, 10, 12, 7]]
[[42, 43, 6, 8, 7], [52, 53, 13, 14, 8]]
[]
[[43, 44, 5, 8, 7]]
[[42, 44, 4, 5, 7]]
[[42, 43, 3, 4, 7]]
[[42, 45, 5, 8, 7]]
[[42, 43, 3, 6, 20]]
[[42, 43, 3, 4, 7], [46, 49, 10, 12, 7]]
[[42, 46, 7, 9, 7]]
[[1, 3, 33, 35, 7]]
[[57, 58, 20, 23, 7]]
[[45, 46, 7, 8, 8], [55, 56, 16, 19, 6]]
[[42, 43, 3, 5, 7]]
[[42, 44, 4, 6, 7]]
[[42, 44, 4, 7, 7], [42, 44, 40, 42, 7]]
[[7, 11, 40, 42, 7]]
[[46, 47, 7, 8, 4]]
[[56, 57, 17, 20, 7]]
[[44, 47, 7, 9, 8]]
[[48, 51, 11, 14, 7]]
[[42, 44, 4, 5, 7]]
[[47, 48, 8, 9, 6], [55, 56, 17, 20, 8]]
[[46, 46, 6, 9, 8], [1, 5, 34, 37, 7]]
[[42, 43, 3, 5, 7]]
[[42, 45, 5, 8, 7], [52, 53, 13, 14, 7]]
[[69, 70, 31, 33, 7], [4, 8, 37, 39, 7], [4, 8, 43, 45, 7], [26, 29, 59, 61, 7]]
[[46, 47, 9, 9, 7], [57, 58, 18, 19, 6]]
[[44, 47, 9, 12, 15]]
[[42, 43, 5, 6, 7], [50, 51, 11, 12, 7]]
[[44, 46, 6, 7, 7]]
[[59, 61, 15, 16, 7]]
[[42, 43, 3, 4, 7]]
[[42, 47, 7, 7, 8]]
[[42, 44, 4, 5, 7]]
[[56, 58, 12, 13, 7]]
[[46, 47, 7, 10, 20]]
[[44, 45, 5, 8, 8]]
[[42, 42, 5, 10, 7]]
[[45, 47, 8, 9, 8]]
[[42, 45, 5, 6, 20], [48, 51, 11, 12, 7]]
[[42, 43, 3, 4, 7]]
[[47, 48, 1, 3, 7], [47, 48, 30, 31, 7]]
[[42, 45, 10, 12, 20]]
[[42, 45, 8, 9, 7], [47, 48, 8, 9, 7]]
[[74, 74, 34, 36, 7]]
[[42, 44, 4, 11, 7]]
[[44, 44, 4, 6, 7]]
[[42, 43, 5, 7, 7]]
[[42, 44, 4, 4, 7]]
[[42, 48, 11, 14, 7]]
[[42, 43, 6, 10, 7]]
[[46, 48, 1, 4, 7], [53, 55, 1, 4, 7]]
[[42, 46, 6, 7, 7]]
[[48, 50, 11, 12, 20]]
[[47, 50, 1, 2, 7]]
[[42, 44, 14, 17, 7]]
[[42, 43, 3, 6, 7]]
[[42, 45, 5, 8, 6]]
[[45, 46, 6, 8, 7]]
[[44, 45, 9, 11, 7]]
[[42, 43, 0, 0, 7], [42, 43, 33, 35, 7]]
[[42, 43, 3, 4, 7], [42, 43, 36, 39, 7], [56, 57, 17, 18, 8]]
[[56, 57, 17, 19, 8]]
[[42, 43, 4, 6, 7]]
[[47, 50, 10, 12, 7]]
[[41, 41, 13, 16, 7], [41, 41, 20, 23, 7]]
[[42, 43, 4, 4, 7]]
[[49, 50, 11, 13, 7]]
[[42, 45, 5, 6, 7], [42, 45, 35, 36, 7]]
[[47, 48, 8, 11, 15]]
[[42, 45, 12, 14, 7]]
[[49, 50, 10, 12, 25]]
[[42, 43, 3, 6, 7]]
[[45, 46, 10, 13, 7], [48, 49, 10, 13, 7]]
[[42, 45, 5, 8, 7], [59, 61, 21, 23, 7]]
[[42, 47, 12, 15, 8]]
[[42, 43, 5, 7, 7], [42, 43, 39, 42, 7]]
[[44, 49, 12, 13, 20]]
[[45, 46, 6, 8, 7]]
[[42, 44, 4, 6, 7], [42, 44, 37, 39, 7]]
[[46, 48, 14, 15, 7]]
[[42, 43, 29, 32, 7]]
[[45, 46, 6, 9, 7]]
[[42, 43, 5, 7, 6], [53, 54, 14, 15, 7]]
[[42, 47, 7, 8, 7]]
[[42, 45, 5, 6, 7]]
[[46, 47, 7, 11, 7]]
[[46, 47, 7, 8, 7]]
[[42, 46, 8, 11, 7]]
[[42, 45, 5, 11, 7], [42, 45, 35, 39, 7]]
[[42, 44, 7, 8, 7]]
[[1, 2, 31, 32, 7], [1, 2, 33, 34, 7]]
[[42, 46, 7, 13, 7]]
[[50, 52, 4, 7, 7]]
[[45, 48, 8, 9, 8]]
[[42, 43, 3, 4, 7]]
[[42, 47, 27, 29, 7]]
[[45, 49, 12, 15, 7]]
[[42, 44, 4, 7, 7]]
[[42, 45, 5, 6, 7]]
[[42, 43, 3, 4, 4]]
[[42, 45, 5, 6, 7]]
[[42, 47, 9, 10, 8]]
[[42, 43, 7, 8, 7], [46, 46, 7, 8, 7]]
[[52, 55, 3, 5, 7], [52, 55, 17, 19, 7]]
[[45, 47, 7, 8, 7]]
[[42, 45, 8, 9, 7], [42, 45, 17, 20, 7]]
[[42, 45, 5, 6, 7]]
[[56, 57, 10, 11, 0]]
[[42, 50, 10, 13, 7]]
[[45, 48, 2, 3, 7]]
[[47, 48, 8, 9, 7]]
[[45, 46, 7, 9, 7]]
[[44, 47, 7, 7, 7]]
[[1, 5, 34, 35, 7]]
[[47, 48, 8, 9, 20]]
[[43, 46, 6, 7, 7]]
[[42, 45, 8, 12, 7]]
[[42, 43, 3, 4, 7]]
[[42, 43, 3, 5, 7], [42, 43, 36, 37, 7], [42, 43, 38, 40, 7]]
[[42, 45, 5, 8, 7]]
[[42, 43, 3, 5, 7]]
[[42, 43, 3, 5, 7]]
[[42, 45, 8, 11, 7]]
[[42, 43, 5, 6, 7]]
[[49, 50, 5, 6, 7]]
[[45, 47, 17, 19, 7]]
[[51, 52, 14, 15, 7]]
[[42, 43, 3, 5, 7]]
[[51, 54, 6, 9, 7]]
[[52, 55, 15, 19, 7]]
[[42, 43, 8, 10, 7]]
[[43, 44, 4, 5, 7], [48, 49, 9, 13, 7]]
[[42, 43, 3, 5, 7], [48, 50, 10, 12, 7], [1, 9, 38, 40, 7]]
[[42, 43, 5, 7, 7]]
[[42, 46, 6, 9, 7]]
[[42, 44, 4, 5, 7]]
[[43, 43, 4, 9, 7]]
[[49, 51, 3, 4, 7]]
[[42, 43, 3, 5, 7]]
[[45, 51, 15, 18, 7]]
[]
[[42, 43, 8, 12, 7]]
[[42, 45, 13, 18, 7], [48, 49, 13, 18, 7]]
[[52, 53, 6, 9, 7]]
[[45, 46, 9, 11, 20]]
[[44, 47, 9, 10, 7]]
[[44, 47, 1, 2, 7], [1, 6, 35, 38, 7]]
[[42, 45, 10, 11, 7]]
[[42, 45, 5, 6, 7]]
[[42, 44, 9, 13, 7]]
[]
[[46, 47, 23, 25, 7]]
[[45, 47, 9, 10, 7]]
[[42, 46, 11, 12, 7], [48, 50, 11, 12, 7]]
[[48, 50, 1, 5, 7]]
[[42, 43, 4, 6, 7]]
[[42, 50, 10, 14, 7]]
[[42, 43, 4, 7, 7]]
[[48, 50, 4, 6, 7], [54, 55, 15, 16, 7]]
[[42, 44, 4, 10, 7], [53, 54, 14, 15, 6]]
[[42, 43, 3, 6, 7]]
[[50, 51, 11, 12, 7], [1, 3, 32, 35, 7], [1, 10, 39, 40, 7]]
[[42, 45, 7, 9, 7], [53, 53, 14, 16, 7]]
[[1, 4, 35, 36, 7]]
[[42, 44, 4, 6, 7]]
[[44, 45, 5, 6, 7]]
[[42, 47, 9, 10, 7]]
[[49, 50, 11, 13, 7]]
[[51, 52, 12, 14, 6]]
[[44, 46, 6, 8, 7]]
[[45, 50, 10, 12, 12]]
[[47, 48, 1, 4, 7]]
[[42, 47, 7, 10, 12]]
[[42, 43, 3, 4, 7]]
[[44, 47, 8, 10, 15]]
[[42, 46, 6, 9, 7]]
[[42, 45, 10, 11, 7], [49, 50, 10, 11, 7]]
[[42, 43, 3, 6, 7]]
[[42, 46, 6, 9, 7]]
[]
[[42, 43, 3, 6, 7]]
[[42, 46, 6, 9, 7]]
[[42, 43, 3, 4, 7]]
[[42, 45, 5, 7, 7]]
[[43, 44, 4, 7, 7]]
[[42, 48, 11, 13, 7]]
[[42, 45, 5, 7, 7]]
[[45, 46, 7, 9, 7]]
[[42, 44, 4, 5, 7]]
[[46, 49, 2, 3, 7]]
[[42, 43, 4, 5, 8]]
[[63, 66, 27, 29, 7]]
[[42, 45, 5, 6, 8]]
[[48, 49, 19, 20, 7]]
[[44, 48, 8, 13, 7]]
[[42, 43, 3, 4, 7]]
[[42, 48, 8, 10, 7]]
[[1, 6, 35, 38, 7]]
[[44, 45, 9, 12, 7]]
[[42, 45, 5, 6, 7]]
[[45, 47, 7, 9, 7]]
[[42, 43, 3, 6, 7]]
[[42, 44, 6, 9, 7], [42, 44, 39, 42, 7], [56, 57, 17, 18, 7]]
[[44, 47, 7, 10, 7]]
[[52, 53, 13, 17, 1]]
[[42, 43, 8, 10, 7]]
[[50, 55, 6, 7, 8]]
[[44, 45, 5, 9, 15]]
[[42, 44, 4, 10, 7]]
[[47, 48, 3, 5, 7]]
[[42, 43, 3, 6, 7]]
[[46, 49, 0, 0, 7], [46, 49, 12, 14, 7]]
[[56, 57, 5, 7, 7]]
[[42, 43, 3, 4, 7]]
[[42, 43, 3, 4, 7]]
[[44, 46, 7, 8, 7], [44, 46, 12, 13, 7]]
[[42, 44, 4, 7, 7]]
[[42, 45, 5, 6, 15]]
[[42, 45, 5, 11, 7]]
[[42, 45, 5, 6, 20]]
[[42, 45, 5, 6, 7]]
[[42, 50, 10, 11, 7]]
[[42, 45, 6, 9, 7]]
[[42, 46, 6, 8, 7]]
[[42, 47, 8, 11, 7]]
[[42, 43, 3, 4, 7]]
[[42, 46, 16, 17, 7]]
[[42, 43, 4, 7, 20]]
[[42, 43, 7, 10, 7]]
[[42, 43, 13, 16, 7]]
[[42, 45, 5, 6, 7], [48, 49, 9, 10, 7], [60, 61, 21, 22, 7]]
[[44, 45, 6, 7, 15], [50, 55, 16, 17, 7]]
[[42, 45, 5, 6, 7]]
[[46, 47, 1, 3, 7]]
[[42, 43, 3, 4, 7]]
[[42, 44, 0, 0, 7]]
[[42, 43, 3, 4, 20], [48, 50, 11, 12, 20]]
[[42, 44, 10, 12, 7]]
[[42, 45, 5, 7, 7], [58, 61, 21, 22, 7]]
[[44, 44, 4, 6, 7]]
[[42, 45, 5, 6, 7]]
[[42, 43, 4, 5, 7]]
[[42, 46, 11, 14, 15]]
[[42, 43, 7, 9, 7]]
[[62, 63, 26, 28, 7]]
[[42, 43, 4, 7, 7]]
[[42, 45, 8, 11, 7]]
[[42, 43, 5, 8, 7]]
[[48, 49, 4, 5, 7], [48, 49, 15, 16, 7]]
[[42, 43, 3, 9, 7]]
[]
[[42, 45, 6, 7, 7]]
[[45, 46, 1, 3, 7]]
[]
[[42, 46, 8, 11, 7], [42, 46, 45, 47, 7]]
[[42, 43, 3, 5, 7], [48, 49, 9, 10, 7], [53, 54, 14, 16, 7]]
[[42, 48, 8, 9, 7]]
[[42, 46, 6, 7, 7]]
[[42, 44, 14, 17, 7]]
[[45, 46, 6, 7, 7]]
[[42, 46, 7, 9, 7]]
[]
[[47, 50, 20, 23, 7]]
[[42, 44, 4, 6, 7], [42, 44, 36, 37, 7]]
[]
[[42, 46, 6, 9, 7]]
[]
[[42, 44, 9, 10, 7]]
[[47, 48, 1, 4, 7], [47, 48, 36, 41, 7]]
[[42, 47, 7, 10, 7], [54, 55, 16, 18, 7]]
[[42, 43, 4, 6, 7]]
[[50, 51, 15, 16, 7]]
[[42, 44, 4, 5, 7], [42, 44, 34, 36, 7]]
[[42, 43, 3, 5, 7]]
[[44, 45, 5, 6, 7]]
[[42, 43, 3, 6, 7]]
[[42, 45, 8, 9, 7]]
[[42, 46, 7, 10, 15]]
[[42, 43, 3, 5, 7], [60, 61, 21, 22, 7]]
[[42, 43, 3, 5, 7]]
[[42, 43, 3, 5, 7], [52, 53, 13, 14, 8]]
[[42, 43, 3, 8, 7]]
[[42, 45, 5, 6, 7]]
[[42, 42, 2, 3, 7]]
[]
[[42, 43, 4, 5, 7]]
[[41, 41, 9, 11, 7], [46, 46, 9, 11, 7]]
[[44, 45, 5, 6, 7]]
[[42, 43, 7, 8, 8], [52, 56, 18, 20, 20]]
[[43, 44, 6, 9, 7]]
[[47, 50, 1, 3, 7]]
[[44, 45, 5, 7, 7]]
[[42, 46, 6, 8, 7]]
[[44, 46, 11, 15, 7]]
[[42, 48, 8, 10, 7]]
[[45, 49, 1, 2, 7]]
[[42, 43, 6, 9, 7], [54, 55, 15, 18, 7]]
[[42, 43, 8, 9, 7], [55, 56, 16, 18, 7]]
[[42, 45, 6, 8, 7]]
[[42, 43, 3, 6, 7]]
[[59, 60, 23, 26, 7], [80, 81, 42, 44, 7]]
[[44, 45, 5, 9, 6]]
[]
[[42, 44, 4, 7, 7], [42, 44, 32, 34, 7]]
[[46, 47, 8, 9, 7]]
[[41, 41, 6, 8, 7]]
[[42, 43, 3, 4, 7]]
[[44, 47, 9, 11, 7]]
[[43, 47, 7, 8, 7]]
[[46, 50, 10, 11, 7]]
[[43, 44, 4, 10, 7]]
[]
[[45, 46, 6, 7, 15], [49, 50, 11, 15, 4]]
[[44, 47, 7, 10, 20]]
[[42, 43, 0, 0, 7], [42, 43, 4, 6, 7]]
[[42, 46, 6, 8, 7]]
[[42, 47, 7, 8, 7]]
[[47, 51, 1, 5, 7]]
[[47, 50, 15, 17, 7]]
[[44, 46, 6, 10, 7]]
[[42, 43, 3, 6, 4]]
[[42, 43, 3, 7, 7]]
[[42, 43, 6, 9, 7], [42, 43, 16, 19, 7], [42, 43, 39, 42, 7]]
[[42, 43, 12, 14, 7]]
[[45, 46, 1, 2, 7]]
[[42, 46, 6, 9, 7]]
[[42, 43, 3, 4, 7]]
[[46, 51, 11, 15, 7]]
[[42, 44, 0, 0, 7], [42, 44, 7, 8, 7]]
[[41, 41, 1, 6, 7]]
[]
[[58, 59, 25, 29, 7]]
[[42, 46, 7, 10, 7]]
[[44, 45, 5, 6, 7]]
[[45, 48, 23, 25, 7], [58, 60, 14, 15, 7]]
[[43, 44, 7, 11, 6]]
[[42, 43, 3, 3, 20], [46, 47, 7, 9, 7]]
[[42, 44, 4, 5, 7]]
[[42, 45, 5, 6, 7], [42, 45, 36, 38, 7]]
[[71, 72, 32, 36, 7]]
[[42, 45, 5, 6, 7]]
[[46, 47, 9, 10, 1]]
[[42, 44, 7, 10, 7]]
[[42, 46, 6, 7, 7]]
[[42, 44, 8, 12, 7]]
[[55, 59, 3, 4, 7]]
[[42, 45, 5, 7, 7]]
[]
[[50, 55, 15, 16, 8]]
[[42, 45, 5, 8, 7]]
[[46, 47, 10, 13, 7]]
[[42, 45, 7, 8, 7]]
[]
[[50, 51, 4, 7, 4]]
[[42, 46, 6, 7, 7]]
[[1, 2, 36, 40, 7]]
[]
[[42, 43, 0, 0, 7], [42, 43, 10, 11, 7]]
[[42, 42, 3, 5, 15]]
[[45, 47, 7, 9, 7]]
[[42, 46, 8, 10, 7]]
[[46, 49, 10, 12, 20]]
[[43, 44, 4, 7, 7]]
[[42, 43, 6, 7, 7], [42, 43, 40, 43, 7]]
[[48, 56, 18, 20, 8]]
[[42, 43, 3, 6, 7]]
[[1, 6, 36, 37, 7]]
[[42, 43, 4, 6, 7]]
[[42, 47, 7, 10, 7]]
[[1, 5, 42, 44, 7]]
[[42, 44, 4, 5, 7]]
[[42, 43, 3, 4, 7]]
[[42, 43, 3, 5, 7]]
[]
[[42, 43, 3, 6, 7]]
[[42, 44, 8, 13, 7]]
[[42, 48, 8, 9, 7]]
[[42, 45, 5, 8, 7]]
[[55, 56, 17, 18, 7]]
[[42, 43, 3, 4, 7]]
[[42, 47, 7, 9, 7]]
[[42, 43, 12, 13, 7], [42, 43, 43, 44, 7]]
[[44, 47, 7, 11, 6]]
[[49, 50, 3, 4, 7]]
[[51, 53, 13, 16, 7]]
[[46, 49, 1, 2, 7]]
[[42, 43, 3, 4, 7], [42, 43, 33, 37, 7]]
[[42, 43, 3, 5, 7]]
[[44, 47, 7, 8, 15]]
[[42, 43, 3, 4, 7]]
[[42, 45, 5, 6, 7]]
[[44, 47, 7, 10, 15]]
[[51, 52, 13, 18, 7]]
[[42, 45, 5, 6, 7]]
[[42, 43, 8, 9, 7]]
[[46, 48, 8, 12, 7], [46, 48, 46, 49, 7]]
[]
[[45, 56, 2, 3, 7]]
[[57, 58, 19, 22, 20]]
[[46, 47, 8, 10, 7]]
[[41, 41, 7, 12, 7]]
[[45, 49, 12, 13, 7]]
[[59, 62, 1, 2, 7]]
[[44, 47, 8, 9, 7]]
[[42, 43, 3, 4, 7]]
[[42, 48, 12, 18, 7], [61, 62, 22, 24, 7]]
[[42, 45, 5, 8, 7]]
[[46, 50, 11, 13, 7]]
[[42, 43, 15, 17, 7]]
[[44, 48, 8, 9, 20]]
[[46, 47, 11, 14, 7], [46, 47, 16, 20, 7]]
[[46, 46, 6, 8, 7], [51, 52, 12, 13, 20]]
[[47, 48, 3, 4, 7]]
[[42, 43, 4, 7, 20], [42, 43, 37, 39, 20]]
[[45, 46, 8, 11, 15]]
[[51, 53, 5, 6, 7]]
[]
[[42, 45, 6, 8, 7]]
[[43, 44, 7, 10, 7]]
[[42, 43, 3, 4, 15], [46, 47, 7, 9, 7]]
[[42, 43, 4, 7, 7]]
[[42, 43, 3, 5, 7]]
[[42, 43, 3, 5, 7]]
[[42, 45, 5, 6, 7]]
[[42, 47, 10, 11, 7]]
[[42, 46, 7, 9, 7], [53, 54, 14, 15, 7]]
[[42, 43, 3, 4, 7]]
[[65, 66, 27, 28, 7]]
[[42, 44, 11, 12, 7], [46, 47, 11, 12, 7]]
[[53, 57, 17, 18, 7]]
[[42, 51, 11, 14, 7]]
[[1, 1, 34, 37, 7]]
[[45, 47, 7, 8, 7], [50, 51, 13, 14, 7]]
[[42, 45, 5, 8, 7]]
[[42, 43, 3, 4, 7], [48, 53, 13, 14, 20]]
[[48, 49, 9, 10, 7]]
[[42, 48, 8, 8, 7], [50, 51, 11, 11, 8], [54, 55, 16, 17, 20]]
[[42, 43, 6, 6, 7]]
[[42, 45, 6, 7, 7], [42, 45, 36, 39, 7]]
[[43, 45, 6, 9, 7]]
[[42, 44, 6, 8, 7]]
[[44, 45, 5, 6, 7]]
[[3, 4, 36, 38, 7]]
[]
[[42, 47, 7, 8, 7]]
[[42, 45, 5, 8, 7]]
[]
[[42, 45, 5, 8, 7]]
[[42, 43, 4, 5, 7]]
[[49, 50, 10, 14, 8]]
[[42, 44, 4, 5, 7], [48, 49, 10, 11, 8]]
[]
[[42, 44, 4, 7, 7]]
[[42, 45, 5, 7, 7]]
[[44, 45, 5, 7, 7]]
[]
[[1, 3, 33, 34, 7]]
[[42, 49, 15, 17, 7]]
[[44, 45, 6, 11, 7]]
[[41, 41, 4, 7, 7]]
[[42, 53, 13, 16, 7]]
[[42, 47, 7, 8, 7]]
[[56, 62, 1, 5, 7], [64, 66, 26, 28, 7]]
[[48, 50, 13, 15, 7], [52, 52, 13, 15, 7]]
[[46, 47, 7, 8, 7]]
[[45, 47, 7, 10, 7]]
[[42, 43, 7, 9, 7]]
[[42, 44, 4, 4, 7], [42, 44, 35, 36, 7]]
[[45, 46, 6, 9, 7]]
[[42, 46, 8, 10, 7]]
[[47, 48, 3, 4, 7]]
[[46, 47, 7, 11, 7]]
[[45, 46, 12, 14, 1]]
[[42, 46, 6, 7, 7]]
[[42, 44, 4, 5, 7], [54, 56, 16, 18, 7]]
[[42, 43, 3, 8, 15]]
[[42, 47, 7, 10, 7], [57, 58, 19, 20, 7]]
[[42, 45, 10, 11, 20]]
[[42, 46, 6, 10, 7]]
[[42, 45, 5, 6, 7]]
[[62, 63, 23, 29, 7]]
[[44, 44, 4, 7, 7]]
[[50, 53, 14, 15, 7]]
[[42, 44, 6, 8, 7]]
[[42, 45, 5, 6, 20]]
[[42, 44, 4, 5, 7], [42, 44, 44, 46, 7]]
[]
[[42, 46, 6, 9, 7]]
[]
[[42, 48, 9, 12, 7]]
[[42, 47, 7, 10, 7], [42, 47, 39, 40, 7]]
[[42, 43, 7, 10, 7]]
[[42, 44, 4, 5, 7]]
[]
[[46, 49, 9, 10, 7]]
[[42, 43, 9, 10, 7]]
[[47, 47, 9, 11, 7], [47, 47, 42, 45, 7]]
[[42, 45, 5, 9, 7]]
[[42, 42, 5, 7, 7]]
[[45, 46, 1, 3, 7], [45, 46, 7, 8, 7]]
[]
[[42, 45, 6, 7, 20]]
[[42, 45, 5, 8, 7]]
[[42, 44, 4, 6, 7]]
[]
[]
[[42, 48, 8, 9, 7]]
[[42, 44, 7, 9, 7]]
[[42, 46, 9, 10, 7], [42, 46, 39, 41, 7]]
[[47, 48, 8, 10, 7]]
[[42, 43, 3, 4, 7]]
[[47, 53, 1, 3, 7]]
[[42, 43, 3, 5, 15]]
[[44, 47, 7, 8, 7]]
[[42, 47, 7, 10, 7]]
[[42, 43, 3, 6, 7]]
[[42, 43, 3, 6, 7]]
[[42, 47, 7, 8, 7]]
[[42, 45, 5, 9, 7]]
[[47, 52, 1, 2, 7]]
[[48, 49, 10, 11, 7]]
[[42, 46, 6, 8, 7]]
[[42, 43, 7, 8, 7]]
[[42, 44, 8, 9, 7], [42, 44, 47, 50, 7]]
[[42, 43, 4, 6, 7]]
[[47, 50, 10, 12, 7]]
[[45, 49, 10, 17, 7]]
[[42, 43, 5, 6, 7], [49, 50, 10, 13, 7]]
[[46, 47, 3, 4, 7], [49, 50, 10, 11, 7], [60, 62, 25, 26, 7], [5, 9, 38, 39, 7]]
[[42, 45, 6, 9, 7]]
[[42, 43, 3, 4, 7]]
[[55, 56, 18, 21, 7]]
[[61, 62, 22, 23, 8]]
[[41, 41, 1, 4, 7], [41, 41, 34, 35, 7]]
[[42, 45, 5, 6, 7]]
[[42, 43, 3, 4, 7]]
[[42, 46, 6, 7, 8]]
[[42, 44, 7, 9, 7], [46, 47, 7, 9, 7]]
[[46, 49, 9, 12, 7], [46, 49, 37, 38, 7], [46, 49, 39, 40, 7]]
[[1, 4, 34, 35, 7]]
[[43, 45, 9, 10, 7]]
[]
[[42, 43, 5, 6, 7], [52, 54, 5, 6, 7]]
[[44, 47, 8, 10, 20]]
[[42, 46, 6, 9, 7]]
[[42, 48, 8, 9, 7]]
[[42, 45, 11, 12, 7]]
[[48, 49, 12, 15, 7]]
[[49, 50, 11, 15, 7], [49, 50, 18, 20, 7], [49, 50, 54, 56, 7], [63, 64, 26, 28, 7], [63, 64, 46, 48, 7]]
[[42, 43, 3, 6, 7]]
[[44, 47, 7, 8, 8], [61, 62, 22, 23, 7]]
[[42, 47, 7, 10, 7]]
[[42, 46, 7, 9, 7]]
[[42, 43, 3, 4, 1], [48, 50, 10, 13, 6], [63, 64, 17, 18, 7]]
[[42, 46, 6, 8, 8]]
[[47, 48, 3, 4, 7]]
[[48, 53, 3, 6, 7]]
[[42, 46, 6, 8, 7]]
[]
[]
[[44, 45, 21, 24, 7], [55, 58, 21, 24, 7]]
[[45, 46, 10, 12, 15], [48, 49, 10, 12, 7]]
[[42, 43, 3, 5, 7]]
[[44, 48, 11, 13, 7]]
[[42, 46, 6, 7, 7]]
[[45, 48, 8, 9, 7], [45, 48, 42, 44, 7]]
[[44, 47, 10, 12, 20]]
[[45, 47, 8, 10, 25]]
[[42, 43, 3, 6, 7]]
[[42, 43, 3, 4, 7]]
[[42, 46, 8, 10, 7], [42, 46, 40, 42, 12]]
[[42, 45, 5, 8, 7]]
[[42, 43, 3, 6, 7]]
[[42, 47, 20, 23, 7]]
[[44, 45, 8, 11, 7]]
[[42, 43, 3, 6, 7]]
[[44, 45, 5, 6, 7]]
[[42, 45, 5, 6, 7], [42, 45, 35, 37, 7]]
[[44, 45, 14, 16, 7]]
[]
[]
[[51, 52, 7, 8, 7], [51, 52, 12, 13, 7]]
[[48, 49, 9, 10, 20]]
[[49, 51, 3, 6, 7]]
[[45, 47, 7, 10, 7]]
[[42, 43, 3, 5, 7]]
[[42, 42, 5, 7, 7]]
[[46, 49, 1, 2, 7]]
[[42, 43, 4, 5, 6]]
[[42, 45, 5, 7, 7]]
[[42, 43, 3, 4, 7]]
[[48, 50, 4, 5, 7]]
[[42, 46, 7, 11, 7], [42, 46, 44, 47, 7]]
[[42, 43, 5, 7, 7]]
[[54, 55, 9, 11, 7]]
[[42, 43, 3, 5, 7]]
[[42, 46, 6, 7, 7]]
[[51, 52, 21, 24, 7]]
[]
[[42, 43, 10, 11, 7]]
[[44, 45, 7, 10, 7], [44, 45, 40, 43, 7]]
[[42, 46, 7, 11, 7]]
[[44, 47, 1, 2, 7]]
[[52, 53, 13, 16, 7]]
[[42, 43, 6, 9, 7]]
[[42, 49, 9, 10, 7]]
[[42, 43, 4, 8, 7]]
[[44, 45, 5, 8, 7]]
[[50, 51, 11, 12, 7], [56, 57, 17, 18, 7]]
[]
[[42, 55, 17, 18, 7]]
[[42, 43, 9, 11, 7], [45, 48, 9, 11, 7]]
[[42, 49, 9, 11, 7]]
[[42, 43, 4, 5, 7]]
[[42, 43, 3, 4, 7]]
[[42, 45, 10, 10, 8], [47, 49, 10, 10, 8]]
[[42, 44, 4, 7, 7]]
[]
[[42, 48, 11, 12, 20]]
[[51, 52, 7, 8, 7]]
[[42, 44, 7, 8, 7]]
[[42, 48, 18, 19, 7]]
[[42, 43, 13, 16, 15]]
[[45, 48, 1, 2, 20]]
[[43, 46, 6, 8, 20]]
[[42, 46, 6, 9, 7], [54, 56, 16, 18, 7]]
[[42, 43, 3, 6, 7], [51, 52, 17, 18, 7]]
[[47, 48, 8, 11, 15]]
[[74, 77, 25, 30, 7]]
[[42, 43, 3, 8, 7]]
[[42, 43, 3, 4, 7]]
[]
[[42, 43, 4, 6, 7], [51, 52, 13, 17, 7]]
[[45, 50, 10, 11, 20], [45, 50, 40, 43, 20]]
[]
[[44, 45, 12, 13, 20]]
[[42, 44, 4, 6, 7]]
[]
[[42, 48, 8, 9, 7], [52, 55, 15, 17, 7]]
[[53, 54, 14, 15, 7], [57, 58, 18, 19, 7]]
[[42, 46, 6, 7, 6], [49, 50, 11, 12, 7]]
[[45, 46, 8, 11, 7]]
[[44, 45, 1, 2, 7]]
[[42, 45, 13, 14, 7]]
[[43, 45, 5, 7, 7], [43, 45, 38, 42, 7]]
[]
[[45, 46, 7, 8, 7]]
[[42, 45, 5, 6, 7]]
[[1, 2, 31, 34, 7]]
[[8, 13, 43, 45, 7]]
[[42, 46, 6, 9, 7], [52, 53, 13, 16, 7]]
[[42, 43, 3, 4, 7], [42, 43, 33, 34, 7]]
[[42, 46, 6, 9, 7]]
[[42, 46, 9, 10, 7]]
[[41, 41, 1, 4, 7]]
[[42, 44, 4, 6, 7]]
[[42, 46, 7, 10, 7]]
[[1, 5, 37, 38, 7]]
[[46, 49, 9, 10, 7]]
[[47, 48, 1, 2, 7]]
[[1, 7, 36, 37, 7]]
[[42, 45, 5, 5, 7]]
[[42, 43, 3, 4, 7], [47, 48, 8, 10, 7]]
[[44, 48, 8, 9, 6]]
[[42, 48, 11, 12, 7]]
[[42, 43, 4, 7, 6], [50, 51, 11, 12, 20]]
[[47, 51, 11, 14, 7]]
[[42, 49, 9, 10, 7]]
[[50, 51, 11, 14, 15]]
[[42, 43, 4, 6, 7], [42, 43, 36, 37, 7]]
[[56, 57, 17, 18, 8]]
[[42, 45, 5, 6, 7], [42, 45, 9, 12, 7]]
[[42, 44, 7, 10, 7]]
[[42, 48, 8, 9, 7]]
[[42, 43, 3, 4, 7]]
[]
[[42, 45, 5, 6, 7], [49, 49, 9, 10, 7]]
[[44, 45, 14, 15, 6]]
[[46, 47, 1, 3, 7], [46, 47, 19, 23, 7]]
[[45, 46, 6, 9, 7]]
[[41, 41, 19, 22, 7]]
[[42, 45, 5, 6, 8]]
[[42, 43, 3, 4, 7]]
[[41, 41, 3, 5, 7]]
[[45, 47, 7, 9, 7]]
[[42, 43, 4, 5, 7], [49, 49, 13, 14, 7]]
[[45, 46, 6, 9, 7]]
[[42, 46, 7, 10, 7], [53, 54, 16, 17, 7]]
[[42, 44, 4, 6, 7]]
[]
[[43, 47, 7, 10, 8]]
[[42, 43, 6, 7, 7], [42, 43, 36, 38, 7]]
[[42, 45, 0, 0, 7], [42, 45, 5, 5, 7]]
[[42, 45, 12, 16, 7]]
[[44, 45, 5, 9, 7]]
[[41, 41, 1, 2, 7]]
[[46, 51, 11, 14, 7]]
[[6, 8, 41, 44, 7]]
[[47, 48, 9, 13, 7], [1, 7, 37, 41, 7]]
[[47, 48, 10, 13, 7]]
[[42, 45, 10, 11, 7]]
[[42, 45, 5, 7, 7]]
[[45, 46, 7, 9, 7]]
[[42, 45, 7, 10, 15]]
[[3, 5, 41, 43, 7]]
[[50, 51, 4, 7, 15]]
[[42, 46, 6, 7, 7]]
[[42, 43, 4, 6, 7]]
[]
[[1, 10, 39, 40, 7]]
[[52, 53, 13, 14, 7]]
[[42, 45, 5, 7, 7]]
[[44, 45, 5, 6, 7]]
[[42, 46, 12, 14, 7]]
[[1, 4, 34, 35, 8]]
[[42, 48, 20, 22, 7]]
[[60, 62, 9, 11, 7], [60, 62, 16, 17, 7], [13, 21, 37, 39, 7]]
[[42, 43, 3, 7, 7], [42, 43, 37, 38, 7]]
[[42, 43, 3, 9, 7]]
[[42, 49, 9, 11, 7]]
[[9, 10, 29, 33, 7]]
[[44, 44, 4, 5, 7]]
[[42, 43, 3, 4, 7], [67, 70, 30, 31, 7]]
[[54, 55, 15, 16, 7]]
[[42, 45, 0, 0, 7], [42, 45, 5, 6, 7], [42, 45, 36, 38, 7]]
[[42, 45, 5, 6, 7]]
[[42, 43, 3, 4, 7]]
[[42, 47, 7, 8, 8]]
[[44, 45, 5, 6, 7], [51, 52, 12, 12, 8]]
[[44, 47, 8, 9, 15]]
[[42, 44, 4, 6, 7]]
[[1, 6, 35, 36, 7]]
[[42, 43, 0, 0, 7], [42, 43, 5, 6, 7], [52, 53, 13, 16, 7]]
[[45, 47, 7, 8, 7]]
[[42, 43, 8, 10, 7]]
[[42, 43, 8, 12, 7]]
[[42, 46, 6, 7, 7]]
[[42, 46, 6, 8, 7]]
[[45, 47, 7, 9, 7]]
[[44, 50, 1, 2, 7]]
[[42, 43, 3, 6, 7]]
[[44, 48, 8, 10, 7]]
[[42, 44, 4, 5, 7]]
[]
[[46, 50, 13, 17, 7], [46, 50, 51, 54, 7]]
[[42, 43, 3, 5, 7]]
[[42, 44, 8, 9, 7]]
[[42, 46, 7, 10, 7]]
[[42, 45, 5, 8, 7]]
[[42, 47, 9, 11, 7], [54, 55, 15, 16, 7]]
[[42, 43, 4, 6, 7]]
[[42, 43, 7, 11, 7]]
[[42, 50, 10, 11, 7], [42, 50, 40, 42, 7], [57, 60, 20, 22, 7]]
[[44, 45, 5, 7, 7], [44, 45, 36, 40, 7]]
[[44, 45, 5, 6, 15]]
[[42, 43, 4, 5, 7]]
[[42, 43, 4, 6, 6]]
[[47, 48, 2, 4, 7], [47, 48, 19, 22, 7]]
[[42, 48, 8, 9, 7]]
[[42, 45, 5, 6, 7]]
[[42, 43, 5, 8, 7]]
[[41, 41, 4, 6, 7]]
[[46, 49, 10, 12, 7]]
[[42, 45, 5, 7, 15]]
[[42, 44, 4, 5, 7], [54, 55, 15, 16, 8]]
[]
[[45, 46, 6, 10, 7], [45, 46, 39, 41, 7]]
[[42, 45, 5, 7, 7], [42, 45, 36, 39, 7]]
[]
[[42, 45, 5, 7, 7]]
[[48, 49, 9, 11, 15]]
[[1, 5, 34, 36, 7], [1, 5, 40, 43, 7]]
[]
[[44, 45, 10, 11, 7], [61, 62, 14, 18, 7]]
[[44, 45, 5, 9, 7]]
[[42, 43, 5, 7, 7]]
[[42, 44, 7, 8, 7], [51, 52, 12, 13, 7], [55, 56, 16, 17, 7]]
[[42, 43, 5, 6, 7]]
[[42, 45, 5, 8, 7], [55, 56, 16, 18, 7]]
[[42, 45, 5, 9, 7]]
[[46, 47, 7, 9, 7]]
[[42, 43, 6, 9, 7]]
[[42, 45, 6, 7, 7], [50, 51, 14, 16, 7], [52, 53, 14, 16, 7]]
[[54, 57, 17, 20, 7]]
[[42, 44, 4, 6, 7]]
[[46, 47, 2, 3, 7], [46, 47, 7, 8, 7]]
[[42, 44, 8, 12, 7]]
[[42, 45, 5, 6, 7]]
[[42, 44, 4, 7, 7], [42, 44, 36, 37, 7]]
[[3, 6, 35, 47, 7]]
[[45, 46, 7, 10, 7]]
[[50, 51, 4, 6, 7]]
[[1, 5, 34, 35, 7]]
[[45, 46, 6, 9, 7]]
[]
[[42, 46, 6, 9, 7]]
[[45, 53, 13, 16, 7], [59, 60, 20, 21, 7], [63, 64, 25, 27, 7]]
[[42, 43, 3, 4, 7], [47, 48, 8, 9, 7]]
[[45, 52, 12, 15, 7], [63, 67, 27, 28, 7]]
[[42, 43, 4, 6, 7]]
[[45, 46, 7, 9, 7]]
[[42, 43, 3, 4, 7]]
[[50, 51, 11, 12, 8]]
[[42, 46, 12, 16, 7]]
[[42, 44, 4, 11, 7], [54, 55, 15, 15, 7], [57, 58, 19, 20, 7]]
[[42, 43, 3, 5, 7]]
[[42, 46, 6, 7, 7]]
[[42, 43, 4, 6, 7]]
[[42, 46, 27, 28, 7]]
[[42, 45, 7, 10, 8]]
[[42, 45, 5, 6, 7]]
[[41, 41, 1, 3, 7]]
[[44, 45, 5, 11, 1]]
[[42, 43, 5, 8, 7]]
[[41, 41, 3, 4, 7]]
[[44, 45, 6, 8, 7]]
[[42, 43, 4, 6, 7]]
[[46, 48, 9, 10, 20]]
[[42, 43, 4, 5, 7]]
[[42, 47, 12, 15, 6]]
[[42, 45, 5, 9, 7]]
[[46, 48, 2, 3, 7]]
[[49, 50, 10, 12, 7]]
[[42, 45, 5, 10, 7]]
[[42, 46, 6, 8, 7]]
[[42, 43, 4, 7, 7]]
[[41, 41, 18, 21, 7]]
[[46, 47, 7, 8, 15]]
[[1, 2, 33, 34, 7], [1, 2, 36, 37, 7]]
[[42, 43, 3, 5, 15]]
[[41, 41, 6, 9, 7], [42, 43, 6, 9, 7]]
[]
[[42, 43, 3, 4, 7], [48, 49, 9, 10, 7]]
[[44, 45, 6, 7, 7]]
[[44, 45, 8, 10, 7]]
[[42, 46, 6, 9, 7]]
[[42, 44, 4, 8, 7]]
[[42, 44, 4, 6, 7]]
[[42, 47, 8, 10, 8]]
[[42, 43, 5, 6, 7]]
[[42, 48, 8, 9, 7], [53, 54, 17, 19, 7]]
[[45, 46, 6, 9, 7]]
[[44, 45, 7, 7, 7]]
[[42, 43, 3, 6, 7]]
[[42, 45, 6, 7, 7]]
[[42, 43, 3, 7, 7]]
[[45, 46, 6, 8, 7]]
[[42, 45, 11, 14, 20]]
[[47, 47, 7, 10, 7], [53, 55, 15, 18, 7]]
[[43, 44, 9, 11, 7]]
[[42, 45, 7, 9, 7]]
[[42, 46, 6, 7, 7]]
[[42, 45, 7, 10, 7]]
[[45, 46, 6, 10, 15]]
[[1, 5, 36, 39, 7]]
[]
[[41, 41, 8, 9, 7]]
[[1, 7, 36, 37, 7]]
[[50, 56, 16, 19, 7]]
[[42, 44, 4, 6, 4]]
[[45, 46, 6, 9, 7], [45, 46, 36, 37, 7]]
[[42, 48, 8, 9, 7]]
[[45, 48, 8, 9, 7], [1, 7, 36, 37, 7]]
[[42, 48, 9, 13, 7]]
[[42, 43, 7, 10, 7]]
[[50, 51, 11, 14, 7], [57, 58, 18, 21, 7]]
[[42, 47, 11, 12, 7]]
[[42, 46, 6, 7, 7]]
[[44, 45, 5, 9, 7]]
[[51, 53, 13, 16, 7]]
[[42, 46, 6, 7, 7], [50, 51, 11, 12, 7]]
[[42, 46, 6, 7, 7]]
[[42, 43, 3, 4, 7]]
[[49, 50, 11, 14, 7]]
[[49, 50, 11, 12, 7]]
[[41, 41, 8, 10, 7], [43, 43, 8, 10, 7]]
[[42, 45, 19, 21, 7]]
[[52, 53, 13, 16, 7]]
[[42, 43, 4, 6, 7]]
[[42, 44, 4, 5, 7], [53, 56, 17, 18, 8]]
[[42, 44, 15, 18, 7]]
[[42, 43, 5, 7, 7], [42, 43, 16, 20, 7]]
[[42, 44, 4, 5, 7]]
[[42, 45, 5, 7, 8], [54, 55, 15, 16, 7]]
[[42, 45, 5, 7, 7]]
[[42, 44, 6, 7, 7]]
[[42, 44, 6, 7, 7]]
[[42, 43, 17, 19, 7]]
[[42, 43, 16, 19, 4]]
[[49, 50, 5, 6, 7]]
[[42, 43, 5, 6, 7]]
[[50, 51, 14, 16, 7]]
[[42, 45, 5, 7, 20]]
[[42, 44, 8, 9, 7], [42, 44, 13, 17, 7], [47, 48, 8, 9, 7]]
[[45, 46, 7, 8, 7], [55, 56, 17, 18, 7]]
[[42, 46, 6, 9, 7]]
[[42, 43, 8, 9, 7]]
[[42, 43, 6, 8, 7]]
[[42, 43, 4, 5, 6]]
[[42, 47, 7, 10, 7]]
[[4, 8, 37, 38, 7]]
[[42, 50, 10, 11, 7]]
[[59, 61, 21, 22, 7]]
[[42, 43, 4, 5, 7], [55, 56, 16, 17, 8]]
[[42, 43, 3, 7, 7]]
[[42, 46, 8, 9, 7]]
[[53, 57, 7, 8, 7]]
[]
[[42, 45, 5, 7, 7]]
[[45, 46, 6, 11, 7]]
[[42, 43, 5, 8, 7]]
[[48, 49, 10, 12, 7]]
[[42, 43, 3, 4, 7]]
[[42, 44, 6, 8, 7]]
[[42, 43, 3, 6, 7]]
[]
[[42, 48, 10, 11, 7]]
[[42, 47, 0, 0, 7]]
[[42, 43, 6, 9, 7], [52, 55, 15, 17, 7]]
[[49, 50, 10, 13, 7], [1, 9, 38, 41, 7]]
[[45, 46, 9, 11, 7]]
[[47, 49, 9, 12, 7]]
[[55, 58, 7, 8, 7]]
[[43, 45, 5, 7, 7]]
[[42, 48, 8, 10, 7]]
[[42, 44, 7, 8, 7], [46, 47, 7, 8, 7]]
[[47, 51, 13, 16, 7]]
[[42, 45, 8, 8, 7]]
[[42, 44, 4, 7, 7]]
[]
[[42, 45, 5, 11, 7]]
[[47, 50, 1, 4, 7]]
[[42, 43, 10, 12, 7]]
[[56, 57, 11, 13, 20]]
[[42, 45, 5, 6, 8]]
[[42, 43, 3, 6, 7], [49, 50, 10, 13, 7]]
[[42, 46, 6, 7, 8]]
[[46, 47, 1, 3, 7]]
[[42, 43, 4, 6, 7]]
[]
[[42, 43, 3, 5, 7]]
[[42, 43, 10, 11, 7], [42, 43, 13, 16, 7]]
[[56, 58, 25, 26, 7]]
[]
[[42, 46, 6, 7, 7]]
[[44, 45, 10, 11, 1]]
[[42, 43, 3, 5, 7]]
[]
[[43, 44, 4, 7, 7]]
[[42, 45, 5, 6, 7]]
[[42, 45, 5, 7, 7]]
[[45, 47, 8, 10, 7], [45, 47, 39, 40, 7]]
[[42, 43, 4, 6, 7]]
[[52, 53, 8, 9, 7]]
[[49, 52, 12, 15, 20]]
[[44, 45, 8, 10, 7]]
[[42, 45, 5, 8, 7]]
[[42, 43, 4, 6, 7], [49, 52, 12, 13, 7]]
[[42, 43, 3, 5, 7]]
[[42, 45, 5, 6, 7], [42, 45, 36, 39, 7]]
[[42, 43, 0, 0, 7], [42, 43, 34, 36, 7]]
[[44, 48, 1, 2, 7]]
[[42, 45, 10, 13, 7]]
[[42, 45, 6, 8, 7]]
[[42, 45, 20, 26, 7]]
[]
[[42, 43, 3, 5, 7]]
[[44, 47, 7, 10, 8]]
[[42, 43, 3, 4, 7], [42, 43, 33, 34, 7]]
[[47, 48, 8, 9, 7]]
[[43, 46, 7, 9, 7]]
[[42, 43, 11, 13, 7], [45, 47, 7, 10, 7]]
[[42, 43, 7, 9, 15]]
[[42, 43, 3, 6, 7]]
[]
[[47, 47, 12, 14, 7]]
[[42, 43, 3, 5, 7]]
[[42, 43, 0, 0, 7]]
[[42, 43, 3, 6, 7]]
[[42, 43, 0, 0, 7]]
[[42, 45, 8, 11, 7]]
[[44, 45, 6, 9, 6]]
[[51, 53, 6, 8, 7]]
[[45, 48, 10, 11, 7]]
[[55, 57, 9, 10, 7]]
[[42, 43, 3, 4, 7]]
[[47, 48, 8, 9, 7]]
[[42, 44, 4, 7, 7]]
[[45, 49, 10, 12, 7]]
[[42, 48, 8, 9, 7]]
[[42, 47, 9, 11, 7], [54, 55, 15, 18, 7], [61, 62, 22, 23, 7]]
[[47, 51, 11, 14, 7]]
[[42, 45, 5, 7, 7], [42, 45, 38, 39, 7]]
[[44, 47, 7, 8, 20]]
[[42, 43, 5, 7, 7]]
[[1, 2, 38, 42, 7]]
[[46, 47, 7, 10, 7]]
[[44, 46, 9, 11, 7], [44, 46, 41, 44, 7]]
[[42, 45, 0, 0, 7], [42, 45, 20, 21, 7]]
[[42, 43, 3, 4, 7], [42, 43, 40, 42, 7]]
[[42, 45, 5, 6, 7]]
[[42, 44, 4, 7, 7]]
[[42, 46, 7, 11, 7]]
[[42, 47, 13, 16, 7]]
[[42, 47, 11, 12, 7], [49, 50, 11, 12, 7]]
[[42, 43, 6, 9, 7], [55, 56, 16, 19, 7]]
[[42, 43, 3, 6, 7], [49, 50, 10, 11, 7]]
[[44, 44, 4, 6, 7]]
[[42, 45, 7, 10, 7]]
[[42, 45, 8, 11, 7]]
[[44, 49, 11, 15, 0]]
[[42, 44, 6, 8, 7]]
[[44, 45, 5, 8, 7]]
[[42, 45, 0, 0, 7]]
[[42, 44, 6, 7, 7]]
[[42, 46, 7, 9, 7]]
[[42, 46, 9, 11, 8]]
[[45, 46, 6, 8, 7]]
[[47, 48, 3, 4, 7]]
[[42, 43, 3, 5, 7]]
[[44, 47, 7, 8, 7]]
[[42, 44, 4, 6, 7]]
[[42, 49, 9, 10, 7]]
[[48, 53, 1, 3, 7]]
[[42, 44, 4, 5, 8]]
[[46, 48, 8, 10, 7]]
[[42, 43, 6, 7, 7]]
[[50, 52, 12, 13, 7]]
[[50, 51, 12, 16, 7]]
[[42, 47, 7, 8, 7]]
[[44, 47, 7, 11, 7]]
[[42, 47, 13, 18, 7]]
[[53, 56, 16, 17, 8]]
[[43, 49, 9, 14, 6]]
[[42, 46, 12, 14, 0]]
[[42, 44, 5, 7, 20]]
[]
[[42, 44, 4, 5, 7]]
[[42, 45, 5, 8, 4]]
[[42, 45, 7, 8, 7]]
[[42, 43, 3, 6, 7]]
[[42, 43, 3, 4, 7]]
[[42, 50, 11, 12, 7]]
[[44, 45, 5, 9, 25]]
[[42, 43, 3, 5, 7]]
[[49, 49, 10, 12, 7]]
[[42, 46, 9, 11, 7]]
[[42, 45, 11, 12, 7]]
[[45, 47, 8, 10, 7]]
[[42, 43, 3, 5, 7]]
[]
[[42, 46, 6, 10, 7], [42, 46, 34, 35, 7], [42, 46, 36, 38, 7]]
[]
[]
[[42, 43, 3, 7, 1]]
[[89, 90, 50, 52, 6], [117, 118, 78, 80, 4]]
[]
[[15, 21, 50, 56, 21]]
[[41, 41, 7, 8, 6], [51, 52, 12, 13, 3]]
[[41, 41, 37, 40, 0]]
[]
[[0, 0, 44, 47, 0]]
[[41, 41, 7, 8, 4]]
[[64, 65, 25, 27, 3]]
[[41, 41, 11, 15, 49]]
[[1, 2, 33, 36, 1]]
[]
[[42, 43, 3, 8, 3], [50, 51, 11, 13, 1], [57, 58, 49, 51, 1]]
[[41, 41, 1, 2, 0], [45, 48, 1, 2, 0]]
[]
[[96, 97, 62, 64, 2], [99, 101, 62, 64, 3]]
[[41, 41, 70, 71, 1]]
[[7, 11, 41, 43, 3]]
[]
[[41, 41, 3, 4, 1]]
[[41, 41, 1, 3, 1], [63, 65, 26, 27, 4]]
[[56, 57, 17, 21, 20], [139, 142, 102, 103, 3]]
[[41, 41, 8, 10, 3], [56, 57, 19, 22, 1]]
[[41, 41, 30, 32, 3]]
[[0, 0, 35, 36, 49]]
[[45, 46, 6, 7, 6]]
[[41, 41, 1, 2, 0], [41, 41, 12, 16, 3], [45, 46, 1, 2, 0], [45, 46, 35, 37, 0]]
[[63, 64, 24, 26, 1], [20, 21, 52, 54, 1]]
[[42, 43, 3, 4, 3]]
[[70, 71, 32, 34, 1]]
[[57, 58, 18, 20, 4]]
[[41, 41, 37, 39, 0], [81, 85, 37, 39, 6]]
[[41, 41, 4, 7, 0], [75, 76, 37, 40, 1]]
[[55, 56, 16, 18, 58]]
[]
[[41, 41, 5, 8, 0]]
[[49, 50, 10, 11, 1]]
[[67, 68, 28, 31, 6], [96, 97, 57, 60, 58], [102, 103, 63, 64, 4]]
[[41, 41, 5, 6, 0]]
[[41, 41, 14, 15, 112]]
[[124, 125, 86, 89, 1]]
[[41, 41, 1, 3, 0]]
[[41, 41, 3, 4, 0], [42, 43, 3, 4, 0]]
[[41, 41, 18, 20, 1], [57, 58, 18, 20, 1]]
[]
[[54, 55, 18, 23, 3]]
[[41, 41, 8, 10, 2], [60, 61, 28, 30, 3]]
[[6, 10, 39, 42, 3]]
[[59, 60, 20, 21, 4]]
[[92, 94, 55, 65, 4]]
[[41, 41, 1, 2, 0]]
[[44, 45, 8, 9, 3]]
[[48, 51, 5, 6, 0], [53, 54, 15, 16, 3]]
[[47, 48, 1, 4, 3]]
[[41, 41, 26, 29, 1]]
[]
[[41, 41, 23, 30, 3]]
[[53, 54, 15, 16, 1], [138, 139, 99, 104, 3]]
[[46, 48, 8, 10, 3], [55, 56, 17, 20, 1]]
[]
[[45, 46, 6, 7, 3]]
[[0, 0, 55, 56, 0]]
[]
[[42, 43, 3, 4, 3], [62, 63, 23, 27, 3], [78, 79, 34, 35, 0]]
[[44, 47, 10, 13, 0]]
[]
[]
[[60, 61, 21, 23, 3], [0, 0, 29, 30, 0], [0, 0, 62, 63, 0]]
[[101, 102, 62, 65, 4]]
[[41, 41, 5, 7, 1], [50, 51, 5, 7, 3], [57, 58, 18, 20, 1]]
[[44, 47, 14, 15, 3], [50, 53, 14, 15, 3]]
[]
[[42, 43, 3, 4, 3]]
[]
[[48, 57, 17, 19, 162]]
[]
[]
[[42, 44, 4, 7, 1]]
[[59, 60, 21, 21, 58]]
[[66, 67, 27, 28, 4]]
[[41, 41, 26, 29, 6]]
[[45, 48, 1, 2, 3], [45, 48, 13, 14, 0]]
[[46, 47, 7, 8, 1], [52, 53, 13, 16, 1]]
[[41, 41, 2, 3, 0]]
[[42, 43, 3, 5, 1], [56, 57, 12, 13, 0]]
[[42, 46, 8, 12, 0]]
[[41, 41, 6, 10, 49], [42, 46, 6, 10, 4]]
[]
[[65, 69, 29, 30, 12]]
[[42, 43, 3, 5, 6]]
[[41, 41, 3, 7, 4]]
[[59, 62, 16, 17, 3], [59, 62, 27, 30, 3], [64, 67, 27, 30, 3], [75, 76, 32, 33, 4], [75, 76, 36, 41, 4]]
[]
[]
[[42, 43, 7, 9, 3], [45, 46, 7, 9, 1]]
[]
[[41, 41, 22, 25, 3], [43, 44, 6, 7, 1]]
[[42, 44, 4, 11, 0], [54, 57, 17, 18, 13]]
[[55, 60, 20, 22, 3]]
[[49, 50, 11, 12, 1]]
[[42, 42, 5, 9, 4], [44, 45, 5, 9, 112]]
[[96, 97, 57, 61, 58]]
[]
[]
[[55, 56, 24, 27, 58]]
[[58, 61, 22, 26, 12]]
[[41, 41, 26, 30, 75]]
[[16, 17, 34, 35, 6]]
[[44, 47, 9, 10, 6]]
[[63, 64, 26, 28, 4]]
[[41, 41, 27, 28, 6], [41, 41, 30, 33, 6]]
[[41, 41, 37, 38, 1]]
[[41, 41, 67, 69, 13], [45, 46, 6, 9, 13], [104, 107, 67, 69, 13]]
[[41, 41, 14, 18, 4], [51, 52, 14, 18, 4]]
[[60, 61, 21, 22, 1]]
[[41, 41, 11, 12, 6]]
[[41, 41, 10, 13, 13]]
[[42, 43, 5, 6, 4], [49, 50, 10, 11, 4]]
[[41, 41, 4, 9, 3]]
[[64, 68, 28, 29, 6]]
[[41, 41, 13, 15, 3], [42, 43, 3, 9, 3]]
[[41, 41, 1, 2, 0], [101, 103, 63, 67, 45]]
[[41, 41, 6, 7, 1]]
[[42, 45, 7, 8, 3]]
[[44, 48, 8, 11, 0]]
[[44, 45, 5, 9, 4], [52, 53, 14, 16, 58]]
[[42, 46, 6, 10, 0]]
[[61, 62, 22, 27, 6], [0, 0, 40, 45, 0]]
[[42, 43, 6, 9, 3], [53, 54, 15, 17, 1]]
[]
[[41, 41, 5, 7, 0], [41, 41, 52, 55, 0], [55, 56, 16, 18, 3], [61, 64, 24, 27, 4]]
[[41, 41, 12, 13, 1], [42, 43, 3, 3, 6]]
[[58, 59, 21, 23, 3], [66, 69, 29, 32, 13]]
[[59, 60, 21, 25, 4]]
[[46, 49, 11, 12, 6]]
[[64, 67, 27, 30, 4]]
[]
[]
[[42, 47, 7, 11, 1]]
[]
[[9, 12, 41, 42, 58]]
[]
[[71, 72, 33, 35, 1]]
[[56, 57, 18, 20, 3]]
[[41, 41, 10, 12, 4]]
[[47, 48, 8, 10, 0]]
[[42, 43, 3, 4, 0]]
[[41, 41, 19, 25, 3]]
[[49, 52, 12, 16, 3], [59, 62, 23, 26, 3]]
[[41, 41, 1, 2, 3], [44, 45, 1, 2, 3]]
[[54, 56, 17, 19, 4], [61, 62, 22, 27, 3]]
[]
[[50, 51, 13, 14, 4]]
[[41, 41, 4, 7, 0]]
[[78, 79, 39, 42, 6]]
[[41, 41, 13, 15, 0], [41, 41, 24, 27, 0]]
[[42, 43, 7, 10, 3], [54, 55, 16, 18, 4]]
[]
[]
[[41, 41, 6, 8, 3]]
[[44, 45, 6, 7, 0]]
[[41, 41, 7, 10, 3], [41, 41, 33, 38, 3], [41, 41, 39, 44, 0]]
[]
[]
[[41, 41, 1, 3, 0]]
[[41, 41, 3, 6, 0], [56, 59, 12, 13, 1]]
[[50, 51, 11, 14, 3]]
[[41, 41, 6, 8, 9]]
[[56, 59, 19, 22, 21]]
[[41, 41, 24, 27, 3]]
[[42, 44, 4, 7, 12]]
[[42, 43, 3, 4, 3]]
[[41, 41, 18, 20, 0]]
[[64, 65, 25, 28, 6], [73, 77, 37, 41, 4]]
[]
[[94, 95, 55, 56, 162]]
[[41, 41, 14, 19, 3], [63, 64, 24, 24, 6]]
[[57, 61, 21, 25, 103]]
[[41, 41, 6, 13, 0]]
[[46, 49, 1, 3, 3]]
[[51, 53, 13, 14, 3]]
[[41, 41, 1, 2, 0]]
[[41, 41, 3, 4, 1]]
[[55, 56, 17, 18, 1]]
[[41, 41, 27, 31, 3], [59, 62, 27, 31, 3]]
[[41, 41, 41, 44, 3]]
[[94, 95, 55, 56, 58], [129, 130, 94, 98, 4]]
[[41, 41, 8, 10, 0], [64, 68, 29, 31, 12]]
[]
[[0, 0, 35, 38, 0]]
[]
[[40, 50, 81, 83, 4]]
[[41, 41, 29, 32, 0]]
[[41, 41, 20, 22, 4], [44, 45, 5, 7, 6], [8, 11, 41, 43, 3]]
[[44, 45, 5, 6, 0]]
[]
[]
[[41, 41, 3, 4, 4], [42, 43, 3, 4, 4]]
[[42, 46, 6, 9, 12]]
[]
[[60, 64, 24, 27, 180]]
[[45, 46, 1, 2, 0], [45, 46, 34, 35, 0], [50, 51, 6, 7, 3]]
[]
[[41, 41, 43, 46, 0], [99, 100, 61, 64, 1]]
[[47, 48, 3, 4, 6], [47, 48, 9, 12, 0]]
[[42, 43, 3, 4, 3]]
[[42, 43, 7, 11, 3]]
[[69, 71, 31, 32, 4]]
[]
[[42, 46, 6, 9, 12]]
[[59, 60, 20, 24, 3]]
[[57, 58, 19, 19, 3], [1, 4, 33, 34, 3]]
[[50, 53, 15, 17, 3], [50, 53, 41, 45, 3]]
[[42, 44, 4, 5, 12], [52, 53, 13, 15, 1]]
[[51, 52, 12, 16, 3]]
[[41, 41, 42, 45, 4], [81, 82, 42, 45, 108]]
[[0, 0, 34, 40, 3]]
[[60, 61, 21, 23, 4]]
[[41, 41, 6, 8, 45], [44, 46, 6, 8, 45]]
[[42, 45, 5, 8, 0], [51, 52, 12, 13, 1]]
[[41, 41, 5, 8, 6]]
[[0, 0, 35, 38, 0]]
[[42, 43, 6, 9, 3]]
[[41, 41, 5, 6, 4]]
[]
[]
[[0, 0, 104, 105, 0]]
[[49, 50, 10, 12, 3]]
[[42, 43, 3, 6, 3]]
[[79, 80, 43, 48, 4], [181, 182, 144, 146, 1]]
[[41, 41, 5, 6, 1]]
[[53, 56, 19, 23, 12]]
[[41, 41, 5, 6, 0], [42, 45, 5, 6, 0]]
[[61, 62, 22, 22, 12]]
[[41, 41, 4, 7, 3], [50, 53, 13, 16, 13], [65, 66, 28, 31, 3]]
[[41, 41, 1, 4, 0]]
[[41, 41, 11, 14, 3], [18, 19, 53, 54, 1]]
[]
[[50, 51, 6, 7, 0]]
[[43, 46, 8, 10, 3], [64, 65, 25, 29, 4]]
[[41, 41, 20, 21, 0]]
[[45, 46, 1, 2, 0]]
[[41, 41, 8, 9, 0]]
[]
[]
[[41, 41, 1, 2, 0], [44, 45, 1, 2, 0]]
[[44, 45, 5, 6, 3]]
[[41, 41, 6, 8, 0], [63, 64, 24, 26, 12]]
[[41, 41, 17, 18, 3], [61, 65, 17, 18, 3]]
[[1, 5, 34, 36, 3]]
[[42, 43, 3, 4, 21]]
[[52, 53, 17, 19, 6]]
[[41, 41, 4, 6, 0]]
[]
[]
[]
[[41, 41, 33, 39, 3]]
[[42, 43, 3, 8, 3], [42, 43, 39, 43, 3]]
[]
[]
[[94, 95, 55, 59, 3]]
[]
[[42, 43, 3, 5, 4], [52, 53, 13, 15, 0]]
[[51, 52, 12, 16, 0]]
[]
[[41, 41, 12, 16, 3]]
[[41, 41, 12, 14, 3], [57, 58, 19, 21, 1]]
[[42, 43, 3, 5, 12]]
[]
[[42, 45, 5, 8, 3]]
[[42, 44, 4, 5, 6], [48, 49, 4, 5, 6]]
[[41, 41, 11, 14, 0], [83, 84, 44, 49, 3], [83, 84, 74, 77, 3], [92, 93, 55, 58, 13]]
[[62, 63, 25, 27, 6]]
[[41, 41, 14, 15, 0], [58, 59, 23, 24, 58], [66, 67, 28, 32, 162]]
[[41, 41, 27, 31, 6]]
[[42, 45, 5, 7, 3]]
[[41, 41, 31, 32, 9], [50, 52, 12, 13, 4]]
[[42, 43, 8, 11, 3], [67, 68, 28, 29, 1]]
[[41, 41, 6, 8, 0], [42, 43, 6, 8, 3]]
[[55, 56, 16, 19, 3]]
[[42, 43, 3, 4, 3], [46, 47, 8, 9, 1]]
[]
[[46, 47, 7, 8, 3], [60, 63, 24, 25, 4]]
[[52, 53, 13, 18, 58]]
[[42, 45, 5, 8, 2]]
[]
[[44, 45, 1, 2, 6], [1, 4, 34, 39, 3]]
[]
[[47, 48, 9, 12, 3]]
[[45, 46, 7, 8, 6], [54, 55, 15, 17, 3]]
[[42, 45, 6, 8, 3], [50, 53, 13, 15, 3]]
[[41, 41, 7, 11, 12], [53, 56, 16, 17, 12]]
[[41, 41, 6, 10, 1]]
[[74, 76, 37, 39, 3]]
[[42, 44, 4, 6, 12]]
[[53, 54, 14, 15, 4]]
[[41, 41, 28, 34, 4]]
[[68, 69, 25, 26, 3]]
[[54, 55, 15, 19, 3]]
[[0, 0, 33, 37, 0]]
[[56, 57, 21, 22, 3]]
[[41, 41, 16, 20, 84]]
[[41, 41, 7, 8, 0]]
[[85, 89, 49, 51, 1]]
[]
[[41, 41, 13, 16, 3]]
[[41, 41, 7, 9, 3]]
[]
[[61, 62, 22, 24, 12], [0, 0, 40, 43, 0]]
[[41, 41, 2, 3, 0]]
[]
[]
[[41, 41, 5, 6, 6], [62, 63, 23, 24, 4]]
[[43, 46, 11, 13, 3]]
[]
[]
[[12, 15, 45, 46, 13]]
[[41, 41, 33, 36, 12]]
[[1, 4, 33, 36, 3]]
[]
[[42, 44, 4, 8, 3]]
[[42, 43, 3, 4, 0]]
[[41, 41, 59, 64, 1], [95, 99, 59, 64, 1]]
[[46, 49, 2, 3, 58]]
[[41, 41, 11, 12, 4]]
[[41, 41, 47, 49, 0], [41, 41, 81, 85, 0]]
[[45, 48, 9, 11, 21]]
[[1, 4, 33, 34, 4]]
[[57, 58, 18, 19, 4]]
[[41, 41, 3, 4, 3], [41, 41, 8, 9, 0], [42, 43, 3, 4, 3], [11, 12, 41, 47, 6]]
[[63, 64, 24, 25, 3]]
[[41, 41, 4, 6, 0]]
[[41, 41, 7, 9, 0], [41, 41, 46, 48, 3], [69, 70, 33, 35, 58]]
[[7, 9, 38, 42, 3]]
[[41, 41, 11, 13, 3]]
[[42, 43, 3, 3, 3]]
[[48, 50, 1, 2, 3], [48, 50, 10, 12, 0]]
[[48, 49, 11, 13, 4], [57, 58, 19, 19, 12], [62, 63, 24, 26, 1]]
[[41, 41, 10, 14, 1], [41, 41, 58, 60, 49]]
[[42, 43, 8, 9, 3], [46, 47, 8, 9, 3]]
[]
[[41, 41, 15, 17, 1], [71, 72, 33, 35, 13]]
[[41, 41, 2, 4, 0], [41, 41, 34, 36, 6], [41, 41, 64, 66, 1], [74, 75, 36, 38, 1]]
[[41, 41, 4, 8, 3]]
[[42, 43, 3, 4, 3], [54, 55, 15, 17, 1]]
[[57, 58, 18, 20, 4]]
[[42, 43, 3, 6, 3]]
[[41, 41, 8, 10, 12]]
[]
[]
[[42, 45, 6, 14, 3]]
[[51, 52, 13, 13, 4]]
[[44, 45, 5, 5, 58]]
[]
[[47, 48, 8, 10, 1], [55, 56, 16, 17, 4]]
[[0, 0, 63, 69, 49]]
[[78, 79, 41, 42, 4], [0, 0, 41, 43, 3]]
[[41, 41, 21, 35, 4]]
[[42, 43, 3, 5, 0], [42, 43, 8, 9, 6]]
[[41, 41, 11, 12, 3]]
[[47, 48, 1, 4, 3]]
[[41, 41, 34, 35, 1]]
[[46, 49, 10, 11, 6]]
[[0, 0, 53, 58, 0]]
[]
[[42, 43, 3, 5, 3], [48, 49, 9, 11, 6], [14, 17, 46, 48, 3]]
[[42, 43, 3, 4, 6], [50, 51, 11, 13, 4], [58, 59, 19, 22, 1]]
[[42, 43, 3, 4, 12], [53, 56, 16, 17, 99], [71, 74, 34, 35, 21]]
[[45, 46, 6, 7, 12]]
[]
[[41, 41, 54, 56, 0], [65, 66, 26, 28, 1]]
[[41, 41, 6, 9, 0]]
[[41, 41, 25, 27, 3], [47, 49, 9, 11, 3]]
[]
[[56, 57, 18, 21, 3]]
[[41, 41, 14, 16, 3], [41, 41, 50, 55, 1], [60, 61, 22, 27, 1]]
[[41, 41, 45, 48, 6], [115, 119, 79, 81, 21]]
[[41, 41, 9, 12, 0]]
[[69, 72, 33, 38, 4]]
[[92, 94, 54, 56, 4]]
[[42, 43, 3, 4, 4], [49, 50, 10, 13, 6]]
[[45, 46, 1, 2, 0], [45, 46, 7, 10, 0]]
[[82, 83, 44, 51, 4]]
[[56, 57, 22, 24, 1]]
[]
[[41, 41, 5, 9, 0], [42, 44, 5, 9, 0]]
[[41, 41, 2, 9, 6]]
[[44, 45, 5, 7, 3]]
[[45, 46, 8, 11, 6]]
[]
[[252, 257, 218, 219, 1]]
[[44, 48, 9, 12, 12]]
[[42, 44, 4, 7, 1]]
[[42, 43, 3, 3, 6]]
[]
[[42, 45, 5, 7, 3]]
[[60, 61, 21, 21, 4]]
[[48, 49, 9, 11, 0], [58, 63, 24, 28, 3]]
[]
[[44, 45, 7, 8, 1], [51, 52, 7, 8, 0]]
[[89, 93, 53, 57, 12]]
[]
[[42, 46, 6, 10, 3]]
[]
[[110, 114, 75, 76, 3]]
[[41, 41, 1, 3, 3], [41, 41, 35, 39, 3]]
[[47, 48, 9, 10, 4]]
[[41, 41, 27, 30, 0]]
[]
[[51, 52, 12, 17, 4], [1, 6, 35, 37, 3]]
[[41, 41, 4, 8, 0]]
[]
[[56, 57, 18, 21, 6]]
[[48, 49, 14, 15, 3], [58, 59, 19, 24, 1]]
[]
[[51, 52, 12, 15, 1]]
[[42, 45, 5, 9, 0]]
[[41, 41, 29, 30, 0]]
[]
[[54, 55, 15, 18, 1], [1, 6, 35, 38, 3]]
[[0, 0, 34, 37, 1], [0, 0, 51, 54, 0]]
[[3, 7, 36, 38, 3]]
[[0, 0, 29, 29, 0]]
[[53, 61, 21, 23, 12]]
[[51, 54, 14, 17, 12]]
[[42, 43, 3, 4, 3], [49, 50, 10, 11, 3]]
[]
[[42, 44, 4, 9, 4]]
[[41, 41, 28, 29, 3]]
[[41, 41, 6, 8, 0]]
[[42, 43, 3, 5, 112], [61, 62, 23, 25, 58]]
[[41, 41, 39, 41, 6], [83, 84, 44, 44, 4]]
[[42, 43, 3, 4, 3]]
[]
[[42, 43, 5, 7, 3]]
[[53, 54, 9, 10, 3]]
[[41, 41, 19, 22, 0], [41, 41, 45, 50, 0]]
[[41, 41, 28, 29, 1]]
[]
[[41, 41, 9, 11, 0]]
[]
[[58, 59, 22, 25, 1]]
[[93, 94, 54, 56, 1]]
[[41, 41, 12, 14, 3]]
[[52, 55, 16, 17, 112], [0, 0, 44, 45, 58]]
[[41, 41, 5, 6, 3], [49, 50, 11, 15, 1], [58, 59, 19, 25, 4]]
[[0, 0, 32, 36, 3]]
[[42, 45, 5, 7, 0]]
[[41, 41, 12, 14, 3]]
[[41, 41, 4, 7, 0], [50, 51, 13, 14, 1]]
[[42, 43, 3, 6, 3]]
[[42, 43, 3, 6, 3], [52, 57, 18, 24, 57], [52, 57, 48, 52, 58]]
[[82, 83, 46, 48, 1]]
[[42, 45, 5, 7, 58], [50, 51, 14, 15, 13]]
[[41, 41, 16, 17, 0]]
[[42, 43, 3, 4, 3], [48, 49, 9, 15, 1]]
[[42, 43, 3, 4, 3], [50, 55, 16, 18, 3]]
[[42, 44, 6, 10, 3]]
[[41, 41, 35, 41, 0], [70, 71, 35, 41, 3]]
[[41, 41, 11, 13, 0], [49, 50, 11, 13, 21]]
[[41, 41, 5, 7, 0]]
[[42, 45, 7, 11, 0]]
[]
[[41, 41, 11, 13, 4]]
[[41, 41, 9, 12, 3]]
[[44, 49, 9, 11, 3], [56, 57, 18, 19, 1], [105, 106, 67, 73, 12]]
[[112, 113, 73, 74, 3]]
[[42, 43, 3, 4, 3], [57, 61, 21, 26, 13]]
[[41, 41, 12, 14, 3], [50, 51, 12, 14, 3]]
[[42, 43, 3, 4, 0]]
[[42, 43, 3, 5, 3]]
[[45, 48, 1, 2, 3]]
[[42, 48, 8, 10, 3], [53, 54, 14, 18, 3]]
[[77, 78, 38, 39, 6], [82, 83, 43, 44, 3], [92, 93, 53, 54, 4]]
[[42, 45, 5, 8, 3]]
[[63, 64, 29, 31, 3], [67, 68, 29, 31, 4]]
[[44, 45, 5, 7, 3]]
[]
[[42, 43, 3, 5, 3]]
[[45, 46, 13, 15, 0], [60, 62, 24, 27, 4], [69, 71, 33, 35, 4]]
[[0, 0, 52, 55, 3]]
[[42, 43, 3, 6, 3]]
[[41, 41, 6, 8, 0], [51, 52, 13, 13, 3]]
[[56, 57, 18, 21, 2], [64, 65, 25, 26, 58], [75, 76, 37, 38, 58]]
[]
[[41, 41, 4, 6, 0]]
[]
[[76, 77, 37, 38, 1]]
[[51, 52, 12, 13, 6], [56, 57, 17, 17, 6], [67, 70, 30, 30, 12]]
[[42, 43, 4, 7, 3]]
[[41, 41, 4, 7, 3], [41, 41, 54, 63, 3]]
[[44, 45, 5, 10, 1]]
[[41, 41, 10, 14, 3]]
[]
[]
[[41, 41, 22, 23, 4]]
[[42, 43, 3, 4, 3], [42, 43, 37, 38, 3], [47, 48, 9, 10, 1]]
[[42, 43, 3, 4, 3], [60, 61, 21, 23, 58]]
[[41, 41, 11, 12, 1]]
[[54, 55, 15, 18, 4]]
[]
[[50, 51, 12, 13, 1], [0, 0, 43, 44, 0]]
[]
[[44, 45, 8, 11, 6], [60, 61, 21, 22, 4]]
[[50, 51, 11, 15, 4], [58, 59, 21, 24, 58]]
[[64, 67, 29, 31, 58]]
[[62, 63, 23, 26, 12]]
[[42, 46, 6, 8, 0]]
[[42, 43, 3, 5, 0]]
[[41, 41, 5, 7, 0]]
[[42, 43, 12, 14, 1]]
[]
[[54, 55, 1, 2, 6]]
[[41, 41, 19, 20, 0], [62, 65, 19, 20, 3], [62, 65, 58, 59, 3], [67, 70, 30, 31, 3], [76, 77, 33, 34, 4]]
[]
[[49, 50, 1, 6, 0]]
[]
[[56, 58, 18, 20, 103]]
[]
[[41, 41, 17, 19, 0]]
[]
[[12, 13, 43, 48, 1]]
[[0, 0, 67, 70, 1]]
[[45, 46, 8, 12, 3], [57, 58, 21, 24, 1]]
[[42, 43, 3, 6, 4]]
[[41, 41, 22, 24, 4]]
[[45, 46, 3, 3, 3]]
[[41, 41, 6, 8, 0], [90, 91, 52, 55, 6], [90, 91, 39, 40, 6], [90, 91, 84, 86, 6]]
[[44, 45, 5, 6, 3]]
[[41, 41, 6, 8, 3]]
[[1, 4, 33, 34, 12]]
[[41, 41, 15, 18, 3]]
[[61, 62, 17, 19, 6]]
[[41, 41, 6, 7, 3]]
[[44, 45, 7, 10, 0]]
[]
[[42, 43, 3, 5, 12]]
[[42, 45, 5, 6, 3]]
[[48, 49, 9, 12, 3]]
[[42, 47, 7, 8, 3]]
[[41, 41, 2, 3, 0]]
[]
[[41, 41, 3, 4, 3], [42, 43, 3, 4, 3]]
[]
[[41, 41, 8, 10, 3]]
[[53, 54, 16, 19, 1], [53, 54, 42, 47, 1]]
[[1, 9, 38, 43, 3]]
[]
[[41, 41, 4, 5, 0]]
[[41, 41, 22, 24, 1]]
[[42, 45, 5, 10, 12]]
[[51, 52, 13, 16, 1]]
[[41, 41, 19, 20, 9], [41, 41, 50, 54, 4]]
[[41, 41, 20, 22, 3]]
[[41, 41, 17, 21, 0]]
[[41, 41, 10, 16, 3], [48, 50, 10, 16, 3]]
[[41, 41, 5, 7, 3]]
[]
[[51, 52, 14, 20, 1]]
[]
[[50, 52, 12, 16, 0]]
[[42, 43, 3, 8, 3], [42, 43, 31, 34, 3]]
[[42, 45, 6, 8, 3]]
[[41, 41, 25, 27, 4]]
[[41, 41, 97, 98, 3], [136, 137, 97, 98, 3]]
[]
[[41, 41, 6, 7, 4], [55, 56, 16, 21, 3]]
[[47, 48, 8, 14, 3], [77, 78, 38, 41, 3]]
[[54, 55, 17, 19, 3], [1, 2, 31, 38, 3]]
[[42, 43, 3, 5, 3], [48, 49, 9, 11, 1]]
[[49, 50, 11, 12, 3]]
[]
[[47, 51, 11, 16, 4], [119, 121, 82, 83, 4], [212, 213, 173, 176, 3]]
[[42, 43, 3, 8, 6], [9, 12, 42, 50, 6]]
[]
[]
[]
[[45, 46, 1, 2, 3]]
[[41, 41, 9, 13, 3]]
[[51, 52, 14, 16, 1]]
[]
[[41, 41, 13, 14, 0], [47, 52, 13, 14, 2]]
[[41, 41, 5, 8, 0]]
[[42, 43, 3, 7, 3], [42, 43, 31, 32, 3], [50, 53, 13, 14, 0], [57, 62, 22, 24, 12]]
[[48, 49, 10, 11, 1]]
[[42, 44, 7, 10, 4]]
[[53, 54, 7, 10, 3]]
[[41, 41, 22, 25, 9]]
[[71, 72, 33, 34, 3]]
[]
[[58, 59, 15, 16, 4], [63, 66, 20, 21, 3], [63, 66, 59, 62, 3], [68, 71, 31, 34, 3]]
[[42, 45, 6, 8, 6]]
[[42, 43, 6, 7, 6], [42, 43, 31, 35, 6]]
[[57, 58, 19, 20, 3], [76, 77, 28, 31, 0]]
[[50, 51, 17, 19, 6], [54, 55, 17, 19, 3]]
[[43, 44, 4, 14, 3]]
[[42, 43, 3, 6, 3]]
[[46, 52, 13, 16, 4]]
[]
[[43, 46, 6, 11, 1]]
[[41, 41, 34, 36, 4]]
[]
[[50, 51, 13, 14, 1], [57, 59, 19, 21, 1]]
[[47, 48, 12, 15, 12], [82, 83, 44, 46, 6]]
[[44, 45, 1, 2, 6], [6, 9, 38, 39, 58]]
[[80, 81, 41, 43, 1]]
[[0, 0, 41, 44, 3]]
[[42, 43, 3, 4, 3]]
[]
[[50, 51, 12, 14, 6]]
[[0, 0, 33, 36, 3], [0, 0, 38, 41, 3]]
[[41, 41, 6, 9, 6]]
[[47, 48, 3, 4, 3], [52, 53, 15, 22, 6]]
[[41, 41, 8, 9, 3], [59, 62, 23, 24, 3]]
[[41, 41, 1, 2, 6], [41, 41, 9, 12, 0]]
[]
[]
[]
[]
[[61, 62, 22, 24, 1], [4, 5, 35, 36, 3]]
[[41, 41, 27, 27, 1], [41, 41, 31, 34, 1], [42, 43, 3, 6, 1]]
[[0, 0, 29, 32, 3]]
[]
[[42, 43, 3, 5, 12]]
[[41, 41, 3, 5, 1], [41, 41, 16, 18, 3], [42, 43, 3, 5, 1]]
[[49, 50, 10, 12, 6], [62, 63, 24, 27, 4]]
[[56, 57, 12, 13, 12], [0, 0, 48, 50, 3]]
[[41, 41, 11, 15, 0], [57, 64, 11, 15, 58]]
[[41, 41, 13, 16, 4], [52, 53, 13, 16, 4]]
[]
[[4, 5, 34, 35, 3]]
[[83, 86, 46, 49, 6], [93, 94, 54, 55, 4]]
[[15, 16, 45, 47, 3]]
[[41, 41, 4, 10, 3]]
[[41, 41, 19, 21, 112]]
[[43, 44, 4, 8, 0]]
[[64, 65, 25, 27, 4]]
[[41, 41, 1, 4, 0], [41, 41, 19, 22, 6], [54, 59, 19, 22, 6]]
[[46, 49, 1, 3, 0]]
[]
[[41, 41, 7, 9, 0], [56, 57, 17, 19, 1]]
[[41, 41, 31, 33, 1]]
[[41, 41, 11, 15, 54]]
[]
[[41, 41, 11, 13, 0]]
[[85, 88, 48, 50, 12]]
[[41, 41, 4, 6, 75]]
[[41, 41, 6, 8, 3]]
[]
[[41, 41, 14, 15, 1], [57, 58, 14, 15, 1]]
[[15, 16, 45, 49, 58]]
[[101, 104, 64, 66, 12]]
[[42, 43, 3, 8, 3]]
[[30, 33, 65, 70, 3]]
[[74, 75, 35, 37, 1], [104, 109, 71, 73, 1]]
[[41, 41, 7, 9, 0]]
[[42, 43, 5, 10, 58]]
[[86, 87, 47, 50, 58]]
[[41, 41, 5, 6, 0], [44, 45, 5, 6, 0], [69, 72, 33, 39, 3], [82, 85, 45, 47, 12], [191, 192, 152, 152, 4], [197, 198, 158, 159, 4]]
[]
[[44, 45, 1, 2, 4]]
[[41, 41, 11, 14, 3], [50, 51, 11, 14, 3], [57, 60, 21, 23, 12]]
[[93, 95, 51, 51, 45]]
[[41, 41, 3, 7, 4], [42, 42, 3, 7, 112]]
[[41, 41, 4, 6, 9]]
[]
[[42, 43, 3, 7, 3]]
[[41, 41, 5, 6, 0], [51, 55, 15, 16, 1]]
[[41, 41, 43, 44, 4]]
[[101, 102, 62, 62, 3]]
[[60, 61, 21, 25, 3]]
[[65, 66, 26, 28, 4]]
[[63, 64, 26, 29, 4]]
[[17, 20, 50, 51, 3]]
[[48, 51, 1, 6, 0]]
[[41, 41, 35, 36, 1]]
[[42, 43, 3, 4, 3]]
[[50, 51, 11, 11, 3]]
[[42, 43, 3, 7, 3]]
[[47, 48, 3, 4, 3]]
[[41, 41, 3, 7, 3]]
[[46, 47, 7, 10, 3], [28, 32, 63, 68, 3]]
[[41, 41, 7, 12, 3], [69, 72, 34, 36, 0]]
[[42, 43, 7, 10, 3]]
[[44, 47, 10, 13, 4]]
[[41, 41, 7, 9, 3], [42, 47, 7, 9, 3]]
[[42, 43, 3, 4, 3]]
[[45, 46, 6, 7, 3], [50, 51, 11, 13, 3], [57, 58, 19, 20, 1]]
[]
[[1, 5, 34, 40, 3]]
[[53, 56, 16, 18, 103]]
[[79, 82, 43, 46, 49]]
[[41, 41, 6, 7, 0]]
[[0, 0, 67, 70, 4]]
[[48, 49, 9, 11, 4], [1, 8, 37, 39, 103]]
[[42, 46, 6, 7, 7]]
[[42, 45, 5, 6, 8]]
[[45, 46, 9, 11, 15]]
[[42, 48, 15, 16, 7], [42, 48, 38, 44, 7]]
[[44, 47, 7, 10, 7], [44, 47, 15, 18, 7]]
[[42, 45, 6, 7, 8]]
[[50, 55, 4, 6, 7], [50, 55, 52, 53, 7], [68, 70, 24, 25, 7]]
[[42, 44, 4, 5, 7]]
[[48, 48, 8, 9, 8], [52, 53, 13, 14, 7], [1, 3, 36, 37, 8]]
[[45, 48, 9, 12, 20]]
[]
[[42, 43, 5, 6, 7]]
[[42, 43, 4, 5, 15]]
[[42, 43, 3, 5, 7]]
[[42, 49, 9, 10, 7]]
[[48, 49, 3, 4, 7]]
[[47, 49, 9, 12, 7]]
[[4, 8, 37, 41, 7]]
[[47, 50, 10, 13, 20]]
[[46, 50, 11, 16, 7], [46, 50, 41, 44, 7]]
[[49, 50, 10, 13, 7]]
[[45, 49, 9, 10, 7]]
[[42, 47, 9, 10, 7]]
[[42, 45, 5, 7, 7]]
[[42, 45, 5, 7, 15]]
[]
[[42, 46, 6, 14, 12], [42, 46, 39, 42, 12]]
[[42, 45, 5, 6, 7], [42, 45, 8, 10, 7]]
[[42, 43, 3, 5, 7]]
[[42, 43, 4, 8, 7]]
[[1, 6, 35, 36, 7]]
[[42, 43, 6, 7, 7], [42, 43, 37, 38, 8]]
[[42, 43, 3, 5, 20], [51, 52, 3, 5, 7]]
[[42, 45, 6, 9, 8]]
[[42, 43, 3, 6, 7]]
[[42, 44, 4, 7, 6]]
[[42, 44, 4, 5, 7], [48, 49, 9, 10, 8]]
[[42, 45, 5, 10, 7]]
[[42, 46, 6, 7, 7]]
[[47, 49, 19, 21, 7], [51, 53, 19, 21, 7], [55, 58, 19, 21, 7]]
[[47, 50, 10, 13, 7]]
[[42, 43, 8, 10, 7], [1, 4, 33, 34, 8]]
[[42, 45, 5, 8, 7]]
[[42, 45, 8, 10, 7]]
[[42, 45, 11, 13, 7], [47, 48, 11, 13, 7]]
[[42, 43, 3, 5, 7]]
[[42, 44, 9, 12, 7], [46, 47, 9, 12, 7]]
[[42, 44, 4, 5, 7]]
[[45, 46, 6, 7, 7], [45, 46, 9, 12, 7]]
[[42, 43, 5, 6, 7]]
[[42, 47, 7, 9, 8]]
[[42, 43, 3, 4, 7]]
[[42, 45, 5, 5, 20], [48, 51, 11, 12, 20]]
[[42, 45, 5, 6, 7]]
[[42, 43, 3, 5, 7]]
[[47, 48, 12, 13, 1]]
[]
[[42, 43, 11, 14, 7]]
[[47, 49, 10, 11, 7]]
[[42, 45, 7, 8, 7], [55, 56, 16, 19, 7], [62, 63, 23, 24, 7]]
[[42, 42, 4, 7, 7]]
[[42, 43, 3, 4, 15], [49, 50, 10, 11, 4]]
[[42, 47, 8, 9, 7]]
[[47, 48, 1, 2, 7], [47, 48, 3, 4, 7]]
[[42, 43, 17, 19, 8]]
[[47, 48, 1, 3, 7]]
[[42, 45, 5, 7, 7]]
[[1, 6, 36, 38, 7]]
[[51, 54, 14, 17, 8]]
[[42, 43, 3, 8, 7]]
[[47, 48, 9, 10, 1]]
[[42, 44, 6, 7, 7], [42, 44, 37, 42, 7]]
[[44, 47, 1, 2, 7], [44, 47, 18, 21, 7], [44, 47, 43, 45, 7], [44, 47, 51, 55, 7], [52, 53, 8, 10, 8], [52, 53, 15, 17, 7]]
[[42, 43, 3, 6, 7]]
[[42, 43, 3, 9, 7], [53, 56, 16, 18, 7]]
[[42, 45, 6, 8, 7]]
[[52, 53, 4, 7, 7]]
[[46, 47, 10, 14, 7]]
[[42, 48, 8, 8, 8]]
[[50, 50, 13, 14, 7], [50, 50, 19, 21, 7]]
[[42, 46, 13, 15, 7], [64, 65, 25, 27, 7]]
[[62, 63, 23, 24, 7]]
[[42, 44, 7, 12, 7]]
[[42, 48, 9, 10, 6]]
[[42, 44, 6, 9, 7]]
[[42, 47, 24, 26, 7], [57, 58, 24, 26, 7], [9, 11, 40, 41, 8]]
[[44, 46, 14, 16, 7], [52, 52, 12, 13, 7]]
[[42, 43, 3, 4, 7], [46, 50, 10, 11, 8]]
[[47, 50, 17, 18, 7]]
[[49, 51, 3, 6, 15]]
[[42, 45, 5, 6, 7]]
[[57, 58, 19, 21, 7]]
[[42, 43, 3, 4, 7]]
[[42, 43, 7, 10, 1]]
[[42, 45, 5, 6, 12], [42, 45, 35, 37, 12], [42, 45, 56, 57, 12]]
[]
[[42, 44, 4, 6, 7]]
[[52, 53, 8, 9, 8]]
[[42, 44, 8, 10, 7], [45, 47, 8, 10, 7]]
[[42, 43, 4, 6, 7]]
[]
[]
[[44, 45, 5, 6, 7]]
[[47, 48, 14, 15, 7], [47, 48, 17, 20, 7], [63, 64, 24, 25, 8], [67, 68, 28, 30, 7]]
[[42, 43, 3, 7, 7]]
[[42, 43, 3, 4, 7]]
[[42, 45, 5, 6, 7]]
[[42, 45, 5, 7, 7], [50, 51, 14, 15, 8]]
[[42, 43, 3, 5, 15]]
[[42, 43, 3, 6, 15]]
[[45, 46, 6, 7, 7]]
[[42, 43, 3, 4, 7]]
[[43, 44, 8, 10, 7]]
[[42, 43, 3, 5, 7]]
[[42, 46, 6, 7, 7], [42, 46, 36, 38, 7]]
[[42, 46, 6, 7, 7]]
[[47, 50, 12, 14, 8]]
[[46, 48, 1, 3, 7]]
[[42, 43, 3, 4, 7]]
[[42, 45, 5, 6, 6]]
[[42, 45, 9, 11, 7], [47, 48, 9, 11, 7]]
[[42, 49, 10, 14, 8]]
[[42, 45, 5, 6, 7]]
[[42, 45, 5, 6, 7], [50, 52, 12, 15, 8]]
[[42, 49, 9, 10, 7], [53, 54, 14, 17, 7]]
[[42, 43, 3, 4, 7], [42, 43, 5, 7, 7]]
[[47, 52, 1, 4, 7]]
[[50, 52, 15, 16, 7], [60, 61, 15, 16, 7]]
[[42, 44, 5, 6, 12]]
[[42, 43, 9, 11, 7], [45, 46, 9, 11, 7]]
[[42, 43, 3, 5, 7]]
[[42, 43, 7, 10, 7]]
[[42, 43, 6, 7, 7], [42, 43, 13, 15, 7], [50, 51, 11, 12, 6]]
[[42, 45, 5, 6, 8]]
[[42, 47, 7, 8, 7], [42, 47, 54, 56, 7], [51, 54, 14, 15, 7]]
[[42, 43, 3, 4, 7], [42, 43, 37, 38, 7], [47, 49, 3, 4, 7], [47, 49, 9, 10, 7]]
[[42, 47, 8, 14, 7]]
[[50, 53, 1, 3, 7], [55, 56, 1, 3, 7]]
[[42, 45, 5, 8, 7]]
[[57, 58, 12, 14, 0]]
[[42, 43, 10, 11, 7], [44, 45, 10, 11, 7]]
[[47, 48, 10, 13, 7]]
[[42, 43, 5, 6, 7], [42, 43, 36, 37, 7]]
[[44, 47, 8, 10, 7]]
[[43, 44, 6, 7, 7]]
[[42, 45, 5, 8, 7]]
[[45, 49, 11, 13, 8]]
[[48, 50, 3, 4, 7]]
[[1, 5, 34, 36, 7]]
[[46, 49, 9, 10, 7]]
[[42, 45, 5, 8, 20]]
[[42, 44, 4, 6, 7]]
[[42, 43, 10, 11, 7], [42, 43, 13, 18, 7]]
[[42, 43, 3, 8, 7]]
[[42, 43, 3, 5, 8], [42, 43, 28, 28, 7]]
[[42, 43, 4, 5, 15]]
[[42, 43, 7, 8, 7], [42, 43, 10, 12, 7]]
[[42, 43, 6, 8, 8], [52, 53, 13, 14, 8]]
[[48, 50, 10, 13, 7], [48, 50, 15, 17, 7]]
[[43, 44, 5, 8, 7]]
[[42, 44, 4, 5, 8]]
[[42, 43, 3, 4, 7]]
[[42, 45, 5, 8, 7]]
[[42, 43, 3, 6, 25]]
[[42, 43, 3, 4, 7], [46, 49, 10, 12, 7]]
[[42, 46, 7, 9, 7]]
[[42, 44, 5, 8, 7]]
[[57, 58, 20, 23, 7], [57, 58, 27, 30, 7]]
[[45, 46, 7, 8, 8]]
[[42, 43, 3, 5, 7]]
[[42, 44, 4, 6, 7]]
[[42, 44, 12, 14, 7]]
[[48, 52, 12, 14, 7]]
[[46, 47, 7, 8, 6]]
[[56, 57, 17, 20, 7]]
[[44, 47, 7, 9, 8]]
[[42, 45, 11, 14, 7]]
[[42, 44, 4, 5, 7]]
[[47, 48, 8, 11, 6], [14, 15, 45, 48, 8]]
[[46, 46, 6, 9, 8]]
[[42, 43, 3, 5, 7], [47, 49, 9, 10, 7]]
[[42, 45, 7, 8, 7]]
[[67, 68, 31, 33, 7], [69, 70, 31, 33, 7], [4, 5, 37, 39, 7]]
[[46, 47, 9, 9, 7], [57, 58, 18, 19, 6]]
[[44, 47, 9, 12, 15]]
[[42, 43, 5, 8, 7], [50, 51, 11, 12, 7]]
[]
[[41, 41, 15, 16, 0]]
[[42, 43, 3, 4, 7]]
[[42, 47, 7, 7, 8]]
[[42, 44, 4, 5, 7]]
[[56, 58, 12, 13, 7]]
[[46, 47, 7, 10, 20]]
[[44, 45, 5, 8, 8]]
[[42, 42, 5, 10, 7]]
[[45, 46, 8, 9, 4]]
[[42, 45, 5, 6, 20], [48, 51, 11, 12, 7]]
[[42, 43, 3, 4, 7]]
[[47, 48, 1, 3, 7]]
[[42, 45, 10, 12, 20]]
[[42, 45, 8, 9, 7], [47, 48, 8, 9, 7]]
[[42, 46, 26, 28, 7], [42, 46, 62, 64, 7], [74, 74, 34, 36, 7]]
[[42, 44, 4, 11, 7]]
[[44, 44, 4, 6, 7]]
[[42, 43, 5, 7, 0]]
[[47, 48, 17, 20, 7], [56, 57, 12, 14, 7], [56, 57, 17, 20, 7]]
[[42, 48, 11, 14, 7]]
[[53, 55, 15, 16, 7], [1, 2, 34, 38, 7], [1, 2, 48, 49, 7]]
[[53, 55, 1, 4, 7]]
[[42, 46, 6, 7, 7]]
[[48, 50, 11, 12, 4], [16, 17, 46, 49, 25]]
[[47, 50, 1, 2, 7]]
[[42, 44, 14, 17, 7]]
[[42, 43, 3, 6, 7]]
[[42, 45, 5, 8, 6]]
[[45, 46, 6, 8, 8]]
[[44, 45, 9, 11, 7]]
[[42, 43, 0, 0, 7]]
[[42, 43, 3, 4, 12], [42, 43, 36, 39, 12], [56, 57, 17, 18, 8]]
[[56, 57, 17, 19, 8]]
[[42, 43, 4, 6, 7]]
[[47, 50, 10, 12, 7]]
[[41, 41, 13, 16, 0]]
[[42, 43, 4, 4, 7]]
[[49, 50, 11, 13, 7]]
[[42, 45, 5, 6, 7], [42, 45, 35, 36, 7]]
[[47, 48, 8, 11, 15]]
[[42, 45, 7, 8, 7], [42, 45, 12, 14, 7]]
[[49, 50, 10, 12, 25]]
[[42, 43, 3, 6, 7]]
[[45, 46, 10, 13, 7], [48, 49, 10, 13, 7]]
[[42, 45, 5, 8, 12], [42, 45, 37, 39, 12], [59, 61, 21, 23, 7]]
[[42, 47, 12, 15, 8]]
[[42, 43, 5, 7, 7], [42, 43, 11, 14, 7]]
[[44, 49, 12, 13, 20]]
[[45, 46, 6, 8, 8]]
[[42, 44, 4, 6, 7], [42, 44, 37, 39, 7]]
[[46, 48, 14, 15, 7]]
[[42, 43, 29, 32, 7]]
[[45, 46, 6, 9, 7]]
[[42, 43, 5, 7, 6], [49, 50, 10, 10, 8], [53, 54, 14, 15, 7]]
[[42, 47, 7, 8, 7]]
[[42, 45, 5, 6, 7]]
[[46, 47, 7, 11, 8]]
[[46, 47, 7, 8, 7]]
[[42, 46, 8, 11, 7]]
[[42, 45, 7, 11, 7]]
[[42, 44, 7, 8, 7]]
[[42, 43, 3, 6, 7], [42, 43, 31, 32, 7]]
[[42, 46, 9, 13, 7]]
[[50, 52, 4, 7, 0]]
[[45, 48, 8, 9, 8]]
[[42, 43, 3, 4, 7], [47, 48, 8, 8, 7]]
[[42, 47, 27, 29, 6]]
[[45, 49, 12, 15, 7]]
[[42, 44, 4, 7, 7]]
[[42, 45, 5, 6, 7]]
[[42, 43, 3, 4, 4], [42, 43, 33, 37, 4]]
[[42, 45, 5, 6, 7]]
[[42, 47, 9, 10, 8], [42, 47, 28, 28, 8]]
[[1, 5, 35, 36, 7]]
[[52, 55, 3, 5, 7], [52, 55, 17, 19, 7]]
[[45, 47, 7, 8, 7]]
[[42, 45, 8, 9, 7], [42, 45, 17, 20, 7]]
[[42, 45, 5, 6, 7]]
[[56, 57, 10, 11, 0]]
[[42, 50, 10, 13, 7]]
[[45, 48, 2, 3, 7]]
[[47, 48, 8, 9, 7]]
[[45, 46, 7, 9, 7]]
[[44, 47, 7, 7, 7]]
[[42, 46, 6, 7, 7]]
[[47, 48, 8, 9, 20], [52, 53, 14, 16, 20]]
[[43, 44, 6, 7, 7]]
[[42, 45, 8, 12, 7]]
[[42, 43, 3, 4, 7]]
[[42, 43, 3, 5, 7], [42, 43, 36, 37, 8], [42, 43, 38, 40, 8]]
[[42, 45, 5, 8, 7]]
[[42, 43, 3, 5, 7], [42, 43, 34, 35, 7]]
[[42, 43, 3, 5, 8]]
[[42, 45, 8, 11, 7]]
[[42, 43, 5, 6, 7], [42, 43, 36, 39, 7]]
[[49, 50, 5, 6, 7]]
[[45, 47, 17, 19, 7]]
[[51, 52, 14, 15, 8], [60, 62, 22, 25, 7], [60, 62, 52, 53, 7]]
[[42, 43, 3, 6, 7], [42, 43, 35, 37, 7]]
[[51, 54, 6, 9, 7]]
[[52, 55, 15, 19, 7]]
[[42, 43, 8, 10, 7]]
[[43, 44, 4, 5, 7], [48, 49, 9, 13, 7]]
[[48, 50, 10, 12, 7]]
[[42, 43, 5, 7, 7], [42, 43, 47, 50, 7]]
[[42, 46, 6, 9, 7]]
[[42, 44, 4, 5, 7]]
[[43, 43, 6, 9, 7]]
[[49, 51, 3, 4, 7]]
[[42, 43, 3, 5, 7]]
[[45, 51, 15, 18, 7]]
[[41, 41, 15, 19, 1]]
[[42, 43, 8, 12, 7]]
[[48, 49, 13, 18, 7]]
[[52, 53, 6, 9, 7]]
[[42, 46, 9, 11, 20]]
[[44, 47, 9, 10, 7]]
[[1, 5, 37, 38, 7]]
[[42, 45, 10, 11, 7]]
[[42, 45, 5, 6, 7]]
[[42, 44, 9, 13, 7]]
[[41, 41, 17, 20, 7]]
[[46, 47, 14, 15, 12], [46, 47, 23, 25, 12]]
[[45, 47, 1, 3, 7], [45, 47, 9, 10, 7]]
[[42, 46, 11, 12, 7], [48, 50, 11, 12, 7]]
[[48, 50, 1, 5, 7]]
[[42, 43, 4, 6, 7]]
[[42, 47, 9, 13, 7], [42, 47, 28, 28, 7]]
[[42, 43, 4, 7, 7]]
[[48, 50, 4, 6, 7], [48, 50, 21, 25, 7]]
[[53, 54, 14, 15, 6], [1, 3, 37, 38, 7]]
[[42, 43, 3, 6, 7]]
[[42, 44, 4, 7, 7], [50, 51, 11, 12, 7]]
[[42, 45, 7, 9, 8], [53, 53, 14, 16, 8]]
[[42, 45, 7, 8, 7]]
[[42, 44, 4, 6, 7], [42, 44, 38, 41, 7]]
[[44, 45, 5, 6, 7]]
[[42, 47, 9, 10, 7]]
[[49, 50, 11, 13, 7]]
[[42, 43, 3, 7, 4], [51, 52, 12, 14, 1]]
[[44, 46, 6, 8, 12]]
[[45, 50, 25, 28, 12]]
[[47, 48, 1, 4, 7]]
[[42, 47, 7, 10, 12]]
[[42, 43, 3, 4, 7], [42, 43, 33, 35, 7]]
[[44, 47, 8, 10, 15]]
[[45, 46, 6, 9, 7], [1, 5, 34, 37, 7]]
[[42, 45, 10, 11, 7], [49, 50, 10, 11, 7]]
[[42, 43, 3, 6, 7]]
[[42, 46, 6, 9, 7]]
[[44, 45, 14, 17, 7]]
[[42, 43, 3, 6, 7]]
[[42, 46, 6, 9, 7]]
[[42, 43, 3, 4, 7], [42, 43, 36, 36, 8]]
[[42, 45, 5, 7, 7]]
[[43, 44, 4, 7, 7]]
[[42, 48, 11, 13, 7]]
[[42, 45, 5, 7, 7]]
[[45, 46, 7, 9, 8]]
[[1, 5, 34, 36, 7]]
[[46, 49, 2, 3, 7]]
[[42, 43, 4, 5, 8]]
[[63, 66, 27, 29, 7], [20, 25, 55, 57, 7]]
[[42, 45, 5, 6, 8]]
[[48, 49, 19, 20, 7]]
[[3, 7, 36, 41, 7]]
[[42, 43, 3, 4, 7]]
[[42, 48, 8, 10, 7]]
[[42, 47, 7, 10, 7]]
[[44, 45, 9, 10, 15]]
[[42, 45, 5, 6, 7]]
[[45, 47, 7, 9, 7]]
[[42, 43, 3, 6, 7], [42, 43, 7, 8, 7]]
[[42, 44, 6, 9, 8], [42, 44, 11, 14, 7], [56, 57, 17, 18, 7]]
[[44, 47, 7, 10, 7]]
[[41, 41, 13, 17, 0]]
[[42, 43, 8, 10, 7]]
[[52, 55, 9, 10, 7]]
[[44, 45, 5, 9, 0]]
[[42, 44, 4, 10, 7]]
[[41, 41, 3, 7, 7], [42, 43, 3, 7, 7]]
[[1, 2, 37, 37, 8]]
[[5, 8, 28, 28, 7]]
[[42, 43, 5, 7, 0], [56, 57, 5, 7, 0]]
[[42, 43, 3, 4, 7]]
[[42, 43, 3, 4, 7]]
[[44, 46, 7, 8, 7], [44, 46, 40, 41, 7]]
[[42, 44, 4, 7, 7], [42, 44, 36, 37, 7]]
[[42, 45, 5, 6, 15]]
[[42, 45, 5, 11, 7]]
[[42, 45, 5, 6, 8]]
[[42, 45, 5, 6, 7]]
[[42, 50, 10, 11, 7]]
[[42, 45, 6, 9, 7]]
[[42, 46, 6, 8, 7]]
[]
[[42, 43, 3, 4, 7]]
[[42, 46, 16, 17, 7]]
[[42, 43, 4, 9, 20]]
[[42, 43, 7, 10, 6]]
[[42, 43, 13, 16, 7], [51, 52, 13, 16, 7]]
[[42, 45, 5, 6, 7], [48, 49, 9, 10, 7], [60, 61, 21, 22, 7]]
[[44, 45, 6, 7, 15]]
[[42, 45, 5, 6, 7]]
[[46, 47, 1, 3, 7]]
[[42, 43, 3, 4, 7]]
[[42, 44, 0, 0, 7], [42, 44, 34, 36, 7]]
[[48, 50, 11, 12, 20], [1, 2, 33, 34, 4]]
[[42, 44, 10, 12, 7]]
[[42, 45, 5, 7, 7], [50, 53, 13, 15, 7], [58, 61, 21, 22, 7]]
[[44, 44, 4, 5, 7]]
[[42, 45, 5, 6, 7]]
[[42, 43, 4, 5, 7]]
[[42, 46, 11, 14, 0]]
[[42, 43, 7, 9, 7]]
[[62, 63, 26, 28, 7]]
[[42, 43, 4, 7, 7]]
[[42, 45, 8, 11, 7]]
[[42, 43, 5, 8, 7]]
[[48, 49, 4, 5, 7], [48, 49, 15, 16, 7], [53, 54, 10, 11, 7], [53, 54, 15, 16, 7]]
[[42, 43, 3, 9, 7]]
[[42, 42, 14, 17, 7], [42, 42, 30, 34, 7], [42, 42, 37, 38, 7]]
[[42, 45, 6, 7, 7]]
[[45, 46, 1, 3, 7]]
[[60, 63, 16, 17, 8], [68, 69, 24, 25, 8]]
[[42, 46, 8, 11, 7], [42, 46, 45, 47, 7]]
[[42, 43, 3, 5, 7], [48, 49, 9, 10, 7], [53, 54, 14, 16, 7]]
[[42, 48, 8, 9, 7]]
[[42, 46, 6, 7, 7]]
[[42, 44, 14, 17, 7]]
[[45, 46, 6, 7, 7]]
[[42, 46, 7, 9, 7]]
[]
[[47, 50, 20, 23, 7]]
[[42, 44, 4, 6, 7], [42, 44, 36, 37, 7], [52, 53, 13, 14, 7]]
[[42, 44, 8, 11, 7], [54, 55, 16, 17, 7]]
[[42, 46, 6, 9, 7]]
[[42, 44, 9, 12, 7], [46, 49, 9, 12, 7]]
[[42, 44, 9, 10, 6]]
[[47, 48, 1, 4, 7], [47, 48, 10, 13, 7]]
[[42, 47, 7, 10, 8], [54, 55, 16, 18, 7]]
[[42, 43, 4, 6, 7], [42, 43, 7, 10, 7]]
[[50, 51, 3, 6, 7], [50, 51, 15, 16, 7], [50, 51, 45, 49, 7]]
[[42, 44, 4, 5, 7], [42, 44, 6, 8, 7]]
[[42, 43, 3, 4, 7]]
[[44, 45, 5, 6, 7]]
[[42, 43, 3, 6, 7]]
[[42, 45, 8, 10, 7], [42, 45, 36, 37, 7], [42, 45, 48, 50, 7], [59, 60, 20, 22, 7]]
[[42, 46, 7, 10, 15]]
[[42, 43, 3, 5, 7], [42, 43, 34, 37, 7], [42, 43, 39, 42, 7], [60, 61, 21, 22, 7]]
[[42, 43, 3, 5, 8]]
[[42, 43, 3, 5, 7], [52, 53, 13, 14, 8]]
[[42, 43, 3, 8, 7], [55, 59, 20, 21, 7]]
[[42, 45, 5, 6, 7]]
[[42, 42, 2, 3, 7]]
[[48, 52, 14, 15, 7]]
[[42, 43, 4, 5, 7]]
[[46, 46, 9, 11, 7]]
[[44, 45, 5, 6, 7]]
[[42, 43, 7, 8, 8], [52, 56, 18, 20, 20]]
[[43, 44, 6, 9, 7]]
[[47, 50, 1, 3, 7], [52, 56, 1, 3, 7]]
[[44, 45, 5, 7, 7]]
[[42, 46, 6, 8, 7]]
[[44, 46, 11, 15, 7], [44, 46, 34, 37, 7]]
[[42, 48, 8, 10, 7]]
[[45, 49, 1, 2, 7]]
[[42, 43, 6, 9, 7], [54, 55, 15, 18, 7]]
[[42, 43, 8, 9, 7], [42, 43, 16, 18, 8], [55, 56, 16, 18, 8]]
[[42, 45, 6, 8, 7]]
[[42, 43, 3, 6, 7]]
[[80, 81, 42, 44, 12], [18, 19, 51, 54, 12]]
[[44, 45, 5, 9, 1]]
[[42, 45, 12, 14, 7]]
[[42, 44, 4, 6, 7]]
[[46, 47, 8, 9, 7]]
[[41, 41, 6, 8, 7], [42, 43, 6, 8, 7]]
[[42, 43, 3, 4, 7]]
[[44, 47, 9, 11, 7]]
[[43, 47, 7, 8, 7]]
[[46, 50, 10, 11, 7]]
[[43, 44, 7, 10, 7]]
[]
[[45, 46, 6, 7, 4], [49, 50, 11, 15, 4]]
[[44, 47, 7, 10, 4]]
[[1, 2, 28, 28, 7]]
[[44, 46, 6, 8, 7]]
[[42, 47, 7, 8, 7]]
[[47, 51, 1, 5, 7]]
[[47, 50, 15, 17, 7]]
[[44, 46, 6, 10, 6]]
[[42, 43, 3, 6, 4]]
[[42, 43, 3, 7, 7]]
[[42, 43, 6, 9, 7], [42, 43, 16, 19, 7], [42, 43, 39, 42, 7]]
[[42, 43, 5, 8, 7], [42, 43, 21, 24, 7], [42, 43, 31, 36, 7]]
[[45, 46, 1, 2, 7]]
[[42, 46, 6, 9, 8]]
[[42, 43, 3, 4, 7]]
[[46, 51, 11, 15, 7]]
[[42, 44, 0, 0, 7]]
[[41, 41, 5, 6, 7]]
[[49, 50, 3, 6, 7]]
[[58, 59, 25, 29, 7]]
[[42, 46, 7, 10, 7]]
[[44, 45, 5, 6, 7]]
[[45, 48, 23, 25, 7], [58, 60, 14, 15, 7], [58, 60, 23, 25, 7]]
[[43, 44, 7, 11, 1]]
[[42, 43, 3, 3, 20], [46, 47, 7, 9, 7]]
[[42, 44, 4, 5, 7]]
[[42, 45, 5, 6, 7], [42, 45, 35, 38, 7]]
[[71, 72, 32, 36, 7]]
[[42, 45, 5, 6, 7], [42, 45, 38, 41, 7]]
[[46, 47, 9, 10, 1]]
[[42, 44, 7, 10, 7]]
[[42, 46, 6, 7, 8]]
[[42, 44, 8, 12, 7]]
[[55, 59, 3, 4, 7]]
[[42, 45, 5, 7, 7]]
[[44, 44, 11, 12, 4], [44, 44, 14, 17, 4]]
[[50, 55, 15, 16, 8]]
[[42, 45, 5, 8, 7]]
[[46, 47, 10, 13, 7]]
[[42, 45, 7, 8, 7]]
[[42, 43, 3, 6, 4]]
[]
[[42, 46, 6, 7, 7]]
[[42, 43, 8, 12, 7]]
[[51, 52, 12, 17, 0]]
[]
[[42, 42, 3, 5, 15]]
[[45, 47, 7, 9, 7]]
[[42, 46, 8, 10, 7]]
[[46, 49, 10, 12, 20]]
[[43, 44, 4, 7, 7]]
[[42, 43, 6, 7, 7], [42, 43, 12, 15, 7]]
[[53, 56, 18, 20, 8]]
[[42, 43, 3, 6, 7], [42, 43, 36, 37, 7], [51, 52, 13, 14, 7]]
[[42, 43, 8, 9, 7], [46, 47, 8, 9, 7]]
[[42, 43, 4, 6, 7], [48, 49, 10, 10, 8]]
[[42, 47, 7, 10, 7]]
[]
[[42, 44, 4, 5, 7]]
[[42, 43, 3, 4, 7]]
[[42, 43, 3, 5, 7]]
[[55, 56, 16, 17, 6]]
[[42, 43, 3, 6, 7]]
[[42, 44, 8, 13, 7]]
[[42, 48, 8, 9, 7]]
[[42, 45, 5, 8, 7]]
[[45, 46, 6, 18, 7]]
[[42, 43, 3, 4, 7], [48, 48, 8, 9, 7]]
[[42, 47, 7, 9, 7]]
[[42, 43, 12, 13, 7], [42, 43, 15, 16, 7]]
[[44, 47, 9, 11, 6]]
[[49, 50, 3, 6, 7]]
[[51, 53, 13, 16, 7]]
[[46, 49, 1, 2, 7]]
[[42, 43, 3, 4, 7]]
[[42, 43, 3, 5, 7]]
[[44, 47, 7, 8, 15]]
[[42, 43, 3, 4, 7]]
[[42, 45, 5, 6, 7]]
[[44, 47, 7, 10, 15]]
[[51, 52, 15, 18, 7]]
[[42, 45, 5, 6, 7]]
[[42, 43, 8, 9, 7]]
[[5, 7, 46, 49, 7]]
[[42, 43, 15, 19, 20]]
[[45, 56, 2, 3, 7]]
[[57, 58, 19, 22, 1]]
[[46, 47, 8, 10, 7]]
[[41, 41, 7, 12, 7]]
[[45, 49, 12, 13, 7]]
[[59, 62, 1, 2, 7]]
[[44, 47, 8, 9, 7]]
[[42, 43, 3, 4, 7]]
[[61, 62, 22, 24, 7]]
[[42, 45, 5, 8, 7]]
[[46, 50, 11, 13, 7]]
[[42, 43, 15, 17, 6]]
[[44, 48, 8, 9, 4]]
[[46, 47, 11, 14, 7], [46, 47, 16, 20, 7]]
[[46, 46, 6, 8, 7], [51, 52, 12, 13, 20]]
[[42, 43, 3, 4, 7], [47, 48, 3, 4, 7]]
[[42, 43, 4, 7, 20]]
[[45, 46, 8, 11, 4]]
[[51, 53, 5, 6, 7]]
[[47, 48, 8, 10, 7]]
[[42, 45, 6, 8, 7]]
[[43, 44, 7, 10, 7]]
[[42, 43, 3, 4, 15], [46, 47, 7, 9, 4]]
[[42, 43, 4, 7, 7]]
[[42, 43, 3, 5, 7], [42, 43, 9, 10, 8]]
[[42, 43, 3, 5, 7]]
[[1, 4, 33, 34, 7], [1, 4, 36, 40, 7]]
[[1, 6, 38, 39, 7]]
[[42, 46, 7, 9, 7], [53, 54, 14, 15, 7], [58, 59, 23, 26, 7]]
[[42, 43, 3, 4, 7]]
[[65, 66, 27, 28, 7]]
[[42, 44, 11, 12, 7], [46, 47, 11, 12, 7]]
[[53, 57, 17, 18, 8]]
[[47, 51, 11, 14, 7]]
[]
[[45, 47, 7, 8, 7], [50, 51, 13, 14, 7]]
[[42, 45, 5, 8, 7]]
[[42, 43, 3, 4, 7], [48, 53, 13, 14, 20]]
[[48, 49, 9, 10, 7], [48, 49, 11, 13, 7]]
[[50, 51, 11, 11, 8], [54, 55, 16, 17, 20]]
[[42, 45, 5, 5, 20]]
[[42, 45, 6, 7, 7], [42, 45, 8, 11, 7]]
[[43, 45, 6, 9, 7]]
[[42, 44, 6, 8, 12]]
[[44, 45, 5, 6, 7]]
[[3, 4, 34, 38, 7], [3, 4, 40, 41, 7]]
[[47, 48, 3, 4, 7], [50, 51, 3, 4, 7]]
[[42, 47, 7, 8, 7]]
[[42, 45, 5, 8, 7]]
[]
[[42, 45, 5, 8, 7]]
[[42, 43, 4, 5, 7]]
[[49, 50, 10, 14, 8]]
[[42, 44, 4, 5, 7], [48, 49, 10, 11, 8]]
[]
[[42, 44, 4, 7, 7]]
[[42, 45, 5, 7, 8]]
[[44, 45, 5, 7, 7]]
[[42, 44, 9, 12, 7]]
[[42, 44, 5, 6, 7]]
[[42, 49, 15, 17, 7]]
[[44, 45, 6, 11, 7]]
[[41, 41, 4, 7, 7]]
[[42, 53, 13, 16, 7]]
[[42, 47, 7, 8, 7], [42, 47, 38, 41, 7]]
[[48, 51, 1, 5, 0], [56, 62, 1, 5, 7], [64, 66, 26, 28, 7]]
[[48, 50, 13, 15, 7], [52, 52, 13, 15, 7]]
[[46, 47, 7, 8, 7]]
[[45, 47, 7, 10, 7]]
[[42, 43, 7, 9, 7], [42, 43, 51, 54, 7]]
[[42, 43, 3, 4, 7], [42, 43, 35, 36, 8]]
[[45, 46, 6, 9, 7]]
[[42, 44, 8, 10, 7]]
[[47, 48, 3, 4, 7]]
[[46, 47, 7, 11, 7]]
[[45, 46, 12, 14, 1]]
[[42, 46, 6, 7, 7]]
[[42, 44, 4, 5, 7], [42, 44, 44, 46, 7]]
[[42, 43, 3, 8, 15]]
[[42, 47, 7, 10, 7], [42, 47, 47, 48, 7], [53, 55, 19, 20, 7], [57, 58, 19, 20, 7]]
[[42, 45, 10, 11, 20], [42, 45, 33, 39, 20]]
[[42, 46, 6, 10, 7], [42, 46, 20, 23, 7], [53, 56, 16, 17, 7]]
[[42, 45, 5, 6, 7]]
[[62, 63, 23, 29, 7]]
[[44, 44, 4, 7, 7]]
[[50, 53, 14, 15, 12]]
[[42, 44, 6, 8, 7]]
[[42, 45, 5, 6, 20]]
[[42, 44, 4, 5, 7], [42, 44, 34, 35, 7], [42, 44, 44, 46, 7]]
[[55, 58, 18, 19, 7]]
[[42, 46, 6, 9, 7]]
[[47, 48, 8, 9, 20], [54, 54, 17, 20, 7]]
[[42, 48, 9, 12, 7]]
[[42, 47, 7, 10, 7], [42, 47, 39, 40, 7]]
[[42, 43, 7, 10, 7]]
[[42, 44, 4, 5, 7]]
[]
[[46, 49, 9, 10, 7]]
[[42, 43, 9, 10, 7], [45, 46, 9, 10, 7]]
[[47, 47, 9, 11, 7], [47, 47, 14, 17, 7]]
[[42, 45, 7, 9, 7]]
[[42, 42, 5, 7, 7]]
[[45, 46, 1, 3, 7], [45, 46, 7, 8, 7]]
[[52, 54, 18, 20, 7]]
[[42, 45, 6, 7, 20]]
[[42, 45, 5, 7, 7]]
[[42, 44, 4, 6, 7]]
[[42, 49, 18, 22, 7]]
[[47, 53, 1, 3, 7]]
[[47, 48, 8, 9, 7], [1, 7, 36, 37, 7]]
[[42, 44, 7, 9, 12]]
[[42, 46, 9, 10, 7], [42, 46, 11, 13, 7]]
[[47, 48, 8, 10, 7]]
[[42, 43, 3, 4, 7]]
[[47, 53, 1, 3, 7]]
[[42, 43, 3, 5, 15]]
[[44, 47, 7, 8, 8]]
[[1, 6, 35, 38, 7], [1, 6, 39, 40, 7]]
[[42, 43, 3, 6, 7]]
[[42, 43, 3, 6, 7]]
[[42, 47, 7, 8, 7]]
[[42, 45, 5, 9, 7], [42, 45, 35, 37, 7]]
[[47, 52, 1, 2, 7]]
[[48, 49, 10, 11, 7]]
[[42, 46, 6, 8, 7]]
[[42, 43, 7, 8, 7]]
[[42, 44, 8, 9, 7], [42, 44, 42, 45, 7], [42, 44, 47, 50, 7]]
[[42, 43, 4, 6, 7]]
[[47, 50, 10, 12, 12]]
[[45, 49, 12, 17, 7]]
[[42, 43, 5, 6, 7], [49, 50, 10, 13, 7]]
[[46, 47, 3, 4, 7], [49, 50, 10, 11, 7], [60, 62, 25, 26, 7]]
[[56, 58, 6, 9, 7], [56, 58, 11, 14, 7], [1, 4, 34, 37, 7]]
[[42, 43, 3, 6, 7], [42, 43, 31, 32, 7]]
[[55, 56, 18, 21, 7]]
[[59, 60, 20, 21, 8]]
[[41, 41, 1, 4, 7], [41, 41, 6, 7, 7]]
[[42, 45, 5, 6, 7]]
[[42, 43, 3, 4, 7]]
[[42, 46, 6, 7, 8]]
[[42, 44, 7, 9, 7], [46, 47, 7, 9, 7]]
[[46, 49, 9, 10, 7], [46, 49, 11, 12, 7]]
[[1, 4, 34, 35, 7]]
[]
[[50, 53, 13, 16, 7]]
[[52, 54, 5, 6, 7]]
[[44, 47, 8, 10, 20]]
[[42, 46, 6, 9, 7]]
[[47, 48, 8, 9, 7]]
[[42, 45, 11, 12, 7], [42, 45, 13, 15, 7], [42, 45, 19, 21, 7]]
[[48, 49, 12, 15, 8]]
[[49, 50, 1, 4, 7], [49, 50, 11, 15, 8], [49, 50, 18, 20, 7], [22, 23, 46, 48, 7]]
[[42, 43, 3, 6, 7]]
[[44, 45, 13, 15, 7], [61, 62, 22, 23, 7], [3, 6, 35, 36, 8]]
[[42, 47, 7, 10, 7]]
[[42, 46, 7, 9, 7]]
[[42, 43, 10, 15, 1], [63, 64, 17, 18, 7], [67, 69, 17, 18, 7]]
[[42, 46, 7, 8, 8]]
[[47, 48, 3, 4, 7]]
[[48, 53, 3, 6, 7]]
[[42, 46, 6, 8, 7]]
[[42, 44, 5, 8, 7], [1, 6, 35, 36, 7]]
[[44, 45, 8, 11, 7]]
[[44, 45, 21, 24, 7], [55, 58, 21, 24, 7]]
[[45, 46, 10, 12, 15], [48, 49, 10, 12, 7]]
[[42, 43, 3, 5, 7]]
[[44, 48, 11, 13, 7]]
[[42, 46, 6, 7, 6]]
[[45, 48, 8, 9, 12]]
[[42, 47, 10, 12, 20]]
[[45, 47, 8, 10, 25]]
[[42, 43, 3, 6, 7]]
[[42, 43, 3, 4, 7]]
[[42, 46, 8, 10, 12], [42, 46, 12, 14, 12]]
[[42, 45, 5, 8, 7]]
[[42, 43, 3, 6, 7]]
[[42, 43, 20, 23, 7]]
[[44, 45, 1, 2, 7], [44, 45, 8, 11, 7]]
[[42, 43, 3, 6, 7]]
[[44, 45, 5, 6, 6], [44, 45, 35, 37, 7]]
[[42, 45, 5, 6, 7], [42, 45, 7, 9, 7]]
[[44, 45, 14, 16, 7]]
[[1, 8, 37, 40, 20]]
[]
[[51, 52, 7, 8, 7]]
[[48, 49, 9, 10, 20]]
[[49, 51, 3, 6, 7]]
[[45, 47, 7, 10, 7]]
[[42, 43, 3, 5, 7]]
[[42, 42, 5, 7, 7]]
[[46, 49, 1, 2, 7]]
[[42, 43, 4, 5, 6]]
[[42, 45, 5, 7, 7]]
[[42, 43, 3, 4, 7]]
[[48, 50, 4, 5, 8]]
[[42, 46, 7, 11, 7], [42, 46, 44, 47, 7]]
[[42, 43, 5, 7, 7]]
[[54, 55, 9, 11, 7]]
[[42, 43, 3, 5, 7]]
[[42, 46, 6, 7, 7]]
[[42, 47, 21, 24, 7]]
[]
[[42, 43, 10, 11, 7]]
[[44, 45, 7, 10, 7], [44, 45, 12, 15, 7]]
[[42, 46, 7, 11, 7]]
[]
[[52, 53, 13, 16, 7]]
[[42, 43, 6, 9, 7]]
[[42, 49, 9, 10, 7]]
[[42, 43, 4, 8, 7]]
[[44, 45, 5, 8, 7]]
[[56, 57, 17, 18, 7]]
[]
[[42, 55, 17, 18, 7]]
[[42, 43, 9, 11, 7], [45, 48, 9, 11, 7]]
[[42, 49, 9, 11, 7]]
[[42, 43, 4, 5, 7]]
[[42, 43, 3, 4, 7]]
[[42, 45, 10, 10, 8], [47, 49, 10, 10, 8]]
[[42, 44, 4, 7, 7]]
[]
[[42, 48, 11, 12, 20]]
[[51, 52, 7, 8, 7], [51, 52, 29, 32, 7]]
[[42, 44, 7, 9, 7]]
[[42, 45, 18, 19, 7]]
[[42, 43, 13, 16, 0]]
[[45, 48, 1, 2, 4], [45, 48, 9, 13, 4]]
[[43, 46, 6, 8, 20], [51, 54, 14, 15, 20]]
[[1, 5, 34, 37, 7]]
[[42, 43, 3, 6, 7], [51, 52, 17, 18, 7]]
[[47, 48, 8, 11, 15]]
[[74, 77, 25, 30, 0]]
[[42, 43, 3, 8, 7]]
[[42, 43, 3, 4, 7]]
[[42, 48, 10, 12, 7]]
[[51, 52, 13, 17, 1], [1, 2, 32, 45, 7]]
[[45, 50, 10, 11, 20], [45, 50, 40, 43, 20]]
[[44, 47, 15, 17, 7], [49, 53, 15, 17, 7]]
[[44, 45, 10, 11, 4]]
[[42, 44, 4, 6, 12]]
[[46, 53, 15, 19, 7], [9, 12, 43, 47, 7]]
[[42, 48, 8, 9, 7], [52, 55, 15, 17, 7]]
[[53, 54, 14, 15, 7], [57, 58, 18, 19, 7]]
[[49, 50, 11, 12, 7]]
[[45, 46, 8, 11, 7]]
[[44, 45, 6, 8, 20]]
[[42, 45, 13, 14, 7]]
[[43, 45, 5, 7, 7], [43, 45, 38, 42, 7]]
[[42, 43, 14, 15, 7]]
[[45, 46, 7, 8, 7]]
[[42, 45, 5, 6, 7]]
[[42, 43, 3, 6, 7], [42, 43, 35, 36, 7], [42, 43, 38, 39, 7], [42, 43, 40, 44, 7]]
[[49, 50, 15, 17, 8]]
[[42, 46, 6, 9, 7], [52, 53, 13, 16, 7]]
[[42, 43, 3, 4, 7], [42, 43, 33, 34, 7]]
[[42, 46, 6, 9, 7], [42, 46, 51, 52, 7]]
[[42, 46, 9, 10, 7], [42, 46, 48, 49, 7]]
[[41, 41, 1, 4, 7]]
[[42, 44, 4, 6, 7]]
[[42, 46, 7, 10, 7]]
[[42, 43, 3, 4, 7], [1, 5, 37, 38, 7]]
[[46, 49, 9, 10, 7]]
[[47, 48, 1, 2, 7]]
[[42, 48, 8, 9, 7], [51, 52, 12, 13, 7]]
[[42, 45, 5, 5, 7]]
[[42, 43, 3, 4, 7], [47, 48, 8, 10, 15]]
[]
[[42, 48, 11, 14, 7]]
[[42, 43, 4, 7, 6], [50, 51, 11, 12, 20]]
[[47, 51, 11, 14, 7]]
[[42, 49, 9, 10, 7]]
[[50, 51, 11, 14, 15]]
[[42, 43, 4, 6, 7], [42, 43, 8, 9, 7]]
[[44, 47, 8, 13, 7], [56, 57, 17, 18, 8]]
[[42, 45, 9, 12, 7], [42, 45, 20, 23, 7], [42, 45, 33, 36, 7], [42, 45, 46, 47, 7]]
[[42, 46, 7, 10, 7]]
[[42, 48, 8, 9, 7]]
[[42, 43, 3, 4, 7], [42, 43, 15, 20, 7]]
[[53, 55, 21, 22, 7]]
[[42, 45, 5, 6, 7]]
[[44, 45, 14, 15, 6]]
[[46, 47, 1, 3, 8], [46, 47, 19, 23, 8]]
[[45, 46, 6, 9, 7]]
[]
[[42, 45, 5, 6, 8]]
[[42, 43, 3, 4, 7]]
[]
[[45, 47, 7, 9, 7]]
[[42, 43, 4, 5, 7], [49, 49, 13, 14, 7]]
[[45, 46, 6, 9, 7]]
[[42, 46, 7, 10, 7], [53, 54, 16, 17, 7]]
[[42, 44, 4, 6, 7], [42, 44, 17, 20, 7], [66, 67, 21, 23, 7]]
[[42, 45, 21, 22, 7]]
[[43, 47, 7, 10, 8]]
[[42, 43, 6, 7, 7], [42, 43, 36, 38, 7]]
[[42, 45, 0, 0, 7]]
[[42, 45, 12, 16, 7]]
[[44, 45, 5, 9, 7]]
[]
[[42, 51, 11, 14, 7]]
[[47, 49, 13, 16, 7], [47, 49, 31, 32, 7]]
[[42, 44, 9, 13, 7], [47, 48, 9, 13, 7]]
[[47, 48, 10, 13, 7]]
[[42, 45, 10, 11, 7]]
[[42, 45, 5, 7, 7]]
[[45, 46, 7, 9, 7], [54, 55, 11, 12, 7]]
[[42, 45, 7, 10, 15]]
[[44, 46, 13, 15, 7], [52, 53, 13, 15, 7]]
[[50, 51, 4, 7, 15]]
[[42, 46, 6, 7, 7]]
[[42, 43, 4, 6, 7]]
[]
[[42, 51, 11, 13, 12], [42, 51, 14, 16, 12]]
[[42, 48, 8, 9, 12], [52, 53, 13, 14, 7], [52, 53, 43, 48, 7]]
[[42, 45, 5, 7, 7]]
[[44, 45, 5, 6, 12], [44, 45, 36, 37, 12], [11, 12, 45, 48, 7]]
[[42, 46, 12, 14, 7]]
[[42, 45, 6, 9, 8], [42, 45, 34, 35, 8]]
[[42, 47, 20, 22, 6]]
[[60, 62, 9, 11, 0], [60, 62, 16, 17, 0]]
[[42, 43, 3, 7, 7], [42, 43, 9, 10, 7]]
[[42, 44, 4, 10, 7]]
[[42, 45, 9, 11, 7], [47, 49, 9, 11, 7]]
[[50, 51, 1, 5, 7]]
[[44, 44, 4, 5, 7]]
[[42, 43, 3, 4, 7], [67, 70, 30, 31, 12]]
[[46, 48, 29, 34, 7], [54, 55, 15, 16, 7], [5, 9, 38, 39, 8]]
[[42, 45, 5, 6, 7], [42, 45, 28, 28, 7], [42, 45, 36, 38, 7], [53, 54, 14, 16, 7]]
[[42, 45, 5, 6, 7]]
[[42, 43, 3, 4, 7]]
[[42, 47, 7, 8, 8]]
[[44, 45, 5, 6, 7], [51, 52, 12, 12, 8], [55, 56, 16, 17, 7], [55, 56, 18, 23, 7]]
[[44, 47, 8, 9, 15]]
[[42, 43, 3, 6, 7], [1, 4, 33, 34, 7]]
[[42, 45, 5, 8, 7], [42, 45, 35, 36, 7]]
[[42, 43, 0, 0, 7], [52, 53, 13, 16, 7]]
[[45, 47, 7, 8, 8]]
[[42, 43, 8, 10, 7]]
[[42, 43, 9, 12, 7], [46, 47, 9, 12, 7]]
[[42, 46, 6, 7, 7]]
[[42, 46, 6, 8, 7], [42, 46, 40, 41, 7]]
[[45, 47, 7, 9, 7]]
[[44, 50, 1, 2, 7]]
[[42, 43, 3, 6, 7]]
[[44, 48, 8, 10, 7]]
[[42, 44, 4, 5, 7]]
[[42, 43, 11, 12, 12], [42, 43, 13, 14, 12], [42, 43, 37, 38, 12]]
[[46, 50, 13, 17, 7], [46, 50, 23, 26, 7]]
[[42, 43, 3, 5, 7]]
[[42, 44, 8, 9, 7]]
[[42, 46, 7, 10, 7]]
[[42, 45, 5, 8, 8]]
[[42, 47, 9, 11, 7], [54, 55, 15, 16, 7]]
[[42, 43, 4, 6, 7]]
[[42, 43, 7, 11, 7]]
[[42, 50, 10, 11, 7], [42, 50, 40, 42, 7], [57, 60, 20, 22, 7]]
[[44, 45, 5, 7, 7], [44, 45, 36, 40, 7]]
[[44, 45, 5, 8, 15]]
[[42, 43, 4, 5, 7]]
[[42, 43, 4, 6, 1]]
[[47, 48, 19, 22, 7]]
[[42, 48, 8, 9, 7]]
[[42, 45, 5, 6, 7]]
[[42, 43, 5, 8, 7]]
[[41, 41, 4, 6, 7]]
[[46, 49, 10, 12, 7]]
[[42, 45, 6, 7, 4]]
[[42, 44, 4, 5, 7], [54, 55, 15, 16, 8]]
[[41, 41, 15, 17, 0]]
[[45, 46, 6, 10, 7], [45, 46, 11, 13, 7]]
[[42, 45, 5, 7, 7], [42, 45, 8, 11, 7]]
[[48, 49, 9, 12, 8], [1, 2, 33, 34, 8]]
[[42, 45, 5, 7, 7]]
[[46, 49, 9, 11, 15]]
[[42, 43, 6, 8, 7], [42, 43, 12, 15, 7]]
[[53, 54, 4, 10, 7]]
[[44, 45, 10, 11, 7], [44, 45, 42, 46, 7]]
[[44, 45, 5, 9, 7]]
[[42, 43, 5, 7, 7]]
[[42, 44, 7, 8, 7], [51, 52, 12, 13, 7], [55, 56, 16, 17, 7]]
[[42, 43, 5, 6, 7]]
[[42, 45, 5, 8, 7], [55, 56, 16, 18, 7]]
[[42, 45, 5, 9, 7]]
[[46, 47, 7, 9, 7]]
[[42, 43, 6, 9, 7]]
[[50, 51, 14, 16, 7], [52, 53, 14, 16, 7]]
[[54, 57, 17, 20, 7]]
[[42, 44, 4, 6, 7]]
[[46, 47, 2, 3, 7]]
[[42, 44, 8, 12, 7]]
[[42, 45, 5, 6, 7]]
[[42, 44, 4, 7, 7], [42, 44, 36, 37, 7]]
[[44, 47, 7, 15, 7]]
[[45, 46, 7, 10, 8]]
[[50, 51, 4, 6, 7]]
[[1, 5, 34, 35, 7]]
[[45, 46, 6, 9, 7]]
[]
[[42, 46, 6, 9, 7]]
[[45, 53, 13, 16, 7], [59, 60, 20, 21, 7], [63, 64, 25, 27, 7]]
[[42, 43, 3, 4, 7], [47, 48, 8, 9, 7]]
[[45, 52, 12, 15, 7]]
[[42, 43, 4, 6, 7]]
[[45, 46, 7, 9, 7]]
[[42, 43, 3, 4, 7], [42, 43, 36, 38, 7]]
[[50, 51, 11, 12, 8]]
[[42, 46, 12, 16, 8]]
[[42, 44, 4, 11, 7], [54, 55, 15, 15, 7], [57, 58, 19, 20, 7]]
[[42, 43, 3, 5, 7]]
[[42, 46, 6, 7, 8]]
[[42, 43, 4, 6, 7], [52, 53, 16, 17, 7]]
[[1, 5, 57, 60, 7]]
[[42, 43, 7, 10, 8], [42, 43, 40, 41, 8]]
[[42, 45, 5, 6, 6]]
[[41, 41, 1, 3, 7]]
[[41, 41, 10, 11, 1]]
[[42, 43, 5, 8, 7]]
[[41, 41, 3, 4, 7]]
[[44, 45, 6, 8, 7]]
[[42, 43, 4, 6, 7], [42, 43, 39, 41, 7]]
[[46, 48, 9, 10, 4]]
[[42, 43, 4, 5, 7]]
[[42, 47, 12, 15, 12]]
[[42, 45, 5, 9, 7]]
[[46, 48, 2, 3, 7], [46, 48, 16, 19, 8]]
[[49, 50, 10, 12, 7]]
[[42, 45, 5, 10, 7]]
[[42, 46, 6, 8, 7]]
[[42, 43, 4, 7, 7]]
[[41, 41, 17, 20, 0]]
[[46, 47, 7, 8, 15]]
[[42, 43, 3, 6, 7], [42, 43, 36, 37, 7]]
[[42, 43, 3, 5, 15]]
[[42, 43, 6, 9, 7], [52, 53, 14, 16, 6]]
[[57, 58, 18, 19, 7], [25, 28, 57, 58, 7]]
[[42, 43, 3, 4, 7], [48, 49, 9, 10, 7]]
[[44, 45, 6, 7, 7]]
[[44, 45, 8, 10, 7]]
[[42, 46, 6, 9, 7]]
[[42, 44, 4, 8, 7]]
[[42, 44, 4, 6, 7]]
[[42, 47, 8, 10, 8]]
[[42, 43, 5, 6, 7]]
[[42, 45, 8, 9, 7], [42, 45, 17, 19, 7], [42, 45, 28, 28, 7], [53, 54, 17, 19, 7]]
[[45, 46, 6, 9, 7]]
[[44, 45, 7, 7, 7]]
[[42, 43, 3, 6, 7]]
[[42, 45, 6, 7, 7], [42, 45, 37, 39, 8], [53, 53, 14, 14, 8]]
[[42, 43, 3, 7, 7]]
[[45, 46, 6, 8, 7]]
[[42, 45, 11, 14, 15], [47, 50, 11, 14, 20]]
[[47, 47, 7, 10, 7], [53, 55, 15, 18, 7]]
[[43, 44, 9, 11, 8]]
[[42, 45, 7, 9, 7]]
[[57, 58, 18, 19, 7], [1, 5, 34, 35, 7]]
[[42, 45, 7, 10, 7]]
[[45, 46, 6, 10, 15]]
[[42, 46, 8, 11, 7]]
[[42, 45, 14, 15, 7]]
[[41, 41, 8, 9, 7]]
[[42, 48, 8, 9, 8]]
[[50, 56, 16, 19, 7]]
[[42, 44, 4, 6, 4]]
[[45, 46, 6, 9, 7]]
[[42, 48, 8, 9, 7]]
[[42, 43, 8, 9, 7], [45, 48, 8, 9, 7]]
[[42, 48, 9, 13, 7]]
[[42, 43, 7, 10, 7]]
[[50, 51, 3, 6, 7], [50, 51, 11, 14, 8], [57, 58, 18, 21, 7], [57, 58, 46, 47, 7]]
[[42, 45, 11, 12, 7]]
[[42, 46, 6, 7, 7]]
[[44, 45, 5, 9, 7]]
[[51, 53, 13, 16, 7], [1, 4, 36, 36, 7]]
[[42, 46, 6, 7, 7], [50, 51, 11, 12, 7], [50, 51, 13, 15, 7]]
[[42, 46, 6, 7, 8]]
[[42, 43, 3, 4, 7]]
[[49, 50, 11, 14, 7]]
[[49, 50, 11, 12, 7]]
[[43, 43, 8, 10, 7]]
[[42, 45, 19, 21, 7]]
[[52, 53, 13, 16, 7]]
[[42, 43, 4, 6, 7]]
[[42, 44, 4, 5, 6], [12, 15, 45, 46, 8]]
[[42, 44, 15, 18, 7]]
[[42, 43, 5, 7, 7], [42, 43, 16, 20, 7]]
[[42, 44, 4, 5, 7]]
[[42, 45, 5, 7, 8], [42, 45, 38, 39, 8], [54, 55, 15, 16, 7]]
[[42, 45, 5, 7, 7]]
[[42, 44, 6, 7, 7], [42, 44, 37, 40, 7]]
[[42, 44, 6, 7, 7], [53, 54, 20, 23, 15]]
[[42, 43, 17, 19, 12]]
[[42, 43, 16, 19, 4]]
[[49, 50, 5, 6, 7]]
[[42, 43, 5, 6, 7]]
[[50, 51, 14, 16, 7]]
[[1, 4, 33, 35, 20]]
[[42, 44, 13, 17, 8], [42, 44, 36, 37, 7], [19, 24, 53, 54, 7]]
[[45, 46, 7, 8, 7], [55, 56, 17, 18, 7]]
[[42, 46, 6, 9, 7]]
[[42, 43, 8, 9, 7]]
[[42, 43, 6, 8, 7]]
[[42, 43, 4, 5, 6]]
[[42, 47, 7, 10, 7]]
[[48, 49, 9, 10, 7], [4, 8, 37, 38, 7]]
[[42, 50, 10, 11, 7], [42, 50, 12, 14, 7], [6, 9, 38, 39, 7]]
[[42, 43, 21, 22, 7], [42, 43, 39, 42, 7]]
[[42, 43, 4, 5, 7], [55, 56, 16, 17, 8]]
[[42, 43, 3, 7, 7]]
[[42, 46, 8, 9, 7]]
[[53, 57, 7, 8, 7]]
[[52, 53, 8, 9, 7]]
[[42, 45, 5, 7, 7]]
[[45, 46, 6, 11, 7]]
[[42, 43, 5, 8, 7]]
[[48, 49, 10, 12, 7]]
[[42, 43, 3, 4, 7]]
[[42, 44, 6, 8, 7]]
[[42, 43, 3, 6, 7]]
[]
[[42, 48, 17, 18, 7], [54, 55, 10, 11, 7]]
[[1, 6, 28, 28, 7]]
[[42, 43, 6, 8, 7], [11, 14, 43, 45, 7], [11, 14, 47, 48, 7]]
[[49, 50, 10, 13, 7], [1, 9, 38, 41, 7]]
[[45, 46, 9, 11, 8]]
[[47, 49, 9, 12, 7]]
[[55, 58, 7, 8, 7]]
[]
[[42, 48, 8, 10, 7]]
[[42, 44, 7, 8, 7], [46, 47, 7, 8, 7]]
[[47, 51, 13, 16, 7]]
[[42, 47, 7, 7, 6]]
[[42, 44, 4, 7, 12]]
[[42, 44, 18, 22, 20]]
[[42, 45, 5, 11, 8]]
[[47, 50, 1, 4, 7], [53, 57, 17, 18, 7]]
[[42, 43, 10, 12, 7]]
[[56, 57, 11, 13, 7], [59, 60, 11, 13, 20]]
[[42, 45, 5, 6, 8]]
[[42, 43, 3, 6, 7], [49, 50, 10, 13, 7], [1, 9, 38, 41, 7]]
[[42, 46, 6, 7, 8]]
[[46, 47, 1, 3, 7]]
[[42, 43, 4, 6, 7]]
[[42, 44, 18, 19, 7]]
[[42, 43, 3, 5, 7]]
[[42, 43, 10, 11, 12], [42, 43, 13, 16, 12]]
[[56, 58, 25, 26, 7]]
[[42, 43, 7, 9, 7], [45, 46, 7, 9, 7]]
[[42, 46, 6, 7, 7]]
[[41, 41, 10, 11, 1], [44, 45, 10, 11, 1]]
[[42, 43, 3, 5, 7]]
[[41, 41, 3, 8, 7]]
[[43, 44, 4, 7, 7]]
[[42, 45, 5, 6, 7]]
[[42, 45, 5, 7, 7]]
[[45, 47, 8, 10, 7], [45, 47, 39, 40, 7]]
[[42, 43, 4, 6, 7]]
[[52, 53, 8, 9, 7]]
[[49, 52, 12, 15, 20]]
[[44, 45, 8, 10, 7]]
[[42, 47, 7, 8, 12]]
[[42, 43, 4, 6, 7], [42, 43, 40, 41, 7], [49, 52, 12, 13, 20], [60, 61, 15, 18, 0]]
[[42, 43, 3, 5, 7]]
[[42, 45, 5, 6, 7], [42, 45, 36, 39, 7]]
[[42, 43, 0, 0, 7], [42, 43, 6, 8, 7]]
[[44, 48, 1, 2, 7]]
[[42, 45, 10, 13, 7]]
[[42, 45, 6, 8, 7], [51, 55, 16, 17, 20]]
[[42, 45, 20, 26, 7]]
[[44, 47, 7, 12, 15]]
[[42, 43, 3, 5, 8]]
[[44, 47, 7, 10, 8]]
[[42, 43, 3, 6, 7], [42, 43, 31, 32, 7], [42, 43, 33, 34, 7], [42, 43, 36, 36, 7]]
[[47, 48, 8, 9, 7]]
[[43, 46, 7, 9, 7]]
[[42, 43, 8, 10, 7], [42, 43, 11, 13, 7]]
[[42, 43, 7, 9, 0]]
[[42, 43, 3, 6, 7]]
[[42, 45, 14, 17, 7], [42, 45, 39, 41, 7]]
[[47, 47, 12, 14, 7]]
[[42, 43, 4, 5, 7], [42, 43, 34, 40, 7]]
[[42, 43, 0, 0, 7]]
[[42, 43, 3, 6, 7]]
[[42, 43, 0, 0, 7]]
[[42, 43, 8, 11, 6], [42, 43, 32, 35, 7], [44, 45, 8, 11, 6], [55, 57, 18, 19, 7]]
[[44, 45, 6, 9, 1]]
[[51, 53, 6, 8, 12]]
[[45, 48, 10, 13, 7]]
[[55, 57, 9, 12, 12]]
[[42, 43, 3, 4, 7]]
[[47, 48, 8, 9, 7], [47, 48, 38, 40, 7]]
[[42, 44, 4, 7, 7]]
[[45, 49, 10, 12, 7]]
[[42, 48, 8, 9, 7]]
[[42, 46, 9, 11, 7], [54, 55, 15, 18, 7]]
[[47, 51, 11, 14, 7]]
[[42, 45, 5, 7, 7], [42, 45, 10, 11, 7]]
[[44, 47, 7, 8, 20]]
[[42, 43, 5, 7, 7]]
[[42, 43, 5, 8, 7], [42, 43, 38, 42, 7]]
[[46, 47, 7, 10, 7]]
[[44, 46, 9, 11, 7], [44, 46, 13, 16, 7]]
[[1, 4, 28, 28, 7], [1, 4, 48, 49, 7]]
[[42, 43, 3, 4, 7], [42, 43, 35, 38, 7], [42, 43, 40, 42, 7]]
[[42, 45, 5, 6, 7]]
[[42, 44, 4, 7, 7]]
[[42, 46, 7, 11, 7]]
[[42, 47, 13, 16, 7]]
[[42, 47, 11, 12, 7], [49, 50, 11, 12, 7]]
[[42, 43, 6, 9, 7], [55, 56, 16, 19, 7]]
[[42, 43, 3, 6, 7], [49, 50, 10, 11, 7]]
[[44, 44, 4, 6, 7]]
[[42, 45, 7, 10, 7]]
[[42, 45, 8, 11, 7]]
[]
[[42, 44, 6, 8, 7]]
[[44, 45, 5, 8, 7]]
[[42, 45, 0, 0, 7]]
[[42, 44, 6, 7, 7], [52, 53, 15, 18, 6]]
[[42, 46, 7, 9, 7]]
[[42, 46, 9, 11, 8]]
[[45, 46, 6, 8, 7]]
[[47, 48, 3, 4, 7]]
[[42, 43, 3, 5, 7]]
[[44, 47, 7, 8, 7]]
[[42, 44, 4, 6, 7]]
[[42, 49, 9, 10, 12]]
[[48, 53, 1, 3, 7]]
[[42, 44, 4, 5, 8]]
[[46, 48, 8, 10, 7]]
[[42, 43, 6, 7, 7]]
[[50, 52, 12, 13, 7], [1, 2, 43, 45, 12]]
[[50, 51, 12, 16, 7]]
[[42, 47, 7, 8, 7]]
[[44, 47, 7, 11, 12]]
[[42, 47, 13, 18, 7], [49, 51, 13, 18, 7]]
[[44, 48, 8, 10, 7], [53, 56, 16, 17, 8], [1, 2, 36, 38, 7]]
[[43, 49, 9, 14, 6]]
[[42, 46, 12, 14, 0]]
[[53, 55, 5, 7, 4]]
[[45, 46, 6, 7, 7]]
[[42, 44, 4, 5, 7]]
[[42, 45, 5, 8, 4]]
[[42, 45, 7, 8, 7]]
[[1, 4, 33, 34, 7]]
[[42, 43, 3, 4, 7]]
[[49, 50, 11, 12, 7]]
[[44, 45, 5, 9, 25]]
[[42, 43, 3, 4, 7]]
[[49, 49, 10, 12, 7]]
[[42, 46, 9, 11, 7]]
[[42, 45, 11, 12, 7]]
[[45, 47, 8, 10, 7]]
[[42, 43, 3, 5, 7]]
[[49, 52, 4, 5, 6], [49, 52, 22, 24, 8]]
[[42, 46, 6, 7, 7], [42, 46, 8, 10, 7]]
[[0, 0, 2, 4, 0], [0, 0, 28, 30, 0]]
[]
[[1, 2, 3, 7, 1]]
[[48, 49, 50, 52, 6], [77, 78, 79, 81, 4]]
[]
[[0, 0, 23, 29, 3], [16, 22, 23, 29, 21]]
[[0, 0, 11, 12, 0], [14, 15, 16, 17, 3], [19, 20, 21, 39, 12]]
[[0, 0, 58, 61, 0]]
[[1, 2, 10, 16, 3]]
[[0, 0, 10, 11, 0], [0, 0, 21, 24, 0]]
[[0, 0, 5, 11, 0], [0, 0, 10, 11, 0]]
[[4, 6, 12, 15, 75], [24, 25, 26, 28, 3]]
[[0, 0, 11, 15, 0]]
[[1, 2, 3, 8, 1]]
[[0, 0, 6, 7, 0]]
[[1, 2, 3, 8, 3], [16, 17, 19, 23, 1], [16, 17, 49, 51, 1]]
[[4, 7, 1, 2, 3], [4, 7, 11, 14, 3]]
[]
[[55, 56, 62, 64, 3], [58, 60, 62, 64, 3]]
[[0, 0, 108, 109, 1], [127, 130, 131, 136, 12]]
[[10, 11, 13, 15, 3], [7, 11, 13, 15, 3]]
[[1, 9, 11, 13, 3]]
[[0, 0, 12, 13, 1]]
[[0, 0, 1, 3, 0], [22, 24, 26, 27, 4]]
[[98, 101, 102, 103, 3]]
[[0, 0, 9, 11, 3], [16, 17, 20, 23, 1]]
[[0, 0, 34, 36, 3]]
[[0, 0, 5, 9, 0]]
[[6, 7, 8, 9, 6]]
[[0, 0, 12, 16, 3], [4, 5, 1, 2, 0], [4, 5, 7, 9, 0]]
[[20, 21, 25, 27, 1], [22, 24, 25, 27, 1]]
[[1, 2, 3, 4, 3]]
[[0, 0, 10, 12, 0], [6, 8, 10, 12, 3], [25, 26, 28, 30, 1]]
[[16, 17, 18, 20, 4]]
[[0, 0, 40, 42, 0], [43, 47, 40, 42, 6]]
[[0, 0, 4, 7, 0], [16, 19, 26, 29, 3], [22, 23, 26, 29, 3], [34, 35, 37, 40, 1]]
[[18, 19, 20, 22, 58]]
[[7, 8, 9, 10, 4]]
[[0, 0, 2, 8, 0], [0, 0, 21, 24, 12], [28, 29, 21, 24, 12]]
[[8, 9, 10, 11, 1]]
[[26, 27, 28, 31, 6]]
[[0, 0, 11, 12, 0]]
[[0, 0, 14, 15, 112]]
[]
[[0, 0, 1, 3, 0]]
[[0, 0, 3, 4, 0], [1, 2, 3, 4, 0]]
[[0, 0, 6, 8, 0], [17, 18, 19, 21, 1]]
[]
[[0, 0, 13, 15, 3], [18, 19, 23, 28, 3], [21, 22, 23, 28, 4]]
[[0, 0, 10, 12, 0], [21, 22, 28, 32, 3]]
[[6, 10, 11, 14, 3]]
[[19, 20, 21, 22, 4]]
[[0, 0, 59, 72, 4], [55, 57, 59, 72, 4]]
[[0, 0, 1, 2, 0], [13, 14, 1, 2, 0], [17, 22, 24, 26, 0]]
[[3, 4, 6, 9, 3]]
[[12, 13, 15, 16, 3]]
[[6, 7, 1, 4, 3], [9, 10, 11, 14, 1]]
[[0, 0, 29, 32, 1], [0, 0, 37, 37, 1]]
[]
[[0, 0, 33, 40, 3]]
[[13, 14, 16, 17, 1]]
[[5, 7, 8, 10, 3], [14, 15, 17, 20, 1]]
[]
[[4, 5, 6, 7, 3]]
[[0, 0, 17, 18, 1]]
[]
[[1, 2, 3, 4, 3], [37, 38, 34, 35, 0]]
[[3, 6, 10, 13, 0]]
[]
[[0, 0, 38, 40, 3]]
[[0, 0, 1, 2, 0], [0, 0, 47, 48, 0], [23, 24, 25, 27, 6]]
[[0, 0, 123, 127, 0], [65, 66, 67, 70, 4]]
[[0, 0, 13, 15, 1], [24, 25, 26, 28, 1]]
[[3, 6, 14, 15, 3]]
[]
[[7, 8, 13, 22, 1]]
[]
[[0, 0, 17, 19, 1], [54, 55, 57, 60, 58]]
[[0, 0, 22, 24, 12]]
[]
[[9, 10, 11, 15, 3]]
[[22, 23, 25, 25, 58]]
[[0, 0, 23, 25, 0], [16, 20, 23, 25, 6], [28, 29, 30, 31, 4]]
[[0, 0, 30, 33, 6]]
[[4, 7, 1, 2, 0], [4, 7, 13, 14, 0]]
[[5, 6, 7, 8, 3], [11, 12, 13, 16, 1]]
[[0, 0, 5, 6, 0]]
[[1, 2, 3, 5, 1], [15, 16, 12, 13, 0]]
[[1, 5, 6, 12, 12]]
[[0, 0, 6, 10, 0], [1, 5, 6, 10, 0]]
[]
[[1, 8, 20, 22, 3], [24, 28, 29, 30, 12]]
[[1, 2, 3, 5, 6]]
[[0, 0, 3, 7, 45]]
[[0, 0, 30, 31, 3], [32, 35, 30, 31, 12], [32, 35, 41, 44, 12], [37, 40, 41, 44, 3], [48, 49, 46, 47, 4]]
[[3, 4, 6, 15, 0]]
[[0, 0, 60, 61, 4], [58, 59, 60, 61, 4]]
[[1, 2, 7, 9, 3], [4, 5, 7, 9, 1]]
[]
[[0, 0, 22, 25, 3], [2, 3, 6, 7, 1]]
[[1, 3, 9, 11, 0], [13, 16, 17, 18, 12], [20, 21, 22, 23, 3]]
[[1, 8, 9, 11, 6], [15, 20, 21, 23, 49]]
[[4, 5, 11, 12, 1], [8, 9, 11, 12, 1]]
[[1, 2, 6, 10, 3]]
[[55, 56, 57, 61, 58]]
[]
[[1, 4, 7, 13, 3], [19, 22, 23, 24, 4]]
[[22, 23, 32, 35, 58], [51, 52, 54, 54, 1]]
[]
[[0, 0, 28, 32, 0]]
[[16, 17, 6, 7, 6]]
[[3, 6, 9, 10, 0]]
[[22, 23, 26, 28, 4]]
[[0, 0, 33, 34, 0], [0, 0, 36, 39, 0]]
[[0, 0, 7, 9, 0], [0, 0, 44, 45, 1]]
[[100, 103, 104, 106, 3]]
[[11, 12, 15, 19, 4]]
[[19, 20, 21, 22, 1], [0, 0, 31, 35, 3]]
[[0, 0, 13, 14, 6], [11, 12, 13, 14, 6]]
[[0, 0, 11, 14, 3], [0, 0, 35, 38, 3], [9, 10, 11, 14, 3]]
[[1, 2, 5, 6, 4], [8, 9, 10, 11, 4]]
[[0, 0, 14, 19, 3]]
[[0, 0, 19, 21, 0], [24, 28, 29, 30, 6], [33, 34, 35, 39, 6]]
[[1, 2, 3, 9, 0]]
[[0, 0, 1, 2, 0], [104, 106, 107, 111, 49]]
[[0, 0, 7, 8, 1]]
[[1, 4, 7, 8, 0]]
[[3, 7, 8, 11, 3]]
[[3, 4, 5, 9, 4], [11, 12, 14, 16, 58]]
[[1, 5, 6, 10, 3]]
[[0, 0, 15, 20, 12], [23, 24, 27, 30, 6], [23, 24, 25, 30, 6]]
[[1, 2, 6, 8, 3], [12, 13, 15, 17, 1]]
[[0, 0, 16, 18, 0]]
[[0, 0, 10, 12, 0], [25, 28, 29, 32, 4]]
[[0, 0, 12, 13, 1], [1, 2, 3, 3, 6]]
[[3, 4, 5, 14, 3], [17, 18, 21, 23, 3], [25, 28, 29, 32, 3]]
[[19, 20, 22, 26, 4]]
[[5, 8, 11, 12, 6]]
[[23, 26, 27, 30, 0]]
[[0, 0, 9, 12, 0], [5, 8, 9, 12, 6], [22, 23, 24, 25, 4]]
[[0, 0, 36, 40, 0], [59, 60, 61, 67, 1]]
[[1, 6, 7, 11, 1]]
[[3, 4, 5, 9, 0]]
[[9, 12, 13, 14, 58]]
[[15, 16, 46, 49, 6]]
[[0, 0, 8, 12, 1], [32, 33, 35, 37, 1]]
[[0, 0, 12, 15, 3], [0, 0, 19, 21, 3], [16, 17, 19, 21, 3]]
[[0, 0, 10, 12, 0]]
[[6, 7, 12, 15, 0]]
[[1, 2, 15, 16, 0]]
[[0, 0, 20, 26, 0]]
[[8, 11, 12, 16, 3], [18, 21, 23, 26, 3]]
[[3, 4, 1, 2, 3]]
[[17, 19, 21, 23, 4], [24, 25, 29, 31, 6]]
[[0, 0, 55, 59, 12], [0, 0, 81, 87, 3]]
[[9, 10, 13, 14, 4]]
[[0, 0, 5, 8, 0]]
[[5, 13, 14, 19, 12], [37, 38, 39, 42, 6]]
[[0, 0, 18, 20, 0], [0, 0, 31, 34, 1]]
[[1, 2, 7, 10, 3], [13, 14, 16, 18, 4]]
[[0, 0, 11, 14, 49]]
[]
[[0, 0, 8, 10, 3]]
[[3, 4, 6, 7, 0]]
[[0, 0, 12, 17, 0], [0, 0, 6, 17, 0]]
[]
[]
[[0, 0, 11, 14, 0]]
[[0, 0, 8, 11, 0], [0, 0, 13, 18, 1]]
[[9, 10, 11, 14, 3]]
[[0, 0, 7, 9, 12]]
[[3, 4, 5, 7, 3]]
[[0, 0, 32, 35, 3]]
[[1, 3, 4, 7, 12]]
[[1, 2, 3, 11, 3]]
[[0, 0, 19, 21, 0]]
[[23, 24, 25, 28, 12], [32, 36, 37, 41, 4]]
[]
[[54, 55, 56, 57, 6]]
[[0, 0, 18, 23, 3], [26, 27, 28, 28, 6], [30, 31, 32, 33, 6]]
[[16, 20, 21, 25, 103]]
[[0, 0, 8, 15, 0]]
[[5, 8, 12, 15, 3]]
[[10, 12, 13, 14, 3]]
[[0, 0, 1, 2, 0]]
[[0, 0, 3, 4, 1]]
[[6, 10, 3, 5, 3], [14, 15, 17, 18, 1]]
[[26, 29, 35, 39, 3], [31, 34, 35, 39, 3]]
[[0, 0, 43, 46, 12]]
[]
[[0, 0, 12, 14, 0], [32, 36, 38, 40, 12]]
[]
[[0, 0, 15, 18, 1]]
[[30, 32, 39, 41, 49]]
[[71, 72, 93, 96, 4]]
[[0, 0, 31, 34, 0]]
[[0, 0, 22, 24, 4], [3, 4, 5, 7, 6], [8, 11, 13, 15, 12]]
[[3, 4, 5, 6, 0]]
[]
[[0, 0, 71, 72, 1]]
[[1, 2, 3, 4, 4]]
[[1, 2, 6, 9, 12], [13, 14, 15, 16, 6], [13, 14, 20, 22, 6]]
[[0, 0, 32, 34, 12]]
[[19, 23, 24, 27, 1], [30, 34, 37, 40, 3]]
[[4, 5, 1, 2, 3], [4, 5, 6, 7, 3], [9, 10, 6, 7, 3]]
[[4, 5, 6, 12, 103]]
[[0, 0, 63, 66, 0], [78, 79, 81, 84, 1]]
[[6, 7, 3, 4, 3], [6, 7, 9, 12, 3]]
[[1, 2, 3, 4, 3], [13, 14, 17, 18, 3]]
[[1, 2, 7, 11, 3]]
[[28, 30, 31, 32, 103]]
[[8, 9, 1, 2, 0]]
[[1, 5, 6, 9, 12]]
[[10, 11, 13, 14, 3], [18, 19, 20, 24, 3]]
[[1, 4, 5, 6, 3]]
[[9, 12, 13, 17, 12]]
[[1, 3, 4, 5, 12], [11, 12, 13, 15, 0]]
[[23, 24, 25, 29, 6], [0, 0, 15, 29, 0]]
[[0, 0, 44, 47, 0], [10, 11, 15, 21, 0], [42, 43, 44, 47, 0]]
[[0, 0, 13, 19, 3]]
[[0, 0, 18, 20, 6], [22, 23, 24, 26, 4]]
[[0, 0, 7, 9, 1], [3, 6, 7, 9, 1]]
[[1, 4, 5, 8, 3], [10, 11, 12, 13, 1], [10, 11, 15, 16, 1]]
[[0, 0, 7, 10, 0]]
[[0, 0, 10, 13, 0], [6, 9, 10, 13, 0]]
[[1, 2, 6, 9, 3], [4, 5, 6, 9, 6], [13, 14, 15, 20, 1]]
[[0, 0, 6, 7, 0]]
[]
[[0, 0, 17, 20, 0], [8, 9, 17, 20, 0]]
[[0, 0, 17, 21, 0], [0, 0, 73, 75, 6], [0, 0, 30, 31, 12]]
[[8, 9, 10, 12, 3]]
[[1, 2, 3, 6, 3]]
[[38, 39, 43, 48, 4], [173, 174, 177, 179, 1]]
[[0, 0, 7, 8, 1]]
[[12, 15, 19, 23, 12]]
[[0, 0, 5, 6, 0]]
[[25, 26, 27, 29, 12]]
[[0, 0, 6, 9, 3]]
[[0, 0, 1, 4, 0], [0, 0, 13, 18, 4]]
[[0, 0, 12, 15, 0], [0, 0, 6, 15, 3], [19, 20, 26, 27, 1]]
[[0, 0, 15, 16, 0], [20, 22, 23, 27, 4], [31, 32, 33, 39, 4]]
[[1, 4, 6, 7, 3], [9, 10, 6, 7, 3]]
[[2, 5, 6, 10, 3], [23, 24, 25, 26, 4]]
[[0, 0, 30, 31, 3], [0, 0, 32, 34, 3]]
[[4, 5, 1, 2, 0]]
[[0, 0, 9, 10, 1]]
[[0, 0, 11, 17, 1], [29, 32, 36, 40, 0]]
[[12, 15, 1, 7, 0]]
[[0, 0, 1, 2, 0], [3, 4, 1, 2, 0]]
[[3, 4, 5, 6, 3]]
[[0, 0, 14, 16, 0], [21, 22, 14, 16, 6], [24, 28, 32, 34, 4], [30, 31, 32, 34, 12]]
[[0, 0, 17, 18, 12], [20, 24, 17, 18, 12]]
[[1, 5, 6, 8, 3]]
[[1, 2, 3, 4, 21]]
[]
[[0, 0, 5, 7, 0]]
[[0, 0, 23, 29, 3], [19, 20, 23, 29, 3]]
[]
[]
[[0, 0, 33, 39, 0], [14, 15, 5, 7, 0]]
[[1, 2, 3, 8, 3]]
[[1, 2, 13, 16, 3]]
[[0, 0, 18, 20, 3]]
[[54, 55, 56, 60, 3]]
[[0, 0, 16, 19, 0], [0, 0, 28, 32, 49], [24, 27, 28, 32, 49]]
[[1, 2, 3, 5, 4], [11, 12, 13, 15, 0]]
[[10, 11, 12, 16, 0]]
[]
[[0, 0, 13, 17, 3]]
[[0, 0, 16, 18, 3], [20, 21, 23, 25, 1]]
[[1, 2, 3, 5, 12]]
[]
[[1, 4, 5, 8, 3]]
[[1, 3, 4, 5, 12], [7, 8, 4, 5, 6], [22, 23, 18, 19, 0], [22, 23, 21, 21, 0]]
[[46, 47, 48, 53, 3], [46, 47, 50, 53, 3], [55, 56, 59, 62, 12], [0, 0, 38, 44, 0]]
[[1, 2, 4, 6, 3], [8, 11, 4, 6, 6], [21, 22, 25, 27, 3]]
[[0, 0, 15, 16, 0], [18, 19, 24, 25, 58], [21, 22, 24, 25, 3], [26, 27, 29, 33, 6]]
[[0, 0, 30, 34, 0]]
[[1, 4, 5, 7, 3]]
[[0, 0, 36, 37, 12], [0, 0, 39, 45, 12], [9, 11, 12, 13, 4]]
[[1, 2, 7, 11, 3], [26, 28, 29, 30, 1]]
[[1, 2, 6, 8, 3], [4, 5, 6, 8, 3], [19, 20, 21, 22, 1]]
[[4, 5, 6, 8, 3], [12, 15, 16, 19, 3]]
[[1, 2, 3, 4, 3], [5, 6, 8, 9, 1]]
[[0, 0, 16, 20, 12]]
[[5, 6, 7, 8, 3], [10, 11, 12, 13, 3], [19, 22, 24, 25, 4]]
[[11, 12, 13, 18, 58]]
[[1, 4, 5, 8, 1]]
[[0, 0, 102, 104, 0]]
[[1, 4, 6, 11, 3]]
[]
[[6, 7, 1, 5, 3], [6, 7, 9, 12, 3]]
[[4, 5, 7, 8, 6], [13, 14, 15, 17, 3], [19, 23, 25, 27, 6], [45, 46, 48, 53, 6]]
[[1, 4, 6, 8, 3]]
[[0, 0, 27, 29, 0], [0, 0, 7, 17, 12], [12, 15, 16, 17, 12]]
[[0, 0, 7, 11, 1]]
[[26, 31, 37, 39, 3], [33, 35, 37, 39, 3], [44, 52, 53, 57, 58]]
[[1, 3, 4, 6, 12]]
[[13, 14, 15, 16, 4]]
[[0, 0, 31, 34, 4]]
[[1, 2, 10, 12, 6], [27, 28, 25, 26, 3]]
[[13, 14, 15, 19, 3]]
[]
[[15, 16, 21, 22, 3], [18, 19, 21, 22, 3]]
[[0, 0, 23, 27, 0]]
[[0, 0, 9, 10, 0]]
[[44, 48, 49, 51, 3]]
[[1, 2, 7, 11, 3]]
[[0, 0, 12, 17, 0]]
[[0, 0, 9, 11, 3]]
[]
[[24, 25, 26, 28, 12]]
[[0, 0, 5, 6, 0]]
[]
[[1, 5, 6, 12, 3]]
[[0, 0, 9, 10, 6], [27, 28, 29, 30, 103]]
[[2, 5, 6, 12, 3]]
[[0, 0, 5, 9, 3], [21, 22, 24, 26, 3]]
[[3, 6, 13, 17, 3], [8, 9, 13, 17, 1]]
[[13, 16, 18, 19, 12]]
[[0, 0, 34, 37, 12]]
[[1, 4, 5, 8, 3]]
[[0, 0, 26, 28, 0]]
[]
[[1, 2, 3, 4, 3]]
[[0, 0, 57, 62, 0], [52, 56, 57, 62, 0]]
[[5, 8, 2, 3, 58]]
[[0, 0, 6, 8, 0], [0, 0, 12, 13, 45]]
[[0, 0, 57, 59, 0], [0, 0, 122, 126, 0]]
[[4, 7, 9, 11, 21]]
[[1, 4, 5, 6, 3]]
[[0, 0, 16, 17, 6], [52, 55, 57, 57, 6]]
[[0, 0, 8, 9, 1], [1, 2, 3, 4, 3], [11, 12, 13, 14, 6], [11, 12, 18, 19, 6]]
[[22, 23, 24, 25, 3], [27, 28, 29, 30, 4]]
[[0, 0, 5, 7, 0]]
[[0, 0, 3, 3, 1], [0, 0, 8, 10, 49], [17, 18, 19, 21, 3], [29, 30, 34, 36, 58], [32, 33, 34, 36, 3]]
[[7, 9, 10, 14, 3]]
[[0, 0, 19, 21, 3], [13, 15, 19, 21, 58]]
[[1, 2, 3, 3, 3], [5, 6, 7, 7, 6]]
[[7, 10, 11, 13, 0]]
[[11, 12, 15, 17, 4], [20, 21, 23, 23, 12], [25, 26, 28, 30, 1]]
[[0, 0, 10, 14, 1], [0, 0, 30, 32, 1]]
[[1, 2, 8, 9, 3], [5, 6, 8, 9, 3], [14, 15, 17, 18, 3]]
[]
[[0, 0, 17, 19, 0], [32, 33, 35, 37, 12]]
[[0, 0, 6, 8, 0], [0, 0, 10, 12, 6], [38, 39, 41, 43, 1]]
[[0, 0, 6, 10, 0]]
[[1, 2, 3, 4, 3], [13, 14, 15, 17, 1]]
[[16, 17, 18, 20, 4], [31, 32, 33, 36, 1]]
[[1, 2, 3, 6, 3], [0, 0, 11, 15, 1]]
[[0, 0, 11, 13, 12]]
[[3, 4, 5, 8, 58]]
[]
[[1, 4, 6, 14, 3], [19, 23, 24, 27, 3]]
[[10, 11, 13, 13, 4], [23, 26, 27, 30, 4]]
[]
[[0, 0, 19, 25, 0]]
[[0, 0, 8, 10, 0], [0, 0, 28, 28, 0], [6, 7, 8, 10, 0], [14, 15, 16, 17, 4]]
[[0, 0, 11, 13, 0], [18, 20, 21, 26, 49]]
[[0, 0, 15, 17, 0], [50, 51, 54, 55, 4]]
[[0, 0, 35, 36, 0]]
[[1, 2, 3, 5, 0], [1, 2, 8, 9, 6]]
[[0, 0, 15, 16, 3]]
[[6, 7, 1, 4, 3]]
[[33, 34, 35, 36, 3]]
[[5, 8, 10, 11, 0]]
[[0, 0, 19, 22, 6], [17, 18, 19, 20, 6]]
[]
[[1, 2, 3, 5, 3], [7, 8, 9, 11, 6], [14, 17, 18, 20, 3]]
[[9, 10, 11, 13, 4], [17, 18, 19, 22, 1]]
[[1, 2, 3, 4, 12], [12, 15, 16, 17, 6], [30, 33, 34, 35, 21]]
[[4, 5, 6, 7, 12]]
[[1, 7, 8, 11, 3]]
[[0, 0, 55, 57, 3], [24, 25, 26, 30, 1]]
[]
[[0, 0, 29, 31, 3], [0, 0, 33, 36, 3], [6, 8, 9, 11, 3]]
[[21, 22, 29, 32, 3], [35, 36, 37, 40, 3]]
[[15, 16, 18, 21, 3]]
[[0, 0, 14, 16, 3], [19, 20, 22, 27, 1]]
[[104, 108, 109, 111, 21]]
[[0, 0, 10, 13, 0]]
[[28, 31, 35, 38, 4]]
[[6, 8, 23, 24, 21], [12, 15, 16, 18, 21]]
[[1, 2, 3, 4, 4], [8, 9, 10, 13, 6]]
[[4, 5, 1, 2, 0], [4, 5, 7, 10, 0]]
[[42, 45, 47, 54, 4]]
[[15, 16, 22, 24, 1]]
[[0, 0, 21, 25, 0], [6, 9, 10, 14, 6]]
[[0, 0, 27, 34, 1], [1, 3, 5, 7, 0]]
[[0, 0, 8, 15, 0]]
[[3, 4, 5, 7, 3], [23, 28, 30, 32, 3]]
[[4, 5, 8, 11, 3]]
[]
[[224, 229, 231, 232, 1]]
[[3, 7, 9, 12, 12]]
[[1, 3, 4, 7, 1]]
[[1, 2, 3, 3, 6]]
[[0, 0, 1, 1, 0], [0, 0, 26, 28, 12], [12, 13, 17, 17, 6], [14, 15, 17, 17, 6], [12, 15, 17, 17, 6]]
[[1, 4, 5, 7, 3]]
[[19, 20, 21, 21, 4], [38, 39, 40, 41, 1]]
[[3, 4, 10, 12, 3], [8, 9, 10, 12, 3], [18, 23, 25, 29, 3], [42, 47, 48, 53, 3]]
[]
[[3, 4, 7, 8, 1], [10, 11, 7, 8, 1]]
[[49, 53, 54, 58, 12]]
[[1, 4, 6, 7, 3]]
[[12, 13, 24, 25, 3], [0, 0, 37, 46, 12]]
[[14, 17, 18, 19, 3]]
[[30, 31, 32, 33, 1], [79, 83, 85, 86, 3]]
[[5, 6, 1, 3, 3], [5, 6, 10, 11, 3]]
[[1, 2, 3, 4, 6], [6, 7, 9, 10, 4]]
[[0, 0, 28, 31, 0]]
[]
[[10, 11, 12, 17, 4], [1, 6, 7, 9, 3]]
[[0, 0, 4, 8, 0]]
[[0, 0, 30, 31, 6], [22, 23, 30, 31, 6]]
[[1, 6, 9, 11, 4], [15, 16, 18, 21, 6]]
[[7, 8, 9, 15, 12], [17, 18, 19, 24, 1]]
[]
[[10, 11, 12, 15, 1], [1, 4, 5, 8, 3]]
[[1, 4, 5, 9, 0]]
[[0, 0, 32, 33, 0], [1, 2, 3, 4, 12]]
[[16, 17, 13, 14, 3]]
[[1, 6, 7, 10, 3], [13, 14, 15, 18, 1]]
[[0, 0, 11, 14, 0], [16, 19, 21, 32, 112]]
[[3, 7, 8, 10, 3]]
[[0, 0, 1, 1, 0]]
[[12, 16, 21, 23, 12]]
[]
[[1, 2, 3, 4, 3], [8, 9, 10, 11, 12], [23, 24, 25, 27, 3]]
[[0, 0, 11, 16, 0]]
[[1, 3, 4, 9, 4]]
[[0, 0, 32, 33, 3]]
[[0, 0, 13, 15, 0]]
[[0, 0, 16, 18, 3], [24, 25, 27, 29, 58]]
[[0, 0, 42, 47, 103]]
[[1, 2, 3, 4, 0]]
[]
[[1, 2, 5, 7, 3]]
[[12, 13, 9, 10, 3]]
[[0, 0, 23, 28, 0]]
[[0, 0, 29, 30, 1]]
[]
[[0, 0, 12, 13, 0]]
[[0, 0, 4, 5, 49], [13, 16, 19, 25, 103]]
[[17, 18, 22, 25, 1]]
[[62, 63, 64, 66, 1]]
[[0, 0, 20, 22, 3]]
[[0, 0, 10, 15, 58], [0, 0, 22, 23, 58], [17, 20, 22, 23, 4]]
[[0, 0, 13, 14, 3], [16, 17, 19, 23, 1], [25, 26, 27, 33, 4]]
[[0, 0, 7, 11, 3]]
[[1, 5, 6, 8, 0]]
[[0, 0, 13, 15, 21]]
[[0, 0, 5, 8, 0], [10, 11, 14, 15, 1]]
[[0, 0, 3, 6, 3], [1, 2, 3, 6, 3]]
[[1, 2, 3, 6, 3]]
[[41, 42, 46, 48, 1]]
[[1, 2, 5, 7, 3], [9, 10, 14, 15, 12]]
[[0, 0, 16, 17, 0]]
[[1, 2, 3, 4, 3], [7, 8, 9, 15, 1]]
[[1, 2, 3, 4, 3], [9, 14, 16, 18, 3]]
[[1, 3, 6, 10, 3]]
[[35, 36, 41, 47, 3], [38, 39, 41, 47, 4]]
[[0, 0, 13, 15, 21], [10, 11, 13, 15, 21]]
[[0, 0, 5, 7, 0], [1, 4, 5, 7, 12]]
[[1, 4, 7, 11, 3], [1, 4, 26, 28, 3]]
[[3, 4, 5, 7, 0]]
[[0, 0, 14, 16, 103]]
[[0, 0, 10, 13, 3]]
[[15, 16, 18, 19, 1], [35, 38, 42, 45, 21], [3, 8, 9, 11, 3]]
[[113, 116, 117, 118, 3]]
[[1, 2, 3, 4, 3], [16, 20, 21, 26, 12]]
[[9, 10, 12, 14, 3]]
[[1, 2, 3, 4, 0], [1, 2, 8, 10, 0]]
[[1, 2, 3, 5, 3]]
[[4, 7, 1, 2, 0], [4, 7, 8, 13, 0]]
[[1, 7, 8, 10, 3], [12, 13, 14, 18, 3], [20, 25, 26, 32, 3]]
[[16, 19, 28, 31, 6], [38, 39, 40, 41, 6], [43, 44, 45, 46, 3], [43, 44, 48, 51, 3], [53, 54, 55, 56, 103]]
[[1, 4, 5, 6, 3]]
[[25, 30, 32, 34, 3]]
[[3, 4, 5, 7, 3]]
[[28, 29, 31, 33, 6]]
[[1, 2, 3, 5, 3]]
[[4, 5, 13, 16, 0], [20, 21, 24, 27, 4], [28, 30, 33, 34, 4]]
[[0, 0, 12, 15, 3], [0, 0, 26, 29, 3]]
[[1, 2, 3, 6, 3]]
[[0, 0, 7, 9, 0], [11, 12, 14, 14, 3]]
[[15, 16, 18, 21, 3], [23, 24, 25, 26, 58], [34, 35, 37, 38, 3]]
[[3, 4, 5, 10, 3]]
[[0, 0, 5, 7, 1], [9, 10, 12, 14, 1]]
[[0, 0, 62, 64, 12]]
[[35, 36, 37, 38, 1]]
[[0, 0, 20, 21, 12], [23, 24, 25, 25, 6], [37, 40, 41, 41, 12]]
[[1, 2, 4, 7, 3]]
[[0, 0, 5, 8, 3], [0, 0, 28, 37, 3]]
[[3, 4, 5, 10, 1]]
[[0, 0, 12, 16, 0]]
[[1, 3, 4, 7, 75]]
[]
[[0, 0, 29, 30, 0]]
[[1, 2, 3, 4, 3], [6, 7, 9, 10, 1]]
[[1, 2, 3, 4, 3], [17, 20, 21, 23, 58]]
[[0, 0, 17, 18, 1]]
[[13, 14, 15, 18, 4]]
[[0, 0, 7, 10, 3], [12, 14, 15, 23, 1]]
[[0, 0, 16, 17, 1], [10, 11, 13, 14, 1]]
[[0, 0, 15, 17, 4], [0, 0, 35, 36, 3], [13, 14, 15, 17, 4]]
[[3, 4, 8, 11, 6], [19, 20, 21, 22, 4]]
[[9, 10, 11, 15, 4], [17, 18, 21, 24, 58]]
[[0, 0, 16, 18, 12], [27, 30, 33, 35, 58]]
[[21, 22, 23, 26, 12]]
[[1, 5, 6, 8, 0]]
[[1, 2, 3, 5, 3]]
[[0, 0, 10, 12, 0], [0, 0, 15, 17, 0]]
[[1, 2, 12, 14, 1]]
[[1, 4, 14, 18, 1]]
[[13, 14, 1, 2, 0]]
[[0, 0, 38, 39, 3], [40, 43, 38, 39, 12], [40, 43, 49, 50, 12], [45, 48, 49, 50, 3], [54, 55, 52, 53, 4]]
[]
[[8, 9, 1, 6, 0]]
[[90, 91, 93, 96, 1]]
[[18, 20, 21, 23, 4]]
[]
[[0, 0, 7, 9, 12], [0, 0, 16, 20, 12]]
[[0, 0, 19, 22, 12]]
[[0, 0, 7, 9, 1], [13, 14, 11, 11, 1]]
[[32, 33, 39, 40, 3], [35, 38, 39, 40, 3], [0, 0, 43, 46, 1]]
[[4, 5, 6, 12, 3]]
[[1, 2, 3, 6, 4], [1, 2, 5, 6, 4]]
[[0, 0, 8, 10, 3], [0, 0, 23, 25, 1], [4, 7, 8, 10, 0]]
[[4, 5, 3, 3, 3]]
[[0, 0, 19, 21, 3], [62, 63, 65, 68, 6], [28, 31, 33, 39, 58]]
[[3, 4, 5, 6, 3]]
[[0, 0, 10, 12, 3]]
[[1, 4, 5, 6, 12]]
[[12, 15, 17, 20, 6], [23, 24, 17, 20, 1]]
[[20, 21, 17, 19, 0]]
[[0, 0, 9, 10, 0]]
[[3, 4, 7, 10, 0], [11, 12, 7, 10, 3]]
[[21, 25, 26, 27, 1], [29, 33, 35, 36, 3]]
[[1, 2, 3, 5, 12], [7, 8, 12, 14, 3]]
[[1, 4, 5, 6, 3]]
[[7, 8, 9, 12, 3]]
[[1, 6, 7, 8, 12], [13, 14, 16, 17, 1]]
[[0, 0, 3, 4, 0], [9, 12, 13, 19, 4]]
[[5, 11, 13, 17, 0]]
[[1, 2, 3, 4, 1]]
[]
[[0, 0, 8, 10, 3]]
[[12, 13, 14, 19, 1]]
[[1, 9, 10, 15, 3]]
[[0, 0, 32, 34, 0], [67, 68, 78, 81, 6]]
[[0, 0, 4, 5, 0], [0, 0, 70, 72, 6]]
[[0, 0, 18, 20, 1], [0, 0, 27, 29, 1]]
[[1, 2, 3, 4, 12]]
[[1, 2, 13, 16, 4], [4, 5, 13, 16, 3], [7, 8, 13, 16, 6], [10, 11, 13, 16, 1]]
[[0, 0, 34, 35, 12], [31, 32, 34, 35, 12]]
[[0, 0, 22, 24, 0], [0, 0, 32, 34, 6], [26, 27, 32, 34, 6]]
[[0, 0, 21, 22, 0]]
[[0, 0, 10, 16, 3], [0, 0, 24, 29, 0], [7, 9, 10, 16, 6]]
[[0, 0, 7, 9, 3]]
[]
[[10, 11, 14, 18, 1]]
[[3, 4, 6, 10, 1], [3, 4, 9, 10, 1], [7, 8, 9, 10, 1]]
[[9, 12, 13, 17, 0]]
[[1, 2, 3, 8, 3], [1, 2, 3, 6, 3]]
[[1, 4, 6, 8, 3]]
[[0, 0, 30, 32, 4], [27, 29, 30, 32, 103]]
[[0, 0, 129, 130, 3]]
[[1, 2, 3, 15, 1]]
[[0, 0, 8, 9, 49], [16, 17, 18, 23, 3]]
[[0, 0, 21, 22, 3], [6, 7, 8, 14, 3], [37, 38, 39, 42, 3]]
[[1, 2, 3, 10, 3], [13, 14, 17, 19, 3], [13, 14, 15, 19, 3]]
[[1, 2, 3, 5, 3], [7, 8, 9, 11, 1]]
[[8, 9, 11, 12, 3]]
[[0, 0, 32, 38, 0], [0, 0, 52, 53, 4]]
[[73, 74, 77, 80, 21]]
[[1, 2, 3, 8, 6], [9, 12, 14, 22, 12]]
[[0, 0, 23, 24, 0], [14, 22, 23, 24, 0]]
[]
[[0, 0, 20, 25, 0]]
[[4, 5, 1, 2, 3], [7, 8, 9, 13, 3]]
[[0, 0, 15, 19, 3]]
[[10, 11, 14, 16, 1]]
[[0, 0, 55, 57, 0]]
[[0, 0, 22, 23, 3]]
[[0, 0, 5, 8, 0], [0, 0, 16, 21, 0]]
[[1, 2, 3, 7, 3], [1, 2, 5, 7, 3], [9, 12, 13, 14, 3], [16, 21, 22, 24, 12]]
[[7, 8, 10, 11, 1]]
[[1, 3, 7, 10, 4]]
[[9, 10, 3, 4, 3], [9, 10, 7, 8, 3], [12, 13, 3, 4, 0]]
[[0, 0, 30, 33, 12]]
[[12, 15, 16, 17, 3], [12, 15, 18, 19, 3]]
[[0, 0, 134, 136, 58], [0, 0, 154, 156, 1], [129, 132, 134, 136, 58]]
[[0, 0, 31, 32, 3], [0, 0, 42, 45, 3], [33, 36, 31, 32, 12], [33, 36, 42, 45, 12], [38, 41, 42, 45, 3]]
[[1, 4, 6, 8, 6]]
[[1, 2, 3, 7, 3]]
[[16, 17, 19, 20, 3]]
[[9, 10, 17, 19, 6], [13, 14, 17, 19, 3]]
[[2, 3, 4, 5, 3], [16, 17, 23, 24, 3]]
[[1, 2, 3, 6, 3]]
[[5, 11, 13, 16, 4]]
[[0, 0, 30, 31, 0], [0, 0, 33, 35, 49]]
[[2, 5, 6, 11, 1]]
[[0, 0, 66, 68, 49]]
[[17, 18, 21, 22, 21]]
[[9, 10, 13, 14, 1], [16, 18, 19, 21, 1]]
[[8, 9, 14, 17, 12], [19, 20, 21, 29, 6], [43, 44, 46, 48, 6]]
[[6, 9, 10, 11, 58], [3, 4, 1, 2, 3]]
[[0, 0, 31, 34, 1]]
[[0, 0, 7, 8, 3], [0, 0, 15, 18, 3]]
[[1, 2, 3, 4, 3]]
[[0, 0, 17, 20, 3], [34, 35, 37, 38, 6]]
[[9, 10, 12, 14, 6]]
[[17, 18, 20, 23, 3]]
[[0, 0, 10, 13, 6], [0, 0, 14, 15, 6]]
[[6, 7, 1, 4, 3], [11, 12, 15, 22, 6]]
[[0, 0, 1, 1, 3], [0, 0, 17, 18, 3], [27, 30, 32, 33, 3]]
[[0, 0, 1, 2, 6], [0, 0, 9, 12, 3], [4, 8, 9, 12, 3], [1, 8, 9, 12, 6]]
[]
[]
[]
[]
[[20, 21, 22, 24, 1]]
[[0, 0, 27, 27, 1]]
[[9, 10, 13, 14, 0]]
[]
[[1, 2, 3, 5, 12]]
[[0, 0, 16, 18, 0], [1, 2, 3, 5, 0]]
[[18, 19, 24, 27, 6], [21, 22, 24, 27, 103]]
[[0, 0, 17, 18, 3], [0, 0, 33, 35, 3], [20, 21, 17, 18, 3], [28, 29, 25, 26, 12], [28, 29, 33, 35, 12]]
[[0, 0, 16, 20, 0]]
[[0, 0, 13, 16, 4]]
[[0, 0, 43, 45, 6]]
[[4, 5, 1, 2, 3], [4, 5, 6, 7, 3], [9, 11, 15, 17, 3]]
[[20, 23, 24, 25, 3], [42, 45, 46, 49, 0], [52, 53, 54, 55, 103]]
[[1, 3, 5, 8, 3], [12, 16, 17, 19, 3]]
[[0, 0, 5, 11, 0]]
[[0, 0, 22, 24, 112]]
[[2, 3, 4, 8, 0]]
[[23, 24, 25, 27, 4]]
[[0, 0, 24, 27, 3]]
[[5, 8, 1, 3, 0]]
[]
[[0, 0, 7, 9, 0], [15, 16, 17, 19, 1]]
[[0, 0, 42, 44, 1]]
[[0, 0, 11, 15, 58]]
[]
[[0, 0, 12, 14, 0]]
[[74, 77, 78, 80, 12]]
[[0, 0, 7, 9, 3]]
[[0, 0, 15, 17, 3], [0, 0, 19, 26, 3]]
[[0, 0, 19, 21, 0]]
[[0, 0, 14, 15, 1], [16, 17, 14, 15, 1]]
[[0, 0, 1, 4, 0], [29, 30, 32, 35, 58]]
[[117, 120, 122, 124, 12]]
[[1, 2, 3, 8, 3]]
[[13, 14, 15, 21, 6]]
[[41, 42, 43, 45, 1]]
[[0, 0, 7, 9, 45]]
[[1, 2, 5, 10, 58]]
[[56, 57, 58, 61, 58], [63, 64, 65, 65, 21]]
[[3, 4, 5, 6, 0], [42, 45, 46, 48, 12]]
[]
[[3, 4, 1, 2, 4]]
[[0, 0, 13, 16, 3], [11, 12, 13, 16, 3], [18, 21, 23, 25, 3]]
[]
[[0, 0, 3, 7, 0], [34, 35, 37, 38, 6]]
[[0, 0, 5, 7, 12]]
[]
[[1, 2, 3, 7, 3], [10, 11, 13, 16, 1]]
[[0, 0, 10, 11, 0], [0, 0, 20, 21, 1], [15, 19, 20, 21, 1]]
[[0, 0, 56, 57, 49]]
[[98, 99, 100, 100, 6]]
[[20, 21, 22, 26, 3]]
[[24, 25, 26, 28, 4], [62, 64, 72, 78, 4]]
[[1, 6, 16, 21, 3], [22, 23, 26, 29, 4]]
[[17, 20, 22, 23, 3]]
[]
[[0, 0, 39, 40, 1]]
[[1, 2, 3, 4, 3]]
[[0, 0, 3, 4, 3], [9, 10, 11, 11, 3], [12, 13, 14, 21, 3]]
[[1, 2, 3, 7, 3], [21, 23, 10, 13, 0]]
[[6, 7, 1, 4, 3]]
[[0, 0, 4, 8, 0], [13, 19, 25, 29, 3]]
[[0, 0, 7, 10, 3], [0, 0, 17, 25, 3], [0, 0, 36, 41, 3], [5, 6, 7, 10, 3], [29, 33, 36, 41, 3]]
[[0, 0, 8, 13, 3], [32, 35, 36, 40, 1]]
[[1, 2, 8, 10, 3], [4, 5, 8, 10, 3]]
[]
[[5, 6, 7, 9, 0]]
[[1, 2, 3, 4, 3]]
[[4, 5, 6, 7, 3], [9, 10, 11, 13, 3], [16, 17, 19, 20, 1]]
[]
[[1, 5, 6, 12, 3]]
[[12, 15, 16, 18, 6]]
[[0, 0, 82, 83, 0]]
[[0, 0, 7, 8, 0]]
[[0, 0, 26, 30, 49], [0, 0, 39, 42, 3]]
[[1, 8, 9, 11, 4]]
[]
[]
[[37, 38, 40, 42, 3]]
[[0, 0, 5, 7, 3], [2, 3, 5, 7, 3]]
[[0, 0, 6, 9, 0], [0, 0, 18, 21, 0], [16, 17, 18, 21, 3], [25, 26, 31, 36, 3]]
[[0, 0, 20, 22, 3]]
[]
[]
[[0, 0, 11, 12, 3], [0, 0, 35, 36, 3], [9, 10, 11, 12, 3]]
[]
[[4, 6, 7, 8, 3], [10, 11, 7, 8, 3]]
[[0, 0, 27, 28, 3]]
[[0, 0, 1, 3, 3]]
[[1, 2, 7, 8, 3], [4, 5, 7, 8, 3], [12, 14, 15, 18, 3]]
[[1, 4, 5, 7, 3]]
[[0, 0, 34, 36, 3], [0, 0, 50, 51, 3], [31, 32, 34, 36, 3]]
[[13, 14, 15, 19, 3], [13, 14, 20, 23, 3]]
[[0, 0, 9, 12, 3]]
[[15, 16, 17, 18, 3], [20, 21, 23, 26, 3]]
[[0, 0, 16, 21, 3], [12, 15, 16, 21, 3]]
[]
[]
[[1, 2, 5, 10, 3]]
[[26, 27, 28, 30, 3]]
[]
[[11, 12, 6, 7, 3], [11, 12, 14, 15, 3], [30, 31, 32, 34, 3], [30, 31, 35, 36, 3]]
[[0, 0, 7, 18, 3], [3, 6, 7, 18, 3]]
[[0, 0, 29, 32, 3], [0, 0, 37, 38, 3], [24, 25, 29, 32, 3], [34, 35, 37, 38, 3]]
[[11, 12, 15, 16, 3]]
[[19, 20, 15, 18, 3], [19, 20, 22, 25, 3]]
[[11, 12, 14, 14, 3]]
[]
[]
[[1, 2, 3, 7, 3]]
[[0, 0, 18, 19, 3]]
[[0, 0, 15, 17, 3]]
[[14, 15, 16, 20, 3]]
[[13, 14, 18, 19, 3]]
[[0, 0, 36, 40, 3], [32, 33, 36, 40, 3]]
[[35, 36, 38, 40, 3]]
[[0, 0, 15, 18, 3]]
[[0, 0, 7, 10, 3], [5, 6, 7, 10, 3]]
[[21, 22, 23, 26, 3]]
[[0, 0, 16, 17, 3]]
[[4, 5, 1, 2, 3]]
[[1, 4, 5, 6, 3]]
[[0, 0, 8, 10, 3], [6, 7, 8, 10, 3]]
[]
[[0, 0, 5, 8, 3], [25, 28, 29, 29, 3]]
[]
[]
[[0, 0, 48, 51, 3], [45, 46, 48, 51, 3]]
[[0, 0, 7, 8, 3], [0, 0, 31, 35, 3]]
[[0, 0, 20, 23, 3], [0, 0, 30, 31, 3]]
[[1, 2, 3, 7, 3]]
[[0, 0, 30, 36, 3]]
[[0, 0, 7, 9, 3]]
[[17, 18, 19, 20, 3]]
[]
[]
[]
[[0, 0, 8, 12, 0]]
[]
[[0, 0, 12, 14, 3], [0, 0, 20, 22, 3], [6, 10, 12, 14, 3], [18, 19, 20, 22, 3]]
[[18, 19, 22, 23, 3]]
[]
[]
[[1, 2, 3, 8, 3], [26, 27, 28, 32, 3]]
[[1, 4, 7, 10, 3]]
[[50, 51, 55, 60, 3]]
[[0, 0, 90, 91, 0]]
[[1, 2, 3, 5, 3]]
[[7, 9, 10, 11, 3]]
[]
[[0, 0, 20, 22, 3], [1, 3, 20, 22, 3], [26, 27, 33, 35, 3]]
[[0, 0, 5, 8, 3], [3, 4, 5, 8, 3], [18, 19, 21, 22, 3]]
[[0, 0, 5, 7, 3], [3, 4, 5, 7, 3]]
[[0, 0, 12, 13, 3], [0, 0, 17, 19, 3], [15, 16, 12, 13, 3], [15, 16, 17, 19, 3], [23, 24, 26, 29, 3]]
[[0, 0, 45, 48, 3], [42, 44, 45, 48, 3]]
[[1, 2, 3, 6, 3]]
[[14, 15, 16, 18, 3]]
[]
[]
[[1, 2, 3, 5, 3]]
[[0, 0, 17, 20, 3], [1, 4, 17, 20, 3]]
[[0, 0, 6, 11, 3], [1, 3, 6, 11, 3]]
[[11, 12, 7, 10, 3], [11, 12, 13, 14, 3], [1, 6, 7, 10, 3]]
[[1, 2, 3, 4, 3], [1, 2, 8, 9, 3], [6, 7, 3, 4, 3], [6, 7, 8, 9, 3]]
[[0, 0, 7, 10, 3]]
[[1, 2, 3, 4, 3], [6, 7, 3, 4, 3], [9, 10, 11, 15, 3]]
[[0, 0, 15, 21, 3]]
[[0, 0, 31, 32, 3], [21, 29, 31, 32, 3]]
[]
[[0, 0, 6, 9, 3], [3, 4, 6, 9, 3]]
[]
[]
[[0, 0, 25, 26, 3]]
[[3, 4, 6, 8, 3]]
[]
[[0, 0, 7, 8, 3], [5, 6, 7, 8, 3]]
[]
[]
[]
[]
[[0, 0, 31, 32, 3], [29, 30, 31, 32, 3]]
[[0, 0, 8, 10, 3], [25, 26, 8, 10, 3], [25, 26, 27, 28, 3]]
[]
[]
[[0, 0, 11, 13, 3], [9, 10, 11, 13, 3]]
[[1, 2, 3, 7, 3], [1, 2, 12, 15, 3], [9, 10, 12, 15, 3]]
[]
[[5, 6, 1, 3, 3], [5, 6, 9, 12, 3], [7, 8, 9, 12, 3]]
[[1, 2, 3, 7, 3]]
[[0, 0, 8, 10, 3], [1, 5, 8, 10, 3], [49, 50, 51, 52, 3]]
[]
[]
[[2, 5, 8, 11, 3]]
[[14, 15, 16, 17, 3], [14, 15, 21, 22, 3], [19, 20, 21, 22, 3]]
[[0, 0, 13, 17, 3], [9, 12, 13, 17, 3]]
[[0, 0, 16, 21, 3]]
[[0, 0, 16, 19, 3]]
[]
[]
[[0, 0, 7, 10, 3], [0, 0, 17, 22, 3], [14, 15, 17, 22, 3], [33, 34, 35, 37, 3]]
[[0, 0, 3, 6, 3], [0, 0, 30, 34, 3], [8, 9, 3, 6, 3]]
[[19, 22, 23, 30, 3]]
[[3, 4, 5, 6, 3]]
[[14, 15, 17, 18, 3]]
[[0, 0, 8, 11, 3], [0, 0, 18, 20, 3], [3, 4, 8, 11, 3], [6, 7, 8, 11, 3], [13, 16, 18, 20, 3]]
[[0, 0, 9, 10, 0], [0, 0, 19, 21, 3]]
[[0, 0, 23, 24, 3], [21, 22, 23, 24, 3]]
[[0, 0, 30, 31, 3]]
[[0, 0, 5, 7, 3], [3, 4, 5, 7, 3], [10, 11, 13, 14, 3]]
[[0, 0, 8, 11, 3], [6, 7, 8, 11, 3]]
[]
[[0, 0, 9, 11, 3], [7, 8, 9, 11, 3]]
[[6, 7, 8, 13, 3], [14, 15, 8, 13, 3], [14, 15, 16, 19, 3]]
[[0, 0, 7, 10, 3], [5, 6, 7, 10, 3], [13, 14, 15, 15, 3]]
[[3, 4, 5, 9, 3], [3, 4, 7, 9, 3]]
[[23, 25, 26, 27, 3]]
[[3, 4, 8, 11, 3], [6, 7, 8, 11, 3]]
[[0, 0, 10, 11, 3], [1, 4, 10, 11, 3], [6, 9, 10, 11, 3]]
[]
[]
[[1, 2, 3, 6, 3], [1, 2, 13, 17, 3], [10, 11, 3, 6, 3], [10, 11, 13, 17, 3], [19, 22, 26, 30, 3]]
[[0, 0, 16, 19, 3]]
[]
[]
[[0, 0, 49, 51, 3]]
[[0, 0, 9, 10, 3], [6, 7, 9, 10, 3]]
[[9, 10, 12, 13, 3]]
[]
[[5, 6, 1, 3, 3], [5, 6, 7, 10, 3]]
[[0, 0, 11, 12, 3], [0, 0, 17, 22, 3], [5, 6, 11, 12, 3], [8, 9, 11, 12, 3], [13, 16, 17, 22, 3]]
[[0, 0, 23, 27, 3]]
[[0, 0, 40, 41, 3], [33, 34, 35, 35, 3], [33, 34, 40, 41, 3], [37, 38, 35, 35, 3], [37, 38, 40, 41, 3]]
[[1, 3, 7, 8, 3], [4, 5, 7, 8, 3]]
[[0, 0, 4, 8, 3], [2, 3, 4, 8, 3]]
[[0, 0, 5, 8, 3], [3, 4, 5, 8, 3]]
[[0, 0, 14, 17, 3]]
[]
[[0, 0, 15, 18, 3]]
[]
[]
[[1, 2, 7, 10, 3], [5, 6, 7, 10, 3]]
[]
[[2, 3, 4, 6, 3]]
[[0, 0, 7, 9, 3]]
[[4, 5, 1, 2, 3]]
[[0, 0, 7, 9, 3], [0, 0, 50, 54, 3]]
[[7, 8, 9, 16, 3], [29, 30, 31, 36, 3], [39, 40, 42, 45, 3]]
[[0, 0, 3, 4, 3]]
[[0, 0, 29, 31, 3]]
[]
[[3, 4, 5, 10, 3]]
[[0, 0, 18, 20, 3], [34, 35, 38, 39, 3], [49, 50, 51, 52, 3]]
[[0, 0, 8, 10, 3], [0, 0, 15, 16, 3], [13, 14, 8, 10, 3], [13, 14, 15, 16, 3], [13, 14, 17, 17, 3], [20, 22, 24, 24, 3], [39, 40, 42, 42, 3]]
[]
[[0, 0, 17, 20, 3], [0, 0, 28, 32, 3]]
[]
[[0, 0, 15, 16, 0], [0, 0, 18, 20, 3], [13, 14, 15, 16, 3], [13, 14, 18, 20, 3]]
[[1, 5, 6, 11, 3]]
[[1, 2, 3, 4, 3], [7, 9, 10, 13, 3]]
[[0, 0, 30, 31, 3], [42, 45, 46, 48, 3]]
[[0, 0, 31, 36, 3]]
[[0, 0, 6, 12, 3], [4, 5, 6, 12, 3]]
[[0, 0, 1, 2, 3], [4, 5, 1, 2, 3], [26, 27, 30, 33, 3]]
[[0, 0, 3, 4, 3], [0, 0, 10, 12, 3], [6, 7, 3, 4, 3], [6, 7, 10, 12, 3], [14, 15, 10, 12, 3], [18, 19, 26, 28, 3], [21, 22, 26, 28, 3]]
[[0, 0, 13, 14, 3], [11, 12, 13, 14, 3]]
[[0, 0, 18, 19, 3]]
[[4, 5, 7, 10, 3]]
[[0, 0, 16, 17, 3]]
[[0, 0, 8, 11, 3], [1, 2, 8, 11, 3]]
[[0, 0, 6, 8, 3], [0, 0, 12, 14, 3], [4, 5, 6, 8, 3], [4, 5, 12, 14, 3], [10, 11, 12, 14, 3], [49, 50, 51, 53, 3]]
[]
[[17, 18, 21, 23, 3], [17, 18, 19, 23, 3]]
[[0, 0, 41, 43, 3]]
[[0, 0, 31, 34, 3]]
[[1, 2, 6, 7, 3], [4, 5, 6, 7, 3]]
[[0, 0, 15, 17, 3], [13, 14, 15, 17, 3]]
[[24, 25, 29, 33, 3]]
[[1, 2, 3, 5, 3]]
[]
[[2, 3, 5, 7, 3]]
[[0, 0, 6, 9, 0], [0, 0, 18, 21, 0], [0, 0, 31, 36, 3], [16, 17, 18, 21, 3], [25, 26, 31, 36, 3], [28, 30, 31, 36, 3]]
[]
[]
[]
[[9, 10, 11, 12, 3]]
[]
[[4, 6, 7, 8, 3], [10, 11, 7, 8, 3]]
[[0, 0, 27, 28, 3]]
[[0, 0, 1, 3, 3]]
[[1, 2, 7, 8, 3], [4, 5, 7, 8, 3], [12, 14, 15, 18, 3]]
[[1, 2, 5, 7, 3]]
[[0, 0, 34, 36, 3], [0, 0, 50, 51, 3]]
[[13, 14, 15, 19, 3], [13, 14, 20, 23, 3]]
[[0, 0, 9, 12, 3]]
[[0, 0, 17, 18, 3], [15, 16, 17, 18, 3], [20, 21, 23, 26, 3]]
[[12, 15, 16, 21, 3]]
[]
[]
[[1, 2, 5, 10, 3]]
[[26, 27, 28, 30, 3]]
[]
[[11, 12, 14, 15, 3], [30, 31, 32, 34, 3]]
[[0, 0, 7, 18, 3]]
[[0, 0, 29, 32, 3], [0, 0, 37, 38, 3], [24, 25, 29, 32, 3], [34, 35, 37, 38, 3]]
[[11, 12, 15, 16, 3]]
[[19, 20, 15, 18, 3], [19, 20, 22, 25, 3]]
[[11, 12, 14, 14, 3]]
[]
[[17, 18, 19, 21, 3]]
[[1, 2, 3, 7, 3]]
[[16, 17, 18, 19, 3]]
[[0, 0, 15, 17, 3]]
[[5, 6, 16, 20, 3], [14, 15, 16, 20, 3]]
[]
[[0, 0, 25, 28, 3], [19, 24, 25, 28, 3], [32, 33, 36, 40, 3]]
[[35, 36, 38, 40, 3]]
[]
[]
[[21, 22, 23, 26, 3]]
[[0, 0, 16, 17, 3]]
[[0, 0, 1, 2, 3], [4, 5, 1, 2, 3], [14, 17, 18, 20, 3]]
[]
[]
[]
[[0, 0, 5, 8, 3]]
[]
[]
[[0, 0, 48, 51, 3], [45, 46, 48, 51, 3]]
[[0, 0, 7, 8, 3]]
[[0, 0, 20, 23, 3], [0, 0, 30, 31, 3]]
[[1, 2, 3, 9, 3]]
[[23, 29, 30, 36, 3]]
[[0, 0, 7, 9, 0]]
[[17, 18, 19, 20, 3]]
[]
[]
[]
[[0, 0, 8, 12, 0], [6, 7, 8, 12, 3]]
[[4, 5, 9, 12, 3]]
[[0, 0, 12, 14, 3], [0, 0, 20, 22, 3], [6, 10, 12, 14, 3]]
[]
[]
[]
[]
[]
[]
[[0, 0, 90, 91, 0]]
[[1, 2, 3, 5, 3]]
[[7, 9, 10, 11, 3]]
[[14, 15, 19, 20, 3]]
[]
[[3, 4, 5, 8, 3], [18, 19, 5, 8, 3], [18, 19, 21, 22, 3]]
[[0, 0, 5, 7, 3], [3, 4, 5, 7, 3]]
[[0, 0, 12, 13, 3], [0, 0, 17, 19, 3], [15, 16, 12, 13, 3], [15, 16, 17, 19, 3], [23, 24, 26, 29, 3]]
[[0, 0, 45, 48, 3], [42, 44, 45, 48, 3]]
[[1, 2, 3, 6, 3]]
[[0, 0, 16, 18, 3], [14, 15, 16, 18, 3]]
[]
[]
[[1, 2, 3, 5, 3]]
[[0, 0, 17, 20, 3], [1, 4, 17, 20, 3]]
[[0, 0, 6, 11, 3]]
[[11, 12, 7, 10, 3], [11, 12, 13, 14, 3]]
[[1, 2, 3, 4, 3], [1, 2, 8, 9, 3], [6, 7, 3, 4, 3], [6, 7, 8, 9, 3]]
[[0, 0, 7, 10, 3]]
[[1, 2, 3, 4, 3], [6, 7, 3, 4, 3]]
[]
[[0, 0, 31, 32, 3], [21, 29, 31, 32, 3]]
[]
[[0, 0, 6, 9, 3], [3, 4, 6, 9, 3]]
[]
[]
[[0, 0, 25, 26, 3]]
[[3, 4, 6, 8, 3]]
[]
[[0, 0, 7, 8, 3], [5, 6, 7, 8, 3]]
[]
[]
[]
[[0, 0, 1, 11, 3]]
[[0, 0, 31, 32, 3], [29, 30, 31, 32, 3]]
[[25, 26, 8, 10, 3], [25, 26, 27, 28, 3]]
[]
[[0, 0, 23, 25, 3]]
[[0, 0, 11, 13, 3], [9, 10, 11, 13, 3]]
[[1, 2, 3, 7, 3], [1, 2, 12, 15, 3], [9, 10, 12, 15, 3]]
[[0, 0, 21, 30, 3]]
[[7, 8, 9, 12, 3]]
[[1, 2, 3, 7, 3]]
[[49, 50, 51, 52, 3]]
[]
[]
[]
[[0, 0, 21, 22, 3], [14, 15, 16, 17, 3], [14, 15, 21, 22, 3], [19, 20, 16, 17, 3], [19, 20, 21, 22, 3]]
[[0, 0, 13, 17, 3]]
[[0, 0, 16, 21, 3]]
[[0, 0, 16, 19, 3], [14, 15, 16, 19, 3]]
[]
[]
[[0, 0, 7, 10, 3], [0, 0, 17, 22, 3], [14, 15, 17, 22, 3], [33, 34, 35, 37, 3]]
[]
[]
[[3, 4, 5, 6, 3], [3, 4, 9, 14, 3]]
[]
[[3, 4, 8, 11, 3], [13, 16, 18, 20, 3]]
[[0, 0, 19, 21, 3]]
[[21, 22, 23, 24, 3]]
[[0, 0, 30, 31, 3]]
[[0, 0, 5, 7, 3], [3, 4, 5, 7, 3], [10, 11, 13, 14, 3]]
[[6, 7, 8, 11, 3]]
[]
[[7, 8, 9, 11, 3]]
[[6, 7, 8, 13, 3], [14, 15, 16, 19, 3]]
[[5, 6, 7, 10, 3]]
[[3, 4, 5, 9, 3]]
[[23, 25, 26, 27, 3]]
[[3, 4, 8, 11, 3], [6, 7, 8, 11, 3]]
[[6, 9, 10, 11, 3]]
[]
[]
[[1, 2, 3, 6, 3], [1, 2, 13, 17, 3], [10, 11, 3, 6, 3], [10, 11, 13, 17, 3], [19, 22, 26, 30, 3]]
[]
[]
[]
[[0, 0, 49, 51, 3]]
[[6, 7, 9, 10, 3]]
[[9, 10, 12, 13, 3]]
[[101, 102, 106, 107, 3]]
[[5, 6, 1, 3, 3], [5, 6, 7, 10, 3]]
[[0, 0, 11, 12, 3], [5, 6, 11, 12, 3], [8, 9, 11, 12, 3]]
[]
[[0, 0, 40, 41, 3], [33, 34, 35, 35, 3], [33, 34, 40, 41, 3], [37, 38, 40, 41, 3]]
[[4, 5, 7, 8, 3]]
[[0, 0, 4, 8, 3], [2, 3, 4, 8, 3]]
[[3, 4, 5, 8, 3]]
[[0, 0, 14, 17, 3], [2, 3, 14, 17, 3]]
[]
[[0, 0, 15, 18, 3]]
[]
[]
[[1, 2, 7, 10, 3], [5, 6, 7, 10, 3]]
[]
[[2, 3, 4, 6, 3]]
[[16, 17, 18, 22, 3]]
[[4, 5, 1, 2, 3]]
[[0, 0, 7, 9, 3]]
[]
[[0, 0, 3, 4, 3]]
[[0, 0, 29, 31, 3]]
[]
[]
[[0, 0, 18, 20, 3], [34, 35, 38, 39, 3], [49, 50, 51, 52, 3]]
[[0, 0, 8, 10, 3], [0, 0, 34, 36, 3], [13, 14, 15, 16, 3]]
[]
[[0, 0, 17, 20, 3], [0, 0, 28, 32, 3], [15, 27, 28, 32, 3]]
[]
[[0, 0, 15, 16, 0], [0, 0, 18, 20, 3], [13, 14, 15, 16, 3], [13, 14, 18, 20, 3]]
[]
[[1, 2, 3, 4, 3]]
[[42, 45, 46, 48, 3]]
[]
[[0, 0, 6, 12, 3], [4, 5, 6, 12, 3]]
[[4, 5, 1, 2, 3], [26, 27, 30, 33, 3]]
[[0, 0, 3, 4, 3], [6, 7, 3, 4, 3]]
[[0, 0, 13, 14, 3], [11, 12, 13, 14, 3]]
[[0, 0, 18, 19, 3]]
[[4, 5, 7, 10, 3]]
[[0, 0, 16, 17, 3]]
[[1, 2, 8, 11, 3]]
[[0, 0, 6, 8, 3], [0, 0, 12, 14, 3], [4, 5, 6, 8, 3], [10, 11, 12, 14, 3], [49, 50, 51, 53, 3]]
[]
[[7, 8, 9, 14, 3], [7, 8, 19, 23, 3], [17, 18, 9, 14, 3], [17, 18, 19, 23, 3]]
[[0, 0, 41, 43, 3]]
[[0, 0, 31, 34, 3]]
[[1, 2, 6, 7, 3]]
[[0, 0, 15, 17, 3], [13, 14, 15, 17, 3]]
[[24, 25, 29, 33, 3]]
[[1, 2, 3, 5, 3], [7, 8, 3, 5, 3]]
